timestamp,elapsed_s,round,scan_index,sensor_row,point_in_row,logical_node,physical_row_pin,physical_column_pin,raw_voltage_v,baseline_v,delta_v,signal_0_to_1,baseline_ready,short_below_0_2v,persistent_short_ignored
2026-08-20T15:49:02.683,-0.484769,179,71,9,7,R9C4,10,7,1.798823,1.798823,0.000000,0.000000,1,0,0
2026-08-20T15:49:02.683,-0.246618,179,72,9,8,R9C5,10,2,1.785882,1.798823,-0.012941,0.000000,1,0,0
2026-08-20T15:49:02.683,-0.244692,179,73,10,1,R10C11,12,14,1.798823,1.785882,0.012941,0.000000,1,0,0
2026-08-20T15:49:02.683,-0.243790,179,74,10,2,R10C12,12,16,1.824706,1.798823,0.025882,0.000000,1,0,0
2026-08-20T15:49:02.683,-0.242784,179,75,10,3,R10C1,12,1,1.837647,1.798823,0.038824,0.000000,1,0,0
2026-08-20T15:49:02.684,-0.240782,179,76,10,4,R10C2,12,3,1.798823,1.798823,0.000000,0.000000,1,0,0
2026-08-20T15:49:02.684,-0.238790,179,77,10,5,R10C3,12,5,1.811765,1.798823,0.012941,0.000000,1,0,0
2026-08-20T15:49:02.684,-0.236719,179,78,10,6,R10C4,12,7,1.811765,1.811765,0.000000,0.000000,1,0,0
2026-08-20T15:49:02.684,-0.233706,179,79,10,7,R10C5,12,2,1.837647,1.772941,0.064706,0.000000,1,0,0
2026-08-20T15:49:02.684,-0.232591,179,80,10,8,R10C6,12,4,1.798823,1.811765,-0.012941,0.000000,1,0,0
2026-08-20T15:49:02.684,-0.229497,179,81,11,1,R11C12,14,16,1.798823,1.798823,0.000000,0.000000,1,0,0
2026-08-20T15:49:02.684,-0.227720,179,82,11,2,R11C1,14,1,1.811765,1.772941,0.038823,0.000000,1,0,0
2026-08-20T15:49:02.684,-0.226729,179,83,11,3,R11C2,14,3,0.000000,0.737647,0.000000,0.000000,1,1,1
2026-08-20T15:49:02.684,-0.222407,179,84,11,4,R11C3,14,5,1.798823,1.798823,0.000000,0.000000,1,0,0
2026-08-20T15:49:02.684,-0.220742,179,85,11,5,R11C4,14,7,1.798823,1.798823,0.000000,0.000000,1,0,0
2026-08-20T15:49:02.684,-0.219691,179,86,11,6,R11C5,14,2,1.785882,1.798823,-0.012941,0.000000,1,0,0
2026-08-20T15:49:02.870,-0.217755,179,87,11,7,R11C6,14,4,1.798823,1.811765,-0.012941,0.000000,1,0,0
2026-08-20T15:49:02.870,0.008838,179,88,11,8,R11C7,14,6,1.760000,1.721177,0.038823,0.000000,1,0,0
2026-08-20T15:49:02.871,0.010258,179,89,12,1,R12C1,16,1,1.682353,1.682353,0.000000,0.000000,1,0,0
2026-08-20T15:49:02.871,0.011254,179,90,12,2,R12C2,16,3,1.734118,1.734118,0.000000,0.000000,1,0,0
2026-08-20T15:49:02.871,0.012229,179,91,12,3,R12C3,16,5,1.721177,1.721177,0.000000,0.000000,1,0,0
2026-08-20T15:49:02.871,0.014290,179,92,12,4,R12C4,16,7,1.760000,1.747059,0.012941,0.000000,1,0,0
2026-08-20T15:49:02.871,0.016331,179,93,12,5,R12C5,16,2,1.798823,1.798823,0.000000,0.000000,1,0,0
2026-08-20T15:49:02.871,0.018217,179,94,12,6,R12C6,16,4,1.514118,1.527059,-0.012941,0.000000,1,0,0
2026-08-20T15:49:02.871,0.022227,179,95,12,7,R12C7,16,6,1.151765,1.151765,0.000000,0.000000,1,0,0
2026-08-20T15:49:02.871,0.024938,180,96,12,8,R12C8,16,8,1.772941,1.747059,0.025882,0.000000,1,0,0
2026-08-20T15:49:02.871,0.026751,180,1,1,1,R1C2,1,3,1.798823,1.798823,0.000000,0.000000,1,0,0
2026-08-20T15:49:02.871,0.028266,180,2,1,2,R1C3,1,5,1.798823,1.811765,-0.012941,0.000000,1,0,0
2026-08-20T15:49:02.871,0.029226,180,3,1,3,R1C4,1,7,1.811765,1.811765,0.000000,0.000000,1,0,0
2026-08-20T15:49:02.871,0.033264,180,4,1,4,R1C5,1,2,1.798823,1.785882,0.012941,0.000000,1,0,0
2026-08-20T15:49:02.871,0.034202,180,5,1,5,R1C6,1,4,1.785882,1.824706,-0.038823,0.000000,1,0,0
2026-08-20T15:49:02.871,0.035239,180,6,1,6,R1C7,1,6,1.772941,1.824706,-0.051765,0.000000,1,0,0
2026-08-20T15:49:03.124,0.037239,180,7,1,7,R1C8,1,8,1.837647,1.785882,0.051765,0.000000,1,0,0
2026-08-20T15:49:03.124,0.196274,180,8,1,8,R1C9,1,10,1.824706,1.837647,-0.012941,0.000000,1,0,0
2026-08-20T15:49:03.124,0.197256,180,9,2,1,R2C3,3,5,1.785882,1.785882,0.000000,0.000000,1,0,0
2026-08-20T15:49:03.125,0.198197,180,10,2,2,R2C4,3,7,1.785882,1.798823,-0.012941,0.000000,1,0,0
2026-08-20T15:49:03.125,0.199199,180,11,2,3,R2C5,3,2,1.785882,1.798823,-0.012941,0.000000,1,0,0
2026-08-20T15:49:03.125,0.202191,180,12,2,4,R2C6,3,4,1.850588,1.785882,0.064706,0.000000,1,0,0
2026-08-20T15:49:03.125,0.204256,180,13,2,5,R2C7,3,6,1.824706,1.772941,0.051765,0.000000,1,0,0
2026-08-20T15:49:03.125,0.207657,180,14,2,6,R2C8,3,8,1.798823,1.772941,0.025882,0.000000,1,0,0
2026-08-20T15:49:03.125,0.209368,180,15,2,7,R2C9,3,10,1.811765,1.837647,-0.025882,0.000000,1,0,0
2026-08-20T15:49:03.125,0.211692,180,16,2,8,R2C10,3,12,1.850588,1.785882,0.064706,0.000000,1,0,0
2026-08-20T15:49:03.125,0.213535,180,17,3,1,R3C4,5,7,1.811765,1.811765,0.000000,0.000000,1,0,0
2026-08-20T15:49:03.125,0.215336,180,18,3,2,R3C5,5,2,1.798823,1.785882,0.012941,0.000000,1,0,0
2026-08-20T15:49:03.125,0.218696,180,19,3,3,R3C6,5,4,1.811765,1.785882,0.025882,0.000000,1,0,0
2026-08-20T15:49:03.125,0.220209,180,20,3,4,R3C7,5,6,1.837647,1.785882,0.051765,0.000000,1,0,0
2026-08-20T15:49:03.125,0.221248,180,21,3,5,R3C8,5,8,1.785882,1.785882,0.000000,0.000000,1,0,0
2026-08-20T15:49:03.125,0.222398,180,22,3,6,R3C9,5,10,1.811765,1.824706,-0.012941,0.000000,1,0,0
2026-08-20T15:49:03.313,0.225322,180,23,3,7,R3C10,5,12,1.798823,1.798823,0.000000,0.000000,1,0,0
2026-08-20T15:49:03.314,0.451040,180,24,3,8,R3C11,5,14,1.785882,1.798823,-0.012941,0.000000,1,0,0
2026-08-20T15:49:03.314,0.452203,180,25,4,1,R4C5,7,2,1.850588,1.785882,0.064706,0.000000,1,0,0
2026-08-20T15:49:03.314,0.453149,180,26,4,2,R4C6,7,4,1.811765,1.785882,0.025882,0.000000,1,0,0
2026-08-20T15:49:03.314,0.454147,180,27,4,3,R4C7,7,6,1.785882,1.837647,-0.051765,0.000000,1,0,0
2026-08-20T15:49:03.314,0.457161,180,28,4,4,R4C8,7,8,1.824706,1.772941,0.051765,0.000000,1,0,0
2026-08-20T15:49:03.314,0.458151,180,29,4,5,R4C9,7,10,1.824706,1.798823,0.025882,0.000000,1,0,0
2026-08-20T15:49:03.314,0.461159,180,30,4,6,R4C10,7,12,1.798823,1.785882,0.012941,0.000000,1,0,0
2026-08-20T15:49:03.314,0.463476,180,31,4,7,R4C11,7,14,1.837647,1.824706,0.012941,0.000000,1,0,0
2026-08-20T15:49:03.314,0.465302,180,32,4,8,R4C12,7,16,1.811765,1.798823,0.012941,0.000000,1,0,0
2026-08-20T15:49:03.314,0.469354,180,33,5,1,R5C6,2,4,1.811765,1.798823,0.012941,0.000000,1,0,0
2026-08-20T15:49:03.314,0.470341,180,34,5,2,R5C7,2,6,1.772941,1.798823,-0.025882,0.000000,1,0,0
2026-08-20T15:49:03.314,0.471270,180,35,5,3,R5C8,2,8,1.824706,1.811765,0.012941,0.000000,1,0,0
2026-08-20T15:49:03.314,0.474740,180,36,5,4,R5C9,2,10,1.850588,1.850588,0.000000,0.000000,1,0,0
2026-08-20T15:49:03.314,0.476174,180,37,5,5,R5C10,2,12,1.824706,1.785882,0.038823,0.000000,1,0,0
2026-08-20T15:49:03.314,0.477213,180,38,5,6,R5C11,2,14,1.824706,1.798823,0.025882,0.000000,1,0,0
2026-08-20T15:49:03.598,0.479204,180,39,5,7,R5C12,2,16,1.811765,1.811765,0.000000,0.000000,1,0,0
2026-08-20T15:49:03.598,0.640466,180,40,5,8,R5C1,2,1,1.824706,1.785882,0.038823,0.000000,1,0,0
2026-08-20T15:49:03.598,0.642293,180,41,6,1,R6C7,4,6,1.798823,1.811765,-0.012941,0.000000,1,0,0
2026-08-20T15:49:03.598,0.643201,180,42,6,2,R6C8,4,8,1.772941,1.837647,-0.064706,0.000000,1,0,0
2026-08-20T15:49:03.598,0.644182,180,43,6,3,R6C9,4,10,1.785882,1.811765,-0.025882,0.000000,1,0,0
2026-08-20T15:49:03.598,0.646271,180,44,6,4,R6C10,4,12,1.785882,1.824706,-0.038823,0.000000,1,0,0
2026-08-20T15:49:03.599,0.648231,180,45,6,5,R6C11,4,14,1.798823,1.811765,-0.012941,0.000000,1,0,0
2026-08-20T15:49:03.599,0.650183,180,46,6,6,R6C12,4,16,1.850588,1.837647,0.012941,0.000000,1,0,0
2026-08-20T15:49:03.599,0.654459,180,47,6,7,R6C1,4,1,1.151765,1.151765,0.000000,0.000000,1,0,0
2026-08-20T15:49:03.599,0.655383,180,48,6,8,R6C2,4,3,1.540000,1.527059,0.012941,0.000000,1,0,0
2026-08-20T15:49:03.599,0.656242,180,49,7,1,R7C8,6,8,1.772941,1.798823,-0.025882,0.000000,1,0,0
2026-08-20T15:49:03.599,0.661527,180,50,7,2,R7C9,6,10,1.824706,1.798823,0.025882,0.000000,1,0,0
2026-08-20T15:49:03.599,0.663415,180,51,7,3,R7C10,6,12,1.824706,1.785882,0.038823,0.000000,1,0,0
2026-08-20T15:49:03.599,0.664211,180,52,7,4,R7C11,6,14,1.798823,1.785882,0.012941,0.000000,1,0,0
2026-08-20T15:49:03.599,0.665349,180,53,7,5,R7C12,6,16,1.798823,1.837647,-0.038824,0.000000,1,0,0
2026-08-20T15:49:03.599,0.669700,180,54,7,6,R7C1,6,1,1.837647,1.785882,0.051765,0.000000,1,0,0
2026-08-20T15:49:03.786,0.671288,180,55,7,7,R7C2,6,3,1.798823,1.798823,0.000000,0.000000,1,0,0
2026-08-20T15:49:03.786,0.925021,180,56,7,8,R7C3,6,5,1.682353,1.669412,0.012941,0.000000,1,0,0
2026-08-20T15:49:03.786,0.926170,180,57,8,1,R8C9,8,10,1.811765,1.798823,0.012941,0.000000,1,0,0
2026-08-20T15:49:03.786,0.927182,180,58,8,2,R8C10,8,12,1.798823,1.785882,0.012941,0.000000,1,0,0
2026-08-20T15:49:03.787,0.928163,180,59,8,3,R8C11,8,14,1.811765,1.798823,0.012941,0.000000,1,0,0
2026-08-20T15:49:03.787,0.930176,180,60,8,4,R8C12,8,16,1.798823,1.837647,-0.038824,0.000000,1,0,0
2026-08-20T15:49:03.787,0.933202,180,61,8,5,R8C1,8,1,1.656471,1.656471,0.000000,0.000000,1,0,0
2026-08-20T15:49:03.787,0.934178,180,62,8,6,R8C2,8,3,1.760000,1.760000,0.000000,0.000000,1,0,0
2026-08-20T15:49:03.787,0.938370,180,63,8,7,R8C3,8,5,0.012941,0.000000,0.000000,0.000000,1,1,1
2026-08-20T15:49:03.787,0.940921,180,64,8,8,R8C4,8,7,1.268235,1.255294,0.012941,0.000000,1,0,0
2026-08-20T15:49:03.787,0.942847,180,65,9,1,R9C10,10,12,1.811765,1.798823,0.012941,0.000000,1,0,0
2026-08-20T15:49:03.787,0.944235,180,66,9,2,R9C11,10,14,1.837647,1.837647,0.000000,0.000000,1,0,0
2026-08-20T15:49:03.787,0.945193,180,67,9,3,R9C12,10,16,1.811765,1.824706,-0.012941,0.000000,1,0,0
2026-08-20T15:49:03.787,0.949272,180,68,9,4,R9C1,10,1,1.527059,1.540000,-0.012941,0.000000,1,0,0
2026-08-20T15:49:03.787,0.950212,180,69,9,5,R9C2,10,3,1.798823,1.798823,0.000000,0.000000,1,0,0
2026-08-20T15:49:03.787,0.951213,180,70,9,6,R9C3,10,5,1.527059,1.527059,0.000000,0.000000,1,0,0
2026-08-20T15:49:03.787,0.953197,180,71,9,7,R9C4,10,7,1.798823,1.798823,0.000000,0.000000,1,0,0
2026-08-20T15:49:04.051,1.105382,180,72,9,8,R9C5,10,2,1.837647,1.798823,0.038824,0.000000,1,0,0
2026-08-20T15:49:04.051,1.112483,180,73,10,1,R10C11,12,14,1.785882,1.785882,0.000000,0.000000,1,0,0
2026-08-20T15:49:04.051,1.114231,180,74,10,2,R10C12,12,16,1.811765,1.798823,0.012941,0.000000,1,0,0
2026-08-20T15:49:04.051,1.115165,180,75,10,3,R10C1,12,1,1.798823,1.811765,-0.012941,0.000000,1,0,0
2026-08-20T15:49:04.051,1.116181,180,76,10,4,R10C2,12,3,1.798823,1.798823,0.000000,0.000000,1,0,0
2026-08-20T15:49:04.051,1.118177,180,77,10,5,R10C3,12,5,1.811765,1.811765,0.000000,0.000000,1,0,0
2026-08-20T15:49:04.051,1.120209,180,78,10,6,R10C4,12,7,1.811765,1.811765,0.000000,0.000000,1,0,0
2026-08-20T15:49:04.051,1.122179,180,79,10,7,R10C5,12,2,1.772941,1.785882,-0.012941,0.000000,1,0,0
2026-08-20T15:49:04.051,1.125361,180,80,10,8,R10C6,12,4,1.785882,1.798823,-0.012941,0.000000,1,0,0
2026-08-20T15:49:04.051,1.127705,180,81,11,1,R11C12,14,16,1.850588,1.798823,0.051765,0.000000,1,0,0
2026-08-20T15:49:04.051,1.129457,180,82,11,2,R11C1,14,1,1.772941,1.811765,-0.038823,0.000000,1,0,0
2026-08-20T15:49:04.051,1.130401,180,83,11,3,R11C2,14,3,0.000000,0.737647,0.000000,0.000000,1,1,1
2026-08-20T15:49:04.051,1.135002,180,84,11,4,R11C3,14,5,1.798823,1.798823,0.000000,0.000000,1,0,0
2026-08-20T15:49:04.051,1.136333,180,85,11,5,R11C4,14,7,1.798823,1.798823,0.000000,0.000000,1,0,0
2026-08-20T15:49:04.051,1.137179,180,86,11,6,R11C5,14,2,1.798823,1.798823,0.000000,0.000000,1,0,0
2026-08-20T15:49:04.051,1.139192,180,87,11,7,R11C6,14,4,1.772941,1.811765,-0.038823,0.000000,1,0,0
2026-08-20T15:49:04.247,1.141240,180,88,11,8,R11C7,14,6,1.734118,1.721177,0.012941,0.000000,1,0,0
2026-08-20T15:49:04.247,1.378041,180,89,12,1,R12C1,16,1,1.682353,1.682353,0.000000,0.000000,1,0,0
2026-08-20T15:49:04.247,1.379493,180,90,12,2,R12C2,16,3,1.734118,1.734118,0.000000,0.000000,1,0,0
2026-08-20T15:49:04.247,1.381353,180,91,12,3,R12C3,16,5,1.721177,1.721177,0.000000,0.000000,1,0,0
2026-08-20T15:49:04.247,1.382337,180,92,12,4,R12C4,16,7,1.747059,1.747059,0.000000,0.000000,1,0,0
2026-08-20T15:49:04.247,1.383253,180,93,12,5,R12C5,16,2,1.811765,1.798823,0.012941,0.000000,1,0,0
2026-08-20T15:49:04.247,1.386465,180,94,12,6,R12C6,16,4,1.514118,1.514118,0.000000,0.000000,1,0,0
2026-08-20T15:49:04.248,1.387246,180,95,12,7,R12C7,16,6,1.151765,1.151765,0.000000,0.000000,1,0,0
2026-08-20T15:49:04.248,1.390354,181,96,12,8,R12C8,16,8,1.760000,1.747059,0.012941,0.000000,1,0,0
2026-08-20T15:49:04.248,1.392903,181,1,1,1,R1C2,1,3,1.798823,1.798823,0.000000,0.000000,1,0,0
2026-08-20T15:49:04.248,1.394456,181,2,1,2,R1C3,1,5,1.798823,1.811765,-0.012941,0.000000,1,0,0
2026-08-20T15:49:04.248,1.397474,181,3,1,3,R1C4,1,7,1.811765,1.811765,0.000000,0.000000,1,0,0
2026-08-20T15:49:04.248,1.399359,181,4,1,4,R1C5,1,2,1.772941,1.798823,-0.025882,0.000000,1,0,0
2026-08-20T15:49:04.248,1.400472,181,5,1,5,R1C6,1,4,1.811765,1.824706,-0.012941,0.000000,1,0,0
2026-08-20T15:49:04.248,1.404878,181,6,1,6,R1C7,1,6,1.837647,1.824706,0.012941,0.000000,1,0,0
2026-08-20T15:49:04.248,1.406324,181,7,1,7,R1C8,1,8,1.798823,1.824706,-0.025882,0.000000,1,0,0
2026-08-20T15:49:04.248,1.407204,181,8,1,8,R1C9,1,10,1.798823,1.824706,-0.025882,0.000000,1,0,0
2026-08-20T15:49:04.505,1.566222,181,9,2,1,R2C3,3,5,1.785882,1.785882,0.000000,0.000000,1,0,0
2026-08-20T15:49:04.505,1.572922,181,10,2,2,R2C4,3,7,1.785882,1.798823,-0.012941,0.000000,1,0,0
2026-08-20T15:49:04.505,1.574198,181,11,2,3,R2C5,3,2,1.785882,1.798823,-0.012941,0.000000,1,0,0
2026-08-20T15:49:04.505,1.575160,181,12,2,4,R2C6,3,4,1.785882,1.785882,0.000000,0.000000,1,0,0
2026-08-20T15:49:04.505,1.576226,181,13,2,5,R2C7,3,6,1.785882,1.785882,0.000000,0.000000,1,0,0
2026-08-20T15:49:04.506,1.578205,181,14,2,6,R2C8,3,8,1.811765,1.772941,0.038823,0.000000,1,0,0
2026-08-20T15:49:04.506,1.580232,181,15,2,7,R2C9,3,10,1.785882,1.824706,-0.038823,0.000000,1,0,0
2026-08-20T15:49:04.506,1.583243,181,16,2,8,R2C10,3,12,1.798823,1.798823,0.000000,0.000000,1,0,0
2026-08-20T15:49:04.506,1.586410,181,17,3,1,R3C4,5,7,1.811765,1.811765,0.000000,0.000000,1,0,0
2026-08-20T15:49:04.506,1.589223,181,18,3,2,R3C5,5,2,1.798823,1.798823,0.000000,0.000000,1,0,0
2026-08-20T15:49:04.506,1.591307,181,19,3,3,R3C6,5,4,1.772941,1.785882,-0.012941,0.000000,1,0,0
2026-08-20T15:49:04.506,1.592342,181,20,3,4,R3C7,5,6,1.824706,1.837647,-0.012941,0.000000,1,0,0
2026-08-20T15:49:04.506,1.593250,181,21,3,5,R3C8,5,8,1.850588,1.785882,0.064706,0.000000,1,0,0
2026-08-20T15:49:04.506,1.596834,181,22,3,6,R3C9,5,10,1.837647,1.824706,0.012941,0.000000,1,0,0
2026-08-20T15:49:04.506,1.598230,181,23,3,7,R3C10,5,12,1.798823,1.798823,0.000000,0.000000,1,0,0
2026-08-20T15:49:04.506,1.599273,181,24,3,8,R3C11,5,14,1.811765,1.798823,0.012941,0.000000,1,0,0
2026-08-20T15:49:04.506,1.601204,181,25,4,1,R4C5,7,2,1.785882,1.811765,-0.025882,0.000000,1,0,0
2026-08-20T15:49:04.689,1.824287,181,26,4,2,R4C6,7,4,1.837647,1.785882,0.051765,0.000000,1,0,0
2026-08-20T15:49:04.689,1.831301,181,27,4,3,R4C7,7,6,1.811765,1.837647,-0.025882,0.000000,1,0,0
2026-08-20T15:49:04.689,1.832247,181,28,4,4,R4C8,7,8,1.772941,1.785882,-0.012941,0.000000,1,0,0
2026-08-20T15:49:04.689,1.833362,181,29,4,5,R4C9,7,10,1.811765,1.798823,0.012941,0.000000,1,0,0
2026-08-20T15:49:04.689,1.834168,181,30,4,6,R4C10,7,12,1.785882,1.785882,0.000000,0.000000,1,0,0
2026-08-20T15:49:04.689,1.837189,181,31,4,7,R4C11,7,14,1.785882,1.824706,-0.038823,0.000000,1,0,0
2026-08-20T15:49:04.689,1.839226,181,32,4,8,R4C12,7,16,1.798823,1.811765,-0.012941,0.000000,1,0,0
2026-08-20T15:49:04.689,1.841193,181,33,5,1,R5C6,2,4,1.798823,1.798823,0.000000,0.000000,1,0,0
2026-08-20T15:49:04.689,1.844257,181,34,5,2,R5C7,2,6,1.824706,1.772941,0.051765,0.000000,1,0,0
2026-08-20T15:49:04.689,1.845198,181,35,5,3,R5C8,2,8,1.785882,1.811765,-0.025882,0.000000,1,0,0
2026-08-20T15:49:04.689,1.849275,181,36,5,4,R5C9,2,10,1.798823,1.850588,-0.051765,0.000000,1,0,0
2026-08-20T15:49:04.689,1.850476,181,37,5,5,R5C10,2,12,1.785882,1.798823,-0.012941,0.000000,1,0,0
2026-08-20T15:49:04.689,1.851381,181,38,5,6,R5C11,2,14,1.798823,1.798823,0.000000,0.000000,1,0,0
2026-08-20T15:49:04.689,1.855272,181,39,5,7,R5C12,2,16,1.824706,1.811765,0.012941,0.000000,1,0,0
2026-08-20T15:49:04.689,1.856244,181,40,5,8,R5C1,2,1,1.798823,1.785882,0.012941,0.000000,1,0,0
2026-08-20T15:49:04.689,1.858339,181,41,6,1,R6C7,4,6,1.772941,1.798823,-0.025882,0.000000,1,0,0
2026-08-20T15:49:04.945,1.860249,181,42,6,2,R6C8,4,8,1.785882,1.811765,-0.025882,0.000000,1,0,0
2026-08-20T15:49:04.945,2.014277,181,43,6,3,R6C9,4,10,1.837647,1.798823,0.038824,0.000000,1,0,0
2026-08-20T15:49:04.945,2.015214,181,44,6,4,R6C10,4,12,1.785882,1.798823,-0.012941,0.000000,1,0,0
2026-08-20T15:49:04.945,2.016178,181,45,6,5,R6C11,4,14,1.798823,1.811765,-0.012941,0.000000,1,0,0
2026-08-20T15:49:04.945,2.017159,181,46,6,6,R6C12,4,16,1.837647,1.837647,0.000000,0.000000,1,0,0
2026-08-20T15:49:04.945,2.020220,181,47,6,7,R6C1,4,1,1.164706,1.151765,0.012941,0.000000,1,0,0
2026-08-20T15:49:04.945,2.022244,181,48,6,8,R6C2,4,3,1.540000,1.540000,0.000000,0.000000,1,0,0
2026-08-20T15:49:04.945,2.024252,181,49,7,1,R7C8,6,8,1.824706,1.772941,0.051765,0.000000,1,0,0
2026-08-20T15:49:04.945,2.027485,181,50,7,2,R7C9,6,10,1.798823,1.824706,-0.025882,0.000000,1,0,0
2026-08-20T15:49:04.945,2.030172,181,51,7,3,R7C10,6,12,1.785882,1.785882,0.000000,0.000000,1,0,0
2026-08-20T15:49:04.945,2.031958,181,52,7,4,R7C11,6,14,1.798823,1.798823,0.000000,0.000000,1,0,0
2026-08-20T15:49:04.945,2.033309,181,53,7,5,R7C12,6,16,1.785882,1.798823,-0.012941,0.000000,1,0,0
2026-08-20T15:49:04.945,2.034241,181,54,7,6,R7C1,6,1,1.837647,1.824706,0.012941,0.000000,1,0,0
2026-08-20T15:49:04.945,2.038280,181,55,7,7,R7C2,6,3,1.798823,1.798823,0.000000,0.000000,1,0,0
2026-08-20T15:49:04.946,2.039209,181,56,7,8,R7C3,6,5,1.695294,1.682353,0.012941,0.000000,1,0,0
2026-08-20T15:49:04.946,2.040223,181,57,8,1,R8C9,8,10,1.837647,1.798823,0.038824,0.000000,1,0,0
2026-08-20T15:49:04.946,2.043237,181,58,8,2,R8C10,8,12,1.798823,1.798823,0.000000,0.000000,1,0,0
2026-08-20T15:49:05.129,2.263730,181,59,8,3,R8C11,8,14,1.798823,1.811765,-0.012941,0.000000,1,0,0
2026-08-20T15:49:05.129,2.270816,181,60,8,4,R8C12,8,16,1.850588,1.837647,0.012941,0.000000,1,0,0
2026-08-20T15:49:05.129,2.272206,181,61,8,5,R8C1,8,1,1.656471,1.656471,0.000000,0.000000,1,0,0
2026-08-20T15:49:05.129,2.273185,181,62,8,6,R8C2,8,3,1.760000,1.760000,0.000000,0.000000,1,0,0
2026-08-20T15:49:05.129,2.274173,181,63,8,7,R8C3,8,5,0.012941,0.000000,0.000000,0.000000,1,1,1
2026-08-20T15:49:05.129,2.276168,181,64,8,8,R8C4,8,7,1.242353,1.255294,-0.012941,0.000000,1,0,0
2026-08-20T15:49:05.129,2.278167,181,65,9,1,R9C10,10,12,1.785882,1.798823,-0.012941,0.000000,1,0,0
2026-08-20T15:49:05.129,2.280215,181,66,9,2,R9C11,10,14,1.785882,1.837647,-0.051765,0.000000,1,0,0
2026-08-20T15:49:05.129,2.283251,181,67,9,3,R9C12,10,16,1.798823,1.824706,-0.025882,0.000000,1,0,0
2026-08-20T15:49:05.129,2.284206,181,68,9,4,R9C1,10,1,1.514118,1.527059,-0.012941,0.000000,1,0,0
2026-08-20T15:49:05.130,2.288343,181,69,9,5,R9C2,10,3,1.798823,1.798823,0.000000,0.000000,1,0,0
2026-08-20T15:49:05.130,2.289304,181,70,9,6,R9C3,10,5,1.527059,1.527059,0.000000,0.000000,1,0,0
2026-08-20T15:49:05.130,2.293554,181,71,9,7,R9C4,10,7,1.798823,1.798823,0.000000,0.000000,1,0,0
2026-08-20T15:49:05.130,2.295229,181,72,9,8,R9C5,10,2,1.798823,1.824706,-0.025882,0.000000,1,0,0
2026-08-20T15:49:05.130,2.296224,181,73,10,1,R10C11,12,14,1.824706,1.785882,0.038823,0.000000,1,0,0
2026-08-20T15:49:05.130,2.297233,181,74,10,2,R10C12,12,16,1.811765,1.811765,0.000000,0.000000,1,0,0
2026-08-20T15:49:05.130,2.299292,181,75,10,3,R10C1,12,1,1.824706,1.811765,0.012941,0.000000,1,0,0
2026-08-20T15:49:05.388,2.448335,181,76,10,4,R10C2,12,3,1.798823,1.798823,0.000000,0.000000,1,0,0
2026-08-20T15:49:05.388,2.455767,181,77,10,5,R10C3,12,5,1.798823,1.811765,-0.012941,0.000000,1,0,0
2026-08-20T15:49:05.388,2.457266,181,78,10,6,R10C4,12,7,1.811765,1.811765,0.000000,0.000000,1,0,0
2026-08-20T15:49:05.388,2.458207,181,79,10,7,R10C5,12,2,1.785882,1.785882,0.000000,0.000000,1,0,0
2026-08-20T15:49:05.388,2.459176,181,80,10,8,R10C6,12,4,1.798823,1.798823,0.000000,0.000000,1,0,0
2026-08-20T15:49:05.388,2.461188,181,81,11,1,R11C12,14,16,1.785882,1.824706,-0.038823,0.000000,1,0,0
2026-08-20T15:49:05.388,2.463264,181,82,11,2,R11C1,14,1,1.785882,1.772941,0.012941,0.000000,1,0,0
2026-08-20T15:49:05.388,2.465213,181,83,11,3,R11C2,14,3,0.000000,0.737647,0.000000,0.000000,1,1,1
2026-08-20T15:49:05.389,2.468399,181,84,11,4,R11C3,14,5,1.798823,1.798823,0.000000,0.000000,1,0,0
2026-08-20T15:49:05.389,2.469240,181,85,11,5,R11C4,14,7,1.798823,1.798823,0.000000,0.000000,1,0,0
2026-08-20T15:49:05.389,2.474206,181,86,11,6,R11C5,14,2,1.785882,1.798823,-0.012941,0.000000,1,0,0
2026-08-20T15:49:05.389,2.475367,181,87,11,7,R11C6,14,4,1.772941,1.798823,-0.025882,0.000000,1,0,0
2026-08-20T15:49:05.389,2.476288,181,88,11,8,R11C7,14,6,1.695294,1.734118,-0.038823,0.000000,1,0,0
2026-08-20T15:49:05.389,2.479643,181,89,12,1,R12C1,16,1,1.682353,1.682353,0.000000,0.000000,1,0,0
2026-08-20T15:49:05.389,2.481289,181,90,12,2,R12C2,16,3,1.747059,1.734118,0.012941,0.000000,1,0,0
2026-08-20T15:49:05.389,2.482211,181,91,12,3,R12C3,16,5,1.721177,1.721177,0.000000,0.000000,1,0,0
2026-08-20T15:49:05.573,2.484335,181,92,12,4,R12C4,16,7,1.734118,1.747059,-0.012941,0.000000,1,0,0
2026-08-20T15:49:05.573,2.714659,181,93,12,5,R12C5,16,2,1.798823,1.811765,-0.012941,0.000000,1,0,0
2026-08-20T15:49:05.574,2.716229,181,94,12,6,R12C6,16,4,1.514118,1.514118,0.000000,0.000000,1,0,0
2026-08-20T15:49:05.574,2.717201,181,95,12,7,R12C7,16,6,1.151765,1.151765,0.000000,0.000000,1,0,0
2026-08-20T15:49:05.574,2.718167,182,96,12,8,R12C8,16,8,1.811765,1.760000,0.051765,0.000000,1,0,0
2026-08-20T15:49:05.574,2.720169,182,1,1,1,R1C2,1,3,1.798823,1.798823,0.000000,0.000000,1,0,0
2026-08-20T15:49:05.574,2.722176,182,2,1,2,R1C3,1,5,1.811765,1.798823,0.012941,0.000000,1,0,0
2026-08-20T15:49:05.574,2.724165,182,3,1,3,R1C4,1,7,1.811765,1.811765,0.000000,0.000000,1,0,0
2026-08-20T15:49:05.574,2.727648,182,4,1,4,R1C5,1,2,1.811765,1.798823,0.012941,0.000000,1,0,0
2026-08-20T15:49:05.574,2.729389,182,5,1,5,R1C6,1,4,1.785882,1.811765,-0.025882,0.000000,1,0,0
2026-08-20T15:49:05.574,2.731608,182,6,1,6,R1C7,1,6,1.798823,1.824706,-0.025882,0.000000,1,0,0
2026-08-20T15:49:05.574,2.733367,182,7,1,7,R1C8,1,8,1.824706,1.798823,0.025882,0.000000,1,0,0
2026-08-20T15:49:05.574,2.735386,182,8,1,8,R1C9,1,10,1.837647,1.824706,0.012941,0.000000,1,0,0
2026-08-20T15:49:05.574,2.738536,182,9,2,1,R2C3,3,5,1.785882,1.785882,0.000000,0.000000,1,0,0
2026-08-20T15:49:05.574,2.740332,182,10,2,2,R2C4,3,7,1.798823,1.785882,0.012941,0.000000,1,0,0
2026-08-20T15:49:05.574,2.741190,182,11,2,3,R2C5,3,2,1.824706,1.785882,0.038823,0.000000,1,0,0
2026-08-20T15:49:05.835,2.743260,182,12,2,4,R2C6,3,4,1.811765,1.785882,0.025882,0.000000,1,0,0
2026-08-20T15:49:05.835,2.899875,182,13,2,5,R2C7,3,6,1.772941,1.785882,-0.012941,0.000000,1,0,0
2026-08-20T15:49:05.835,2.901352,182,14,2,6,R2C8,3,8,1.772941,1.798823,-0.025882,0.000000,1,0,0
2026-08-20T15:49:05.835,2.902249,182,15,2,7,R2C9,3,10,1.850588,1.811765,0.038823,0.000000,1,0,0
2026-08-20T15:49:05.835,2.903233,182,16,2,8,R2C10,3,12,1.785882,1.798823,-0.012941,0.000000,1,0,0
2026-08-20T15:49:05.835,2.905249,182,17,3,1,R3C4,5,7,1.811765,1.811765,0.000000,0.000000,1,0,0
2026-08-20T15:49:05.835,2.907228,182,18,3,2,R3C5,5,2,1.785882,1.798823,-0.012941,0.000000,1,0,0
2026-08-20T15:49:05.835,2.910261,182,19,3,3,R3C6,5,4,1.785882,1.785882,0.000000,0.000000,1,0,0
2026-08-20T15:49:05.835,2.912614,182,20,3,4,R3C7,5,6,1.785882,1.824706,-0.038823,0.000000,1,0,0
2026-08-20T15:49:05.835,2.914307,182,21,3,5,R3C8,5,8,1.772941,1.785882,-0.012941,0.000000,1,0,0
2026-08-20T15:49:05.835,2.918660,182,22,3,6,R3C9,5,10,1.798823,1.824706,-0.025882,0.000000,1,0,0
2026-08-20T15:49:05.836,2.920320,182,23,3,7,R3C10,5,12,1.785882,1.798823,-0.012941,0.000000,1,0,0
2026-08-20T15:49:05.836,2.921420,182,24,3,8,R3C11,5,14,1.785882,1.811765,-0.025882,0.000000,1,0,0
2026-08-20T15:49:05.836,2.924202,182,25,4,1,R4C5,7,2,1.798823,1.785882,0.012941,0.000000,1,0,0
2026-08-20T15:49:05.836,2.925224,182,26,4,2,R4C6,7,4,1.837647,1.811765,0.025882,0.000000,1,0,0
2026-08-20T15:49:05.836,2.926215,182,27,4,3,R4C7,7,6,1.824706,1.811765,0.012941,0.000000,1,0,0
2026-08-20T15:49:06.039,2.928234,182,28,4,4,R4C8,7,8,1.824706,1.772941,0.051765,0.000000,1,0,0
2026-08-20T15:49:06.039,3.170251,182,29,4,5,R4C9,7,10,1.824706,1.811765,0.012941,0.000000,1,0,0
2026-08-20T15:49:06.039,3.186365,182,30,4,6,R4C10,7,12,1.798823,1.785882,0.012941,0.000000,1,0,0
2026-08-20T15:49:06.039,3.188108,182,31,4,7,R4C11,7,14,1.798823,1.785882,0.012941,0.000000,1,0,0
2026-08-20T15:49:06.040,3.189284,182,32,4,8,R4C12,7,16,1.850588,1.798823,0.051765,0.000000,1,0,0
2026-08-20T15:49:06.040,3.190246,182,33,5,1,R5C6,2,4,1.798823,1.798823,0.000000,0.000000,1,0,0
2026-08-20T15:49:06.040,3.192220,182,34,5,2,R5C7,2,6,1.785882,1.798823,-0.012941,0.000000,1,0,0
2026-08-20T15:49:06.040,3.194214,182,35,5,3,R5C8,2,8,1.824706,1.811765,0.012941,0.000000,1,0,0
2026-08-20T15:49:06.040,3.200523,182,36,5,4,R5C9,2,10,1.824706,1.798823,0.025882,0.000000,1,0,0
2026-08-20T15:49:06.040,3.203087,182,37,5,5,R5C10,2,12,1.785882,1.798823,-0.012941,0.000000,1,0,0
2026-08-20T15:49:06.040,3.204630,182,38,5,6,R5C11,2,14,1.850588,1.798823,0.051765,0.000000,1,0,0
2026-08-20T15:49:06.040,3.206979,182,39,5,7,R5C12,2,16,1.811765,1.811765,0.000000,0.000000,1,0,0
2026-08-20T15:49:06.040,3.208222,182,40,5,8,R5C1,2,1,1.798823,1.798823,0.000000,0.000000,1,0,0
2026-08-20T15:49:06.040,3.209229,182,41,6,1,R6C7,4,6,1.772941,1.798823,-0.025882,0.000000,1,0,0
2026-08-20T15:49:06.040,3.211393,182,42,6,2,R6C8,4,8,1.824706,1.785882,0.038823,0.000000,1,0,0
2026-08-20T15:49:06.040,3.212178,182,43,6,3,R6C9,4,10,1.811765,1.824706,-0.012941,0.000000,1,0,0
2026-08-20T15:49:06.296,3.215235,182,44,6,4,R6C10,4,12,1.785882,1.785882,0.000000,0.000000,1,0,0
2026-08-20T15:49:06.296,3.365151,182,45,6,5,R6C11,4,14,1.798823,1.798823,0.000000,0.000000,1,0,0
2026-08-20T15:49:06.296,3.366218,182,46,6,6,R6C12,4,16,1.811765,1.837647,-0.025882,0.000000,1,0,0
2026-08-20T15:49:06.296,3.367183,182,47,6,7,R6C1,4,1,1.100000,1.164706,-0.064706,0.000000,1,0,0
2026-08-20T15:49:06.296,3.368175,182,48,6,8,R6C2,4,3,1.760000,1.540000,0.220000,0.000000,1,0,0
2026-08-20T15:49:06.297,3.371231,182,49,7,1,R7C8,6,8,1.811765,1.772941,0.038823,0.000000,1,0,0
2026-08-20T15:49:06.297,3.372173,182,50,7,2,R7C9,6,10,1.837647,1.824706,0.012941,0.000000,1,0,0
2026-08-20T15:49:06.297,3.376809,182,51,7,3,R7C10,6,12,1.785882,1.785882,0.000000,0.000000,1,0,0
2026-08-20T15:49:06.297,3.378474,182,52,7,4,R7C11,6,14,1.798823,1.798823,0.000000,0.000000,1,0,0
2026-08-20T15:49:06.297,3.381003,182,53,7,5,R7C12,6,16,1.837647,1.798823,0.038824,0.000000,1,0,0
2026-08-20T15:49:06.297,3.382871,182,54,7,6,R7C1,6,1,1.798823,1.837647,-0.038824,0.000000,1,0,0
2026-08-20T15:49:06.297,3.384446,182,55,7,7,R7C2,6,3,1.798823,1.798823,0.000000,0.000000,1,0,0
2026-08-20T15:49:06.297,3.385232,182,56,7,8,R7C3,6,5,1.669412,1.682353,-0.012941,0.000000,1,0,0
2026-08-20T15:49:06.297,3.389274,182,57,8,1,R8C9,8,10,1.811765,1.811765,0.000000,0.000000,1,0,0
2026-08-20T15:49:06.297,3.390330,182,58,8,2,R8C10,8,12,1.785882,1.798823,-0.012941,0.000000,1,0,0
2026-08-20T15:49:06.297,3.391335,182,59,8,3,R8C11,8,14,1.798823,1.798823,0.000000,0.000000,1,0,0
2026-08-20T15:49:06.478,3.394331,182,60,8,4,R8C12,8,16,1.811765,1.837647,-0.025882,0.000000,1,0,0
2026-08-20T15:49:06.478,3.622159,182,61,8,5,R8C1,8,1,1.475294,1.656471,-0.181176,0.000000,1,0,0
2026-08-20T15:49:06.478,3.623217,182,62,8,6,R8C2,8,3,0.892941,1.760000,-0.867059,0.978992,1,0,0
2026-08-20T15:49:06.478,3.624197,182,63,8,7,R8C3,8,5,0.012941,0.000000,0.000000,0.000000,1,1,1
2026-08-20T15:49:06.478,3.625218,182,64,8,8,R8C4,8,7,0.012941,1.255294,-1.242353,1.000000,1,1,0
2026-08-20T15:49:06.478,3.628256,182,65,9,1,R9C10,10,12,1.785882,1.798823,-0.012941,0.000000,1,0,0
2026-08-20T15:49:06.478,3.629226,182,66,9,2,R9C11,10,14,1.785882,1.785882,0.000000,0.000000,1,0,0
2026-08-20T15:49:06.478,3.632387,182,67,9,3,R9C12,10,16,1.837647,1.811765,0.025882,0.000000,1,0,0
2026-08-20T15:49:06.478,3.634514,182,68,9,4,R9C1,10,1,0.284706,1.527059,-1.242353,1.000000,1,0,0
2026-08-20T15:49:06.478,3.636307,182,69,9,5,R9C2,10,3,1.785882,1.798823,-0.012941,0.000000,1,0,0
2026-08-20T15:49:06.478,3.640379,182,70,9,6,R9C3,10,5,1.190588,1.527059,-0.336471,0.200969,1,0,0
2026-08-20T15:49:06.478,3.641311,182,71,9,7,R9C4,10,7,0.996471,1.798823,-0.802353,0.845838,1,0,0
2026-08-20T15:49:06.478,3.642398,182,72,9,8,R9C5,10,2,1.798823,1.798823,0.000000,0.000000,1,0,0
2026-08-20T15:49:06.478,3.646249,182,73,10,1,R10C11,12,14,1.798823,1.798823,0.000000,0.000000,1,0,0
2026-08-20T15:49:06.478,3.647315,182,74,10,2,R10C12,12,16,1.798823,1.811765,-0.012941,0.000000,1,0,0
2026-08-20T15:49:06.479,3.649274,182,75,10,3,R10C1,12,1,1.811765,1.824706,-0.012941,0.000000,1,0,0
2026-08-20T15:49:06.479,3.651237,182,76,10,4,R10C2,12,3,1.811765,1.798823,0.012941,0.000000,1,0,0
2026-08-20T15:49:06.734,3.796691,182,77,10,5,R10C3,12,5,1.811765,1.811765,0.000000,0.000000,1,0,0
2026-08-20T15:49:06.734,3.803479,182,78,10,6,R10C4,12,7,1.824706,1.811765,0.012941,0.000000,1,0,0
2026-08-20T15:49:06.734,3.805277,182,79,10,7,R10C5,12,2,1.785882,1.785882,0.000000,0.000000,1,0,0
2026-08-20T15:49:06.734,3.806234,182,80,10,8,R10C6,12,4,1.811765,1.798823,0.012941,0.000000,1,0,0
2026-08-20T15:49:06.734,3.807241,182,81,11,1,R11C12,14,16,1.798823,1.798823,0.000000,0.000000,1,0,0
2026-08-20T15:49:06.734,3.809278,182,82,11,2,R11C1,14,1,1.669412,1.785882,-0.116471,0.000000,1,0,0
2026-08-20T15:49:06.734,3.811212,182,83,11,3,R11C2,14,3,0.789412,0.737647,0.000000,0.000000,1,0,0
2026-08-20T15:49:06.735,3.814816,182,84,11,4,R11C3,14,5,1.708235,1.798823,-0.090588,0.000000,1,0,0
2026-08-20T15:49:06.735,3.816396,182,85,11,5,R11C4,14,7,1.656471,1.798823,-0.142353,0.000000,1,0,0
2026-08-20T15:49:06.735,3.818618,182,86,11,6,R11C5,14,2,1.785882,1.785882,0.000000,0.000000,1,0,0
2026-08-20T15:49:06.735,3.820434,182,87,11,7,R11C6,14,4,0.440000,1.772941,-1.332941,1.000000,1,0,0
2026-08-20T15:49:06.735,3.821358,182,88,11,8,R11C7,14,6,0.569412,1.734118,-1.164706,1.000000,1,0,0
2026-08-20T15:49:06.735,3.825447,182,89,12,1,R12C1,16,1,1.811765,1.682353,0.129412,0.000000,1,0,0
2026-08-20T15:49:06.735,3.826237,182,90,12,2,R12C2,16,3,1.785882,1.734118,0.051765,0.000000,1,0,0
2026-08-20T15:49:06.735,3.827243,182,91,12,3,R12C3,16,5,1.811765,1.721177,0.090588,0.000000,1,0,0
2026-08-20T15:49:06.735,3.830321,182,92,12,4,R12C4,16,7,1.824706,1.747059,0.077647,0.000000,1,0,0
2026-08-20T15:49:06.735,3.832307,182,93,12,5,R12C5,16,2,1.837647,1.798823,0.038824,0.000000,1,0,0
2026-08-20T15:49:06.922,4.053374,182,94,12,6,R12C6,16,4,0.000000,1.514118,-1.514118,1.000000,1,1,0
2026-08-20T15:49:06.922,4.060778,182,95,12,7,R12C7,16,6,1.449412,1.151765,0.297647,0.000000,1,0,0
2026-08-20T15:49:06.922,4.062317,183,96,12,8,R12C8,16,8,1.772941,1.772941,0.000000,0.000000,1,0,0
2026-08-20T15:49:06.922,4.063305,183,1,1,1,R1C2,1,3,1.811765,1.798823,0.012941,0.000000,1,0,0
2026-08-20T15:49:06.922,4.064359,183,2,1,2,R1C3,1,5,1.811765,1.798823,0.012941,0.000000,1,0,0
2026-08-20T15:49:06.922,4.066303,183,3,1,3,R1C4,1,7,1.811765,1.811765,0.000000,0.000000,1,0,0
2026-08-20T15:49:06.922,4.068253,183,4,1,4,R1C5,1,2,1.811765,1.798823,0.012941,0.000000,1,0,0
2026-08-20T15:49:06.923,4.070238,183,5,1,5,R1C6,1,4,1.811765,1.785882,0.025882,0.000000,1,0,0
2026-08-20T15:49:06.923,4.072222,183,6,1,6,R1C7,1,6,1.811765,1.798823,0.012941,0.000000,1,0,0
2026-08-20T15:49:06.923,4.075291,183,7,1,7,R1C8,1,8,1.824706,1.824706,0.000000,0.000000,1,0,0
2026-08-20T15:49:06.923,4.078305,183,8,1,8,R1C9,1,10,1.850588,1.824706,0.025882,0.000000,1,0,0
2026-08-20T15:49:06.923,4.080117,183,9,2,1,R2C3,3,5,1.798823,1.785882,0.012941,0.000000,1,0,0
2026-08-20T15:49:06.923,4.081467,183,10,2,2,R2C4,3,7,1.772941,1.785882,-0.012941,0.000000,1,0,0
2026-08-20T15:49:06.923,4.085426,183,11,2,3,R2C5,3,2,1.824706,1.785882,0.038823,0.000000,1,0,0
2026-08-20T15:49:06.923,4.086238,183,12,2,4,R2C6,3,4,1.798823,1.811765,-0.012941,0.000000,1,0,0
2026-08-20T15:49:06.923,4.087427,183,13,2,5,R2C7,3,6,1.798823,1.785882,0.012941,0.000000,1,0,0
2026-08-20T15:49:07.181,4.089235,183,14,2,6,R2C8,3,8,1.785882,1.798823,-0.012941,0.000000,1,0,0
2026-08-20T15:49:07.182,4.248831,183,15,2,7,R2C9,3,10,1.798823,1.811765,-0.012941,0.000000,1,0,0
2026-08-20T15:49:07.182,4.250326,183,16,2,8,R2C10,3,12,1.798823,1.798823,0.000000,0.000000,1,0,0
2026-08-20T15:49:07.182,4.251223,183,17,3,1,R3C4,5,7,1.824706,1.811765,0.012941,0.000000,1,0,0
2026-08-20T15:49:07.182,4.252264,183,18,3,2,R3C5,5,2,1.824706,1.798823,0.025882,0.000000,1,0,0
2026-08-20T15:49:07.182,4.254278,183,19,3,3,R3C6,5,4,1.811765,1.785882,0.025882,0.000000,1,0,0
2026-08-20T15:49:07.182,4.256231,183,20,3,4,R3C7,5,6,1.811765,1.824706,-0.012941,0.000000,1,0,0
2026-08-20T15:49:07.182,4.258218,183,21,3,5,R3C8,5,8,1.824706,1.785882,0.038823,0.000000,1,0,0
2026-08-20T15:49:07.182,4.262324,183,22,3,6,R3C9,5,10,1.798823,1.811765,-0.012941,0.000000,1,0,0
2026-08-20T15:49:07.182,4.264846,183,23,3,7,R3C10,5,12,1.850588,1.798823,0.051765,0.000000,1,0,0
2026-08-20T15:49:07.182,4.266672,183,24,3,8,R3C11,5,14,1.824706,1.785882,0.038823,0.000000,1,0,0
2026-08-20T15:49:07.182,4.268224,183,25,4,1,R4C5,7,2,1.785882,1.798823,-0.012941,0.000000,1,0,0
2026-08-20T15:49:07.182,4.269185,183,26,4,2,R4C6,7,4,1.785882,1.837647,-0.051765,0.000000,1,0,0
2026-08-20T15:49:07.182,4.273232,183,27,4,3,R4C7,7,6,1.785882,1.811765,-0.025882,0.000000,1,0,0
2026-08-20T15:49:07.182,4.274290,183,28,4,4,R4C8,7,8,1.798823,1.824706,-0.025882,0.000000,1,0,0
2026-08-20T15:49:07.183,4.275308,183,29,4,5,R4C9,7,10,1.837647,1.824706,0.012941,0.000000,1,0,0
2026-08-20T15:49:07.183,4.277266,183,30,4,6,R4C10,7,12,1.785882,1.798823,-0.012941,0.000000,1,0,0
2026-08-20T15:49:07.370,4.508323,183,31,4,7,R4C11,7,14,1.811765,1.798823,0.012941,0.000000,1,0,0
2026-08-20T15:49:07.370,4.510365,183,32,4,8,R4C12,7,16,1.850588,1.811765,0.038823,0.000000,1,0,0
2026-08-20T15:49:07.370,4.511222,183,33,5,1,R5C6,2,4,1.811765,1.798823,0.012941,0.000000,1,0,0
2026-08-20T15:49:07.370,4.512246,183,34,5,2,R5C7,2,6,1.811765,1.785882,0.025882,0.000000,1,0,0
2026-08-20T15:49:07.370,4.514341,183,35,5,3,R5C8,2,8,1.811765,1.824706,-0.012941,0.000000,1,0,0
2026-08-20T15:49:07.370,4.516334,183,36,5,4,R5C9,2,10,1.811765,1.824706,-0.012941,0.000000,1,0,0
2026-08-20T15:49:07.370,4.518217,183,37,5,5,R5C10,2,12,1.785882,1.785882,0.000000,0.000000,1,0,0
2026-08-20T15:49:07.371,4.521758,183,38,5,6,R5C11,2,14,1.824706,1.824706,0.000000,0.000000,1,0,0
2026-08-20T15:49:07.371,4.523479,183,39,5,7,R5C12,2,16,1.785882,1.811765,-0.025882,0.000000,1,0,0
2026-08-20T15:49:07.371,4.525860,183,40,5,8,R5C1,2,1,1.811765,1.798823,0.012941,0.000000,1,0,0
2026-08-20T15:49:07.371,4.527667,183,41,6,1,R6C7,4,6,1.772941,1.772941,0.000000,0.000000,1,0,0
2026-08-20T15:49:07.371,4.529251,183,42,6,2,R6C8,4,8,1.798823,1.785882,0.012941,0.000000,1,0,0
2026-08-20T15:49:07.371,4.530248,183,43,6,3,R6C9,4,10,1.850588,1.811765,0.038823,0.000000,1,0,0
2026-08-20T15:49:07.371,4.534283,183,44,6,4,R6C10,4,12,1.798823,1.785882,0.012941,0.000000,1,0,0
2026-08-20T15:49:07.371,4.535281,183,45,6,5,R6C11,4,14,1.850588,1.798823,0.051765,0.000000,1,0,0
2026-08-20T15:49:07.371,4.536236,183,46,6,6,R6C12,4,16,1.837647,1.837647,0.000000,0.000000,1,0,0
2026-08-20T15:49:07.371,4.539314,183,47,6,7,R6C1,4,1,1.462353,1.151765,0.310588,0.000000,1,0,0
2026-08-20T15:49:07.634,4.689106,183,48,6,8,R6C2,4,3,0.905882,1.540000,-0.634118,0.747899,1,0,0
2026-08-20T15:49:07.635,4.696008,183,49,7,1,R7C8,6,8,1.760000,1.811765,-0.051765,0.000000,1,0,0
2026-08-20T15:49:07.635,4.697337,183,50,7,2,R7C9,6,10,1.837647,1.824706,0.012941,0.000000,1,0,0
2026-08-20T15:49:07.635,4.698266,183,51,7,3,R7C10,6,12,1.798823,1.785882,0.012941,0.000000,1,0,0
2026-08-20T15:49:07.635,4.699261,183,52,7,4,R7C11,6,14,1.798823,1.798823,0.000000,0.000000,1,0,0
2026-08-20T15:49:07.635,4.702341,183,53,7,5,R7C12,6,16,1.785882,1.798823,-0.012941,0.000000,1,0,0
2026-08-20T15:49:07.635,4.703332,183,54,7,6,R7C1,6,1,0.905882,1.837647,-0.931765,1.000000,1,0,0
2026-08-20T15:49:07.635,4.707818,183,55,7,7,R7C2,6,3,1.488235,1.798823,-0.310588,0.064748,1,0,0
2026-08-20T15:49:07.635,4.711321,183,56,7,8,R7C3,6,5,0.672941,1.682353,-1.009412,1.000000,1,0,0
2026-08-20T15:49:07.635,4.712328,183,57,8,1,R8C9,8,10,1.811765,1.811765,0.000000,0.000000,1,0,0
2026-08-20T15:49:07.635,4.715355,183,58,8,2,R8C10,8,12,1.785882,1.798823,-0.012941,0.000000,1,0,0
2026-08-20T15:49:07.635,4.717208,183,59,8,3,R8C11,8,14,1.798823,1.798823,0.000000,0.000000,1,0,0
2026-08-20T15:49:07.635,4.718358,183,60,8,4,R8C12,8,16,1.785882,1.811765,-0.025882,0.000000,1,0,0
2026-08-20T15:49:07.635,4.719298,183,61,8,5,R8C1,8,1,1.578824,1.656471,-0.077647,0.000000,1,0,0
2026-08-20T15:49:07.635,4.722356,183,62,8,6,R8C2,8,3,0.000000,1.760000,-1.760000,1.000000,1,1,0
2026-08-20T15:49:07.635,4.723271,183,63,8,7,R8C3,8,5,0.000000,0.000000,0.000000,0.000000,1,1,1
2026-08-20T15:49:07.817,4.725312,183,64,8,8,R8C4,8,7,0.000000,1.255294,-1.255294,1.000000,1,1,0
2026-08-20T15:49:07.817,4.960236,183,65,9,1,R9C10,10,12,1.785882,1.785882,0.000000,0.000000,1,0,0
2026-08-20T15:49:07.817,4.961303,183,66,9,2,R9C11,10,14,1.850588,1.785882,0.064706,0.000000,1,0,0
2026-08-20T15:49:07.817,4.962231,183,67,9,3,R9C12,10,16,1.824706,1.811765,0.012941,0.000000,1,0,0
2026-08-20T15:49:07.818,4.963295,183,68,9,4,R9C1,10,1,0.000000,1.527059,-1.527059,1.000000,1,1,0
2026-08-20T15:49:07.818,4.966253,183,69,9,5,R9C2,10,3,1.242353,1.798823,-0.556471,0.455293,1,0,0
2026-08-20T15:49:07.818,4.968232,183,70,9,6,R9C3,10,5,0.698824,1.527059,-0.828235,1.000000,1,0,0
2026-08-20T15:49:07.818,4.971218,183,71,9,7,R9C4,10,7,0.000000,1.798823,-1.798823,1.000000,1,1,0
2026-08-20T15:49:07.818,4.972441,183,72,9,8,R9C5,10,2,1.785882,1.798823,-0.012941,0.000000,1,0,0
2026-08-20T15:49:07.818,4.975028,183,73,10,1,R10C11,12,14,1.785882,1.798823,-0.012941,0.000000,1,0,0
2026-08-20T15:49:07.818,4.977011,183,74,10,2,R10C12,12,16,1.850588,1.811765,0.038823,0.000000,1,0,0
2026-08-20T15:49:07.818,4.978316,183,75,10,3,R10C1,12,1,1.811765,1.811765,0.000000,0.000000,1,0,0
2026-08-20T15:49:07.818,4.981821,183,76,10,4,R10C2,12,3,1.811765,1.798823,0.012941,0.000000,1,0,0
2026-08-20T15:49:07.818,4.983227,183,77,10,5,R10C3,12,5,1.811765,1.811765,0.000000,0.000000,1,0,0
2026-08-20T15:49:07.818,4.984220,183,78,10,6,R10C4,12,7,1.824706,1.811765,0.012941,0.000000,1,0,0
2026-08-20T15:49:07.818,4.986323,183,79,10,7,R10C5,12,2,1.837647,1.785882,0.051765,0.000000,1,0,0
2026-08-20T15:49:07.818,4.989255,183,80,10,8,R10C6,12,4,1.811765,1.798823,0.012941,0.000000,1,0,0
2026-08-20T15:49:08.074,5.136345,183,81,11,1,R11C12,14,16,1.837647,1.798823,0.038824,0.000000,1,0,0
2026-08-20T15:49:08.074,5.143199,183,82,11,2,R11C1,14,1,1.682353,1.772941,-0.090588,0.000000,1,0,0
2026-08-20T15:49:08.074,5.144285,183,83,11,3,R11C2,14,3,0.970588,0.737647,0.000000,0.000000,1,0,0
2026-08-20T15:49:08.074,5.145208,183,84,11,4,R11C3,14,5,1.656471,1.798823,-0.142353,0.000000,1,0,0
2026-08-20T15:49:08.074,5.146309,183,85,11,5,R11C4,14,7,0.000000,1.798823,-1.798823,1.000000,1,1,0
2026-08-20T15:49:08.074,5.149407,183,86,11,6,R11C5,14,2,1.798823,1.785882,0.012941,0.000000,1,0,0
2026-08-20T15:49:08.074,5.150277,183,87,11,7,R11C6,14,4,0.000000,1.772941,-1.772941,1.000000,1,1,0
2026-08-20T15:49:08.074,5.153329,183,88,11,8,R11C7,14,6,0.129412,1.734118,-1.604706,1.000000,1,1,0
2026-08-20T15:49:08.074,5.155731,183,89,12,1,R12C1,16,1,1.798823,1.682353,0.116471,0.000000,1,0,0
2026-08-20T15:49:08.074,5.157353,183,90,12,2,R12C2,16,3,1.798823,1.747059,0.051765,0.000000,1,0,0
2026-08-20T15:49:08.074,5.161280,183,91,12,3,R12C3,16,5,1.798823,1.721177,0.077647,0.000000,1,0,0
2026-08-20T15:49:08.074,5.162229,183,92,12,4,R12C4,16,7,1.772941,1.747059,0.025882,0.000000,1,0,0
2026-08-20T15:49:08.074,5.163352,183,93,12,5,R12C5,16,2,1.811765,1.811765,0.000000,0.000000,1,0,0
2026-08-20T15:49:08.074,5.167315,183,94,12,6,R12C6,16,4,0.000000,1.514118,-1.514118,1.000000,1,1,0
2026-08-20T15:49:08.075,5.168288,183,95,12,7,R12C7,16,6,1.514118,1.151765,0.362353,0.000000,1,0,0
2026-08-20T15:49:08.075,5.169431,184,96,12,8,R12C8,16,8,1.785882,1.772941,0.012941,0.000000,1,0,0
2026-08-20T15:49:08.075,5.172292,184,1,1,1,R1C2,1,3,1.811765,1.798823,0.012941,0.000000,1,0,0
2026-08-20T15:49:08.256,5.392627,184,2,1,2,R1C3,1,5,1.798823,1.811765,-0.012941,0.000000,1,0,0
2026-08-20T15:49:08.257,5.399566,184,3,1,3,R1C4,1,7,1.824706,1.811765,0.012941,0.000000,1,0,0
2026-08-20T15:49:08.257,5.401315,184,4,1,4,R1C5,1,2,1.785882,1.811765,-0.025882,0.000000,1,0,0
2026-08-20T15:49:08.257,5.402249,184,5,1,5,R1C6,1,4,1.811765,1.811765,0.000000,0.000000,1,0,0
2026-08-20T15:49:08.257,5.403298,184,6,1,6,R1C7,1,6,1.811765,1.811765,0.000000,0.000000,1,0,0
2026-08-20T15:49:08.257,5.405252,184,7,1,7,R1C8,1,8,1.811765,1.824706,-0.012941,0.000000,1,0,0
2026-08-20T15:49:08.257,5.407245,184,8,1,8,R1C9,1,10,1.850588,1.837647,0.012941,0.000000,1,0,0
2026-08-20T15:49:08.257,5.410580,184,9,2,1,R2C3,3,5,1.785882,1.785882,0.000000,0.000000,1,0,0
2026-08-20T15:49:08.257,5.414267,184,10,2,2,R2C4,3,7,1.734118,1.785882,-0.051765,0.000000,1,0,0
2026-08-20T15:49:08.257,5.416424,184,11,2,3,R2C5,3,2,1.824706,1.824706,0.000000,0.000000,1,0,0
2026-08-20T15:49:08.257,5.417363,184,12,2,4,R2C6,3,4,1.772941,1.798823,-0.025882,0.000000,1,0,0
2026-08-20T15:49:08.257,5.418281,184,13,2,5,R2C7,3,6,1.785882,1.785882,0.000000,0.000000,1,0,0
2026-08-20T15:49:08.257,5.421285,184,14,2,6,R2C8,3,8,1.811765,1.785882,0.025882,0.000000,1,0,0
2026-08-20T15:49:08.257,5.422295,184,15,2,7,R2C9,3,10,1.785882,1.798823,-0.012941,0.000000,1,0,0
2026-08-20T15:49:08.257,5.424386,184,16,2,8,R2C10,3,12,1.785882,1.798823,-0.012941,0.000000,1,0,0
2026-08-20T15:49:08.257,5.426372,184,17,3,1,R3C4,5,7,1.824706,1.811765,0.012941,0.000000,1,0,0
2026-08-20T15:49:08.517,5.428336,184,18,3,2,R3C5,5,2,1.824706,1.798823,0.025882,0.000000,1,0,0
2026-08-20T15:49:08.518,5.582040,184,19,3,3,R3C6,5,4,1.811765,1.785882,0.025882,0.000000,1,0,0
2026-08-20T15:49:08.518,5.583317,184,20,3,4,R3C7,5,6,1.811765,1.811765,0.000000,0.000000,1,0,0
2026-08-20T15:49:08.518,5.584347,184,21,3,5,R3C8,5,8,1.824706,1.824706,0.000000,0.000000,1,0,0
2026-08-20T15:49:08.518,5.585323,184,22,3,6,R3C9,5,10,1.811765,1.798823,0.012941,0.000000,1,0,0
2026-08-20T15:49:08.518,5.587284,184,23,3,7,R3C10,5,12,1.798823,1.798823,0.000000,0.000000,1,0,0
2026-08-20T15:49:08.518,5.590323,184,24,3,8,R3C11,5,14,1.798823,1.811765,-0.012941,0.000000,1,0,0
2026-08-20T15:49:08.518,5.591291,184,25,4,1,R4C5,7,2,1.772941,1.785882,-0.012941,0.000000,1,0,0
2026-08-20T15:49:08.518,5.594458,184,26,4,2,R4C6,7,4,1.772941,1.837647,-0.064706,0.000000,1,0,0
2026-08-20T15:49:08.518,5.598749,184,27,4,3,R4C7,7,6,1.785882,1.811765,-0.025882,0.000000,1,0,0
2026-08-20T15:49:08.518,5.600422,184,28,4,4,R4C8,7,8,1.798823,1.798823,0.000000,0.000000,1,0,0
2026-08-20T15:49:08.518,5.601486,184,29,4,5,R4C9,7,10,1.850588,1.824706,0.025882,0.000000,1,0,0
2026-08-20T15:49:08.518,5.604046,184,30,4,6,R4C10,7,12,1.811765,1.785882,0.025882,0.000000,1,0,0
2026-08-20T15:49:08.518,5.605409,184,31,4,7,R4C11,7,14,1.811765,1.798823,0.012941,0.000000,1,0,0
2026-08-20T15:49:08.518,5.606355,184,32,4,8,R4C12,7,16,1.824706,1.850588,-0.025882,0.000000,1,0,0
2026-08-20T15:49:08.518,5.608417,184,33,5,1,R5C6,2,4,1.811765,1.798823,0.012941,0.000000,1,0,0
2026-08-20T15:49:08.712,5.610377,184,34,5,2,R5C7,2,6,1.811765,1.811765,0.000000,0.000000,1,0,0
2026-08-20T15:49:08.712,5.844398,184,35,5,3,R5C8,2,8,1.824706,1.811765,0.012941,0.000000,1,0,0
2026-08-20T15:49:08.712,5.846447,184,36,5,4,R5C9,2,10,1.850588,1.811765,0.038823,0.000000,1,0,0
2026-08-20T15:49:08.712,5.847372,184,37,5,5,R5C10,2,12,1.824706,1.785882,0.038823,0.000000,1,0,0
2026-08-20T15:49:08.712,5.848410,184,38,5,6,R5C11,2,14,1.798823,1.824706,-0.025882,0.000000,1,0,0
2026-08-20T15:49:08.712,5.850509,184,39,5,7,R5C12,2,16,1.798823,1.811765,-0.012941,0.000000,1,0,0
2026-08-20T15:49:08.712,5.852394,184,40,5,8,R5C1,2,1,1.811765,1.798823,0.012941,0.000000,1,0,0
2026-08-20T15:49:08.712,5.854381,184,41,6,1,R6C7,4,6,1.772941,1.772941,0.000000,0.000000,1,0,0
2026-08-20T15:49:08.712,5.857780,184,42,6,2,R6C8,4,8,1.798823,1.798823,0.000000,0.000000,1,0,0
2026-08-20T15:49:08.712,5.861804,184,43,6,3,R6C9,4,10,1.850588,1.837647,0.012941,0.000000,1,0,0
2026-08-20T15:49:08.713,5.863717,184,44,6,4,R6C10,4,12,1.785882,1.785882,0.000000,0.000000,1,0,0
2026-08-20T15:49:08.713,5.865412,184,45,6,5,R6C11,4,14,1.824706,1.798823,0.025882,0.000000,1,0,0
2026-08-20T15:49:08.713,5.866381,184,46,6,6,R6C12,4,16,1.824706,1.837647,-0.012941,0.000000,1,0,0
2026-08-20T15:49:08.713,5.869546,184,47,6,7,R6C1,4,1,1.022353,1.164706,-0.142353,0.000000,1,0,0
2026-08-20T15:49:08.713,5.871313,184,48,6,8,R6C2,4,3,0.841176,1.540000,-0.698824,0.867947,1,0,0
2026-08-20T15:49:08.713,5.872327,184,49,7,1,R7C8,6,8,1.708235,1.811765,-0.103529,0.000000,1,0,0
2026-08-20T15:49:08.713,5.873316,184,50,7,2,R7C9,6,10,1.811765,1.837647,-0.025882,0.000000,1,0,0
2026-08-20T15:49:08.972,6.038842,184,51,7,3,R7C10,6,12,1.798823,1.785882,0.012941,0.000000,1,0,0
2026-08-20T15:49:08.972,6.040275,184,52,7,4,R7C11,6,14,1.785882,1.798823,-0.012941,0.000000,1,0,0
2026-08-20T15:49:08.972,6.041248,184,53,7,5,R7C12,6,16,1.798823,1.785882,0.012941,0.000000,1,0,0
2026-08-20T15:49:08.972,6.042249,184,54,7,6,R7C1,6,1,0.905882,1.837647,-0.931765,1.000000,1,0,0
2026-08-20T15:49:08.972,6.044253,184,55,7,7,R7C2,6,3,1.488235,1.798823,-0.310588,0.064748,1,0,0
2026-08-20T15:49:08.972,6.046282,184,56,7,8,R7C3,6,5,0.608235,1.682353,-1.074118,1.000000,1,0,0
2026-08-20T15:49:08.972,6.049854,184,57,8,1,R8C9,8,10,1.837647,1.811765,0.025882,0.000000,1,0,0
2026-08-20T15:49:08.972,6.051274,184,58,8,2,R8C10,8,12,1.811765,1.785882,0.025882,0.000000,1,0,0
2026-08-20T15:49:08.972,6.053896,184,59,8,3,R8C11,8,14,1.785882,1.798823,-0.012941,0.000000,1,0,0
2026-08-20T15:49:08.972,6.055720,184,60,8,4,R8C12,8,16,1.785882,1.811765,-0.025882,0.000000,1,0,0
2026-08-20T15:49:08.972,6.057319,184,61,8,5,R8C1,8,1,1.682353,1.578824,0.103529,0.000000,1,0,0
2026-08-20T15:49:08.973,6.060902,184,62,8,6,R8C2,8,3,0.000000,1.760000,-1.760000,1.000000,1,1,0
2026-08-20T15:49:08.973,6.062305,184,63,8,7,R8C3,8,5,0.000000,0.000000,0.000000,0.000000,1,1,1
2026-08-20T15:49:08.973,6.063431,184,64,8,8,R8C4,8,7,0.000000,1.255294,-1.255294,1.000000,1,1,0
2026-08-20T15:49:08.973,6.065292,184,65,9,1,R9C10,10,12,1.798823,1.785882,0.012941,0.000000,1,0,0
2026-08-20T15:49:08.973,6.067297,184,66,9,2,R9C11,10,14,1.785882,1.785882,0.000000,0.000000,1,0,0
2026-08-20T15:49:09.163,6.069274,184,67,9,3,R9C12,10,16,1.824706,1.824706,0.000000,0.000000,1,0,0
2026-08-20T15:49:09.163,6.298455,184,68,9,4,R9C1,10,1,0.000000,1.527059,-1.527059,1.000000,1,1,0
2026-08-20T15:49:09.164,6.300345,184,69,9,5,R9C2,10,3,1.721177,1.798823,-0.077647,0.000000,1,0,0
2026-08-20T15:49:09.164,6.301312,184,70,9,6,R9C3,10,5,0.000000,1.527059,-1.527059,1.000000,1,1,0
2026-08-20T15:49:09.164,6.302317,184,71,9,7,R9C4,10,7,0.000000,1.798823,-1.798823,1.000000,1,1,0
2026-08-20T15:49:09.164,6.304327,184,72,9,8,R9C5,10,2,1.837647,1.798823,0.038824,0.000000,1,0,0
2026-08-20T15:49:09.164,6.306355,184,73,10,1,R10C11,12,14,1.811765,1.798823,0.012941,0.000000,1,0,0
2026-08-20T15:49:09.164,6.308282,184,74,10,2,R10C12,12,16,1.850588,1.811765,0.038823,0.000000,1,0,0
2026-08-20T15:49:09.164,6.311349,184,75,10,3,R10C1,12,1,1.811765,1.811765,0.000000,0.000000,1,0,0
2026-08-20T15:49:09.164,6.314391,184,76,10,4,R10C2,12,3,1.811765,1.811765,0.000000,0.000000,1,0,0
2026-08-20T15:49:09.164,6.316355,184,77,10,5,R10C3,12,5,1.811765,1.811765,0.000000,0.000000,1,0,0
2026-08-20T15:49:09.164,6.317600,184,78,10,6,R10C4,12,7,1.824706,1.824706,0.000000,0.000000,1,0,0
2026-08-20T15:49:09.164,6.321716,184,79,10,7,R10C5,12,2,1.811765,1.785882,0.025882,0.000000,1,0,0
2026-08-20T15:49:09.164,6.323455,184,80,10,8,R10C6,12,4,1.811765,1.811765,0.000000,0.000000,1,0,0
2026-08-20T15:49:09.164,6.324278,184,81,11,1,R11C12,14,16,1.837647,1.798823,0.038824,0.000000,1,0,0
2026-08-20T15:49:09.164,6.325271,184,82,11,2,R11C1,14,1,1.708235,1.682353,0.025882,0.000000,1,0,0
2026-08-20T15:49:09.164,6.327270,184,83,11,3,R11C2,14,3,0.970588,0.880000,0.090588,0.000000,1,0,0
2026-08-20T15:49:09.429,6.482410,184,84,11,4,R11C3,14,5,1.630588,1.708235,-0.077647,0.000000,1,0,0
2026-08-20T15:49:09.430,6.489528,184,85,11,5,R11C4,14,7,0.000000,1.798823,-1.798823,1.000000,1,1,0
2026-08-20T15:49:09.430,6.491317,184,86,11,6,R11C5,14,2,1.811765,1.785882,0.025882,0.000000,1,0,0
2026-08-20T15:49:09.430,6.492248,184,87,11,7,R11C6,14,4,0.000000,1.772941,-1.772941,1.000000,1,1,0
2026-08-20T15:49:09.430,6.493245,184,88,11,8,R11C7,14,6,0.116471,1.734118,-1.617647,1.000000,1,1,0
2026-08-20T15:49:09.430,6.495266,184,89,12,1,R12C1,16,1,1.798823,1.798823,0.000000,0.000000,1,0,0
2026-08-20T15:49:09.430,6.497297,184,90,12,2,R12C2,16,3,1.785882,1.785882,0.000000,0.000000,1,0,0
2026-08-20T15:49:09.430,6.499289,184,91,12,3,R12C3,16,5,1.772941,1.798823,-0.025882,0.000000,1,0,0
2026-08-20T15:49:09.430,6.502266,184,92,12,4,R12C4,16,7,1.721177,1.772941,-0.051765,0.000000,1,0,0
2026-08-20T15:49:09.430,6.505257,184,93,12,5,R12C5,16,2,1.785882,1.811765,-0.025882,0.000000,1,0,0
2026-08-20T15:49:09.430,6.507385,184,94,12,6,R12C6,16,4,0.000000,1.514118,-1.514118,1.000000,1,1,0
2026-08-20T15:49:09.430,6.508333,184,95,12,7,R12C7,16,6,0.763529,1.449412,-0.685882,0.739629,1,0,0
2026-08-20T15:49:09.430,6.509374,185,96,12,8,R12C8,16,8,1.255294,1.785882,-0.530588,0.420290,1,0,0
2026-08-20T15:49:09.430,6.514441,185,1,1,1,R1C2,1,3,1.811765,1.811765,0.000000,0.000000,1,0,0
2026-08-20T15:49:09.430,6.515276,185,2,1,2,R1C3,1,5,1.798823,1.811765,-0.012941,0.000000,1,0,0
2026-08-20T15:49:09.430,6.516242,185,3,1,3,R1C4,1,7,1.811765,1.811765,0.000000,0.000000,1,0,0
2026-08-20T15:49:09.430,6.518438,185,4,1,4,R1C5,1,2,1.824706,1.811765,0.012941,0.000000,1,0,0
2026-08-20T15:49:09.642,6.748732,185,5,1,5,R1C6,1,4,1.811765,1.811765,0.000000,0.000000,1,0,0
2026-08-20T15:49:09.642,6.756333,185,6,1,6,R1C7,1,6,1.811765,1.811765,0.000000,0.000000,1,0,0
2026-08-20T15:49:09.642,6.757265,185,7,1,7,R1C8,1,8,1.811765,1.824706,-0.012941,0.000000,1,0,0
2026-08-20T15:49:09.642,6.758261,185,8,1,8,R1C9,1,10,1.824706,1.850588,-0.025882,0.000000,1,0,0
2026-08-20T15:49:09.642,6.759253,185,9,2,1,R2C3,3,5,1.785882,1.785882,0.000000,0.000000,1,0,0
2026-08-20T15:49:09.642,6.762330,185,10,2,2,R2C4,3,7,1.747059,1.772941,-0.025882,0.000000,1,0,0
2026-08-20T15:49:09.642,6.764427,185,11,2,3,R2C5,3,2,1.824706,1.824706,0.000000,0.000000,1,0,0
2026-08-20T15:49:09.642,6.766402,185,12,2,4,R2C6,3,4,1.785882,1.798823,-0.012941,0.000000,1,0,0
2026-08-20T15:49:09.642,6.769706,185,13,2,5,R2C7,3,6,1.798823,1.785882,0.012941,0.000000,1,0,0
2026-08-20T15:49:09.642,6.771577,185,14,2,6,R2C8,3,8,1.798823,1.785882,0.012941,0.000000,1,0,0
2026-08-20T15:49:09.642,6.774195,185,15,2,7,R2C9,3,10,1.850588,1.798823,0.051765,0.000000,1,0,0
2026-08-20T15:49:09.642,6.776220,185,16,2,8,R2C10,3,12,1.785882,1.785882,0.000000,0.000000,1,0,0
2026-08-20T15:49:09.642,6.777423,185,17,3,1,R3C4,5,7,1.824706,1.824706,0.000000,0.000000,1,0,0
2026-08-20T15:49:09.642,6.778430,185,18,3,2,R3C5,5,2,1.785882,1.824706,-0.038823,0.000000,1,0,0
2026-08-20T15:49:09.642,6.783421,185,19,3,3,R3C6,5,4,1.811765,1.811765,0.000000,0.000000,1,0,0
2026-08-20T15:49:09.642,6.784337,185,20,3,4,R3C7,5,6,1.811765,1.811765,0.000000,0.000000,1,0,0
2026-08-20T15:49:09.899,6.785391,185,21,3,5,R3C8,5,8,1.811765,1.824706,-0.012941,0.000000,1,0,0
2026-08-20T15:49:09.899,6.967382,185,22,3,6,R3C9,5,10,1.837647,1.798823,0.038824,0.000000,1,0,0
2026-08-20T15:49:09.899,6.968293,185,23,3,7,R3C10,5,12,1.785882,1.798823,-0.012941,0.000000,1,0,0
2026-08-20T15:49:09.899,6.969294,185,24,3,8,R3C11,5,14,1.798823,1.798823,0.000000,0.000000,1,0,0
2026-08-20T15:49:09.899,6.970266,185,25,4,1,R4C5,7,2,1.824706,1.785882,0.038823,0.000000,1,0,0
2026-08-20T15:49:09.899,6.973300,185,26,4,2,R4C6,7,4,1.760000,1.785882,-0.025882,0.000000,1,0,0
2026-08-20T15:49:09.899,6.975596,185,27,4,3,R4C7,7,6,1.772941,1.785882,-0.012941,0.000000,1,0,0
2026-08-20T15:49:09.899,6.978568,185,28,4,4,R4C8,7,8,1.811765,1.798823,0.012941,0.000000,1,0,0
2026-08-20T15:49:09.900,6.982371,185,29,4,5,R4C9,7,10,1.850588,1.837647,0.012941,0.000000,1,0,0
2026-08-20T15:49:09.900,6.984526,185,30,4,6,R4C10,7,12,1.798823,1.798823,0.000000,0.000000,1,0,0
2026-08-20T15:49:09.900,6.986360,185,31,4,7,R4C11,7,14,1.811765,1.811765,0.000000,0.000000,1,0,0
2026-08-20T15:49:09.900,6.989720,185,32,4,8,R4C12,7,16,1.837647,1.850588,-0.012941,0.000000,1,0,0
2026-08-20T15:49:09.900,6.991301,185,33,5,1,R5C6,2,4,1.811765,1.811765,0.000000,0.000000,1,0,0
2026-08-20T15:49:09.900,6.992399,185,34,5,2,R5C7,2,6,1.824706,1.811765,0.012941,0.000000,1,0,0
2026-08-20T15:49:09.900,6.993302,185,35,5,3,R5C8,2,8,1.824706,1.824706,0.000000,0.000000,1,0,0
2026-08-20T15:49:09.900,6.995282,185,36,5,4,R5C9,2,10,1.837647,1.824706,0.012941,0.000000,1,0,0
2026-08-20T15:49:10.086,6.998351,185,37,5,5,R5C10,2,12,1.811765,1.785882,0.025882,0.000000,1,0,0
2026-08-20T15:49:10.086,7.225844,185,38,5,6,R5C11,2,14,1.785882,1.824706,-0.038823,0.000000,1,0,0
2026-08-20T15:49:10.086,7.227450,185,39,5,7,R5C12,2,16,1.837647,1.798823,0.038824,0.000000,1,0,0
2026-08-20T15:49:10.086,7.228407,185,40,5,8,R5C1,2,1,1.811765,1.811765,0.000000,0.000000,1,0,0
2026-08-20T15:49:10.086,7.229320,185,41,6,1,R6C7,4,6,1.772941,1.772941,0.000000,0.000000,1,0,0
2026-08-20T15:49:10.086,7.231395,185,42,6,2,R6C8,4,8,1.798823,1.798823,0.000000,0.000000,1,0,0
2026-08-20T15:49:10.086,7.233316,185,43,6,3,R6C9,4,10,1.850588,1.850588,0.000000,0.000000,1,0,0
2026-08-20T15:49:10.086,7.235379,185,44,6,4,R6C10,4,12,1.798823,1.785882,0.012941,0.000000,1,0,0
2026-08-20T15:49:10.086,7.238782,185,45,6,5,R6C11,4,14,1.824706,1.824706,0.000000,0.000000,1,0,0
2026-08-20T15:49:10.086,7.241170,185,46,6,6,R6C12,4,16,1.798823,1.824706,-0.025882,0.000000,1,0,0
2026-08-20T15:49:10.086,7.244035,185,47,6,7,R6C1,4,1,1.410588,1.100000,0.310588,0.000000,1,0,0
2026-08-20T15:49:10.086,7.245570,185,48,6,8,R6C2,4,3,0.892941,1.540000,-0.647059,0.771909,1,0,0
2026-08-20T15:49:10.086,7.249962,185,49,7,1,R7C8,6,8,1.772941,1.760000,0.012941,0.000000,1,0,0
2026-08-20T15:49:10.087,7.251371,185,50,7,2,R7C9,6,10,1.824706,1.837647,-0.012941,0.000000,1,0,0
2026-08-20T15:49:10.087,7.252279,185,51,7,3,R7C10,6,12,1.798823,1.798823,0.000000,0.000000,1,0,0
2026-08-20T15:49:10.087,7.253275,185,52,7,4,R7C11,6,14,1.824706,1.798823,0.025882,0.000000,1,0,0
2026-08-20T15:49:10.346,7.255398,185,53,7,5,R7C12,6,16,1.785882,1.798823,-0.012941,0.000000,1,0,0
2026-08-20T15:49:10.346,7.411699,185,54,7,6,R7C1,6,1,0.892941,1.837647,-0.944706,1.000000,1,0,0
2026-08-20T15:49:10.346,7.413320,185,55,7,7,R7C2,6,3,1.669412,1.798823,-0.129412,0.000000,1,0,0
2026-08-20T15:49:10.346,7.414277,185,56,7,8,R7C3,6,5,1.164706,1.682353,-0.517647,0.450549,1,0,0
2026-08-20T15:49:10.346,7.415276,185,57,8,1,R8C9,8,10,1.785882,1.811765,-0.025882,0.000000,1,0,0
2026-08-20T15:49:10.346,7.417258,185,58,8,2,R8C10,8,12,1.811765,1.785882,0.025882,0.000000,1,0,0
2026-08-20T15:49:10.346,7.419261,185,59,8,3,R8C11,8,14,1.837647,1.798823,0.038824,0.000000,1,0,0
2026-08-20T15:49:10.346,7.422727,185,60,8,4,R8C12,8,16,1.824706,1.785882,0.038823,0.000000,1,0,0
2026-08-20T15:49:10.346,7.424331,185,61,8,5,R8C1,8,1,1.669412,1.578824,0.090588,0.000000,1,0,0
2026-08-20T15:49:10.346,7.426760,185,62,8,6,R8C2,8,3,1.669412,1.760000,-0.090588,0.000000,1,0,0
2026-08-20T15:49:10.346,7.428697,185,63,8,7,R8C3,8,5,0.284706,0.000000,0.000000,0.000000,1,0,0
2026-08-20T15:49:10.346,7.430361,185,64,8,8,R8C4,8,7,0.750588,1.255294,-0.504706,0.720177,1,0,0
2026-08-20T15:49:10.346,7.433965,185,65,9,1,R9C10,10,12,1.785882,1.785882,0.000000,0.000000,1,0,0
2026-08-20T15:49:10.347,7.435467,185,66,9,2,R9C11,10,14,1.850588,1.785882,0.064706,0.000000,1,0,0
2026-08-20T15:49:10.347,7.436296,185,67,9,3,R9C12,10,16,1.785882,1.824706,-0.038823,0.000000,1,0,0
2026-08-20T15:49:10.347,7.438379,185,68,9,4,R9C1,10,1,0.271765,1.527059,-1.255294,1.000000,1,0,0
2026-08-20T15:49:10.537,7.440290,185,69,9,5,R9C2,10,3,1.798823,1.753529,0.045294,0.000000,1,0,0
2026-08-20T15:49:10.538,7.672642,185,70,9,6,R9C3,10,5,1.488235,1.527059,-0.038824,0.000000,1,0,0
2026-08-20T15:49:10.538,7.674290,185,71,9,7,R9C4,10,7,1.552941,1.798823,-0.245882,0.000000,1,0,0
2026-08-20T15:49:10.538,7.675246,185,72,9,8,R9C5,10,2,1.811765,1.798823,0.012941,0.000000,1,0,0
2026-08-20T15:49:10.538,7.676266,185,73,10,1,R10C11,12,14,1.798823,1.798823,0.000000,0.000000,1,0,0
2026-08-20T15:49:10.538,7.678298,185,74,10,2,R10C12,12,16,1.850588,1.850588,0.000000,0.000000,1,0,0
2026-08-20T15:49:10.538,7.680387,185,75,10,3,R10C1,12,1,1.811765,1.811765,0.000000,0.000000,1,0,0
2026-08-20T15:49:10.538,7.682380,185,76,10,4,R10C2,12,3,1.811765,1.811765,0.000000,0.000000,1,0,0
2026-08-20T15:49:10.538,7.686383,185,77,10,5,R10C3,12,5,1.811765,1.811765,0.000000,0.000000,1,0,0
2026-08-20T15:49:10.538,7.687343,185,78,10,6,R10C4,12,7,1.824706,1.824706,0.000000,0.000000,1,0,0
2026-08-20T15:49:10.538,7.690772,185,79,10,7,R10C5,12,2,1.824706,1.811765,0.012941,0.000000,1,0,0
2026-08-20T15:49:10.538,7.692775,185,80,10,8,R10C6,12,4,1.824706,1.811765,0.012941,0.000000,1,0,0
2026-08-20T15:49:10.538,7.694400,185,81,11,1,R11C12,14,16,1.824706,1.837647,-0.012941,0.000000,1,0,0
2026-08-20T15:49:10.538,7.695359,185,82,11,2,R11C1,14,1,1.798823,1.682353,0.116471,0.000000,1,0,0
2026-08-20T15:49:10.538,7.699319,185,83,11,3,R11C2,14,3,0.000000,0.970588,-0.970588,1.000000,1,1,0
2026-08-20T15:49:10.538,7.700257,185,84,11,4,R11C3,14,5,1.798823,1.656471,0.142353,0.000000,1,0,0
2026-08-20T15:49:10.538,7.701362,185,85,11,5,R11C4,14,7,0.000000,1.798823,-1.798823,1.000000,1,1,0
2026-08-20T15:49:10.797,7.856368,185,86,11,6,R11C5,14,2,1.837647,1.798823,0.038824,0.000000,1,0,0
2026-08-20T15:49:10.798,7.863083,185,87,11,7,R11C6,14,4,1.811765,1.772941,0.038823,0.000000,1,0,0
2026-08-20T15:49:10.798,7.864296,185,88,11,8,R11C7,14,6,1.811765,1.734118,0.077647,0.000000,1,0,0
2026-08-20T15:49:10.798,7.865253,185,89,12,1,R12C1,16,1,1.708235,1.798823,-0.090588,0.000000,1,0,0
2026-08-20T15:49:10.798,7.866244,185,90,12,2,R12C2,16,3,1.772941,1.785882,-0.012941,0.000000,1,0,0
2026-08-20T15:49:10.798,7.868234,185,91,12,3,R12C3,16,5,1.695294,1.798823,-0.103529,0.000000,1,0,0
2026-08-20T15:49:10.798,7.871297,185,92,12,4,R12C4,16,7,1.708235,1.772941,-0.064706,0.000000,1,0,0
2026-08-20T15:49:10.798,7.872282,185,93,12,5,R12C5,16,2,1.824706,1.811765,0.012941,0.000000,1,0,0
2026-08-20T15:49:10.798,7.875345,185,94,12,6,R12C6,16,4,1.798823,1.514118,0.284706,0.000000,1,0,0
2026-08-20T15:49:10.798,7.877912,185,95,12,7,R12C7,16,6,1.734118,1.449412,0.284706,0.000000,1,0,0
2026-08-20T15:49:10.798,7.879673,186,96,12,8,R12C8,16,8,1.747059,1.785882,-0.038823,0.000000,1,0,0
2026-08-20T15:49:10.798,7.881343,186,1,1,1,R1C2,1,3,1.798823,1.811765,-0.012941,0.000000,1,0,0
2026-08-20T15:49:10.798,7.884873,186,2,1,2,R1C3,1,5,1.811765,1.798823,0.012941,0.000000,1,0,0
2026-08-20T15:49:10.798,7.886340,186,3,1,3,R1C4,1,7,1.824706,1.811765,0.012941,0.000000,1,0,0
2026-08-20T15:49:10.798,7.887279,186,4,1,4,R1C5,1,2,1.811765,1.811765,0.000000,0.000000,1,0,0
2026-08-20T15:49:10.798,7.889275,186,5,1,5,R1C6,1,4,1.824706,1.811765,0.012941,0.000000,1,0,0
2026-08-20T15:49:10.987,7.892315,186,6,1,6,R1C7,1,6,1.824706,1.811765,0.012941,0.000000,1,0,0
2026-08-20T15:49:10.987,8.124515,186,7,1,7,R1C8,1,8,1.811765,1.811765,0.000000,0.000000,1,0,0
2026-08-20T15:49:10.987,8.126421,186,8,1,8,R1C9,1,10,1.837647,1.850588,-0.012941,0.000000,1,0,0
2026-08-20T15:49:10.988,8.127253,186,9,2,1,R2C3,3,5,1.811765,1.785882,0.025882,0.000000,1,0,0
2026-08-20T15:49:10.988,8.128303,186,10,2,2,R2C4,3,7,1.798823,1.747059,0.051765,0.000000,1,0,0
2026-08-20T15:49:10.988,8.130410,186,11,2,3,R2C5,3,2,1.785882,1.824706,-0.038823,0.000000,1,0,0
2026-08-20T15:49:10.988,8.132397,186,12,2,4,R2C6,3,4,1.811765,1.785882,0.025882,0.000000,1,0,0
2026-08-20T15:49:10.988,8.134352,186,13,2,5,R2C7,3,6,1.811765,1.798823,0.012941,0.000000,1,0,0
2026-08-20T15:49:10.988,8.138381,186,14,2,6,R2C8,3,8,1.811765,1.798823,0.012941,0.000000,1,0,0
2026-08-20T15:49:10.988,8.139297,186,15,2,7,R2C9,3,10,1.837647,1.798823,0.038824,0.000000,1,0,0
2026-08-20T15:49:10.988,8.140492,186,16,2,8,R2C10,3,12,1.798823,1.785882,0.012941,0.000000,1,0,0
2026-08-20T15:49:10.988,8.144706,186,17,3,1,R3C4,5,7,1.811765,1.824706,-0.012941,0.000000,1,0,0
2026-08-20T15:49:10.988,8.146548,186,18,3,2,R3C5,5,2,1.785882,1.824706,-0.038823,0.000000,1,0,0
2026-08-20T15:49:10.988,8.149899,186,19,3,3,R3C6,5,4,1.811765,1.811765,0.000000,0.000000,1,0,0
2026-08-20T15:49:10.988,8.151315,186,20,3,4,R3C7,5,6,1.811765,1.811765,0.000000,0.000000,1,0,0
2026-08-20T15:49:10.988,8.152395,186,21,3,5,R3C8,5,8,1.811765,1.824706,-0.012941,0.000000,1,0,0
2026-08-20T15:49:10.988,8.153278,186,22,3,6,R3C9,5,10,1.798823,1.811765,-0.012941,0.000000,1,0,0
2026-08-20T15:49:11.246,8.306591,186,23,3,7,R3C10,5,12,1.798823,1.798823,0.000000,0.000000,1,0,0
2026-08-20T15:49:11.246,8.313559,186,24,3,8,R3C11,5,14,1.824706,1.798823,0.025882,0.000000,1,0,0
2026-08-20T15:49:11.246,8.315357,186,25,4,1,R4C5,7,2,1.785882,1.785882,0.000000,0.000000,1,0,0
2026-08-20T15:49:11.246,8.316284,186,26,4,2,R4C6,7,4,1.837647,1.772941,0.064706,0.000000,1,0,0
2026-08-20T15:49:11.246,8.317296,186,27,4,3,R4C7,7,6,1.811765,1.785882,0.025882,0.000000,1,0,0
2026-08-20T15:49:11.246,8.319308,186,28,4,4,R4C8,7,8,1.772941,1.798823,-0.025882,0.000000,1,0,0
2026-08-20T15:49:11.246,8.321312,186,29,4,5,R4C9,7,10,1.837647,1.850588,-0.012941,0.000000,1,0,0
2026-08-20T15:49:11.246,8.323319,186,30,4,6,R4C10,7,12,1.798823,1.798823,0.000000,0.000000,1,0,0
2026-08-20T15:49:11.246,8.326428,186,31,4,7,R4C11,7,14,1.798823,1.811765,-0.012941,0.000000,1,0,0
2026-08-20T15:49:11.246,8.329329,186,32,4,8,R4C12,7,16,1.798823,1.837647,-0.038824,0.000000,1,0,0
2026-08-20T15:49:11.246,8.331250,186,33,5,1,R5C6,2,4,1.837647,1.811765,0.025882,0.000000,1,0,0
2026-08-20T15:49:11.246,8.332423,186,34,5,2,R5C7,2,6,1.811765,1.811765,0.000000,0.000000,1,0,0
2026-08-20T15:49:11.247,8.333356,186,35,5,3,R5C8,2,8,1.798823,1.824706,-0.025882,0.000000,1,0,0
2026-08-20T15:49:11.247,8.338341,186,36,5,4,R5C9,2,10,1.837647,1.837647,0.000000,0.000000,1,0,0
2026-08-20T15:49:11.247,8.339347,186,37,5,5,R5C10,2,12,1.837647,1.811765,0.025882,0.000000,1,0,0
2026-08-20T15:49:11.247,8.340450,186,38,5,6,R5C11,2,14,1.811765,1.798823,0.012941,0.000000,1,0,0
2026-08-20T15:49:11.247,8.342342,186,39,5,7,R5C12,2,16,1.824706,1.798823,0.025882,0.000000,1,0,0
2026-08-20T15:49:11.439,8.572991,186,40,5,8,R5C1,2,1,1.785882,1.811765,-0.025882,0.000000,1,0,0
2026-08-20T15:49:11.439,8.574348,186,41,6,1,R6C7,4,6,1.824706,1.772941,0.051765,0.000000,1,0,0
2026-08-20T15:49:11.440,8.575270,186,42,6,2,R6C8,4,8,1.785882,1.798823,-0.012941,0.000000,1,0,0
2026-08-20T15:49:11.440,8.576254,186,43,6,3,R6C9,4,10,1.824706,1.850588,-0.025882,0.000000,1,0,0
2026-08-20T15:49:11.440,8.578264,186,44,6,4,R6C10,4,12,1.850588,1.798823,0.051765,0.000000,1,0,0
2026-08-20T15:49:11.440,8.581353,186,45,6,5,R6C11,4,14,1.798823,1.824706,-0.025882,0.000000,1,0,0
2026-08-20T15:49:11.440,8.582301,186,46,6,6,R6C12,4,16,1.824706,1.824706,0.000000,0.000000,1,0,0
2026-08-20T15:49:11.440,8.586227,186,47,6,7,R6C1,4,1,1.488235,1.410588,0.077647,0.000000,1,0,0
2026-08-20T15:49:11.440,8.587494,186,48,6,8,R6C2,4,3,1.811765,1.540000,0.271765,0.000000,1,0,0
2026-08-20T15:49:11.440,8.590699,186,49,7,1,R7C8,6,8,1.785882,1.760000,0.025882,0.000000,1,0,0
2026-08-20T15:49:11.440,8.592890,186,50,7,2,R7C9,6,10,1.850588,1.824706,0.025882,0.000000,1,0,0
2026-08-20T15:49:11.440,8.594778,186,51,7,3,R7C10,6,12,1.785882,1.798823,-0.012941,0.000000,1,0,0
2026-08-20T15:49:11.440,8.597982,186,52,7,4,R7C11,6,14,1.785882,1.798823,-0.012941,0.000000,1,0,0
2026-08-20T15:49:11.440,8.599510,186,53,7,5,R7C12,6,16,1.837647,1.785882,0.051765,0.000000,1,0,0
2026-08-20T15:49:11.440,8.600266,186,54,7,6,R7C1,6,1,1.785882,1.837647,-0.051765,0.000000,1,0,0
2026-08-20T15:49:11.440,8.601285,186,55,7,7,R7C2,6,3,1.824706,1.798823,0.000000,0.000000,1,0,0
2026-08-20T15:49:11.702,8.603341,186,56,7,8,R7C3,6,5,1.190588,1.682353,-0.491765,0.406593,1,0,0
2026-08-20T15:49:11.702,8.766025,186,57,8,1,R8C9,8,10,1.850588,1.811765,0.038823,0.000000,1,0,0
2026-08-20T15:49:11.702,8.767313,186,58,8,2,R8C10,8,12,1.798823,1.811765,-0.012941,0.000000,1,0,0
2026-08-20T15:49:11.702,8.768280,186,59,8,3,R8C11,8,14,1.785882,1.798823,-0.012941,0.000000,1,0,0
2026-08-20T15:49:11.702,8.769249,186,60,8,4,R8C12,8,16,1.785882,1.785882,0.000000,0.000000,1,0,0
2026-08-20T15:49:11.702,8.771252,186,61,8,5,R8C1,8,1,1.837647,1.669412,0.168235,0.000000,1,0,0
2026-08-20T15:49:11.702,8.773247,186,62,8,6,R8C2,8,3,1.760000,1.760000,0.000000,0.000000,1,0,0
2026-08-20T15:49:11.702,8.777353,186,63,8,7,R8C3,8,5,1.190588,0.000000,0.000000,0.000000,1,0,0
2026-08-20T15:49:11.702,8.778350,186,64,8,8,R8C4,8,7,1.514118,1.255294,0.258824,0.000000,1,0,0
2026-08-20T15:49:11.702,8.781174,186,65,9,1,R9C10,10,12,1.798823,1.785882,0.012941,0.000000,1,0,0
2026-08-20T15:49:11.702,8.783039,186,66,9,2,R9C11,10,14,1.811765,1.850588,-0.038823,0.000000,1,0,0
2026-08-20T15:49:11.702,8.784412,186,67,9,3,R9C12,10,16,1.850588,1.824706,0.025882,0.000000,1,0,0
2026-08-20T15:49:11.702,8.788097,186,68,9,4,R9C1,10,1,1.682353,1.527059,0.155294,0.000000,1,0,0
2026-08-20T15:49:11.703,8.789386,186,69,9,5,R9C2,10,3,1.798823,1.760000,0.038823,0.000000,1,0,0
2026-08-20T15:49:11.703,8.790266,186,70,9,6,R9C3,10,5,1.074118,1.527059,0.000000,0.000000,1,0,0
2026-08-20T15:49:11.703,8.792316,186,71,9,7,R9C4,10,7,1.785882,1.798823,0.000000,0.000000,1,0,0
2026-08-20T15:49:11.703,8.794369,186,72,9,8,R9C5,10,2,1.772941,1.811765,-0.038823,0.000000,1,0,0
2026-08-20T15:49:11.886,9.027538,186,73,10,1,R10C11,12,14,1.798823,1.798823,0.000000,0.000000,1,0,0
2026-08-20T15:49:11.886,9.029351,186,74,10,2,R10C12,12,16,1.811765,1.850588,-0.038823,0.000000,1,0,0
2026-08-20T15:49:11.886,9.030315,186,75,10,3,R10C1,12,1,1.785882,1.811765,-0.025882,0.000000,1,0,0
2026-08-20T15:49:11.886,9.031304,186,76,10,4,R10C2,12,3,1.798823,1.811765,-0.012941,0.000000,1,0,0
2026-08-20T15:49:11.886,9.033320,186,77,10,5,R10C3,12,5,1.798823,1.811765,-0.012941,0.000000,1,0,0
2026-08-20T15:49:11.886,9.035302,186,78,10,6,R10C4,12,7,1.798823,1.824706,-0.025882,0.000000,1,0,0
2026-08-20T15:49:11.886,9.037304,186,79,10,7,R10C5,12,2,1.772941,1.824706,-0.051765,0.000000,1,0,0
2026-08-20T15:49:11.886,9.040376,186,80,10,8,R10C6,12,4,1.785882,1.811765,-0.025882,0.000000,1,0,0
2026-08-20T15:49:11.886,9.042974,186,81,11,1,R11C12,14,16,1.798823,1.837647,-0.038824,0.000000,1,0,0
2026-08-20T15:49:11.886,9.044812,186,82,11,2,R11C1,14,1,1.785882,1.708235,0.077647,0.000000,1,0,0
2026-08-20T15:49:11.886,9.046434,186,83,11,3,R11C2,14,3,0.000000,0.970588,-0.970588,1.000000,1,1,0
2026-08-20T15:49:11.886,9.047378,186,84,11,4,R11C3,14,5,1.785882,1.656471,0.129412,0.000000,1,0,0
2026-08-20T15:49:11.887,9.051290,186,85,11,5,R11C4,14,7,1.798823,1.798823,0.000000,0.000000,1,0,0
2026-08-20T15:49:11.887,9.052281,186,86,11,6,R11C5,14,2,1.798823,1.811765,-0.012941,0.000000,1,0,0
2026-08-20T15:49:11.887,9.054323,186,87,11,7,R11C6,14,4,1.785882,1.772941,0.000000,0.000000,1,0,0
2026-08-20T15:49:11.887,9.056298,186,88,11,8,R11C7,14,6,1.721177,1.734118,0.000000,0.000000,1,0,0
2026-08-20T15:49:12.144,9.058277,186,89,12,1,R12C1,16,1,1.747059,1.798823,-0.051765,0.000000,1,0,0
2026-08-20T15:49:12.144,9.211140,186,90,12,2,R12C2,16,3,1.747059,1.785882,-0.038823,0.000000,1,0,0
2026-08-20T15:49:12.144,9.212227,186,91,12,3,R12C3,16,5,1.760000,1.772941,-0.012941,0.000000,1,0,0
2026-08-20T15:49:12.144,9.213221,186,92,12,4,R12C4,16,7,1.785882,1.721177,0.064706,0.000000,1,0,0
2026-08-20T15:49:12.144,9.214219,186,93,12,5,R12C5,16,2,1.824706,1.811765,0.012941,0.000000,1,0,0
2026-08-20T15:49:12.144,9.217227,186,94,12,6,R12C6,16,4,1.630588,1.514118,0.000000,0.000000,1,0,0
2026-08-20T15:49:12.144,9.218220,186,95,12,7,R12C7,16,6,1.708235,1.624118,0.084118,0.000000,1,0,0
2026-08-20T15:49:12.144,9.222001,187,96,12,8,R12C8,16,8,1.294118,1.766471,-0.472353,0.335426,1,0,0
2026-08-20T15:49:12.144,9.223450,187,1,1,1,R1C2,1,3,1.798823,1.811765,-0.012941,0.000000,1,0,0
2026-08-20T15:49:12.144,9.227509,187,2,1,2,R1C3,1,5,1.798823,1.798823,0.000000,0.000000,1,0,0
2026-08-20T15:49:12.144,9.228643,187,3,1,3,R1C4,1,7,1.824706,1.824706,0.000000,0.000000,1,0,0
2026-08-20T15:49:12.144,9.230424,187,4,1,4,R1C5,1,2,1.798823,1.811765,-0.012941,0.000000,1,0,0
2026-08-20T15:49:12.144,9.233024,187,5,1,5,R1C6,1,4,1.785882,1.811765,-0.025882,0.000000,1,0,0
2026-08-20T15:49:12.144,9.234319,187,6,1,6,R1C7,1,6,1.785882,1.811765,-0.025882,0.000000,1,0,0
2026-08-20T15:49:12.145,9.235408,187,7,1,7,R1C8,1,8,1.811765,1.811765,0.000000,0.000000,1,0,0
2026-08-20T15:49:12.145,9.237297,187,8,1,8,R1C9,1,10,1.811765,1.837647,-0.025882,0.000000,1,0,0
2026-08-20T15:49:12.145,9.240325,187,9,2,1,R2C3,3,5,1.785882,1.785882,0.000000,0.000000,1,0,0
2026-08-20T15:49:12.335,9.463052,187,10,2,2,R2C4,3,7,1.785882,1.747059,0.038823,0.000000,1,0,0
2026-08-20T15:49:12.335,9.470777,187,11,2,3,R2C5,3,2,1.785882,1.824706,-0.038823,0.000000,1,0,0
2026-08-20T15:49:12.336,9.472390,187,12,2,4,R2C6,3,4,1.811765,1.785882,0.025882,0.000000,1,0,0
2026-08-20T15:49:12.336,9.473292,187,13,2,5,R2C7,3,6,1.772941,1.798823,-0.025882,0.000000,1,0,0
2026-08-20T15:49:12.336,9.474278,187,14,2,6,R2C8,3,8,1.850588,1.811765,0.038823,0.000000,1,0,0
2026-08-20T15:49:12.336,9.476363,187,15,2,7,R2C9,3,10,1.811765,1.837647,-0.025882,0.000000,1,0,0
2026-08-20T15:49:12.336,9.478502,187,16,2,8,R2C10,3,12,1.785882,1.785882,0.000000,0.000000,1,0,0
2026-08-20T15:49:12.336,9.480301,187,17,3,1,R3C4,5,7,1.798823,1.824706,-0.025882,0.000000,1,0,0
2026-08-20T15:49:12.336,9.482327,187,18,3,2,R3C5,5,2,1.811765,1.785882,0.025882,0.000000,1,0,0
2026-08-20T15:49:12.336,9.488659,187,19,3,3,R3C6,5,4,1.785882,1.811765,-0.025882,0.000000,1,0,0
2026-08-20T15:49:12.336,9.490856,187,20,3,4,R3C7,5,6,1.772941,1.811765,-0.038823,0.000000,1,0,0
2026-08-20T15:49:12.336,9.492503,187,21,3,5,R3C8,5,8,1.785882,1.811765,-0.025882,0.000000,1,0,0
2026-08-20T15:49:12.336,9.496013,187,22,3,6,R3C9,5,10,1.850588,1.811765,0.038823,0.000000,1,0,0
2026-08-20T15:49:12.336,9.497421,187,23,3,7,R3C10,5,12,1.798823,1.798823,0.000000,0.000000,1,0,0
2026-08-20T15:49:12.336,9.498337,187,24,3,8,R3C11,5,14,1.798823,1.798823,0.000000,0.000000,1,0,0
2026-08-20T15:49:12.336,9.499409,187,25,4,1,R4C5,7,2,1.785882,1.785882,0.000000,0.000000,1,0,0
2026-08-20T15:49:12.596,9.502398,187,26,4,2,R4C6,7,4,1.811765,1.772941,0.038823,0.000000,1,0,0
2026-08-20T15:49:12.596,9.661574,187,27,4,3,R4C7,7,6,1.785882,1.785882,0.000000,0.000000,1,0,0
2026-08-20T15:49:12.596,9.663383,187,28,4,4,R4C8,7,8,1.785882,1.798823,-0.012941,0.000000,1,0,0
2026-08-20T15:49:12.596,9.664247,187,29,4,5,R4C9,7,10,1.811765,1.850588,-0.038823,0.000000,1,0,0
2026-08-20T15:49:12.596,9.665269,187,30,4,6,R4C10,7,12,1.785882,1.798823,-0.012941,0.000000,1,0,0
2026-08-20T15:49:12.596,9.667278,187,31,4,7,R4C11,7,14,1.785882,1.811765,-0.025882,0.000000,1,0,0
2026-08-20T15:49:12.596,9.669247,187,32,4,8,R4C12,7,16,1.850588,1.824706,0.025882,0.000000,1,0,0
2026-08-20T15:49:12.597,9.671240,187,33,5,1,R5C6,2,4,1.772941,1.811765,-0.038823,0.000000,1,0,0
2026-08-20T15:49:12.597,9.675454,187,34,5,2,R5C7,2,6,1.772941,1.811765,-0.038823,0.000000,1,0,0
2026-08-20T15:49:12.597,9.677595,187,35,5,3,R5C8,2,8,1.824706,1.824706,0.000000,0.000000,1,0,0
2026-08-20T15:49:12.597,9.679351,187,36,5,4,R5C9,2,10,1.850588,1.837647,0.012941,0.000000,1,0,0
2026-08-20T15:49:12.597,9.680272,187,37,5,5,R5C10,2,12,1.798823,1.824706,-0.025882,0.000000,1,0,0
2026-08-20T15:49:12.597,9.681437,187,38,5,6,R5C11,2,14,1.824706,1.798823,0.025882,0.000000,1,0,0
2026-08-20T15:49:12.597,9.685259,187,39,5,7,R5C12,2,16,1.798823,1.824706,-0.025882,0.000000,1,0,0
2026-08-20T15:49:12.597,9.686281,187,40,5,8,R5C1,2,1,1.772941,1.811765,-0.038823,0.000000,1,0,0
2026-08-20T15:49:12.597,9.688403,187,41,6,1,R6C7,4,6,1.811765,1.772941,0.038823,0.000000,1,0,0
2026-08-20T15:49:12.597,9.690271,187,42,6,2,R6C8,4,8,1.785882,1.798823,-0.012941,0.000000,1,0,0
2026-08-20T15:49:12.784,9.915349,187,43,6,3,R6C9,4,10,1.811765,1.850588,-0.038823,0.000000,1,0,0
2026-08-20T15:49:12.785,9.922688,187,44,6,4,R6C10,4,12,1.798823,1.798823,0.000000,0.000000,1,0,0
2026-08-20T15:49:12.785,9.924314,187,45,6,5,R6C11,4,14,1.811765,1.824706,-0.012941,0.000000,1,0,0
2026-08-20T15:49:12.785,9.925247,187,46,6,6,R6C12,4,16,1.824706,1.824706,0.000000,0.000000,1,0,0
2026-08-20T15:49:12.785,9.926288,187,47,6,7,R6C1,4,1,1.488235,1.410588,0.077647,0.000000,1,0,0
2026-08-20T15:49:12.785,9.928335,187,48,6,8,R6C2,4,3,1.682353,1.540000,0.000000,0.000000,1,0,0
2026-08-20T15:49:12.785,9.930437,187,49,7,1,R7C8,6,8,1.837647,1.772941,0.064706,0.000000,1,0,0
2026-08-20T15:49:12.785,9.932377,187,50,7,2,R7C9,6,10,1.837647,1.824706,0.012941,0.000000,1,0,0
2026-08-20T15:49:12.785,9.936150,187,51,7,3,R7C10,6,12,1.785882,1.798823,-0.012941,0.000000,1,0,0
2026-08-20T15:49:12.785,9.937513,187,52,7,4,R7C11,6,14,1.837647,1.785882,0.051765,0.000000,1,0,0
2026-08-20T15:49:12.785,9.940333,187,53,7,5,R7C12,6,16,1.785882,1.798823,-0.012941,0.000000,1,0,0
2026-08-20T15:49:12.785,9.942207,187,54,7,6,R7C1,6,1,1.734118,1.837647,0.000000,0.000000,1,0,0
2026-08-20T15:49:12.785,9.943409,187,55,7,7,R7C2,6,3,1.785882,1.747059,0.038824,0.000000,1,0,0
2026-08-20T15:49:12.785,9.947622,187,56,7,8,R7C3,6,5,1.281176,1.682353,-0.401176,0.252747,1,0,0
2026-08-20T15:49:12.785,9.949260,187,57,8,1,R8C9,8,10,1.811765,1.837647,-0.025882,0.000000,1,0,0
2026-08-20T15:49:12.785,9.950363,187,58,8,2,R8C10,8,12,1.785882,1.811765,-0.025882,0.000000,1,0,0
2026-08-20T15:49:13.046,9.951352,187,59,8,3,R8C11,8,14,1.785882,1.785882,0.000000,0.000000,1,0,0
2026-08-20T15:49:13.046,10.111033,187,60,8,4,R8C12,8,16,1.785882,1.785882,0.000000,0.000000,1,0,0
2026-08-20T15:49:13.046,10.112272,187,61,8,5,R8C1,8,1,1.785882,1.682353,0.103529,0.000000,1,0,0
2026-08-20T15:49:13.046,10.113251,187,62,8,6,R8C2,8,3,1.747059,1.714706,0.032353,0.000000,1,0,0
2026-08-20T15:49:13.046,10.114267,187,63,8,7,R8C3,8,5,1.190588,0.737647,0.452941,0.000000,1,0,0
2026-08-20T15:49:13.046,10.116250,187,64,8,8,R8C4,8,7,1.643529,1.255294,0.000000,0.000000,1,0,0
2026-08-20T15:49:13.046,10.119268,187,65,9,1,R9C10,10,12,1.798823,1.798823,0.000000,0.000000,1,0,0
2026-08-20T15:49:13.046,10.120240,187,66,9,2,R9C11,10,14,1.837647,1.811765,0.025882,0.000000,1,0,0
2026-08-20T15:49:13.046,10.123305,187,67,9,3,R9C12,10,16,1.824706,1.824706,0.000000,0.000000,1,0,0
2026-08-20T15:49:13.046,10.126086,187,68,9,4,R9C1,10,1,1.669412,1.527059,0.000000,0.000000,1,0,0
2026-08-20T15:49:13.046,10.128179,187,69,9,5,R9C2,10,3,1.785882,1.798823,-0.012941,0.000000,1,0,0
2026-08-20T15:49:13.046,10.129311,187,70,9,6,R9C3,10,5,0.944706,1.281176,-0.336471,0.000000,1,0,0
2026-08-20T15:49:13.047,10.133037,187,71,9,7,R9C4,10,7,1.798823,1.669412,0.129412,0.000000,1,0,0
2026-08-20T15:49:13.047,10.134384,187,72,9,8,R9C5,10,2,1.785882,1.811765,-0.025882,0.000000,1,0,0
2026-08-20T15:49:13.047,10.135302,187,73,10,1,R10C11,12,14,1.785882,1.798823,-0.012941,0.000000,1,0,0
2026-08-20T15:49:13.047,10.137240,187,74,10,2,R10C12,12,16,1.785882,1.850588,-0.064706,0.000000,1,0,0
2026-08-20T15:49:13.047,10.139398,187,75,10,3,R10C1,12,1,1.798823,1.811765,-0.012941,0.000000,1,0,0
2026-08-20T15:49:13.237,10.372509,187,76,10,4,R10C2,12,3,1.798823,1.811765,-0.012941,0.000000,1,0,0
2026-08-20T15:49:13.237,10.374385,187,77,10,5,R10C3,12,5,1.798823,1.811765,-0.012941,0.000000,1,0,0
2026-08-20T15:49:13.237,10.375286,187,78,10,6,R10C4,12,7,1.811765,1.824706,-0.012941,0.000000,1,0,0
2026-08-20T15:49:13.237,10.376300,187,79,10,7,R10C5,12,2,1.798823,1.811765,-0.012941,0.000000,1,0,0
2026-08-20T15:49:13.237,10.378356,187,80,10,8,R10C6,12,4,1.772941,1.811765,-0.038823,0.000000,1,0,0
2026-08-20T15:49:13.237,10.380405,187,81,11,1,R11C12,14,16,1.798823,1.824706,-0.025882,0.000000,1,0,0
2026-08-20T15:49:13.237,10.382354,187,82,11,2,R11C1,14,1,1.798823,1.785882,0.012941,0.000000,1,0,0
2026-08-20T15:49:13.237,10.386133,187,83,11,3,R11C2,14,3,0.310588,0.970588,-0.660000,1.000000,1,0,0
2026-08-20T15:49:13.237,10.387417,187,84,11,4,R11C3,14,5,1.785882,1.785882,0.000000,0.000000,1,0,0
2026-08-20T15:49:13.237,10.390321,187,85,11,5,R11C4,14,7,1.798823,1.798823,0.000000,0.000000,1,0,0
2026-08-20T15:49:13.237,10.392233,187,86,11,6,R11C5,14,2,1.798823,1.811765,-0.012941,0.000000,1,0,0
2026-08-20T15:49:13.237,10.393420,187,87,11,7,R11C6,14,4,1.772941,1.798824,-0.025882,0.000000,1,0,0
2026-08-20T15:49:13.237,10.394347,187,88,11,8,R11C7,14,6,1.760000,1.766471,-0.006471,0.000000,1,0,0
2026-08-20T15:49:13.237,10.398294,187,89,12,1,R12C1,16,1,1.695294,1.747059,-0.051765,0.000000,1,0,0
2026-08-20T15:49:13.237,10.399376,187,90,12,2,R12C2,16,3,1.721177,1.772941,-0.051765,0.000000,1,0,0
2026-08-20T15:49:13.237,10.401310,187,91,12,3,R12C3,16,5,1.747059,1.760000,-0.012941,0.000000,1,0,0
2026-08-20T15:49:13.494,10.403327,187,92,12,4,R12C4,16,7,1.760000,1.721177,0.038823,0.000000,1,0,0
2026-08-20T15:49:13.494,10.562478,187,93,12,5,R12C5,16,2,1.785882,1.824706,-0.038823,0.000000,1,0,0
2026-08-20T15:49:13.494,10.563271,187,94,12,6,R12C6,16,4,1.501176,1.714706,-0.213529,0.000000,1,0,0
2026-08-20T15:49:13.494,10.564290,187,95,12,7,R12C7,16,6,1.630588,1.721176,-0.090588,0.000000,1,0,0
2026-08-20T15:49:13.494,10.566338,188,96,12,8,R12C8,16,8,1.320000,1.766471,-0.446471,0.293564,1,0,0
2026-08-20T15:49:13.494,10.568278,188,1,1,1,R1C2,1,3,1.798823,1.798823,0.000000,0.000000,1,0,0
2026-08-20T15:49:13.494,10.570272,188,2,1,2,R1C3,1,5,1.798823,1.798823,0.000000,0.000000,1,0,0
2026-08-20T15:49:13.494,10.573910,188,3,1,3,R1C4,1,7,1.798823,1.824706,-0.025882,0.000000,1,0,0
2026-08-20T15:49:13.494,10.575451,188,4,1,4,R1C5,1,2,1.837647,1.811765,0.025882,0.000000,1,0,0
2026-08-20T15:49:13.494,10.577902,188,5,1,5,R1C6,1,4,1.785882,1.811765,-0.025882,0.000000,1,0,0
2026-08-20T15:49:13.494,10.579751,188,6,1,6,R1C7,1,6,1.837647,1.811765,0.025882,0.000000,1,0,0
2026-08-20T15:49:13.494,10.581644,188,7,1,7,R1C8,1,8,1.785882,1.811765,-0.025882,0.000000,1,0,0
2026-08-20T15:49:13.494,10.585078,188,8,1,8,R1C9,1,10,1.785882,1.824706,-0.038823,0.000000,1,0,0
2026-08-20T15:49:13.494,10.586398,188,9,2,1,R2C3,3,5,1.785882,1.785882,0.000000,0.000000,1,0,0
2026-08-20T15:49:13.495,10.587301,188,10,2,2,R2C4,3,7,1.785882,1.785882,0.000000,0.000000,1,0,0
2026-08-20T15:49:13.495,10.589414,188,11,2,3,R2C5,3,2,1.798823,1.785882,0.012941,0.000000,1,0,0
2026-08-20T15:49:13.675,10.591277,188,12,2,4,R2C6,3,4,1.850588,1.811765,0.038823,0.000000,1,0,0
2026-08-20T15:49:13.675,10.819289,188,13,2,5,R2C7,3,6,1.772941,1.798823,-0.025882,0.000000,1,0,0
2026-08-20T15:49:13.675,10.820256,188,14,2,6,R2C8,3,8,1.785882,1.811765,-0.025882,0.000000,1,0,0
2026-08-20T15:49:13.675,10.821268,188,15,2,7,R2C9,3,10,1.824706,1.837647,-0.012941,0.000000,1,0,0
2026-08-20T15:49:13.675,10.822236,188,16,2,8,R2C10,3,12,1.785882,1.785882,0.000000,0.000000,1,0,0
2026-08-20T15:49:13.676,10.825284,188,17,3,1,R3C4,5,7,1.811765,1.811765,0.000000,0.000000,1,0,0
2026-08-20T15:49:13.676,10.827276,188,18,3,2,R3C5,5,2,1.785882,1.785882,0.000000,0.000000,1,0,0
2026-08-20T15:49:13.676,10.830367,188,19,3,3,R3C6,5,4,1.798823,1.811765,-0.012941,0.000000,1,0,0
2026-08-20T15:49:13.676,10.831341,188,20,3,4,R3C7,5,6,1.785882,1.811765,-0.025882,0.000000,1,0,0
2026-08-20T15:49:13.676,10.834140,188,21,3,5,R3C8,5,8,1.785882,1.811765,-0.025882,0.000000,1,0,0
2026-08-20T15:49:13.676,10.835988,188,22,3,6,R3C9,5,10,1.785882,1.837647,-0.051765,0.000000,1,0,0
2026-08-20T15:49:13.676,10.837356,188,23,3,7,R3C10,5,12,1.798823,1.798823,0.000000,0.000000,1,0,0
2026-08-20T15:49:13.676,10.841027,188,24,3,8,R3C11,5,14,1.785882,1.798823,-0.012941,0.000000,1,0,0
2026-08-20T15:49:13.676,10.842327,188,25,4,1,R4C5,7,2,1.837647,1.785882,0.051765,0.000000,1,0,0
2026-08-20T15:49:13.676,10.843280,188,26,4,2,R4C6,7,4,1.785882,1.811765,-0.025882,0.000000,1,0,0
2026-08-20T15:49:13.676,10.846299,188,27,4,3,R4C7,7,6,1.798823,1.785882,0.012941,0.000000,1,0,0
2026-08-20T15:49:13.935,10.847352,188,28,4,4,R4C8,7,8,1.798823,1.785882,0.012941,0.000000,1,0,0
2026-08-20T15:49:13.936,11.001391,188,29,4,5,R4C9,7,10,1.850588,1.837647,0.012941,0.000000,1,0,0
2026-08-20T15:49:13.936,11.002256,188,30,4,6,R4C10,7,12,1.798823,1.798823,0.000000,0.000000,1,0,0
2026-08-20T15:49:13.936,11.003242,188,31,4,7,R4C11,7,14,1.811765,1.798823,0.012941,0.000000,1,0,0
2026-08-20T15:49:13.936,11.004226,188,32,4,8,R4C12,7,16,1.824706,1.837647,-0.012941,0.000000,1,0,0
2026-08-20T15:49:13.936,11.007238,188,33,5,1,R5C6,2,4,1.798823,1.811765,-0.012941,0.000000,1,0,0
2026-08-20T15:49:13.936,11.009239,188,34,5,2,R5C7,2,6,1.798823,1.811765,-0.012941,0.000000,1,0,0
2026-08-20T15:49:13.936,11.012992,188,35,5,3,R5C8,2,8,1.837647,1.824706,0.012941,0.000000,1,0,0
2026-08-20T15:49:13.936,11.014295,188,36,5,4,R5C9,2,10,1.811765,1.837647,-0.025882,0.000000,1,0,0
2026-08-20T15:49:13.936,11.017002,188,37,5,5,R5C10,2,12,1.798823,1.811765,-0.012941,0.000000,1,0,0
2026-08-20T15:49:13.936,11.018799,188,38,5,6,R5C11,2,14,1.824706,1.811765,0.012941,0.000000,1,0,0
2026-08-20T15:49:13.936,11.020400,188,39,5,7,R5C12,2,16,1.837647,1.824706,0.012941,0.000000,1,0,0
2026-08-20T15:49:13.936,11.021398,188,40,5,8,R5C1,2,1,1.785882,1.785882,0.000000,0.000000,1,0,0
2026-08-20T15:49:13.936,11.025423,188,41,6,1,R6C7,4,6,1.850588,1.811765,0.038823,0.000000,1,0,0
2026-08-20T15:49:13.936,11.026250,188,42,6,2,R6C8,4,8,1.785882,1.785882,0.000000,0.000000,1,0,0
2026-08-20T15:49:13.936,11.028233,188,43,6,3,R6C9,4,10,1.850588,1.824706,0.025882,0.000000,1,0,0
2026-08-20T15:49:14.125,11.029312,188,44,6,4,R6C10,4,12,1.798823,1.798823,0.000000,0.000000,1,0,0
2026-08-20T15:49:14.125,11.262091,188,45,6,5,R6C11,4,14,1.850588,1.811765,0.038823,0.000000,1,0,0
2026-08-20T15:49:14.125,11.263389,188,46,6,6,R6C12,4,16,1.837647,1.824706,0.012941,0.000000,1,0,0
2026-08-20T15:49:14.125,11.264329,188,47,6,7,R6C1,4,1,1.488235,1.488235,0.000000,0.000000,1,0,0
2026-08-20T15:49:14.125,11.265329,188,48,6,8,R6C2,4,3,1.604706,1.747059,-0.142353,0.000000,1,0,0
2026-08-20T15:49:14.125,11.268430,188,49,7,1,R7C8,6,8,1.798823,1.785882,0.012941,0.000000,1,0,0
2026-08-20T15:49:14.125,11.269269,188,50,7,2,R7C9,6,10,1.798823,1.837647,-0.038824,0.000000,1,0,0
2026-08-20T15:49:14.125,11.272385,188,51,7,3,R7C10,6,12,1.811765,1.785882,0.025882,0.000000,1,0,0
2026-08-20T15:49:14.125,11.273268,188,52,7,4,R7C11,6,14,1.785882,1.824706,-0.038823,0.000000,1,0,0
2026-08-20T15:49:14.125,11.279457,188,53,7,5,R7C12,6,16,1.798823,1.785882,0.012941,0.000000,1,0,0
2026-08-20T15:49:14.125,11.281380,188,54,7,6,R7C1,6,1,1.747059,1.760000,-0.012941,0.000000,1,0,0
2026-08-20T15:49:14.125,11.282333,188,55,7,7,R7C2,6,3,1.798823,1.785882,0.012941,0.000000,1,0,0
2026-08-20T15:49:14.125,11.283433,188,56,7,8,R7C3,6,5,1.242353,1.682353,-0.440000,0.318681,1,0,0
2026-08-20T15:49:14.125,11.286877,188,57,8,1,R8C9,8,10,1.837647,1.811765,0.025882,0.000000,1,0,0
2026-08-20T15:49:14.125,11.288351,188,58,8,2,R8C10,8,12,1.811765,1.798823,0.012941,0.000000,1,0,0
2026-08-20T15:49:14.125,11.289322,188,59,8,3,R8C11,8,14,1.811765,1.785882,0.025882,0.000000,1,0,0
2026-08-20T15:49:14.386,11.291346,188,60,8,4,R8C12,8,16,1.850588,1.785882,0.064706,0.000000,1,0,0
2026-08-20T15:49:14.386,11.450295,188,61,8,5,R8C1,8,1,1.798823,1.785882,0.012941,0.000000,1,0,0
2026-08-20T15:49:14.386,11.451246,188,62,8,6,R8C2,8,3,1.747059,1.747059,0.000000,0.000000,1,0,0
2026-08-20T15:49:14.386,11.452227,188,63,8,7,R8C3,8,5,1.216471,1.190588,0.025882,0.000000,1,0,0
2026-08-20T15:49:14.386,11.453229,188,64,8,8,R8C4,8,7,1.643529,1.578824,0.064706,0.000000,1,0,0
2026-08-20T15:49:14.386,11.456247,188,65,9,1,R9C10,10,12,1.785882,1.798823,-0.012941,0.000000,1,0,0
2026-08-20T15:49:14.386,11.458238,188,66,9,2,R9C11,10,14,1.785882,1.837647,-0.051765,0.000000,1,0,0
2026-08-20T15:49:14.387,11.460246,188,67,9,3,R9C12,10,16,1.850588,1.824706,0.025882,0.000000,1,0,0
2026-08-20T15:49:14.387,11.463420,188,68,9,4,R9C1,10,1,1.669412,1.675882,-0.006471,0.000000,1,0,0
2026-08-20T15:49:14.387,11.466286,188,69,9,5,R9C2,10,3,1.785882,1.798823,-0.012941,0.000000,1,0,0
2026-08-20T15:49:14.387,11.468088,188,70,9,6,R9C3,10,5,0.944706,1.074118,-0.129412,0.000000,1,0,0
2026-08-20T15:49:14.387,11.469442,188,71,9,7,R9C4,10,7,1.798823,1.785882,0.012941,0.000000,1,0,0
2026-08-20T15:49:14.387,11.470358,188,72,9,8,R9C5,10,2,1.798823,1.785882,0.012941,0.000000,1,0,0
2026-08-20T15:49:14.387,11.474412,188,73,10,1,R10C11,12,14,1.785882,1.798823,-0.012941,0.000000,1,0,0
2026-08-20T15:49:14.387,11.475283,188,74,10,2,R10C12,12,16,1.798823,1.811765,-0.012941,0.000000,1,0,0
2026-08-20T15:49:14.387,11.476248,188,75,10,3,R10C1,12,1,1.798823,1.798823,0.000000,0.000000,1,0,0
2026-08-20T15:49:14.387,11.479393,188,76,10,4,R10C2,12,3,1.798823,1.798823,0.000000,0.000000,1,0,0
2026-08-20T15:49:14.578,11.705472,188,77,10,5,R10C3,12,5,1.785882,1.798823,-0.012941,0.000000,1,0,0
2026-08-20T15:49:14.578,11.712950,188,78,10,6,R10C4,12,7,1.798823,1.811765,-0.012941,0.000000,1,0,0
2026-08-20T15:49:14.578,11.714332,188,79,10,7,R10C5,12,2,1.798823,1.798823,0.000000,0.000000,1,0,0
2026-08-20T15:49:14.578,11.715300,188,80,10,8,R10C6,12,4,1.811765,1.785882,0.025882,0.000000,1,0,0
2026-08-20T15:49:14.578,11.716398,188,81,11,1,R11C12,14,16,1.798823,1.798823,0.000000,0.000000,1,0,0
2026-08-20T15:49:14.578,11.718235,188,82,11,2,R11C1,14,1,1.798823,1.798823,0.000000,0.000000,1,0,0
2026-08-20T15:49:14.578,11.720237,188,83,11,3,R11C2,14,3,0.245882,0.970588,-0.724706,1.000000,1,0,0
2026-08-20T15:49:14.578,11.722229,188,84,11,4,R11C3,14,5,1.785882,1.785882,0.000000,0.000000,1,0,0
2026-08-20T15:49:14.578,11.726230,188,85,11,5,R11C4,14,7,1.798823,1.798823,0.000000,0.000000,1,0,0
2026-08-20T15:49:14.578,11.727285,188,86,11,6,R11C5,14,2,1.785882,1.798823,-0.012941,0.000000,1,0,0
2026-08-20T15:49:14.578,11.730374,188,87,11,7,R11C6,14,4,1.785882,1.785882,0.000000,0.000000,1,0,0
2026-08-20T15:49:14.578,11.732459,188,88,11,8,R11C7,14,6,1.734118,1.760000,-0.025882,0.000000,1,0,0
2026-08-20T15:49:14.578,11.733433,188,89,12,1,R12C1,16,1,1.695294,1.708235,-0.012941,0.000000,1,0,0
2026-08-20T15:49:14.578,11.738037,188,90,12,2,R12C2,16,3,1.721177,1.747059,-0.025882,0.000000,1,0,0
2026-08-20T15:49:14.578,11.739414,188,91,12,3,R12C3,16,5,1.734118,1.747059,-0.012941,0.000000,1,0,0
2026-08-20T15:49:14.578,11.740276,188,92,12,4,R12C4,16,7,1.747059,1.760000,-0.012941,0.000000,1,0,0
2026-08-20T15:49:14.838,11.741244,188,93,12,5,R12C5,16,2,1.811765,1.824706,-0.012941,0.000000,1,0,0
2026-08-20T15:49:14.838,11.902996,188,94,12,6,R12C6,16,4,1.552941,1.630588,-0.077647,0.000000,1,0,0
2026-08-20T15:49:14.838,11.904250,188,95,12,7,R12C7,16,6,1.721177,1.708235,0.012941,0.000000,1,0,0
2026-08-20T15:49:14.838,11.905216,189,96,12,8,R12C8,16,8,1.397647,1.766471,-0.368824,0.167975,1,0,0
2026-08-20T15:49:14.838,11.906216,189,1,1,1,R1C2,1,3,1.798823,1.798823,0.000000,0.000000,1,0,0
2026-08-20T15:49:14.838,11.908212,189,2,1,2,R1C3,1,5,1.798823,1.798823,0.000000,0.000000,1,0,0
2026-08-20T15:49:14.838,11.910222,189,3,1,3,R1C4,1,7,1.798823,1.824706,-0.025882,0.000000,1,0,0
2026-08-20T15:49:14.838,11.914029,189,4,1,4,R1C5,1,2,1.811765,1.811765,0.000000,0.000000,1,0,0
2026-08-20T15:49:14.838,11.915265,189,5,1,5,R1C6,1,4,1.785882,1.785882,0.000000,0.000000,1,0,0
2026-08-20T15:49:14.838,11.918149,189,6,1,6,R1C7,1,6,1.785882,1.824706,-0.038823,0.000000,1,0,0
2026-08-20T15:49:14.838,11.920051,189,7,1,7,R1C8,1,8,1.811765,1.811765,0.000000,0.000000,1,0,0
2026-08-20T15:49:14.839,11.921445,189,8,1,8,R1C9,1,10,1.850588,1.811765,0.038823,0.000000,1,0,0
2026-08-20T15:49:14.839,11.925217,189,9,2,1,R2C3,3,5,1.772941,1.785882,-0.012941,0.000000,1,0,0
2026-08-20T15:49:14.839,11.926308,189,10,2,2,R2C4,3,7,1.785882,1.785882,0.000000,0.000000,1,0,0
2026-08-20T15:49:14.839,11.927254,189,11,2,3,R2C5,3,2,1.772941,1.785882,-0.012941,0.000000,1,0,0
2026-08-20T15:49:14.839,11.929221,189,12,2,4,R2C6,3,4,1.811765,1.811765,0.000000,0.000000,1,0,0
2026-08-20T15:49:15.024,11.931259,189,13,2,5,R2C7,3,6,1.772941,1.772941,0.000000,0.000000,1,0,0
2026-08-20T15:49:15.024,12.163833,189,14,2,6,R2C8,3,8,1.772941,1.811765,-0.038823,0.000000,1,0,0
2026-08-20T15:49:15.024,12.165363,189,15,2,7,R2C9,3,10,1.837647,1.824706,0.012941,0.000000,1,0,0
2026-08-20T15:49:15.024,12.166251,189,16,2,8,R2C10,3,12,1.785882,1.785882,0.000000,0.000000,1,0,0
2026-08-20T15:49:15.024,12.167230,189,17,3,1,R3C4,5,7,1.811765,1.811765,0.000000,0.000000,1,0,0
2026-08-20T15:49:15.024,12.169221,189,18,3,2,R3C5,5,2,1.785882,1.785882,0.000000,0.000000,1,0,0
2026-08-20T15:49:15.024,12.171263,189,19,3,3,R3C6,5,4,1.772941,1.798823,-0.025882,0.000000,1,0,0
2026-08-20T15:49:15.024,12.173234,189,20,3,4,R3C7,5,6,1.785882,1.785882,0.000000,0.000000,1,0,0
2026-08-20T15:49:15.024,12.177267,189,21,3,5,R3C8,5,8,1.798823,1.785882,0.012941,0.000000,1,0,0
2026-08-20T15:49:15.025,12.179904,189,22,3,6,R3C9,5,10,1.785882,1.798823,-0.012941,0.000000,1,0,0
2026-08-20T15:49:15.025,12.182014,189,23,3,7,R3C10,5,12,1.798823,1.798823,0.000000,0.000000,1,0,0
2026-08-20T15:49:15.025,12.183252,189,24,3,8,R3C11,5,14,1.785882,1.798823,-0.012941,0.000000,1,0,0
2026-08-20T15:49:15.025,12.184292,189,25,4,1,R4C5,7,2,1.785882,1.785882,0.000000,0.000000,1,0,0
2026-08-20T15:49:15.025,12.188271,189,26,4,2,R4C6,7,4,1.798823,1.811765,-0.012941,0.000000,1,0,0
2026-08-20T15:49:15.025,12.189295,189,27,4,3,R4C7,7,6,1.798823,1.798823,0.000000,0.000000,1,0,0
2026-08-20T15:49:15.025,12.190254,189,28,4,4,R4C8,7,8,1.837647,1.785882,0.051765,0.000000,1,0,0
2026-08-20T15:49:15.292,12.193264,189,29,4,5,R4C9,7,10,1.837647,1.837647,0.000000,0.000000,1,0,0
2026-08-20T15:49:15.292,12.350113,189,30,4,6,R4C10,7,12,1.798823,1.798823,0.000000,0.000000,1,0,0
2026-08-20T15:49:15.292,12.351325,189,31,4,7,R4C11,7,14,1.785882,1.798823,-0.012941,0.000000,1,0,0
2026-08-20T15:49:15.292,12.352237,189,32,4,8,R4C12,7,16,1.837647,1.824706,0.012941,0.000000,1,0,0
2026-08-20T15:49:15.292,12.353217,189,33,5,1,R5C6,2,4,1.798823,1.798823,0.000000,0.000000,1,0,0
2026-08-20T15:49:15.292,12.355247,189,34,5,2,R5C7,2,6,1.824706,1.798823,0.025882,0.000000,1,0,0
2026-08-20T15:49:15.292,12.358256,189,35,5,3,R5C8,2,8,1.824706,1.824706,0.000000,0.000000,1,0,0
2026-08-20T15:49:15.292,12.359229,189,36,5,4,R5C9,2,10,1.850588,1.837647,0.012941,0.000000,1,0,0
2026-08-20T15:49:15.292,12.363599,189,37,5,5,R5C10,2,12,1.811765,1.798823,0.012941,0.000000,1,0,0
2026-08-20T15:49:15.292,12.367762,189,38,5,6,R5C11,2,14,1.798823,1.824706,-0.025882,0.000000,1,0,0
2026-08-20T15:49:15.292,12.369389,189,39,5,7,R5C12,2,16,1.837647,1.824706,0.012941,0.000000,1,0,0
2026-08-20T15:49:15.293,12.370412,189,40,5,8,R5C1,2,1,1.811765,1.785882,0.025882,0.000000,1,0,0
2026-08-20T15:49:15.293,12.373271,189,41,6,1,R6C7,4,6,1.798823,1.824706,-0.025882,0.000000,1,0,0
2026-08-20T15:49:15.293,12.374295,189,42,6,2,R6C8,4,8,1.798823,1.785882,0.012941,0.000000,1,0,0
2026-08-20T15:49:15.293,12.375345,189,43,6,3,R6C9,4,10,1.811765,1.824706,-0.012941,0.000000,1,0,0
2026-08-20T15:49:15.293,12.377302,189,44,6,4,R6C10,4,12,1.837647,1.798823,0.038824,0.000000,1,0,0
2026-08-20T15:49:15.480,12.380396,189,45,6,5,R6C11,4,14,1.824706,1.811765,0.012941,0.000000,1,0,0
2026-08-20T15:49:15.480,12.618575,189,46,6,6,R6C12,4,16,1.785882,1.824706,-0.038823,0.000000,1,0,0
2026-08-20T15:49:15.480,12.620306,189,47,6,7,R6C1,4,1,1.488235,1.488235,0.000000,0.000000,1,0,0
2026-08-20T15:49:15.480,12.621254,189,48,6,8,R6C2,4,3,1.565882,1.682353,-0.116471,0.000000,1,0,0
2026-08-20T15:49:15.480,12.622267,189,49,7,1,R7C8,6,8,1.785882,1.798823,-0.012941,0.000000,1,0,0
2026-08-20T15:49:15.481,12.624314,189,50,7,2,R7C9,6,10,1.824706,1.837647,-0.012941,0.000000,1,0,0
2026-08-20T15:49:15.481,12.626217,189,51,7,3,R7C10,6,12,1.785882,1.785882,0.000000,0.000000,1,0,0
2026-08-20T15:49:15.481,12.628239,189,52,7,4,R7C11,6,14,1.811765,1.785882,0.025882,0.000000,1,0,0
2026-08-20T15:49:15.481,12.630900,189,53,7,5,R7C12,6,16,1.837647,1.798823,0.038824,0.000000,1,0,0
2026-08-20T15:49:15.481,12.632323,189,54,7,6,R7C1,6,1,1.772941,1.747059,0.025882,0.000000,1,0,0
2026-08-20T15:49:15.481,12.636863,189,55,7,7,R7C2,6,3,1.798823,1.798823,0.000000,0.000000,1,0,0
2026-08-20T15:49:15.481,12.638429,189,56,7,8,R7C3,6,5,1.190588,1.682353,-0.491765,0.406593,1,0,0
2026-08-20T15:49:15.481,12.639430,189,57,8,1,R8C9,8,10,1.811765,1.837647,-0.025882,0.000000,1,0,0
2026-08-20T15:49:15.481,12.642328,189,58,8,2,R8C10,8,12,1.811765,1.798823,0.012941,0.000000,1,0,0
2026-08-20T15:49:15.481,12.643339,189,59,8,3,R8C11,8,14,1.785882,1.785882,0.000000,0.000000,1,0,0
2026-08-20T15:49:15.481,12.645268,189,60,8,4,R8C12,8,16,1.798823,1.785882,0.012941,0.000000,1,0,0
2026-08-20T15:49:15.746,12.647258,189,61,8,5,R8C1,8,1,1.785882,1.798823,-0.012941,0.000000,1,0,0
2026-08-20T15:49:15.746,12.806970,189,62,8,6,R8C2,8,3,1.747059,1.747059,0.000000,0.000000,1,0,0
2026-08-20T15:49:15.746,12.808298,189,63,8,7,R8C3,8,5,1.255294,1.190588,0.064706,0.000000,1,0,0
2026-08-20T15:49:15.746,12.809254,189,64,8,8,R8C4,8,7,1.462353,1.643529,-0.181176,0.000000,1,0,0
2026-08-20T15:49:15.746,12.810239,189,65,9,1,R9C10,10,12,1.785882,1.798823,-0.012941,0.000000,1,0,0
2026-08-20T15:49:15.746,12.812238,189,66,9,2,R9C11,10,14,1.837647,1.811765,0.025882,0.000000,1,0,0
2026-08-20T15:49:15.746,12.814275,189,67,9,3,R9C12,10,16,1.850588,1.850588,0.000000,0.000000,1,0,0
2026-08-20T15:49:15.746,12.817295,189,68,9,4,R9C1,10,1,1.604706,1.669412,-0.064706,0.000000,1,0,0
2026-08-20T15:49:15.746,12.820079,189,69,9,5,R9C2,10,3,1.785882,1.785882,0.000000,0.000000,1,0,0
2026-08-20T15:49:15.746,12.821552,189,70,9,6,R9C3,10,5,0.970588,0.944706,0.025882,0.000000,1,0,0
2026-08-20T15:49:15.746,12.824193,189,71,9,7,R9C4,10,7,1.798823,1.798823,0.000000,0.000000,1,0,0
2026-08-20T15:49:15.746,12.826057,189,72,9,8,R9C5,10,2,1.798823,1.785882,0.012941,0.000000,1,0,0
2026-08-20T15:49:15.746,12.827386,189,73,10,1,R10C11,12,14,1.785882,1.785882,0.000000,0.000000,1,0,0
2026-08-20T15:49:15.746,12.831522,189,74,10,2,R10C12,12,16,1.785882,1.798823,-0.012941,0.000000,1,0,0
2026-08-20T15:49:15.747,12.833414,189,75,10,3,R10C1,12,1,1.798823,1.798823,0.000000,0.000000,1,0,0
2026-08-20T15:49:15.747,12.834305,189,76,10,4,R10C2,12,3,1.798823,1.798823,0.000000,0.000000,1,0,0
2026-08-20T15:49:15.747,12.835288,189,77,10,5,R10C3,12,5,1.798823,1.798823,0.000000,0.000000,1,0,0
2026-08-20T15:49:15.947,13.064655,189,78,10,6,R10C4,12,7,1.811765,1.798823,0.012941,0.000000,1,0,0
2026-08-20T15:49:15.947,13.071489,189,79,10,7,R10C5,12,2,1.837647,1.798823,0.038824,0.000000,1,0,0
2026-08-20T15:49:15.947,13.072249,189,80,10,8,R10C6,12,4,1.824706,1.785882,0.038823,0.000000,1,0,0
2026-08-20T15:49:15.948,13.073248,189,81,11,1,R11C12,14,16,1.798823,1.798823,0.000000,0.000000,1,0,0
2026-08-20T15:49:15.948,13.075237,189,82,11,2,R11C1,14,1,1.798823,1.798823,0.000000,0.000000,1,0,0
2026-08-20T15:49:15.948,13.077237,189,83,11,3,R11C2,14,3,1.009412,0.970588,0.038824,0.000000,1,0,0
2026-08-20T15:49:15.948,13.079247,189,84,11,4,R11C3,14,5,1.785882,1.785882,0.000000,0.000000,1,0,0
2026-08-20T15:49:15.948,13.082744,189,85,11,5,R11C4,14,7,1.798823,1.798823,0.000000,0.000000,1,0,0
2026-08-20T15:49:15.948,13.084386,189,86,11,6,R11C5,14,2,1.785882,1.798823,-0.012941,0.000000,1,0,0
2026-08-20T15:49:15.948,13.086600,189,87,11,7,R11C6,14,4,1.760000,1.785882,-0.025882,0.000000,1,0,0
2026-08-20T15:49:15.948,13.088379,189,88,11,8,R11C7,14,6,1.760000,1.734118,0.025882,0.000000,1,0,0
2026-08-20T15:49:15.948,13.089361,189,89,12,1,R12C1,16,1,1.695294,1.695294,0.000000,0.000000,1,0,0
2026-08-20T15:49:15.948,13.093868,189,90,12,2,R12C2,16,3,1.721177,1.721177,0.000000,0.000000,1,0,0
2026-08-20T15:49:15.948,13.095279,189,91,12,3,R12C3,16,5,1.721177,1.747059,-0.025882,0.000000,1,0,0
2026-08-20T15:49:15.948,13.096235,189,92,12,4,R12C4,16,7,1.747059,1.760000,-0.012941,0.000000,1,0,0
2026-08-20T15:49:15.948,13.097413,189,93,12,5,R12C5,16,2,1.811765,1.811765,0.000000,0.000000,1,0,0
2026-08-20T15:49:16.225,13.100312,189,94,12,6,R12C6,16,4,1.527059,1.552941,-0.025882,0.000000,1,0,0
2026-08-20T15:49:16.225,13.274302,189,95,12,7,R12C7,16,6,1.682353,1.708235,-0.025882,0.000000,1,0,0
2026-08-20T15:49:16.225,13.275303,190,96,12,8,R12C8,16,8,1.824706,1.766471,0.058235,0.000000,1,0,0
2026-08-20T15:49:16.225,13.276351,190,1,1,1,R1C2,1,3,1.824706,1.798823,0.025882,0.000000,1,0,0
2026-08-20T15:49:16.225,13.277287,190,2,1,2,R1C3,1,5,1.798823,1.798823,0.000000,0.000000,1,0,0
2026-08-20T15:49:16.225,13.280387,190,3,1,3,R1C4,1,7,1.811765,1.798823,0.012941,0.000000,1,0,0
2026-08-20T15:49:16.226,13.282430,190,4,1,4,R1C5,1,2,1.798823,1.811765,-0.012941,0.000000,1,0,0
2026-08-20T15:49:16.226,13.284379,190,5,1,5,R1C6,1,4,1.785882,1.785882,0.000000,0.000000,1,0,0
2026-08-20T15:49:16.226,13.287742,190,6,1,6,R1C7,1,6,1.785882,1.785882,0.000000,0.000000,1,0,0
2026-08-20T15:49:16.226,13.289406,190,7,1,7,R1C8,1,8,1.772941,1.811765,-0.038823,0.000000,1,0,0
2026-08-20T15:49:16.226,13.291766,190,8,1,8,R1C9,1,10,1.850588,1.811765,0.038823,0.000000,1,0,0
2026-08-20T15:49:16.226,13.293740,190,9,2,1,R2C3,3,5,1.837647,1.785882,0.051765,0.000000,1,0,0
2026-08-20T15:49:16.226,13.295412,190,10,2,2,R2C4,3,7,1.811765,1.785882,0.025882,0.000000,1,0,0
2026-08-20T15:49:16.226,13.296388,190,11,2,3,R2C5,3,2,1.824706,1.785882,0.038823,0.000000,1,0,0
2026-08-20T15:49:16.226,13.300319,190,12,2,4,R2C6,3,4,1.798823,1.811765,-0.012941,0.000000,1,0,0
2026-08-20T15:49:16.226,13.301360,190,13,2,5,R2C7,3,6,1.824706,1.772941,0.051765,0.000000,1,0,0
2026-08-20T15:49:16.226,13.302265,190,14,2,6,R2C8,3,8,1.772941,1.785882,-0.012941,0.000000,1,0,0
2026-08-20T15:49:16.416,13.544394,190,15,2,7,R2C9,3,10,1.824706,1.824706,0.000000,0.000000,1,0,0
2026-08-20T15:49:16.416,13.551561,190,16,2,8,R2C10,3,12,1.798823,1.785882,0.012941,0.000000,1,0,0
2026-08-20T15:49:16.416,13.553427,190,17,3,1,R3C4,5,7,1.811765,1.811765,0.000000,0.000000,1,0,0
2026-08-20T15:49:16.416,13.554253,190,18,3,2,R3C5,5,2,1.785882,1.785882,0.000000,0.000000,1,0,0
2026-08-20T15:49:16.416,13.555297,190,19,3,3,R3C6,5,4,1.824706,1.785882,0.038823,0.000000,1,0,0
2026-08-20T15:49:16.416,13.557351,190,20,3,4,R3C7,5,6,1.772941,1.785882,-0.012941,0.000000,1,0,0
2026-08-20T15:49:16.416,13.559385,190,21,3,5,R3C8,5,8,1.837647,1.785882,0.051765,0.000000,1,0,0
2026-08-20T15:49:16.416,13.561329,190,22,3,6,R3C9,5,10,1.785882,1.785882,0.000000,0.000000,1,0,0
2026-08-20T15:49:16.416,13.565094,190,23,3,7,R3C10,5,12,1.824706,1.798823,0.025882,0.000000,1,0,0
2026-08-20T15:49:16.416,13.566551,190,24,3,8,R3C11,5,14,1.811765,1.785882,0.025882,0.000000,1,0,0
2026-08-20T15:49:16.417,13.569494,190,25,4,1,R4C5,7,2,1.811765,1.785882,0.025882,0.000000,1,0,0
2026-08-20T15:49:16.417,13.571445,190,26,4,2,R4C6,7,4,1.772941,1.798823,-0.025882,0.000000,1,0,0
2026-08-20T15:49:16.417,13.572315,190,27,4,3,R4C7,7,6,1.772941,1.798823,-0.025882,0.000000,1,0,0
2026-08-20T15:49:16.417,13.576871,190,28,4,4,R4C8,7,8,1.837647,1.798823,0.038824,0.000000,1,0,0
2026-08-20T15:49:16.417,13.578387,190,29,4,5,R4C9,7,10,1.863529,1.837647,0.025882,0.000000,1,0,0
2026-08-20T15:49:16.417,13.579380,190,30,4,6,R4C10,7,12,1.785882,1.798823,-0.012941,0.000000,1,0,0
2026-08-20T15:49:16.677,13.580526,190,31,4,7,R4C11,7,14,1.850588,1.785882,0.064706,0.000000,1,0,0
2026-08-20T15:49:16.677,13.742780,190,32,4,8,R4C12,7,16,1.798823,1.837647,-0.038824,0.000000,1,0,0
2026-08-20T15:49:16.677,13.744395,190,33,5,1,R5C6,2,4,1.850588,1.798823,0.051765,0.000000,1,0,0
2026-08-20T15:49:16.677,13.745317,190,34,5,2,R5C7,2,6,1.785882,1.798823,-0.012941,0.000000,1,0,0
2026-08-20T15:49:16.677,13.746330,190,35,5,3,R5C8,2,8,1.772941,1.824706,-0.051765,0.000000,1,0,0
2026-08-20T15:49:16.677,13.748378,190,36,5,4,R5C9,2,10,1.811765,1.850588,-0.038823,0.000000,1,0,0
2026-08-20T15:49:16.677,13.750314,190,37,5,5,R5C10,2,12,1.785882,1.798823,-0.012941,0.000000,1,0,0
2026-08-20T15:49:16.677,13.752307,190,38,5,6,R5C11,2,14,1.798823,1.824706,-0.025882,0.000000,1,0,0
2026-08-20T15:49:16.677,13.756397,190,39,5,7,R5C12,2,16,1.798823,1.837647,-0.038824,0.000000,1,0,0
2026-08-20T15:49:16.677,13.757468,190,40,5,8,R5C1,2,1,1.785882,1.785882,0.000000,0.000000,1,0,0
2026-08-20T15:49:16.677,13.760530,190,41,6,1,R6C7,4,6,1.760000,1.811765,-0.051765,0.000000,1,0,0
2026-08-20T15:49:16.677,13.762386,190,42,6,2,R6C8,4,8,1.811765,1.785882,0.025882,0.000000,1,0,0
2026-08-20T15:49:16.677,13.763438,190,43,6,3,R6C9,4,10,1.850588,1.811765,0.038823,0.000000,1,0,0
2026-08-20T15:49:16.678,13.767832,190,44,6,4,R6C10,4,12,1.785882,1.798823,-0.012941,0.000000,1,0,0
2026-08-20T15:49:16.678,13.769441,190,45,6,5,R6C11,4,14,1.785882,1.824706,-0.038823,0.000000,1,0,0
2026-08-20T15:49:16.678,13.770430,190,46,6,6,R6C12,4,16,1.798823,1.824706,-0.025882,0.000000,1,0,0
2026-08-20T15:49:16.865,13.771375,190,47,6,7,R6C1,4,1,1.397647,1.488235,-0.090588,0.000000,1,0,0
2026-08-20T15:49:16.865,14.003060,190,48,6,8,R6C2,4,3,1.578824,1.604706,-0.025882,0.000000,1,0,0
2026-08-20T15:49:16.865,14.004355,190,49,7,1,R7C8,6,8,1.811765,1.798823,0.012941,0.000000,1,0,0
2026-08-20T15:49:16.865,14.005292,190,50,7,2,R7C9,6,10,1.824706,1.824706,0.000000,0.000000,1,0,0
2026-08-20T15:49:16.865,14.006266,190,51,7,3,R7C10,6,12,1.798823,1.785882,0.012941,0.000000,1,0,0
2026-08-20T15:49:16.865,14.008265,190,52,7,4,R7C11,6,14,1.798823,1.811765,-0.012941,0.000000,1,0,0
2026-08-20T15:49:16.865,14.011348,190,53,7,5,R7C12,6,16,1.798823,1.798823,0.000000,0.000000,1,0,0
2026-08-20T15:49:16.865,14.012289,190,54,7,6,R7C1,6,1,1.604706,1.747059,-0.142353,0.000000,1,0,0
2026-08-20T15:49:16.866,14.016341,190,55,7,7,R7C2,6,3,1.798823,1.798823,0.000000,0.000000,1,0,0
2026-08-20T15:49:16.866,14.019102,190,56,7,8,R7C3,6,5,1.785882,1.682353,0.103529,0.000000,1,0,0
2026-08-20T15:49:16.866,14.021146,190,57,8,1,R8C9,8,10,1.850588,1.811765,0.038823,0.000000,1,0,0
2026-08-20T15:49:16.866,14.022344,190,58,8,2,R8C10,8,12,1.798823,1.811765,-0.012941,0.000000,1,0,0
2026-08-20T15:49:16.866,14.023404,190,59,8,3,R8C11,8,14,1.785882,1.785882,0.000000,0.000000,1,0,0
2026-08-20T15:49:16.866,14.028370,190,60,8,4,R8C12,8,16,1.850588,1.798823,0.051765,0.000000,1,0,0
2026-08-20T15:49:16.866,14.029322,190,61,8,5,R8C1,8,1,1.811765,1.785882,0.025882,0.000000,1,0,0
2026-08-20T15:49:16.866,14.030344,190,62,8,6,R8C2,8,3,1.747059,1.747059,0.000000,0.000000,1,0,0
2026-08-20T15:49:17.122,14.032365,190,63,8,7,R8C3,8,5,1.617647,1.216471,0.401176,0.000000,1,0,0
2026-08-20T15:49:17.122,14.191616,190,64,8,8,R8C4,8,7,1.772941,1.643529,0.129412,0.000000,1,0,0
2026-08-20T15:49:17.122,14.193312,190,65,9,1,R9C10,10,12,1.798823,1.785882,0.012941,0.000000,1,0,0
2026-08-20T15:49:17.122,14.194260,190,66,9,2,R9C11,10,14,1.785882,1.837647,-0.051765,0.000000,1,0,0
2026-08-20T15:49:17.122,14.195251,190,67,9,3,R9C12,10,16,1.811765,1.850588,-0.038823,0.000000,1,0,0
2026-08-20T15:49:17.122,14.197260,190,68,9,4,R9C1,10,1,1.721177,1.669412,0.051765,0.000000,1,0,0
2026-08-20T15:49:17.122,14.199274,190,69,9,5,R9C2,10,3,1.772941,1.785882,-0.012941,0.000000,1,0,0
2026-08-20T15:49:17.122,14.202809,190,70,9,6,R9C3,10,5,1.100000,0.944706,0.155294,0.000000,1,0,0
2026-08-20T15:49:17.122,14.204457,190,71,9,7,R9C4,10,7,1.332941,1.798823,-0.465882,0.311408,1,0,0
2026-08-20T15:49:17.122,14.205432,190,72,9,8,R9C5,10,2,1.772941,1.798823,-0.025882,0.000000,1,0,0
2026-08-20T15:49:17.122,14.209923,190,73,10,1,R10C11,12,14,1.785882,1.785882,0.000000,0.000000,1,0,0
2026-08-20T15:49:17.122,14.211362,190,74,10,2,R10C12,12,16,1.824706,1.785882,0.038823,0.000000,1,0,0
2026-08-20T15:49:17.123,14.212516,190,75,10,3,R10C1,12,1,1.772941,1.798823,-0.025882,0.000000,1,0,0
2026-08-20T15:49:17.123,14.215512,190,76,10,4,R10C2,12,3,1.798823,1.798823,0.000000,0.000000,1,0,0
2026-08-20T15:49:17.123,14.216365,190,77,10,5,R10C3,12,5,1.811765,1.798823,0.012941,0.000000,1,0,0
2026-08-20T15:49:17.123,14.218293,190,78,10,6,R10C4,12,7,1.811765,1.811765,0.000000,0.000000,1,0,0
2026-08-20T15:49:17.123,14.220387,190,79,10,7,R10C5,12,2,1.785882,1.798823,-0.012941,0.000000,1,0,0
2026-08-20T15:49:17.316,14.440881,190,80,10,8,R10C6,12,4,1.837647,1.811765,0.025882,0.000000,1,0,0
2026-08-20T15:49:17.316,14.448166,190,81,11,1,R11C12,14,16,1.798823,1.798823,0.000000,0.000000,1,0,0
2026-08-20T15:49:17.316,14.449348,190,82,11,2,R11C1,14,1,1.785882,1.798823,-0.012941,0.000000,1,0,0
2026-08-20T15:49:17.316,14.450309,190,83,11,3,R11C2,14,3,0.944706,0.970588,0.000000,0.000000,1,0,0
2026-08-20T15:49:17.316,14.451318,190,84,11,4,R11C3,14,5,1.772941,1.785882,-0.012941,0.000000,1,0,0
2026-08-20T15:49:17.316,14.454331,190,85,11,5,R11C4,14,7,1.798823,1.798823,0.000000,0.000000,1,0,0
2026-08-20T15:49:17.316,14.455294,190,86,11,6,R11C5,14,2,1.811765,1.785882,0.025882,0.000000,1,0,0
2026-08-20T15:49:17.316,14.458331,190,87,11,7,R11C6,14,4,1.785882,1.772941,0.012941,0.000000,1,0,0
2026-08-20T15:49:17.316,14.461676,190,88,11,8,R11C7,14,6,1.811765,1.760000,0.051765,0.000000,1,0,0
2026-08-20T15:49:17.316,14.463403,190,89,12,1,R12C1,16,1,1.669412,1.695294,-0.025882,0.000000,1,0,0
2026-08-20T15:49:17.316,14.465763,190,90,12,2,R12C2,16,3,1.798823,1.721177,0.077647,0.000000,1,0,0
2026-08-20T15:49:17.316,14.467605,190,91,12,3,R12C3,16,5,1.747059,1.734118,0.012941,0.000000,1,0,0
2026-08-20T15:49:17.316,14.469430,190,92,12,4,R12C4,16,7,1.811765,1.747059,0.064706,0.000000,1,0,0
2026-08-20T15:49:17.316,14.472807,190,93,12,5,R12C5,16,2,1.772941,1.811765,-0.038823,0.000000,1,0,0
2026-08-20T15:49:17.316,14.474350,190,94,12,6,R12C6,16,4,1.514118,1.527059,-0.012941,0.000000,1,0,0
2026-08-20T15:49:17.316,14.475396,190,95,12,7,R12C7,16,6,1.656471,1.682353,-0.025882,0.000000,1,0,0
2026-08-20T15:49:17.576,14.476271,191,96,12,8,R12C8,16,8,1.772941,1.766471,0.000000,0.000000,1,0,0
2026-08-20T15:49:17.576,14.642348,191,1,1,1,R1C2,1,3,1.798823,1.798823,0.000000,0.000000,1,0,0
2026-08-20T15:49:17.576,14.643286,191,2,1,2,R1C3,1,5,1.798823,1.798823,0.000000,0.000000,1,0,0
2026-08-20T15:49:17.576,14.644245,191,3,1,3,R1C4,1,7,1.811765,1.798823,0.012941,0.000000,1,0,0
2026-08-20T15:49:17.576,14.645240,191,4,1,4,R1C5,1,2,1.824706,1.811765,0.012941,0.000000,1,0,0
2026-08-20T15:49:17.576,14.648268,191,5,1,5,R1C6,1,4,1.772941,1.785882,-0.012941,0.000000,1,0,0
2026-08-20T15:49:17.576,14.650245,191,6,1,6,R1C7,1,6,1.772941,1.785882,-0.012941,0.000000,1,0,0
2026-08-20T15:49:17.576,14.652246,191,7,1,7,R1C8,1,8,1.785882,1.785882,0.000000,0.000000,1,0,0
2026-08-20T15:49:17.576,14.655208,191,8,1,8,R1C9,1,10,1.824706,1.850588,-0.025882,0.000000,1,0,0
2026-08-20T15:49:17.576,14.656259,191,9,2,1,R2C3,3,5,1.345882,1.785882,-0.440000,0.275362,1,0,0
2026-08-20T15:49:17.577,14.661101,191,10,2,2,R2C4,3,7,1.734118,1.785882,-0.051765,0.000000,1,0,0
2026-08-20T15:49:17.577,14.662351,191,11,2,3,R2C5,3,2,1.785882,1.798823,-0.012941,0.000000,1,0,0
2026-08-20T15:49:17.577,14.663284,191,12,2,4,R2C6,3,4,1.798823,1.811765,-0.012941,0.000000,1,0,0
2026-08-20T15:49:17.577,14.666779,191,13,2,5,R2C7,3,6,1.785882,1.772941,0.012941,0.000000,1,0,0
2026-08-20T15:49:17.577,14.668305,191,14,2,6,R2C8,3,8,1.850588,1.772941,0.077647,0.000000,1,0,0
2026-08-20T15:49:17.577,14.669327,191,15,2,7,R2C9,3,10,1.785882,1.824706,-0.038823,0.000000,1,0,0
2026-08-20T15:49:17.761,14.671256,191,16,2,8,R2C10,3,12,1.798823,1.785882,0.012941,0.000000,1,0,0
2026-08-20T15:49:17.761,14.901795,191,17,3,1,R3C4,5,7,1.811765,1.811765,0.000000,0.000000,1,0,0
2026-08-20T15:49:17.761,14.903360,191,18,3,2,R3C5,5,2,1.772941,1.785882,-0.012941,0.000000,1,0,0
2026-08-20T15:49:17.761,14.904297,191,19,3,3,R3C6,5,4,1.837647,1.798823,0.038824,0.000000,1,0,0
2026-08-20T15:49:17.761,14.905306,191,20,3,4,R3C7,5,6,1.850588,1.785882,0.064706,0.000000,1,0,0
2026-08-20T15:49:17.761,14.907308,191,21,3,5,R3C8,5,8,1.798823,1.798823,0.000000,0.000000,1,0,0
2026-08-20T15:49:17.761,14.909310,191,22,3,6,R3C9,5,10,1.850588,1.785882,0.064706,0.000000,1,0,0
2026-08-20T15:49:17.761,14.911295,191,23,3,7,R3C10,5,12,1.785882,1.798823,-0.012941,0.000000,1,0,0
2026-08-20T15:49:17.761,14.914442,191,24,3,8,R3C11,5,14,1.785882,1.785882,0.000000,0.000000,1,0,0
2026-08-20T15:49:17.761,14.917255,191,25,4,1,R4C5,7,2,1.772941,1.811765,-0.038823,0.000000,1,0,0
2026-08-20T15:49:17.761,14.919305,191,26,4,2,R4C6,7,4,1.837647,1.785882,0.051765,0.000000,1,0,0
2026-08-20T15:49:17.761,14.920301,191,27,4,3,R4C7,7,6,1.824706,1.798823,0.025882,0.000000,1,0,0
2026-08-20T15:49:17.761,14.924619,191,28,4,4,R4C8,7,8,1.785882,1.837647,-0.051765,0.000000,1,0,0
2026-08-20T15:49:17.761,14.926315,191,29,4,5,R4C9,7,10,1.785882,1.850588,-0.064706,0.000000,1,0,0
2026-08-20T15:49:17.762,14.927382,191,30,4,6,R4C10,7,12,1.785882,1.798823,-0.012941,0.000000,1,0,0
2026-08-20T15:49:17.762,14.928278,191,31,4,7,R4C11,7,14,1.798823,1.811765,-0.012941,0.000000,1,0,0
2026-08-20T15:49:17.762,14.930303,191,32,4,8,R4C12,7,16,1.798823,1.824706,-0.025882,0.000000,1,0,0
2026-08-20T15:49:18.027,15.079935,191,33,5,1,R5C6,2,4,1.850588,1.798823,0.051765,0.000000,1,0,0
2026-08-20T15:49:18.027,15.087460,191,34,5,2,R5C7,2,6,1.837647,1.798823,0.038824,0.000000,1,0,0
2026-08-20T15:49:18.027,15.088284,191,35,5,3,R5C8,2,8,1.785882,1.824706,-0.038823,0.000000,1,0,0
2026-08-20T15:49:18.027,15.089281,191,36,5,4,R5C9,2,10,1.850588,1.811765,0.038823,0.000000,1,0,0
2026-08-20T15:49:18.027,15.091290,191,37,5,5,R5C10,2,12,1.798823,1.798823,0.000000,0.000000,1,0,0
2026-08-20T15:49:18.027,15.093292,191,38,5,6,R5C11,2,14,1.811765,1.798823,0.012941,0.000000,1,0,0
2026-08-20T15:49:18.027,15.095282,191,39,5,7,R5C12,2,16,1.785882,1.837647,-0.051765,0.000000,1,0,0
2026-08-20T15:49:18.027,15.098294,191,40,5,8,R5C1,2,1,1.811765,1.785882,0.025882,0.000000,1,0,0
2026-08-20T15:49:18.027,15.099299,191,41,6,1,R6C7,4,6,1.824706,1.798823,0.025882,0.000000,1,0,0
2026-08-20T15:49:18.027,15.103914,191,42,6,2,R6C8,4,8,1.811765,1.798823,0.012941,0.000000,1,0,0
2026-08-20T15:49:18.027,15.105441,191,43,6,3,R6C9,4,10,1.850588,1.850588,0.000000,0.000000,1,0,0
2026-08-20T15:49:18.027,15.106406,191,44,6,4,R6C10,4,12,1.785882,1.798823,-0.012941,0.000000,1,0,0
2026-08-20T15:49:18.028,15.109269,191,45,6,5,R6C11,4,14,1.811765,1.824706,-0.012941,0.000000,1,0,0
2026-08-20T15:49:18.028,15.110331,191,46,6,6,R6C12,4,16,1.798823,1.798823,0.000000,0.000000,1,0,0
2026-08-20T15:49:18.028,15.111274,191,47,6,7,R6C1,4,1,1.268235,1.488235,-0.220000,0.000000,1,0,0
2026-08-20T15:49:18.028,15.114302,191,48,6,8,R6C2,4,3,1.501176,1.578824,-0.077647,0.000000,1,0,0
2026-08-20T15:49:18.028,15.116295,191,49,7,1,R7C8,6,8,1.824706,1.798823,0.025882,0.000000,1,0,0
2026-08-20T15:49:18.219,15.346023,191,50,7,2,R7C9,6,10,1.798823,1.824706,-0.025882,0.000000,1,0,0
2026-08-20T15:49:18.219,15.353822,191,51,7,3,R7C10,6,12,1.785882,1.798823,-0.012941,0.000000,1,0,0
2026-08-20T15:49:18.219,15.355355,191,52,7,4,R7C11,6,14,1.824706,1.798823,0.025882,0.000000,1,0,0
2026-08-20T15:49:18.219,15.356270,191,53,7,5,R7C12,6,16,1.811765,1.798823,0.012941,0.000000,1,0,0
2026-08-20T15:49:18.219,15.357247,191,54,7,6,R7C1,6,1,1.811765,1.747059,0.064706,0.000000,1,0,0
2026-08-20T15:49:18.219,15.359271,191,55,7,7,R7C2,6,3,1.785882,1.798823,-0.012941,0.000000,1,0,0
2026-08-20T15:49:18.219,15.361287,191,56,7,8,R7C3,6,5,1.591765,1.682353,0.000000,0.000000,1,0,0
2026-08-20T15:49:18.219,15.363303,191,57,8,1,R8C9,8,10,1.824706,1.837647,-0.012941,0.000000,1,0,0
2026-08-20T15:49:18.219,15.366992,191,58,8,2,R8C10,8,12,1.798823,1.811765,-0.012941,0.000000,1,0,0
2026-08-20T15:49:18.219,15.368444,191,59,8,3,R8C11,8,14,1.798823,1.785882,0.012941,0.000000,1,0,0
2026-08-20T15:49:18.219,15.371003,191,60,8,4,R8C12,8,16,1.785882,1.850588,-0.064706,0.000000,1,0,0
2026-08-20T15:49:18.219,15.373120,191,61,8,5,R8C1,8,1,1.798823,1.798823,0.000000,0.000000,1,0,0
2026-08-20T15:49:18.219,15.374313,191,62,8,6,R8C2,8,3,1.760000,1.747059,0.012941,0.000000,1,0,0
2026-08-20T15:49:18.219,15.378874,191,63,8,7,R8C3,8,5,1.643529,1.255294,0.388235,0.000000,1,0,0
2026-08-20T15:49:18.220,15.380281,191,64,8,8,R8C4,8,7,1.760000,1.643529,0.116471,0.000000,1,0,0
2026-08-20T15:49:18.220,15.381235,191,65,9,1,R9C10,10,12,1.785882,1.785882,0.000000,0.000000,1,0,0
2026-08-20T15:49:18.220,15.382257,191,66,9,2,R9C11,10,14,1.850588,1.785882,0.064706,0.000000,1,0,0
2026-08-20T15:49:18.484,15.537859,191,67,9,3,R9C12,10,16,1.824706,1.850588,-0.025882,0.000000,1,0,0
2026-08-20T15:49:18.484,15.545200,191,68,9,4,R9C1,10,1,1.721177,1.669412,0.051765,0.000000,1,0,0
2026-08-20T15:49:18.484,15.546318,191,69,9,5,R9C2,10,3,1.798823,1.785882,0.012941,0.000000,1,0,0
2026-08-20T15:49:18.484,15.547340,191,70,9,6,R9C3,10,5,1.048235,0.970588,0.077647,0.000000,1,0,0
2026-08-20T15:49:18.484,15.548317,191,71,9,7,R9C4,10,7,1.682353,1.798823,-0.116471,0.000000,1,0,0
2026-08-20T15:49:18.484,15.551437,191,72,9,8,R9C5,10,2,1.785882,1.798823,-0.012941,0.000000,1,0,0
2026-08-20T15:49:18.484,15.552304,191,73,10,1,R10C11,12,14,1.785882,1.785882,0.000000,0.000000,1,0,0
2026-08-20T15:49:18.484,15.555338,191,74,10,2,R10C12,12,16,1.837647,1.798823,0.038824,0.000000,1,0,0
2026-08-20T15:49:18.484,15.559455,191,75,10,3,R10C1,12,1,1.772941,1.798823,-0.025882,0.000000,1,0,0
2026-08-20T15:49:18.484,15.560538,191,76,10,4,R10C2,12,3,1.811765,1.798823,0.012941,0.000000,1,0,0
2026-08-20T15:49:18.484,15.563577,191,77,10,5,R10C3,12,5,1.798823,1.798823,0.000000,0.000000,1,0,0
2026-08-20T15:49:18.484,15.565566,191,78,10,6,R10C4,12,7,1.811765,1.811765,0.000000,0.000000,1,0,0
2026-08-20T15:49:18.484,15.566341,191,79,10,7,R10C5,12,2,1.772941,1.798823,-0.025882,0.000000,1,0,0
2026-08-20T15:49:18.485,15.567474,191,80,10,8,R10C6,12,4,1.772941,1.824706,-0.051765,0.000000,1,0,0
2026-08-20T15:49:18.485,15.572438,191,81,11,1,R11C12,14,16,1.837647,1.798823,0.038824,0.000000,1,0,0
2026-08-20T15:49:18.485,15.573347,191,82,11,2,R11C1,14,1,1.785882,1.798823,-0.012941,0.000000,1,0,0
2026-08-20T15:49:18.485,15.574492,191,83,11,3,R11C2,14,3,1.074118,0.977059,0.097059,0.000000,1,0,0
2026-08-20T15:49:18.673,15.802896,191,84,11,4,R11C3,14,5,1.798823,1.785882,0.012941,0.000000,1,0,0
2026-08-20T15:49:18.673,15.810316,191,85,11,5,R11C4,14,7,1.824706,1.798823,0.025882,0.000000,1,0,0
2026-08-20T15:49:18.673,15.811340,191,86,11,6,R11C5,14,2,1.785882,1.785882,0.000000,0.000000,1,0,0
2026-08-20T15:49:18.673,15.812346,191,87,11,7,R11C6,14,4,1.747059,1.785882,-0.038823,0.000000,1,0,0
2026-08-20T15:49:18.673,15.813349,191,88,11,8,R11C7,14,6,1.734118,1.760000,-0.025882,0.000000,1,0,0
2026-08-20T15:49:18.673,15.816412,191,89,12,1,R12C1,16,1,1.669412,1.695294,-0.025882,0.000000,1,0,0
2026-08-20T15:49:18.673,15.818364,191,90,12,2,R12C2,16,3,1.785882,1.721177,0.064706,0.000000,1,0,0
2026-08-20T15:49:18.673,15.820322,191,91,12,3,R12C3,16,5,1.747059,1.734118,0.012941,0.000000,1,0,0
2026-08-20T15:49:18.673,15.824221,191,92,12,4,R12C4,16,7,1.785882,1.747059,0.038823,0.000000,1,0,0
2026-08-20T15:49:18.673,15.825490,191,93,12,5,R12C5,16,2,1.811765,1.811765,0.000000,0.000000,1,0,0
2026-08-20T15:49:18.673,15.828279,191,94,12,6,R12C6,16,4,1.540000,1.527059,0.012941,0.000000,1,0,0
2026-08-20T15:49:18.673,15.830166,191,95,12,7,R12C7,16,6,1.643529,1.682353,-0.038823,0.000000,1,0,0
2026-08-20T15:49:18.674,15.831308,192,96,12,8,R12C8,16,8,1.785882,1.798824,-0.012941,0.000000,1,0,0
2026-08-20T15:49:18.674,15.832301,192,1,1,1,R1C2,1,3,1.811765,1.798823,0.012941,0.000000,1,0,0
2026-08-20T15:49:18.674,15.837339,192,2,1,2,R1C3,1,5,1.824706,1.798823,0.025882,0.000000,1,0,0
2026-08-20T15:49:18.674,15.838298,192,3,1,3,R1C4,1,7,1.811765,1.811765,0.000000,0.000000,1,0,0
2026-08-20T15:49:18.674,15.839400,192,4,1,4,R1C5,1,2,1.785882,1.811765,-0.025882,0.000000,1,0,0
2026-08-20T15:49:18.938,15.999591,192,5,1,5,R1C6,1,4,1.772941,1.785882,-0.012941,0.000000,1,0,0
2026-08-20T15:49:18.938,16.001351,192,6,1,6,R1C7,1,6,1.798823,1.785882,0.012941,0.000000,1,0,0
2026-08-20T15:49:18.938,16.002300,192,7,1,7,R1C8,1,8,1.824706,1.785882,0.038823,0.000000,1,0,0
2026-08-20T15:49:18.938,16.003332,192,8,1,8,R1C9,1,10,1.850588,1.850588,0.000000,0.000000,1,0,0
2026-08-20T15:49:18.938,16.005356,192,9,2,1,R2C3,3,5,1.811765,1.785882,0.025882,0.000000,1,0,0
2026-08-20T15:49:18.938,16.007351,192,10,2,2,R2C4,3,7,1.772941,1.785882,-0.012941,0.000000,1,0,0
2026-08-20T15:49:18.938,16.009306,192,11,2,3,R2C5,3,2,1.824706,1.785882,0.038823,0.000000,1,0,0
2026-08-20T15:49:18.938,16.012307,192,12,2,4,R2C6,3,4,1.798823,1.798823,0.000000,0.000000,1,0,0
2026-08-20T15:49:18.938,16.013434,192,13,2,5,R2C7,3,6,1.785882,1.785882,0.000000,0.000000,1,0,0
2026-08-20T15:49:18.938,16.018386,192,14,2,6,R2C8,3,8,1.785882,1.772941,0.012941,0.000000,1,0,0
2026-08-20T15:49:18.939,16.019341,192,15,2,7,R2C9,3,10,1.785882,1.824706,-0.038823,0.000000,1,0,0
2026-08-20T15:49:18.939,16.020458,192,16,2,8,R2C10,3,12,1.785882,1.798823,-0.012941,0.000000,1,0,0
2026-08-20T15:49:18.939,16.023715,192,17,3,1,R3C4,5,7,1.811765,1.811765,0.000000,0.000000,1,0,0
2026-08-20T15:49:18.939,16.025375,192,18,3,2,R3C5,5,2,1.785882,1.785882,0.000000,0.000000,1,0,0
2026-08-20T15:49:18.939,16.026328,192,19,3,3,R3C6,5,4,1.798823,1.824706,-0.025882,0.000000,1,0,0
2026-08-20T15:49:18.939,16.028360,192,20,3,4,R3C7,5,6,1.798823,1.785882,0.012941,0.000000,1,0,0
2026-08-20T15:49:19.125,16.030358,192,21,3,5,R3C8,5,8,1.785882,1.798823,-0.012941,0.000000,1,0,0
2026-08-20T15:49:19.125,16.264304,192,22,3,6,R3C9,5,10,1.837647,1.785882,0.051765,0.000000,1,0,0
2026-08-20T15:49:19.125,16.265290,192,23,3,7,R3C10,5,12,1.824706,1.798823,0.025882,0.000000,1,0,0
2026-08-20T15:49:19.125,16.266269,192,24,3,8,R3C11,5,14,1.811765,1.785882,0.025882,0.000000,1,0,0
2026-08-20T15:49:19.125,16.267237,192,25,4,1,R4C5,7,2,1.837647,1.785882,0.051765,0.000000,1,0,0
2026-08-20T15:49:19.125,16.270261,192,26,4,2,R4C6,7,4,1.772941,1.798823,-0.025882,0.000000,1,0,0
2026-08-20T15:49:19.125,16.272250,192,27,4,3,R4C7,7,6,1.785882,1.798823,-0.012941,0.000000,1,0,0
2026-08-20T15:49:19.125,16.275137,192,28,4,4,R4C8,7,8,1.798823,1.837647,-0.038824,0.000000,1,0,0
2026-08-20T15:49:19.125,16.276284,192,29,4,5,R4C9,7,10,1.850588,1.837647,0.012941,0.000000,1,0,0
2026-08-20T15:49:19.125,16.280495,192,30,4,6,R4C10,7,12,1.785882,1.785882,0.000000,0.000000,1,0,0
2026-08-20T15:49:19.125,16.281349,192,31,4,7,R4C11,7,14,1.824706,1.798823,0.025882,0.000000,1,0,0
2026-08-20T15:49:19.125,16.282515,192,32,4,8,R4C12,7,16,1.811765,1.798823,0.012941,0.000000,1,0,0
2026-08-20T15:49:19.125,16.286024,192,33,5,1,R5C6,2,4,1.785882,1.850588,-0.064706,0.000000,1,0,0
2026-08-20T15:49:19.125,16.287399,192,34,5,2,R5C7,2,6,1.785882,1.824706,-0.038823,0.000000,1,0,0
2026-08-20T15:49:19.125,16.288315,192,35,5,3,R5C8,2,8,1.772941,1.785882,-0.012941,0.000000,1,0,0
2026-08-20T15:49:19.125,16.291400,192,36,5,4,R5C9,2,10,1.850588,1.850588,0.000000,0.000000,1,0,0
2026-08-20T15:49:19.125,16.292398,192,37,5,5,R5C10,2,12,1.811765,1.798823,0.012941,0.000000,1,0,0
2026-08-20T15:49:19.392,16.443643,192,38,5,6,R5C11,2,14,1.811765,1.798823,0.012941,0.000000,1,0,0
2026-08-20T15:49:19.392,16.450692,192,39,5,7,R5C12,2,16,1.785882,1.798823,-0.012941,0.000000,1,0,0
2026-08-20T15:49:19.392,16.452324,192,40,5,8,R5C1,2,1,1.772941,1.811765,-0.038823,0.000000,1,0,0
2026-08-20T15:49:19.392,16.453283,192,41,6,1,R6C7,4,6,1.772941,1.798823,-0.025882,0.000000,1,0,0
2026-08-20T15:49:19.392,16.454279,192,42,6,2,R6C8,4,8,1.785882,1.811765,-0.025882,0.000000,1,0,0
2026-08-20T15:49:19.392,16.456282,192,43,6,3,R6C9,4,10,1.850588,1.850588,0.000000,0.000000,1,0,0
2026-08-20T15:49:19.393,16.458277,192,44,6,4,R6C10,4,12,1.785882,1.785882,0.000000,0.000000,1,0,0
2026-08-20T15:49:19.393,16.460275,192,45,6,5,R6C11,4,14,1.811765,1.811765,0.000000,0.000000,1,0,0
2026-08-20T15:49:19.393,16.463314,192,46,6,6,R6C12,4,16,1.811765,1.798823,0.012941,0.000000,1,0,0
2026-08-20T15:49:19.393,16.466338,192,47,6,7,R6C1,4,1,1.384706,1.397647,-0.012941,0.000000,1,0,0
2026-08-20T15:49:19.393,16.468248,192,48,6,8,R6C2,4,3,1.708235,1.565882,0.142353,0.000000,1,0,0
2026-08-20T15:49:19.393,16.469415,192,49,7,1,R7C8,6,8,1.772941,1.811765,-0.038823,0.000000,1,0,0
2026-08-20T15:49:19.393,16.473452,192,50,7,2,R7C9,6,10,1.837647,1.824706,0.012941,0.000000,1,0,0
2026-08-20T15:49:19.393,16.474319,192,51,7,3,R7C10,6,12,1.798823,1.785882,0.012941,0.000000,1,0,0
2026-08-20T15:49:19.393,16.475262,192,52,7,4,R7C11,6,14,1.785882,1.811765,-0.025882,0.000000,1,0,0
2026-08-20T15:49:19.393,16.477326,192,53,7,5,R7C12,6,16,1.785882,1.811765,-0.025882,0.000000,1,0,0
2026-08-20T15:49:19.577,16.479290,192,54,7,6,R7C1,6,1,1.785882,1.772941,0.012941,0.000000,1,0,0
2026-08-20T15:49:19.577,16.719089,192,55,7,7,R7C2,6,3,1.785882,1.798823,-0.012941,0.000000,1,0,0
2026-08-20T15:49:19.577,16.720346,192,56,7,8,R7C3,6,5,1.643529,1.688824,-0.045294,0.000000,1,0,0
2026-08-20T15:49:19.577,16.721276,192,57,8,1,R8C9,8,10,1.850588,1.824706,0.025882,0.000000,1,0,0
2026-08-20T15:49:19.577,16.722257,192,58,8,2,R8C10,8,12,1.798823,1.798823,0.000000,0.000000,1,0,0
2026-08-20T15:49:19.577,16.724279,192,59,8,3,R8C11,8,14,1.785882,1.785882,0.000000,0.000000,1,0,0
2026-08-20T15:49:19.577,16.727316,192,60,8,4,R8C12,8,16,1.850588,1.798823,0.051765,0.000000,1,0,0
2026-08-20T15:49:19.578,16.728266,192,61,8,5,R8C1,8,1,1.785882,1.798823,-0.012941,0.000000,1,0,0
2026-08-20T15:49:19.578,16.733382,192,62,8,6,R8C2,8,3,1.734118,1.747059,-0.012941,0.000000,1,0,0
2026-08-20T15:49:19.578,16.734597,192,63,8,7,R8C3,8,5,1.345882,1.617647,-0.271765,0.051429,1,0,0
2026-08-20T15:49:19.578,16.735727,192,64,8,8,R8C4,8,7,1.798823,1.760000,0.038823,0.000000,1,0,0
2026-08-20T15:49:19.578,16.737828,192,65,9,1,R9C10,10,12,1.850588,1.785882,0.064706,0.000000,1,0,0
2026-08-20T15:49:19.578,16.739445,192,66,9,2,R9C11,10,14,1.811765,1.837647,-0.025882,0.000000,1,0,0
2026-08-20T15:49:19.578,16.743082,192,67,9,3,R9C12,10,16,1.785882,1.824706,-0.038823,0.000000,1,0,0
2026-08-20T15:49:19.578,16.744565,192,68,9,4,R9C1,10,1,1.617647,1.721177,-0.103529,0.000000,1,0,0
2026-08-20T15:49:19.578,16.745266,192,69,9,5,R9C2,10,3,1.811765,1.785882,0.025882,0.000000,1,0,0
2026-08-20T15:49:19.843,16.747412,192,70,9,6,R9C3,10,5,1.255294,1.048235,0.207059,0.000000,1,0,0
2026-08-20T15:49:19.843,16.903314,192,71,9,7,R9C4,10,7,1.747059,1.740588,0.006471,0.000000,1,0,0
2026-08-20T15:49:19.843,16.904281,192,72,9,8,R9C5,10,2,1.785882,1.785882,0.000000,0.000000,1,0,0
2026-08-20T15:49:19.843,16.905257,192,73,10,1,R10C11,12,14,1.798823,1.785882,0.012941,0.000000,1,0,0
2026-08-20T15:49:19.843,16.906257,192,74,10,2,R10C12,12,16,1.837647,1.824706,0.012941,0.000000,1,0,0
2026-08-20T15:49:19.843,16.909342,192,75,10,3,R10C1,12,1,1.798823,1.772941,0.025882,0.000000,1,0,0
2026-08-20T15:49:19.843,16.911310,192,76,10,4,R10C2,12,3,1.824706,1.798823,0.025882,0.000000,1,0,0
2026-08-20T15:49:19.843,16.915020,192,77,10,5,R10C3,12,5,1.837647,1.798823,0.038824,0.000000,1,0,0
2026-08-20T15:49:19.843,16.916508,192,78,10,6,R10C4,12,7,1.824706,1.811765,0.012941,0.000000,1,0,0
2026-08-20T15:49:19.843,16.919053,192,79,10,7,R10C5,12,2,1.824706,1.785882,0.038823,0.000000,1,0,0
2026-08-20T15:49:19.843,16.921049,192,80,10,8,R10C6,12,4,1.785882,1.824706,-0.038823,0.000000,1,0,0
2026-08-20T15:49:19.844,16.922458,192,81,11,1,R11C12,14,16,1.785882,1.798823,-0.012941,0.000000,1,0,0
2026-08-20T15:49:19.844,16.923390,192,82,11,2,R11C1,14,1,1.798823,1.785882,0.012941,0.000000,1,0,0
2026-08-20T15:49:19.844,16.927300,192,83,11,3,R11C2,14,3,0.000000,1.009412,-1.009412,1.000000,1,1,0
2026-08-20T15:49:19.844,16.928299,192,84,11,4,R11C3,14,5,1.837647,1.785882,0.051765,0.000000,1,0,0
2026-08-20T15:49:19.844,16.929259,192,85,11,5,R11C4,14,7,1.811765,1.798823,0.012941,0.000000,1,0,0
2026-08-20T15:49:19.844,16.932364,192,86,11,6,R11C5,14,2,1.785882,1.785882,0.000000,0.000000,1,0,0
2026-08-20T15:49:20.026,17.161795,192,87,11,7,R11C6,14,4,1.785882,1.760000,0.025882,0.000000,1,0,0
2026-08-20T15:49:20.026,17.168488,192,88,11,8,R11C7,14,6,1.785882,1.760000,0.025882,0.000000,1,0,0
2026-08-20T15:49:20.026,17.169280,192,89,12,1,R12C1,16,1,1.708235,1.669412,0.038823,0.000000,1,0,0
2026-08-20T15:49:20.026,17.170276,192,90,12,2,R12C2,16,3,0.000000,1.785882,-1.785882,1.000000,1,1,0
2026-08-20T15:49:20.026,17.172323,192,91,12,3,R12C3,16,5,1.734118,1.747059,-0.012941,0.000000,1,0,0
2026-08-20T15:49:20.026,17.174266,192,92,12,4,R12C4,16,7,1.785882,1.785882,0.000000,0.000000,1,0,0
2026-08-20T15:49:20.026,17.176317,192,93,12,5,R12C5,16,2,1.811765,1.811765,0.000000,0.000000,1,0,0
2026-08-20T15:49:20.027,17.179744,192,94,12,6,R12C6,16,4,1.565882,1.527059,0.038823,0.000000,1,0,0
2026-08-20T15:49:20.027,17.181390,192,95,12,7,R12C7,16,6,1.540000,1.656471,-0.116471,0.000000,1,0,0
2026-08-20T15:49:20.027,17.183836,193,96,12,8,R12C8,16,8,1.643529,1.785882,-0.142353,0.000000,1,0,0
2026-08-20T15:49:20.027,17.185664,193,1,1,1,R1C2,1,3,1.798823,1.811765,-0.012941,0.000000,1,0,0
2026-08-20T15:49:20.027,17.187353,193,2,1,2,R1C3,1,5,1.785882,1.798823,-0.012941,0.000000,1,0,0
2026-08-20T15:49:20.027,17.188312,193,3,1,3,R1C4,1,7,1.785882,1.811765,-0.025882,0.000000,1,0,0
2026-08-20T15:49:20.027,17.192416,193,4,1,4,R1C5,1,2,1.798823,1.798823,0.000000,0.000000,1,0,0
2026-08-20T15:49:20.027,17.193278,193,5,1,5,R1C6,1,4,1.850588,1.772941,0.077647,0.000000,1,0,0
2026-08-20T15:49:20.027,17.195327,193,6,1,6,R1C7,1,6,1.785882,1.785882,0.000000,0.000000,1,0,0
2026-08-20T15:49:20.027,17.197343,193,7,1,7,R1C8,1,8,1.772941,1.785882,-0.012941,0.000000,1,0,0
2026-08-20T15:49:20.285,17.351775,193,8,1,8,R1C9,1,10,1.837647,1.850588,-0.012941,0.000000,1,0,0
2026-08-20T15:49:20.286,17.353283,193,9,2,1,R2C3,3,5,1.760000,1.824706,-0.064706,0.000000,1,0,0
2026-08-20T15:49:20.286,17.354249,193,10,2,2,R2C4,3,7,1.772941,1.772941,0.000000,0.000000,1,0,0
2026-08-20T15:49:20.286,17.355245,193,11,2,3,R2C5,3,2,1.837647,1.824706,0.012941,0.000000,1,0,0
2026-08-20T15:49:20.286,17.357284,193,12,2,4,R2C6,3,4,1.798823,1.798823,0.000000,0.000000,1,0,0
2026-08-20T15:49:20.286,17.359304,193,13,2,5,R2C7,3,6,1.772941,1.785882,-0.012941,0.000000,1,0,0
2026-08-20T15:49:20.286,17.362807,193,14,2,6,R2C8,3,8,1.811765,1.785882,0.025882,0.000000,1,0,0
2026-08-20T15:49:20.286,17.364437,193,15,2,7,R2C9,3,10,1.850588,1.785882,0.064706,0.000000,1,0,0
2026-08-20T15:49:20.286,17.366595,193,16,2,8,R2C10,3,12,1.785882,1.798823,-0.012941,0.000000,1,0,0
2026-08-20T15:49:20.286,17.368324,193,17,3,1,R3C4,5,7,1.824706,1.811765,0.012941,0.000000,1,0,0
2026-08-20T15:49:20.286,17.369528,193,18,3,2,R3C5,5,2,1.811765,1.785882,0.025882,0.000000,1,0,0
2026-08-20T15:49:20.286,17.373538,193,19,3,3,R3C6,5,4,1.850588,1.824706,0.025882,0.000000,1,0,0
2026-08-20T15:49:20.286,17.374359,193,20,3,4,R3C7,5,6,1.811765,1.798823,0.012941,0.000000,1,0,0
2026-08-20T15:49:20.286,17.376339,193,21,3,5,R3C8,5,8,1.798823,1.798823,0.000000,0.000000,1,0,0
2026-08-20T15:49:20.286,17.378355,193,22,3,6,R3C9,5,10,1.837647,1.837647,0.000000,0.000000,1,0,0
2026-08-20T15:49:20.286,17.380453,193,23,3,7,R3C10,5,12,1.785882,1.824706,-0.038823,0.000000,1,0,0
2026-08-20T15:49:20.476,17.382332,193,24,3,8,R3C11,5,14,1.824706,1.811765,0.012941,0.000000,1,0,0
2026-08-20T15:49:20.476,17.612026,193,25,4,1,R4C5,7,2,1.798823,1.811765,-0.012941,0.000000,1,0,0
2026-08-20T15:49:20.476,17.613364,193,26,4,2,R4C6,7,4,1.811765,1.772941,0.038823,0.000000,1,0,0
2026-08-20T15:49:20.476,17.614339,193,27,4,3,R4C7,7,6,1.772941,1.785882,-0.012941,0.000000,1,0,0
2026-08-20T15:49:20.476,17.615337,193,28,4,4,R4C8,7,8,1.785882,1.798823,-0.012941,0.000000,1,0,0
2026-08-20T15:49:20.476,17.617400,193,29,4,5,R4C9,7,10,1.850588,1.850588,0.000000,0.000000,1,0,0
2026-08-20T15:49:20.476,17.619310,193,30,4,6,R4C10,7,12,1.785882,1.785882,0.000000,0.000000,1,0,0
2026-08-20T15:49:20.476,17.622286,193,31,4,7,R4C11,7,14,1.785882,1.824706,-0.038823,0.000000,1,0,0
2026-08-20T15:49:20.476,17.623281,193,32,4,8,R4C12,7,16,1.837647,1.798823,0.038824,0.000000,1,0,0
2026-08-20T15:49:20.476,17.626327,193,33,5,1,R5C6,2,4,1.798823,1.850588,-0.051765,0.000000,1,0,0
2026-08-20T15:49:20.476,17.629537,193,34,5,2,R5C7,2,6,1.772941,1.785882,-0.012941,0.000000,1,0,0
2026-08-20T15:49:20.476,17.631461,193,35,5,3,R5C8,2,8,1.811765,1.772941,0.038823,0.000000,1,0,0
2026-08-20T15:49:20.476,17.632447,193,36,5,4,R5C9,2,10,1.811765,1.850588,-0.038823,0.000000,1,0,0
2026-08-20T15:49:20.477,17.636825,193,37,5,5,R5C10,2,12,1.850588,1.798823,0.051765,0.000000,1,0,0
2026-08-20T15:49:20.477,17.638344,193,38,5,6,R5C11,2,14,1.837647,1.811765,0.025882,0.000000,1,0,0
2026-08-20T15:49:20.477,17.639299,193,39,5,7,R5C12,2,16,1.785882,1.785882,0.000000,0.000000,1,0,0
2026-08-20T15:49:20.799,17.640292,193,40,5,8,R5C1,2,1,1.785882,1.785882,0.000000,0.000000,1,0,0
2026-08-20T15:49:20.799,17.805024,193,41,6,1,R6C7,4,6,1.785882,1.772941,0.012941,0.000000,1,0,0
2026-08-20T15:49:20.799,17.806610,193,42,6,2,R6C8,4,8,1.850588,1.811765,0.038823,0.000000,1,0,0
2026-08-20T15:49:20.800,17.808600,193,43,6,3,R6C9,4,10,1.850588,1.850588,0.000000,0.000000,1,0,0
2026-08-20T15:49:20.800,17.810737,193,44,6,4,R6C10,4,12,1.811765,1.785882,0.025882,0.000000,1,0,0
2026-08-20T15:49:20.800,17.812579,193,45,6,5,R6C11,4,14,1.824706,1.811765,0.012941,0.000000,1,0,0
2026-08-20T15:49:20.800,17.815043,193,46,6,6,R6C12,4,16,1.850588,1.798823,0.051765,0.000000,1,0,0
2026-08-20T15:49:20.800,17.816491,193,47,6,7,R6C1,4,1,1.656471,1.384706,0.271765,0.000000,1,0,0
2026-08-20T15:49:20.800,17.817437,193,48,6,8,R6C2,4,3,1.565882,1.578824,-0.012941,0.000000,1,0,0
2026-08-20T15:49:20.800,17.819525,193,49,7,1,R7C8,6,8,1.785882,1.811765,-0.025882,0.000000,1,0,0
2026-08-20T15:49:20.800,17.825949,193,50,7,2,R7C9,6,10,1.824706,1.824706,0.000000,0.000000,1,0,0
2026-08-20T15:49:20.800,17.831874,193,51,7,3,R7C10,6,12,1.785882,1.798823,-0.012941,0.000000,1,0,0
2026-08-20T15:49:20.800,17.833484,193,52,7,4,R7C11,6,14,1.837647,1.798823,0.038824,0.000000,1,0,0
2026-08-20T15:49:20.800,17.834568,193,53,7,5,R7C12,6,16,1.798823,1.798823,0.000000,0.000000,1,0,0
2026-08-20T15:49:20.800,17.838037,193,54,7,6,R7C1,6,1,1.798823,1.785882,0.012941,0.000000,1,0,0
2026-08-20T15:49:20.800,17.839558,193,55,7,7,R7C2,6,3,1.811765,1.785882,0.025882,0.000000,1,0,0
2026-08-20T15:49:21.054,17.841684,193,56,7,8,R7C3,6,5,1.578824,1.643529,-0.064706,0.000000,1,0,0
2026-08-20T15:49:21.054,18.126485,193,57,8,1,R8C9,8,10,1.824706,1.850588,-0.025882,0.000000,1,0,0
2026-08-20T15:49:21.054,18.128583,193,58,8,2,R8C10,8,12,1.837647,1.798823,0.038824,0.000000,1,0,0
2026-08-20T15:49:21.054,18.130698,193,59,8,3,R8C11,8,14,1.811765,1.785882,0.025882,0.000000,1,0,0
2026-08-20T15:49:21.054,18.132618,193,60,8,4,R8C12,8,16,1.798823,1.850588,-0.051765,0.000000,1,0,0
2026-08-20T15:49:21.055,18.134506,193,61,8,5,R8C1,8,1,1.785882,1.798823,-0.012941,0.000000,1,0,0
2026-08-20T15:49:21.055,18.136368,193,62,8,6,R8C2,8,3,1.785882,1.747059,0.038823,0.000000,1,0,0
2026-08-20T15:49:21.055,18.137421,193,63,8,7,R8C3,8,5,1.268235,1.617647,-0.349412,0.188571,1,0,0
2026-08-20T15:49:21.055,18.138394,193,64,8,8,R8C4,8,7,1.721177,1.772941,-0.051765,0.000000,1,0,0
2026-08-20T15:49:21.055,18.146161,193,65,9,1,R9C10,10,12,1.850588,1.798823,0.051765,0.000000,1,0,0
2026-08-20T15:49:21.055,18.148986,193,66,9,2,R9C11,10,14,1.785882,1.811765,-0.025882,0.000000,1,0,0
2026-08-20T15:49:21.055,18.150655,193,67,9,3,R9C12,10,16,1.785882,1.811765,-0.025882,0.000000,1,0,0
2026-08-20T15:49:21.055,18.154893,193,68,9,4,R9C1,10,1,1.747059,1.721177,0.025882,0.000000,1,0,0
2026-08-20T15:49:21.055,18.156797,193,69,9,5,R9C2,10,3,1.708235,1.798823,-0.090588,0.000000,1,0,0
2026-08-20T15:49:21.055,18.158700,193,70,9,6,R9C3,10,5,1.229412,1.100000,0.129412,0.000000,1,0,0
2026-08-20T15:49:21.056,18.160807,193,71,9,7,R9C4,10,7,1.824706,1.714706,0.110000,0.000000,1,0,0
2026-08-20T15:49:21.056,18.162646,193,72,9,8,R9C5,10,2,1.772941,1.785882,-0.012941,0.000000,1,0,0
2026-08-20T15:49:21.372,18.374420,193,73,10,1,R10C11,12,14,1.785882,1.785882,0.000000,0.000000,1,0,0
2026-08-20T15:49:21.372,18.385941,193,74,10,2,R10C12,12,16,1.798823,1.837647,-0.038824,0.000000,1,0,0
2026-08-20T15:49:21.372,18.387537,193,75,10,3,R10C1,12,1,1.811765,1.772941,0.038823,0.000000,1,0,0
2026-08-20T15:49:21.372,18.389517,193,76,10,4,R10C2,12,3,1.811765,1.811765,0.000000,0.000000,1,0,0
2026-08-20T15:49:21.372,18.390473,193,77,10,5,R10C3,12,5,1.785882,1.811765,-0.025882,0.000000,1,0,0
2026-08-20T15:49:21.372,18.391471,193,78,10,6,R10C4,12,7,1.785882,1.811765,-0.025882,0.000000,1,0,0
2026-08-20T15:49:21.372,18.393443,193,79,10,7,R10C5,12,2,1.785882,1.785882,0.000000,0.000000,1,0,0
2026-08-20T15:49:21.372,18.396361,193,80,10,8,R10C6,12,4,1.772941,1.785882,-0.012941,0.000000,1,0,0
2026-08-20T15:49:21.372,18.397362,193,81,11,1,R11C12,14,16,1.798823,1.798823,0.000000,0.000000,1,0,0
2026-08-20T15:49:21.373,18.400512,193,82,11,2,R11C1,14,1,1.772941,1.785882,-0.012941,0.000000,1,0,0
2026-08-20T15:49:21.373,18.405550,193,83,11,3,R11C2,14,3,1.772941,1.009412,0.763529,0.000000,1,0,0
2026-08-20T15:49:21.373,18.407713,193,84,11,4,R11C3,14,5,1.785882,1.798823,-0.012941,0.000000,1,0,0
2026-08-20T15:49:21.373,18.412391,193,85,11,5,R11C4,14,7,1.798823,1.811765,-0.012941,0.000000,1,0,0
2026-08-20T15:49:21.373,18.415816,193,86,11,6,R11C5,14,2,1.772941,1.785882,-0.012941,0.000000,1,0,0
2026-08-20T15:49:21.373,18.418046,193,87,11,7,R11C6,14,4,1.772941,1.785882,-0.012941,0.000000,1,0,0
2026-08-20T15:49:21.373,18.422475,193,88,11,8,R11C7,14,6,1.837647,1.785882,0.051765,0.000000,1,0,0
2026-08-20T15:49:21.373,18.423629,193,89,12,1,R12C1,16,1,1.462353,1.669412,-0.207059,0.000000,1,0,0
2026-08-20T15:49:21.569,18.691262,193,90,12,2,R12C2,16,3,1.734118,1.785882,-0.051765,0.000000,1,0,0
2026-08-20T15:49:21.569,18.698975,193,91,12,3,R12C3,16,5,1.772941,1.747059,0.025882,0.000000,1,0,0
2026-08-20T15:49:21.569,18.700347,193,92,12,4,R12C4,16,7,1.811765,1.785882,0.025882,0.000000,1,0,0
2026-08-20T15:49:21.569,18.701346,193,93,12,5,R12C5,16,2,1.798823,1.811765,-0.012941,0.000000,1,0,0
2026-08-20T15:49:21.569,18.702306,193,94,12,6,R12C6,16,4,1.436471,1.540000,-0.103529,0.000000,1,0,0
2026-08-20T15:49:21.569,18.704313,193,95,12,7,R12C7,16,6,1.656471,1.643529,0.012941,0.000000,1,0,0
2026-08-20T15:49:21.569,18.706665,194,96,12,8,R12C8,16,8,1.824706,1.772941,0.051765,0.000000,1,0,0
2026-08-20T15:49:21.569,18.708334,194,1,1,1,R1C2,1,3,1.785882,1.798823,-0.012941,0.000000,1,0,0
2026-08-20T15:49:21.569,18.713717,194,2,1,2,R1C3,1,5,1.798823,1.798823,0.000000,0.000000,1,0,0
2026-08-20T15:49:21.569,18.715342,194,3,1,3,R1C4,1,7,1.811765,1.811765,0.000000,0.000000,1,0,0
2026-08-20T15:49:21.569,18.718435,194,4,1,4,R1C5,1,2,1.798823,1.798823,0.000000,0.000000,1,0,0
2026-08-20T15:49:21.570,18.720498,194,5,1,5,R1C6,1,4,1.785882,1.772941,0.012941,0.000000,1,0,0
2026-08-20T15:49:21.570,18.721376,194,6,1,6,R1C7,1,6,1.811765,1.785882,0.025882,0.000000,1,0,0
2026-08-20T15:49:21.570,18.722643,194,7,1,7,R1C8,1,8,1.772941,1.785882,-0.012941,0.000000,1,0,0
2026-08-20T15:49:21.570,18.726085,194,8,1,8,R1C9,1,10,1.798823,1.837647,-0.038824,0.000000,1,0,0
2026-08-20T15:49:21.570,18.727347,194,9,2,1,R2C3,3,5,1.747059,1.785882,-0.038823,0.000000,1,0,0
2026-08-20T15:49:21.859,18.728374,194,10,2,2,R2C4,3,7,1.772941,1.772941,0.000000,0.000000,1,0,0
2026-08-20T15:49:21.859,18.895893,194,11,2,3,R2C5,3,2,1.837647,1.824706,0.012941,0.000000,1,0,0
2026-08-20T15:49:21.859,18.897528,194,12,2,4,R2C6,3,4,1.837647,1.798823,0.038824,0.000000,1,0,0
2026-08-20T15:49:21.859,18.899526,194,13,2,5,R2C7,3,6,1.747059,1.785882,-0.038823,0.000000,1,0,0
2026-08-20T15:49:21.859,18.901545,194,14,2,6,R2C8,3,8,1.811765,1.811765,0.000000,0.000000,1,0,0
2026-08-20T15:49:21.859,18.903493,194,15,2,7,R2C9,3,10,1.772941,1.785882,-0.012941,0.000000,1,0,0
2026-08-20T15:49:21.859,18.904934,194,16,2,8,R2C10,3,12,1.798823,1.785882,0.012941,0.000000,1,0,0
2026-08-20T15:49:21.859,18.906551,194,17,3,1,R3C4,5,7,1.811765,1.811765,0.000000,0.000000,1,0,0
2026-08-20T15:49:21.859,18.907322,194,18,3,2,R3C5,5,2,1.785882,1.785882,0.000000,0.000000,1,0,0
2026-08-20T15:49:21.860,18.913224,194,19,3,3,R3C6,5,4,1.837647,1.837647,0.000000,0.000000,1,0,0
2026-08-20T15:49:21.860,18.915242,194,20,3,4,R3C7,5,6,1.785882,1.811765,-0.025882,0.000000,1,0,0
2026-08-20T15:49:21.860,18.918141,194,21,3,5,R3C8,5,8,1.837647,1.798823,0.038824,0.000000,1,0,0
2026-08-20T15:49:21.860,18.920814,194,22,3,6,R3C9,5,10,1.785882,1.837647,-0.051765,0.000000,1,0,0
2026-08-20T15:49:21.860,18.922705,194,23,3,7,R3C10,5,12,1.824706,1.785882,0.038823,0.000000,1,0,0
2026-08-20T15:49:21.860,18.926533,194,24,3,8,R3C11,5,14,1.837647,1.811765,0.025882,0.000000,1,0,0
2026-08-20T15:49:21.860,18.928475,194,25,4,1,R4C5,7,2,1.785882,1.798823,-0.012941,0.000000,1,0,0
2026-08-20T15:49:22.053,18.929351,194,26,4,2,R4C6,7,4,1.798823,1.811765,-0.012941,0.000000,1,0,0
2026-08-20T15:49:22.053,19.186237,194,27,4,3,R4C7,7,6,1.798823,1.785882,0.012941,0.000000,1,0,0
2026-08-20T15:49:22.053,19.187364,194,28,4,4,R4C8,7,8,1.811765,1.785882,0.025882,0.000000,1,0,0
2026-08-20T15:49:22.053,19.188320,194,29,4,5,R4C9,7,10,1.824706,1.850588,-0.025882,0.000000,1,0,0
2026-08-20T15:49:22.053,19.189348,194,30,4,6,R4C10,7,12,1.785882,1.785882,0.000000,0.000000,1,0,0
2026-08-20T15:49:22.053,19.192425,194,31,4,7,R4C11,7,14,1.785882,1.798823,-0.012941,0.000000,1,0,0
2026-08-20T15:49:22.053,19.193675,194,32,4,8,R4C12,7,16,1.785882,1.811765,-0.025882,0.000000,1,0,0
2026-08-20T15:49:22.053,19.196381,194,33,5,1,R5C6,2,4,1.837647,1.798823,0.038824,0.000000,1,0,0
2026-08-20T15:49:22.053,19.200218,194,34,5,2,R5C7,2,6,1.798823,1.785882,0.012941,0.000000,1,0,0
2026-08-20T15:49:22.053,19.201579,194,35,5,3,R5C8,2,8,1.824706,1.785882,0.038823,0.000000,1,0,0
2026-08-20T15:49:22.053,19.204864,194,36,5,4,R5C9,2,10,1.798823,1.850588,-0.051765,0.000000,1,0,0
2026-08-20T15:49:22.053,19.206958,194,37,5,5,R5C10,2,12,1.850588,1.811765,0.038823,0.000000,1,0,0
2026-08-20T15:49:22.053,19.208419,194,38,5,6,R5C11,2,14,1.798823,1.811765,-0.012941,0.000000,1,0,0
2026-08-20T15:49:22.053,19.209502,194,39,5,7,R5C12,2,16,1.837647,1.785882,0.051765,0.000000,1,0,0
2026-08-20T15:49:22.053,19.212589,194,40,5,8,R5C1,2,1,1.811765,1.785882,0.025882,0.000000,1,0,0
2026-08-20T15:49:22.053,19.213492,194,41,6,1,R6C7,4,6,1.811765,1.785882,0.025882,0.000000,1,0,0
2026-08-20T15:49:22.330,19.214339,194,42,6,2,R6C8,4,8,1.824706,1.811765,0.012941,0.000000,1,0,0
2026-08-20T15:49:22.330,19.378881,194,43,6,3,R6C9,4,10,1.824706,1.850588,-0.025882,0.000000,1,0,0
2026-08-20T15:49:22.330,19.380354,194,44,6,4,R6C10,4,12,1.850588,1.785882,0.064706,0.000000,1,0,0
2026-08-20T15:49:22.330,19.381304,194,45,6,5,R6C11,4,14,1.850588,1.811765,0.038823,0.000000,1,0,0
2026-08-20T15:49:22.330,19.382302,194,46,6,6,R6C12,4,16,1.811765,1.811765,0.000000,0.000000,1,0,0
2026-08-20T15:49:22.330,19.384343,194,47,6,7,R6C1,4,1,1.604706,1.384706,0.220000,0.000000,1,0,0
2026-08-20T15:49:22.330,19.386370,194,48,6,8,R6C2,4,3,1.527059,1.565882,-0.038823,0.000000,1,0,0
2026-08-20T15:49:22.330,19.388394,194,49,7,1,R7C8,6,8,1.811765,1.785882,0.025882,0.000000,1,0,0
2026-08-20T15:49:22.330,19.392477,194,50,7,2,R7C9,6,10,1.824706,1.824706,0.000000,0.000000,1,0,0
2026-08-20T15:49:22.330,19.395557,194,51,7,3,R7C10,6,12,1.785882,1.785882,0.000000,0.000000,1,0,0
2026-08-20T15:49:22.330,19.397489,194,52,7,4,R7C11,6,14,1.811765,1.824706,-0.012941,0.000000,1,0,0
2026-08-20T15:49:22.330,19.398538,194,53,7,5,R7C12,6,16,1.811765,1.798823,0.012941,0.000000,1,0,0
2026-08-20T15:49:22.330,19.399552,194,54,7,6,R7C1,6,1,1.798823,1.798823,0.000000,0.000000,1,0,0
2026-08-20T15:49:22.330,19.403114,194,55,7,7,R7C2,6,3,1.772941,1.785882,-0.012941,0.000000,1,0,0
2026-08-20T15:49:22.330,19.404668,194,56,7,8,R7C3,6,5,1.100000,1.591765,-0.491765,0.454123,1,0,0
2026-08-20T15:49:22.330,19.406471,194,57,8,1,R8C9,8,10,1.811765,1.824706,-0.012941,0.000000,1,0,0
2026-08-20T15:49:22.331,19.407369,194,58,8,2,R8C10,8,12,1.785882,1.798823,-0.012941,0.000000,1,0,0
2026-08-20T15:49:22.526,19.648853,194,59,8,3,R8C11,8,14,1.837647,1.798823,0.038824,0.000000,1,0,0
2026-08-20T15:49:22.526,19.656855,194,60,8,4,R8C12,8,16,1.850588,1.798823,0.051765,0.000000,1,0,0
2026-08-20T15:49:22.526,19.658355,194,61,8,5,R8C1,8,1,1.785882,1.785882,0.000000,0.000000,1,0,0
2026-08-20T15:49:22.526,19.659292,194,62,8,6,R8C2,8,3,1.798823,1.760000,0.038823,0.000000,1,0,0
2026-08-20T15:49:22.526,19.660298,194,63,8,7,R8C3,8,5,0.608235,1.617647,-1.009412,1.000000,1,0,0
2026-08-20T15:49:22.526,19.662334,194,64,8,8,R8C4,8,7,0.983529,1.760000,-0.776471,0.806357,1,0,0
2026-08-20T15:49:22.526,19.664397,194,65,9,1,R9C10,10,12,1.798823,1.850588,-0.051765,0.000000,1,0,0
2026-08-20T15:49:22.526,19.666581,194,66,9,2,R9C11,10,14,1.824706,1.811765,0.012941,0.000000,1,0,0
2026-08-20T15:49:22.526,19.670911,194,67,9,3,R9C12,10,16,1.798823,1.785882,0.012941,0.000000,1,0,0
2026-08-20T15:49:22.526,19.672909,194,68,9,4,R9C1,10,1,1.734118,1.721177,0.012941,0.000000,1,0,0
2026-08-20T15:49:22.527,19.675901,194,69,9,5,R9C2,10,3,1.721177,1.798823,-0.077647,0.000000,1,0,0
2026-08-20T15:49:22.527,19.678223,194,70,9,6,R9C3,10,5,0.789412,1.229412,-0.440000,0.545589,1,0,0
2026-08-20T15:49:22.527,19.679473,194,71,9,7,R9C4,10,7,1.177647,1.747059,-0.569412,0.000000,1,0,0
2026-08-20T15:49:22.527,19.680382,194,72,9,8,R9C5,10,2,1.837647,1.785882,0.051765,0.000000,1,0,0
2026-08-20T15:49:22.527,19.683737,194,73,10,1,R10C11,12,14,1.785882,1.785882,0.000000,0.000000,1,0,0
2026-08-20T15:49:22.527,19.685345,194,74,10,2,R10C12,12,16,1.850588,1.837647,0.012941,0.000000,1,0,0
2026-08-20T15:49:22.527,19.686333,194,75,10,3,R10C1,12,1,1.798823,1.798823,0.000000,0.000000,1,0,0
2026-08-20T15:49:22.790,19.852089,194,76,10,4,R10C2,12,3,1.798823,1.811765,-0.012941,0.000000,1,0,0
2026-08-20T15:49:22.790,19.853351,194,77,10,5,R10C3,12,5,1.811765,1.798823,0.012941,0.000000,1,0,0
2026-08-20T15:49:22.790,19.854328,194,78,10,6,R10C4,12,7,1.824706,1.811765,0.012941,0.000000,1,0,0
2026-08-20T15:49:22.791,19.855341,194,79,10,7,R10C5,12,2,1.811765,1.785882,0.025882,0.000000,1,0,0
2026-08-20T15:49:22.791,19.857322,194,80,10,8,R10C6,12,4,1.811765,1.772941,0.038823,0.000000,1,0,0
2026-08-20T15:49:22.791,19.860413,194,81,11,1,R11C12,14,16,1.785882,1.798823,-0.012941,0.000000,1,0,0
2026-08-20T15:49:22.791,19.861328,194,82,11,2,R11C1,14,1,1.734118,1.785882,-0.051765,0.000000,1,0,0
2026-08-20T15:49:22.791,19.866365,194,83,11,3,R11C2,14,3,0.569412,1.423529,-0.854118,0.000000,1,0,0
2026-08-20T15:49:22.791,19.869653,194,84,11,4,R11C3,14,5,1.747059,1.798823,-0.051765,0.000000,1,0,0
2026-08-20T15:49:22.791,19.871764,194,85,11,5,R11C4,14,7,0.284706,1.811765,-1.527059,1.000000,1,0,0
2026-08-20T15:49:22.791,19.873429,194,86,11,6,R11C5,14,2,1.824706,1.785882,0.038823,0.000000,1,0,0
2026-08-20T15:49:22.791,19.874428,194,87,11,7,R11C6,14,4,0.440000,1.772941,-1.332941,1.000000,1,0,0
2026-08-20T15:49:22.791,19.877193,194,88,11,8,R11C7,14,6,0.711765,1.785882,-1.074118,1.000000,1,0,0
2026-08-20T15:49:22.791,19.878306,194,89,12,1,R12C1,16,1,1.798823,1.669412,0.129412,0.000000,1,0,0
2026-08-20T15:49:22.791,19.879308,194,90,12,2,R12C2,16,3,1.721177,1.760000,-0.038823,0.000000,1,0,0
2026-08-20T15:49:22.791,19.881315,194,91,12,3,R12C3,16,5,1.772941,1.747059,0.025882,0.000000,1,0,0
2026-08-20T15:49:22.977,19.883345,194,92,12,4,R12C4,16,7,1.656471,1.785882,-0.129412,0.000000,1,0,0
2026-08-20T15:49:22.977,20.117433,194,93,12,5,R12C5,16,2,1.811765,1.811765,0.000000,0.000000,1,0,0
2026-08-20T15:49:22.977,20.118373,194,94,12,6,R12C6,16,4,0.000000,1.540000,-1.540000,1.000000,1,1,0
2026-08-20T15:49:22.977,20.119370,194,95,12,7,R12C7,16,6,0.090588,1.643529,-1.552941,1.000000,1,1,0
2026-08-20T15:49:22.977,20.120300,195,96,12,8,R12C8,16,8,0.000000,1.785882,-1.785882,1.000000,1,1,0
2026-08-20T15:49:22.977,20.123418,195,1,1,1,R1C2,1,3,1.798823,1.798823,0.000000,0.000000,1,0,0
2026-08-20T15:49:22.977,20.125394,195,2,1,2,R1C3,1,5,1.811765,1.798823,0.012941,0.000000,1,0,0
2026-08-20T15:49:22.977,20.127329,195,3,1,3,R1C4,1,7,1.824706,1.811765,0.012941,0.000000,1,0,0
2026-08-20T15:49:22.977,20.130139,195,4,1,4,R1C5,1,2,1.811765,1.798823,0.012941,0.000000,1,0,0
2026-08-20T15:49:22.977,20.131405,195,5,1,5,R1C6,1,4,1.811765,1.785882,0.025882,0.000000,1,0,0
2026-08-20T15:49:22.977,20.135810,195,6,1,6,R1C7,1,6,1.811765,1.798823,0.012941,0.000000,1,0,0
2026-08-20T15:49:22.977,20.137337,195,7,1,7,R1C8,1,8,1.811765,1.772941,0.038823,0.000000,1,0,0
2026-08-20T15:49:22.977,20.140775,195,8,1,8,R1C9,1,10,1.824706,1.837647,-0.012941,0.000000,1,0,0
2026-08-20T15:49:22.977,20.142362,195,9,2,1,R2C3,3,5,1.760000,1.760000,0.000000,0.000000,1,0,0
2026-08-20T15:49:22.978,20.143309,195,10,2,2,R2C4,3,7,1.734118,1.772941,-0.038824,0.000000,1,0,0
2026-08-20T15:49:22.978,20.144425,195,11,2,3,R2C5,3,2,1.798823,1.837647,-0.038824,0.000000,1,0,0
2026-08-20T15:49:23.238,20.146390,195,12,2,4,R2C6,3,4,1.772941,1.798823,-0.025882,0.000000,1,0,0
2026-08-20T15:49:23.238,20.302462,195,13,2,5,R2C7,3,6,1.785882,1.772941,0.012941,0.000000,1,0,0
2026-08-20T15:49:23.238,20.303330,195,14,2,6,R2C8,3,8,1.798823,1.811765,-0.012941,0.000000,1,0,0
2026-08-20T15:49:23.238,20.304335,195,15,2,7,R2C9,3,10,1.811765,1.785882,0.025882,0.000000,1,0,0
2026-08-20T15:49:23.238,20.305311,195,16,2,8,R2C10,3,12,1.837647,1.785882,0.051765,0.000000,1,0,0
2026-08-20T15:49:23.238,20.308414,195,17,3,1,R3C4,5,7,1.824706,1.811765,0.012941,0.000000,1,0,0
2026-08-20T15:49:23.238,20.310427,195,18,3,2,R3C5,5,2,1.837647,1.785882,0.051765,0.000000,1,0,0
2026-08-20T15:49:23.238,20.312371,195,19,3,3,R3C6,5,4,1.811765,1.837647,-0.025882,0.000000,1,0,0
2026-08-20T15:49:23.238,20.315494,195,20,3,4,R3C7,5,6,1.811765,1.798823,0.012941,0.000000,1,0,0
2026-08-20T15:49:23.238,20.318394,195,21,3,5,R3C8,5,8,1.811765,1.798823,0.012941,0.000000,1,0,0
2026-08-20T15:49:23.238,20.320300,195,22,3,6,R3C9,5,10,1.824706,1.837647,-0.012941,0.000000,1,0,0
2026-08-20T15:49:23.238,20.321451,195,23,3,7,R3C10,5,12,1.785882,1.824706,-0.038823,0.000000,1,0,0
2026-08-20T15:49:23.238,20.322342,195,24,3,8,R3C11,5,14,1.798823,1.824706,-0.025882,0.000000,1,0,0
2026-08-20T15:49:23.238,20.326452,195,25,4,1,R4C5,7,2,1.772941,1.798823,-0.025882,0.000000,1,0,0
2026-08-20T15:49:23.238,20.327451,195,26,4,2,R4C6,7,4,1.798823,1.798823,0.000000,0.000000,1,0,0
2026-08-20T15:49:23.238,20.328296,195,27,4,3,R4C7,7,6,1.811765,1.785882,0.025882,0.000000,1,0,0
2026-08-20T15:49:23.426,20.331361,195,28,4,4,R4C8,7,8,1.811765,1.798823,0.012941,0.000000,1,0,0
2026-08-20T15:49:23.426,20.564543,195,29,4,5,R4C9,7,10,1.811765,1.850588,-0.038823,0.000000,1,0,0
2026-08-20T15:49:23.427,20.566598,195,30,4,6,R4C10,7,12,1.811765,1.785882,0.025882,0.000000,1,0,0
2026-08-20T15:49:23.427,20.567306,195,31,4,7,R4C11,7,14,1.785882,1.785882,0.000000,0.000000,1,0,0
2026-08-20T15:49:23.427,20.568366,195,32,4,8,R4C12,7,16,1.811765,1.811765,0.000000,0.000000,1,0,0
2026-08-20T15:49:23.427,20.570385,195,33,5,1,R5C6,2,4,1.811765,1.798823,0.012941,0.000000,1,0,0
2026-08-20T15:49:23.427,20.572389,195,34,5,2,R5C7,2,6,1.811765,1.785882,0.025882,0.000000,1,0,0
2026-08-20T15:49:23.427,20.574393,195,35,5,3,R5C8,2,8,1.811765,1.811765,0.000000,0.000000,1,0,0
2026-08-20T15:49:23.427,20.578331,195,36,5,4,R5C9,2,10,1.824706,1.811765,0.012941,0.000000,1,0,0
2026-08-20T15:49:23.427,20.579523,195,37,5,5,R5C10,2,12,1.798823,1.850588,-0.051765,0.000000,1,0,0
2026-08-20T15:49:23.427,20.582582,195,38,5,6,R5C11,2,14,1.824706,1.811765,0.012941,0.000000,1,0,0
2026-08-20T15:49:23.427,20.584553,195,39,5,7,R5C12,2,16,1.811765,1.785882,0.025882,0.000000,1,0,0
2026-08-20T15:49:23.427,20.585527,195,40,5,8,R5C1,2,1,1.798823,1.785882,0.012941,0.000000,1,0,0
2026-08-20T15:49:23.427,20.586512,195,41,6,1,R6C7,4,6,1.798823,1.785882,0.012941,0.000000,1,0,0
2026-08-20T15:49:23.427,20.591417,195,42,6,2,R6C8,4,8,1.798823,1.824706,-0.025882,0.000000,1,0,0
2026-08-20T15:49:23.427,20.592339,195,43,6,3,R6C9,4,10,1.811765,1.850588,-0.038823,0.000000,1,0,0
2026-08-20T15:49:23.693,20.593310,195,44,6,4,R6C10,4,12,1.837647,1.811765,0.025882,0.000000,1,0,0
2026-08-20T15:49:23.693,20.752322,195,45,6,5,R6C11,4,14,1.798823,1.824706,-0.025882,0.000000,1,0,0
2026-08-20T15:49:23.693,20.753335,195,46,6,6,R6C12,4,16,1.811765,1.811765,0.000000,0.000000,1,0,0
2026-08-20T15:49:23.693,20.754307,195,47,6,7,R6C1,4,1,1.643529,1.604706,0.038823,0.000000,1,0,0
2026-08-20T15:49:23.693,20.755283,195,48,6,8,R6C2,4,3,1.708235,1.565882,0.142353,0.000000,1,0,0
2026-08-20T15:49:23.693,20.758342,195,49,7,1,R7C8,6,8,1.798823,1.785882,0.012941,0.000000,1,0,0
2026-08-20T15:49:23.693,20.760337,195,50,7,2,R7C9,6,10,1.811765,1.824706,-0.012941,0.000000,1,0,0
2026-08-20T15:49:23.693,20.764363,195,51,7,3,R7C10,6,12,1.785882,1.785882,0.000000,0.000000,1,0,0
2026-08-20T15:49:23.693,20.765401,195,52,7,4,R7C11,6,14,1.785882,1.811765,-0.025882,0.000000,1,0,0
2026-08-20T15:49:23.693,20.768443,195,53,7,5,R7C12,6,16,1.785882,1.798823,-0.012941,0.000000,1,0,0
2026-08-20T15:49:23.693,20.770404,195,54,7,6,R7C1,6,1,1.785882,1.798823,-0.012941,0.000000,1,0,0
2026-08-20T15:49:23.693,20.771364,195,55,7,7,R7C2,6,3,1.760000,1.785882,-0.025882,0.000000,1,0,0
2026-08-20T15:49:23.694,20.772345,195,56,7,8,R7C3,6,5,1.216471,1.591765,-0.375294,0.245064,1,0,0
2026-08-20T15:49:23.694,20.776140,195,57,8,1,R8C9,8,10,1.798823,1.824706,-0.025882,0.000000,1,0,0
2026-08-20T15:49:23.694,20.777362,195,58,8,2,R8C10,8,12,1.785882,1.798823,-0.012941,0.000000,1,0,0
2026-08-20T15:49:23.694,20.778366,195,59,8,3,R8C11,8,14,1.824706,1.811765,0.012941,0.000000,1,0,0
2026-08-20T15:49:23.694,20.781466,195,60,8,4,R8C12,8,16,1.811765,1.850588,-0.038823,0.000000,1,0,0
2026-08-20T15:49:23.881,21.019494,195,61,8,5,R8C1,8,1,1.798823,1.785882,0.012941,0.000000,1,0,0
2026-08-20T15:49:23.881,21.021475,195,62,8,6,R8C2,8,3,1.785882,1.785882,0.000000,0.000000,1,0,0
2026-08-20T15:49:23.882,21.022313,195,63,8,7,R8C3,8,5,0.349412,1.617647,-1.268235,1.000000,1,0,0
2026-08-20T15:49:23.882,21.023294,195,64,8,8,R8C4,8,7,0.297647,1.760000,-1.462353,1.000000,1,0,0
2026-08-20T15:49:23.882,21.025346,195,65,9,1,R9C10,10,12,1.798823,1.850588,-0.051765,0.000000,1,0,0
2026-08-20T15:49:23.882,21.027415,195,66,9,2,R9C11,10,14,1.785882,1.811765,-0.025882,0.000000,1,0,0
2026-08-20T15:49:23.882,21.029348,195,67,9,3,R9C12,10,16,1.798823,1.785882,0.012941,0.000000,1,0,0
2026-08-20T15:49:23.882,21.033019,195,68,9,4,R9C1,10,1,1.410588,1.734118,-0.323529,0.104478,1,0,0
2026-08-20T15:49:23.882,21.034370,195,69,9,5,R9C2,10,3,1.747059,1.721177,0.025882,0.000000,1,0,0
2026-08-20T15:49:23.882,21.037216,195,70,9,6,R9C3,10,5,0.000000,1.229412,-1.229412,1.000000,1,1,0
2026-08-20T15:49:23.883,21.039123,195,71,9,7,R9C4,10,7,0.000000,1.747059,-1.747059,1.000000,1,1,0
2026-08-20T15:49:23.883,21.040627,195,72,9,8,R9C5,10,2,1.824706,1.785882,0.038823,0.000000,1,0,0
2026-08-20T15:49:23.883,21.044409,195,73,10,1,R10C11,12,14,1.798823,1.785882,0.012941,0.000000,1,0,0
2026-08-20T15:49:23.883,21.045341,195,74,10,2,R10C12,12,16,1.837647,1.837647,0.000000,0.000000,1,0,0
2026-08-20T15:49:23.883,21.046371,195,75,10,3,R10C1,12,1,1.798823,1.798823,0.000000,0.000000,1,0,0
2026-08-20T15:49:23.883,21.048363,195,76,10,4,R10C2,12,3,1.798823,1.811765,-0.012941,0.000000,1,0,0
2026-08-20T15:49:23.883,21.050409,195,77,10,5,R10C3,12,5,1.798823,1.811765,-0.012941,0.000000,1,0,0
2026-08-20T15:49:24.142,21.200820,195,78,10,6,R10C4,12,7,1.824706,1.824706,0.000000,0.000000,1,0,0
2026-08-20T15:49:24.142,21.207821,195,79,10,7,R10C5,12,2,1.811765,1.811765,0.000000,0.000000,1,0,0
2026-08-20T15:49:24.142,21.209362,195,80,10,8,R10C6,12,4,1.811765,1.785882,0.025882,0.000000,1,0,0
2026-08-20T15:49:24.142,21.210305,195,81,11,1,R11C12,14,16,1.837647,1.785882,0.051765,0.000000,1,0,0
2026-08-20T15:49:24.142,21.211345,195,82,11,2,R11C1,14,1,1.772941,1.772941,0.000000,0.000000,1,0,0
2026-08-20T15:49:24.142,21.213383,195,83,11,3,R11C2,14,3,1.164706,1.171176,-0.006471,0.000000,1,0,0
2026-08-20T15:49:24.142,21.215374,195,84,11,4,R11C3,14,5,1.785882,1.785882,0.000000,0.000000,1,0,0
2026-08-20T15:49:24.142,21.217335,195,85,11,5,R11C4,14,7,0.970588,1.811765,-0.841177,0.897959,1,0,0
2026-08-20T15:49:24.142,21.220425,195,86,11,6,R11C5,14,2,1.785882,1.785882,0.000000,0.000000,1,0,0
2026-08-20T15:49:24.142,21.223460,195,87,11,7,R11C6,14,4,1.022353,1.772941,-0.750588,0.781022,1,0,0
2026-08-20T15:49:24.142,21.225371,195,88,11,8,R11C7,14,6,1.203529,1.785882,-0.582353,0.281815,1,0,0
2026-08-20T15:49:24.142,21.226577,195,89,12,1,R12C1,16,1,1.772941,1.708235,0.064706,0.000000,1,0,0
2026-08-20T15:49:24.142,21.227387,195,90,12,2,R12C2,16,3,0.647059,1.727647,-1.080588,1.000000,1,0,0
2026-08-20T15:49:24.143,21.232443,195,91,12,3,R12C3,16,5,1.760000,1.772941,-0.012941,0.000000,1,0,0
2026-08-20T15:49:24.143,21.233390,195,92,12,4,R12C4,16,7,0.207059,1.785882,-1.578824,1.000000,1,0,0
2026-08-20T15:49:24.143,21.234365,195,93,12,5,R12C5,16,2,1.811765,1.811765,0.000000,0.000000,1,0,0
2026-08-20T15:49:24.143,21.236598,195,94,12,6,R12C6,16,4,0.000000,1.540000,-1.540000,1.000000,1,1,0
2026-08-20T15:49:24.326,21.467642,195,95,12,7,R12C7,16,6,0.000000,1.643529,-1.643529,1.000000,1,1,0
2026-08-20T15:49:24.326,21.469407,196,96,12,8,R12C8,16,8,0.000000,1.785882,-1.785882,1.000000,1,1,0
2026-08-20T15:49:24.327,21.470340,196,1,1,1,R1C2,1,3,1.798823,1.798823,0.000000,0.000000,1,0,0
2026-08-20T15:49:24.327,21.471342,196,2,1,2,R1C3,1,5,1.811765,1.798823,0.012941,0.000000,1,0,0
2026-08-20T15:49:24.327,21.473347,196,3,1,3,R1C4,1,7,1.824706,1.811765,0.012941,0.000000,1,0,0
2026-08-20T15:49:24.327,21.475296,196,4,1,4,R1C5,1,2,1.772941,1.798823,-0.025882,0.000000,1,0,0
2026-08-20T15:49:24.327,21.477297,196,5,1,5,R1C6,1,4,1.811765,1.811765,0.000000,0.000000,1,0,0
2026-08-20T15:49:24.327,21.480442,196,6,1,6,R1C7,1,6,1.811765,1.811765,0.000000,0.000000,1,0,0
2026-08-20T15:49:24.327,21.483352,196,7,1,7,R1C8,1,8,1.824706,1.772941,0.051765,0.000000,1,0,0
2026-08-20T15:49:24.327,21.485226,196,8,1,8,R1C9,1,10,1.824706,1.824706,0.000000,0.000000,1,0,0
2026-08-20T15:49:24.327,21.486377,196,9,2,1,R2C3,3,5,1.785882,1.760000,0.025882,0.000000,1,0,0
2026-08-20T15:49:24.327,21.487337,196,10,2,2,R2C4,3,7,1.760000,1.772941,-0.012941,0.000000,1,0,0
2026-08-20T15:49:24.327,21.491319,196,11,2,3,R2C5,3,2,1.785882,1.837647,-0.051765,0.000000,1,0,0
2026-08-20T15:49:24.327,21.492350,196,12,2,4,R2C6,3,4,1.785882,1.798823,-0.012941,0.000000,1,0,0
2026-08-20T15:49:24.327,21.494444,196,13,2,5,R2C7,3,6,1.798823,1.772941,0.025882,0.000000,1,0,0
2026-08-20T15:49:24.327,21.496377,196,14,2,6,R2C8,3,8,1.811765,1.811765,0.000000,0.000000,1,0,0
2026-08-20T15:49:24.592,21.498369,196,15,2,7,R2C9,3,10,1.798823,1.811765,-0.012941,0.000000,1,0,0
2026-08-20T15:49:24.592,21.651972,196,16,2,8,R2C10,3,12,1.837647,1.798823,0.038824,0.000000,1,0,0
2026-08-20T15:49:24.592,21.653350,196,17,3,1,R3C4,5,7,1.824706,1.824706,0.000000,0.000000,1,0,0
2026-08-20T15:49:24.592,21.654310,196,18,3,2,R3C5,5,2,1.772941,1.811765,-0.038823,0.000000,1,0,0
2026-08-20T15:49:24.592,21.655317,196,19,3,3,R3C6,5,4,1.811765,1.837647,-0.025882,0.000000,1,0,0
2026-08-20T15:49:24.592,21.657321,196,20,3,4,R3C7,5,6,1.811765,1.811765,0.000000,0.000000,1,0,0
2026-08-20T15:49:24.592,21.659342,196,21,3,5,R3C8,5,8,1.811765,1.811765,0.000000,0.000000,1,0,0
2026-08-20T15:49:24.592,21.661312,196,22,3,6,R3C9,5,10,1.824706,1.824706,0.000000,0.000000,1,0,0
2026-08-20T15:49:24.592,21.664523,196,23,3,7,R3C10,5,12,1.837647,1.785882,0.051765,0.000000,1,0,0
2026-08-20T15:49:24.592,21.667205,196,24,3,8,R3C11,5,14,1.798823,1.824706,-0.025882,0.000000,1,0,0
2026-08-20T15:49:24.592,21.669036,196,25,4,1,R4C5,7,2,1.824706,1.785882,0.038823,0.000000,1,0,0
2026-08-20T15:49:24.592,21.670447,196,26,4,2,R4C6,7,4,1.798823,1.798823,0.000000,0.000000,1,0,0
2026-08-20T15:49:24.592,21.674630,196,27,4,3,R4C7,7,6,1.811765,1.798823,0.012941,0.000000,1,0,0
2026-08-20T15:49:24.592,21.676349,196,28,4,4,R4C8,7,8,1.811765,1.811765,0.000000,0.000000,1,0,0
2026-08-20T15:49:24.593,21.677294,196,29,4,5,R4C9,7,10,1.811765,1.824706,-0.012941,0.000000,1,0,0
2026-08-20T15:49:24.593,21.678314,196,30,4,6,R4C10,7,12,1.785882,1.785882,0.000000,0.000000,1,0,0
2026-08-20T15:49:24.780,21.680318,196,31,4,7,R4C11,7,14,1.785882,1.785882,0.000000,0.000000,1,0,0
2026-08-20T15:49:24.780,21.917545,196,32,4,8,R4C12,7,16,1.811765,1.811765,0.000000,0.000000,1,0,0
2026-08-20T15:49:24.780,21.919378,196,33,5,1,R5C6,2,4,1.811765,1.811765,0.000000,0.000000,1,0,0
2026-08-20T15:49:24.780,21.920351,196,34,5,2,R5C7,2,6,1.824706,1.798823,0.025882,0.000000,1,0,0
2026-08-20T15:49:24.780,21.921378,196,35,5,3,R5C8,2,8,1.811765,1.811765,0.000000,0.000000,1,0,0
2026-08-20T15:49:24.780,21.923374,196,36,5,4,R5C9,2,10,1.824706,1.811765,0.012941,0.000000,1,0,0
2026-08-20T15:49:24.780,21.925390,196,37,5,5,R5C10,2,12,1.785882,1.850588,-0.064706,0.000000,1,0,0
2026-08-20T15:49:24.780,21.928917,196,38,5,6,R5C11,2,14,1.850588,1.824706,0.025882,0.000000,1,0,0
2026-08-20T15:49:24.780,21.930479,196,39,5,7,R5C12,2,16,1.850588,1.811765,0.038823,0.000000,1,0,0
2026-08-20T15:49:24.780,21.933034,196,40,5,8,R5C1,2,1,1.824706,1.798823,0.025882,0.000000,1,0,0
2026-08-20T15:49:24.780,21.934920,196,41,6,1,R6C7,4,6,1.811765,1.798823,0.012941,0.000000,1,0,0
2026-08-20T15:49:24.780,21.936544,196,42,6,2,R6C8,4,8,1.798823,1.824706,-0.025882,0.000000,1,0,0
2026-08-20T15:49:24.780,21.937516,196,43,6,3,R6C9,4,10,1.811765,1.824706,-0.012941,0.000000,1,0,0
2026-08-20T15:49:24.781,21.941389,196,44,6,4,R6C10,4,12,1.824706,1.837647,-0.012941,0.000000,1,0,0
2026-08-20T15:49:24.781,21.942403,196,45,6,5,R6C11,4,14,1.785882,1.824706,-0.038823,0.000000,1,0,0
2026-08-20T15:49:24.781,21.943494,196,46,6,6,R6C12,4,16,1.824706,1.811765,0.012941,0.000000,1,0,0
2026-08-20T15:49:25.042,21.946415,196,47,6,7,R6C1,4,1,1.721177,1.643529,0.077647,0.000000,1,0,0
2026-08-20T15:49:25.042,22.105374,196,48,6,8,R6C2,4,3,1.630588,1.565882,0.064706,0.000000,1,0,0
2026-08-20T15:49:25.042,22.106329,196,49,7,1,R7C8,6,8,1.798823,1.798823,0.000000,0.000000,1,0,0
2026-08-20T15:49:25.042,22.107320,196,50,7,2,R7C9,6,10,1.811765,1.824706,-0.012941,0.000000,1,0,0
2026-08-20T15:49:25.042,22.108292,196,51,7,3,R7C10,6,12,1.850588,1.785882,0.064706,0.000000,1,0,0
2026-08-20T15:49:25.042,22.111356,196,52,7,4,R7C11,6,14,1.837647,1.811765,0.025882,0.000000,1,0,0
2026-08-20T15:49:25.042,22.113350,196,53,7,5,R7C12,6,16,1.785882,1.798823,-0.012941,0.000000,1,0,0
2026-08-20T15:49:25.042,22.116581,196,54,7,6,R7C1,6,1,1.837647,1.798823,0.038824,0.000000,1,0,0
2026-08-20T15:49:25.042,22.117414,196,55,7,7,R7C2,6,3,1.798823,1.772941,0.025882,0.000000,1,0,0
2026-08-20T15:49:25.042,22.120812,196,56,7,8,R7C3,6,5,0.478824,1.591765,-1.112941,1.000000,1,0,0
2026-08-20T15:49:25.042,22.122606,196,57,8,1,R8C9,8,10,1.798823,1.811765,-0.012941,0.000000,1,0,0
2026-08-20T15:49:25.042,22.123361,196,58,8,2,R8C10,8,12,1.798823,1.785882,0.012941,0.000000,1,0,0
2026-08-20T15:49:25.042,22.127774,196,59,8,3,R8C11,8,14,1.850588,1.824706,0.025882,0.000000,1,0,0
2026-08-20T15:49:25.042,22.129332,196,60,8,4,R8C12,8,16,1.798823,1.811765,-0.012941,0.000000,1,0,0
2026-08-20T15:49:25.042,22.130364,196,61,8,5,R8C1,8,1,1.824706,1.785882,0.038823,0.000000,1,0,0
2026-08-20T15:49:25.042,22.131393,196,62,8,6,R8C2,8,3,1.785882,1.785882,0.000000,0.000000,1,0,0
2026-08-20T15:49:25.230,22.134365,196,63,8,7,R8C3,8,5,0.000000,1.617647,-1.617647,1.000000,1,1,0
2026-08-20T15:49:25.230,22.368248,196,64,8,8,R8C4,8,7,0.000000,1.760000,-1.760000,1.000000,1,1,0
2026-08-20T15:49:25.231,22.369354,196,65,9,1,R9C10,10,12,1.798823,1.798823,0.000000,0.000000,1,0,0
2026-08-20T15:49:25.231,22.370301,196,66,9,2,R9C11,10,14,1.798823,1.785882,0.012941,0.000000,1,0,0
2026-08-20T15:49:25.231,22.371282,196,67,9,3,R9C12,10,16,1.850588,1.798823,0.051765,0.000000,1,0,0
2026-08-20T15:49:25.231,22.374320,196,68,9,4,R9C1,10,1,1.436471,1.734118,-0.297647,0.061834,1,0,0
2026-08-20T15:49:25.231,22.375316,196,69,9,5,R9C2,10,3,1.760000,1.721177,0.038823,0.000000,1,0,0
2026-08-20T15:49:25.231,22.378308,196,70,9,6,R9C3,10,5,0.000000,1.229412,-1.229412,1.000000,1,1,0
2026-08-20T15:49:25.231,22.381007,196,71,9,7,R9C4,10,7,0.000000,1.747059,-1.747059,1.000000,1,1,0
2026-08-20T15:49:25.231,22.382487,196,72,9,8,R9C5,10,2,1.785882,1.824706,-0.038823,0.000000,1,0,0
2026-08-20T15:49:25.231,22.386796,196,73,10,1,R10C11,12,14,1.798823,1.785882,0.012941,0.000000,1,0,0
2026-08-20T15:49:25.231,22.388575,196,74,10,2,R10C12,12,16,1.837647,1.837647,0.000000,0.000000,1,0,0
2026-08-20T15:49:25.231,22.389432,196,75,10,3,R10C1,12,1,1.824706,1.798823,0.025882,0.000000,1,0,0
2026-08-20T15:49:25.231,22.392107,196,76,10,4,R10C2,12,3,1.798823,1.798823,0.000000,0.000000,1,0,0
2026-08-20T15:49:25.231,22.393451,196,77,10,5,R10C3,12,5,1.798823,1.798823,0.000000,0.000000,1,0,0
2026-08-20T15:49:25.231,22.394384,196,78,10,6,R10C4,12,7,1.824706,1.824706,0.000000,0.000000,1,0,0
2026-08-20T15:49:25.231,22.397412,196,79,10,7,R10C5,12,2,1.811765,1.811765,0.000000,0.000000,1,0,0
2026-08-20T15:49:25.488,22.549403,196,80,10,8,R10C6,12,4,1.811765,1.811765,0.000000,0.000000,1,0,0
2026-08-20T15:49:25.488,22.556142,196,81,11,1,R11C12,14,16,1.785882,1.798823,-0.012941,0.000000,1,0,0
2026-08-20T15:49:25.488,22.557310,196,82,11,2,R11C1,14,1,1.798823,1.772941,0.025882,0.000000,1,0,0
2026-08-20T15:49:25.488,22.558302,196,83,11,3,R11C2,14,3,1.371765,1.164706,0.207059,0.000000,1,0,0
2026-08-20T15:49:25.488,22.559299,196,84,11,4,R11C3,14,5,1.760000,1.785882,-0.025882,0.000000,1,0,0
2026-08-20T15:49:25.488,22.561294,196,85,11,5,R11C4,14,7,1.100000,1.811765,-0.711765,0.693878,1,0,0
2026-08-20T15:49:25.488,22.564299,196,86,11,6,R11C5,14,2,1.798823,1.785882,0.012941,0.000000,1,0,0
2026-08-20T15:49:25.489,22.565297,196,87,11,7,R11C6,14,4,0.931765,1.772941,-0.841177,0.927007,1,0,0
2026-08-20T15:49:25.489,22.568493,196,88,11,8,R11C7,14,6,1.190588,1.785882,-0.595294,0.311740,1,0,0
2026-08-20T15:49:25.489,22.571289,196,89,12,1,R12C1,16,1,1.760000,1.772941,-0.012941,0.000000,1,0,0
2026-08-20T15:49:25.489,22.573262,196,90,12,2,R12C2,16,3,0.543529,1.727647,-1.184118,1.000000,1,0,0
2026-08-20T15:49:25.489,22.574436,196,91,12,3,R12C3,16,5,1.760000,1.772941,-0.012941,0.000000,1,0,0
2026-08-20T15:49:25.489,22.578452,196,92,12,4,R12C4,16,7,0.194118,1.785882,-1.591765,1.000000,1,1,0
2026-08-20T15:49:25.489,22.579358,196,93,12,5,R12C5,16,2,1.811765,1.811765,0.000000,0.000000,1,0,0
2026-08-20T15:49:25.489,22.580385,196,94,12,6,R12C6,16,4,0.000000,1.540000,-1.540000,1.000000,1,1,0
2026-08-20T15:49:25.489,22.582313,196,95,12,7,R12C7,16,6,0.000000,1.643529,-1.643529,1.000000,1,1,0
2026-08-20T15:49:25.489,22.584334,197,96,12,8,R12C8,16,8,0.000000,1.785882,-1.785882,1.000000,1,1,0
2026-08-20T15:49:25.674,22.814033,197,1,1,1,R1C2,1,3,1.798823,1.798823,0.000000,0.000000,1,0,0
2026-08-20T15:49:25.675,22.815495,197,2,1,2,R1C3,1,5,1.798823,1.811765,-0.012941,0.000000,1,0,0
2026-08-20T15:49:25.675,22.816305,197,3,1,3,R1C4,1,7,1.824706,1.824706,0.000000,0.000000,1,0,0
2026-08-20T15:49:25.675,22.817325,197,4,1,4,R1C5,1,2,1.798823,1.798823,0.000000,0.000000,1,0,0
2026-08-20T15:49:25.675,22.819318,197,5,1,5,R1C6,1,4,1.811765,1.811765,0.000000,0.000000,1,0,0
2026-08-20T15:49:25.675,22.821331,197,6,1,6,R1C7,1,6,1.811765,1.811765,0.000000,0.000000,1,0,0
2026-08-20T15:49:25.675,22.825766,197,7,1,7,R1C8,1,8,1.811765,1.811765,0.000000,0.000000,1,0,0
2026-08-20T15:49:25.675,22.827365,197,8,1,8,R1C9,1,10,1.824706,1.824706,0.000000,0.000000,1,0,0
2026-08-20T15:49:25.675,22.829876,197,9,2,1,R2C3,3,5,1.785882,1.760000,0.025882,0.000000,1,0,0
2026-08-20T15:49:25.675,22.831671,197,10,2,2,R2C4,3,7,1.747059,1.760000,-0.012941,0.000000,1,0,0
2026-08-20T15:49:25.675,22.833443,197,11,2,3,R2C5,3,2,1.785882,1.798823,-0.012941,0.000000,1,0,0
2026-08-20T15:49:25.675,22.836733,197,12,2,4,R2C6,3,4,1.772941,1.785882,-0.012941,0.000000,1,0,0
2026-08-20T15:49:25.675,22.838419,197,13,2,5,R2C7,3,6,1.798823,1.785882,0.012941,0.000000,1,0,0
2026-08-20T15:49:25.675,22.839367,197,14,2,6,R2C8,3,8,1.811765,1.811765,0.000000,0.000000,1,0,0
2026-08-20T15:49:25.675,22.840425,197,15,2,7,R2C9,3,10,1.811765,1.798823,0.012941,0.000000,1,0,0
2026-08-20T15:49:25.675,22.842341,197,16,2,8,R2C10,3,12,1.785882,1.837647,-0.051765,0.000000,1,0,0
2026-08-20T15:49:25.675,22.844388,197,17,3,1,R3C4,5,7,1.824706,1.824706,0.000000,0.000000,1,0,0
2026-08-20T15:49:25.938,22.993650,197,18,3,2,R3C5,5,2,1.798823,1.785882,0.012941,0.000000,1,0,0
2026-08-20T15:49:25.938,23.001403,197,19,3,3,R3C6,5,4,1.811765,1.811765,0.000000,0.000000,1,0,0
2026-08-20T15:49:25.938,23.002510,197,20,3,4,R3C7,5,6,1.811765,1.811765,0.000000,0.000000,1,0,0
2026-08-20T15:49:25.938,23.003396,197,21,3,5,R3C8,5,8,1.811765,1.811765,0.000000,0.000000,1,0,0
2026-08-20T15:49:25.938,23.004389,197,22,3,6,R3C9,5,10,1.824706,1.824706,0.000000,0.000000,1,0,0
2026-08-20T15:49:25.938,23.007502,197,23,3,7,R3C10,5,12,1.837647,1.824706,0.012941,0.000000,1,0,0
2026-08-20T15:49:25.938,23.009456,197,24,3,8,R3C11,5,14,1.785882,1.798823,-0.012941,0.000000,1,0,0
2026-08-20T15:49:25.938,23.011422,197,25,4,1,R4C5,7,2,1.772941,1.785882,-0.012941,0.000000,1,0,0
2026-08-20T15:49:25.938,23.015206,197,26,4,2,R4C6,7,4,1.798823,1.798823,0.000000,0.000000,1,0,0
2026-08-20T15:49:25.938,23.016635,197,27,4,3,R4C7,7,6,1.811765,1.811765,0.000000,0.000000,1,0,0
2026-08-20T15:49:25.939,23.019153,197,28,4,4,R4C8,7,8,1.811765,1.811765,0.000000,0.000000,1,0,0
2026-08-20T15:49:25.939,23.021582,197,29,4,5,R4C9,7,10,1.811765,1.811765,0.000000,0.000000,1,0,0
2026-08-20T15:49:25.939,23.023473,197,30,4,6,R4C10,7,12,1.824706,1.785882,0.038823,0.000000,1,0,0
2026-08-20T15:49:25.939,23.026696,197,31,4,7,R4C11,7,14,1.798823,1.785882,0.012941,0.000000,1,0,0
2026-08-20T15:49:25.939,23.028432,197,32,4,8,R4C12,7,16,1.785882,1.811765,-0.025882,0.000000,1,0,0
2026-08-20T15:49:25.939,23.029367,197,33,5,1,R5C6,2,4,1.811765,1.811765,0.000000,0.000000,1,0,0
2026-08-20T15:49:26.130,23.030407,197,34,5,2,R5C7,2,6,1.811765,1.811765,0.000000,0.000000,1,0,0
2026-08-20T15:49:26.130,23.264761,197,35,5,3,R5C8,2,8,1.811765,1.811765,0.000000,0.000000,1,0,0
2026-08-20T15:49:26.131,23.266584,197,36,5,4,R5C9,2,10,1.824706,1.824706,0.000000,0.000000,1,0,0
2026-08-20T15:49:26.131,23.267317,197,37,5,5,R5C10,2,12,1.785882,1.798823,-0.012941,0.000000,1,0,0
2026-08-20T15:49:26.131,23.268335,197,38,5,6,R5C11,2,14,1.785882,1.824706,-0.038823,0.000000,1,0,0
2026-08-20T15:49:26.131,23.270348,197,39,5,7,R5C12,2,16,1.785882,1.837647,-0.051765,0.000000,1,0,0
2026-08-20T15:49:26.131,23.272344,197,40,5,8,R5C1,2,1,1.785882,1.811765,-0.025882,0.000000,1,0,0
2026-08-20T15:49:26.131,23.274323,197,41,6,1,R6C7,4,6,1.811765,1.811765,0.000000,0.000000,1,0,0
2026-08-20T15:49:26.131,23.277920,197,42,6,2,R6C8,4,8,1.811765,1.798823,0.012941,0.000000,1,0,0
2026-08-20T15:49:26.131,23.279424,197,43,6,3,R6C9,4,10,1.811765,1.811765,0.000000,0.000000,1,0,0
2026-08-20T15:49:26.131,23.281970,197,44,6,4,R6C10,4,12,1.785882,1.837647,-0.051765,0.000000,1,0,0
2026-08-20T15:49:26.131,23.283814,197,45,6,5,R6C11,4,14,1.811765,1.798823,0.012941,0.000000,1,0,0
2026-08-20T15:49:26.131,23.285598,197,46,6,6,R6C12,4,16,1.824706,1.811765,0.012941,0.000000,1,0,0
2026-08-20T15:49:26.131,23.286340,197,47,6,7,R6C1,4,1,1.734118,1.643529,0.090588,0.000000,1,0,0
2026-08-20T15:49:26.131,23.290371,197,48,6,8,R6C2,4,3,1.747059,1.630588,0.116471,0.000000,1,0,0
2026-08-20T15:49:26.131,23.291366,197,49,7,1,R7C8,6,8,1.798823,1.798823,0.000000,0.000000,1,0,0
2026-08-20T15:49:26.387,23.293332,197,50,7,2,R7C9,6,10,1.811765,1.811765,0.000000,0.000000,1,0,0
2026-08-20T15:49:26.387,23.456533,197,51,7,3,R7C10,6,12,1.798823,1.785882,0.012941,0.000000,1,0,0
2026-08-20T15:49:26.387,23.457339,197,52,7,4,R7C11,6,14,1.811765,1.811765,0.000000,0.000000,1,0,0
2026-08-20T15:49:26.388,23.458326,197,53,7,5,R7C12,6,16,1.798823,1.785882,0.012941,0.000000,1,0,0
2026-08-20T15:49:26.388,23.460384,197,54,7,6,R7C1,6,1,1.785882,1.798823,-0.012941,0.000000,1,0,0
2026-08-20T15:49:26.388,23.462377,197,55,7,7,R7C2,6,3,1.798823,1.772941,0.025882,0.000000,1,0,0
2026-08-20T15:49:26.388,23.464350,197,56,7,8,R7C3,6,5,0.349412,1.591765,-1.242353,1.000000,1,0,0
2026-08-20T15:49:26.388,23.466363,197,57,8,1,R8C9,8,10,1.798823,1.798823,0.000000,0.000000,1,0,0
2026-08-20T15:49:26.388,23.469593,197,58,8,2,R8C10,8,12,1.798823,1.785882,0.012941,0.000000,1,0,0
2026-08-20T15:49:26.388,23.472070,197,59,8,3,R8C11,8,14,1.785882,1.837647,-0.051765,0.000000,1,0,0
2026-08-20T15:49:26.388,23.474031,197,60,8,4,R8C12,8,16,1.798823,1.811765,-0.012941,0.000000,1,0,0
2026-08-20T15:49:26.388,23.475541,197,61,8,5,R8C1,8,1,1.772941,1.798823,-0.025882,0.000000,1,0,0
2026-08-20T15:49:26.388,23.476496,197,62,8,6,R8C2,8,3,1.785882,1.785882,0.000000,0.000000,1,0,0
2026-08-20T15:49:26.388,23.480350,197,63,8,7,R8C3,8,5,0.388235,1.617647,-1.229412,1.000000,1,0,0
2026-08-20T15:49:26.388,23.481322,197,64,8,8,R8C4,8,7,0.310588,1.760000,-1.449412,1.000000,1,0,0
2026-08-20T15:49:26.388,23.482316,197,65,9,1,R9C10,10,12,1.837647,1.798823,0.038824,0.000000,1,0,0
2026-08-20T15:49:26.389,23.485355,197,66,9,2,R9C11,10,14,1.785882,1.798823,-0.012941,0.000000,1,0,0
2026-08-20T15:49:26.577,23.706617,197,67,9,3,R9C12,10,16,1.798823,1.798823,0.000000,0.000000,1,0,0
2026-08-20T15:49:26.577,23.713636,197,68,9,4,R9C1,10,1,1.747059,1.734118,0.012941,0.000000,1,0,0
2026-08-20T15:49:26.577,23.715462,197,69,9,5,R9C2,10,3,1.747059,1.747059,0.000000,0.000000,1,0,0
2026-08-20T15:49:26.577,23.716315,197,70,9,6,R9C3,10,5,0.569412,1.229412,-0.660000,1.000000,1,0,0
2026-08-20T15:49:26.577,23.717306,197,71,9,7,R9C4,10,7,0.478824,1.747059,-1.268235,1.000000,1,0,0
2026-08-20T15:49:26.577,23.719303,197,72,9,8,R9C5,10,2,1.824706,1.824706,0.000000,0.000000,1,0,0
2026-08-20T15:49:26.577,23.721315,197,73,10,1,R10C11,12,14,1.798823,1.798823,0.000000,0.000000,1,0,0
2026-08-20T15:49:26.577,23.723301,197,74,10,2,R10C12,12,16,1.850588,1.837647,0.012941,0.000000,1,0,0
2026-08-20T15:49:26.577,23.726501,197,75,10,3,R10C1,12,1,1.811765,1.798823,0.012941,0.000000,1,0,0
2026-08-20T15:49:26.577,23.729368,197,76,10,4,R10C2,12,3,1.798823,1.798823,0.000000,0.000000,1,0,0
2026-08-20T15:49:26.577,23.731216,197,77,10,5,R10C3,12,5,1.798823,1.798823,0.000000,0.000000,1,0,0
2026-08-20T15:49:26.578,23.732574,197,78,10,6,R10C4,12,7,1.824706,1.824706,0.000000,0.000000,1,0,0
2026-08-20T15:49:26.578,23.733505,197,79,10,7,R10C5,12,2,1.824706,1.811765,0.012941,0.000000,1,0,0
2026-08-20T15:49:26.578,23.737365,197,80,10,8,R10C6,12,4,1.811765,1.811765,0.000000,0.000000,1,0,0
2026-08-20T15:49:26.578,23.738342,197,81,11,1,R11C12,14,16,1.824706,1.785882,0.038823,0.000000,1,0,0
2026-08-20T15:49:26.578,23.740320,197,82,11,2,R11C1,14,1,1.760000,1.772941,-0.012941,0.000000,1,0,0
2026-08-20T15:49:26.578,23.742380,197,83,11,3,R11C2,14,3,0.854118,1.164706,-0.310588,0.000000,1,0,0
2026-08-20T15:49:26.847,23.895760,197,84,11,4,R11C3,14,5,1.772941,1.760000,0.012941,0.000000,1,0,0
2026-08-20T15:49:26.847,23.902621,197,85,11,5,R11C4,14,7,1.320000,1.811765,-0.491765,0.346939,1,0,0
2026-08-20T15:49:26.847,23.904346,197,86,11,6,R11C5,14,2,1.798823,1.798823,0.000000,0.000000,1,0,0
2026-08-20T15:49:26.847,23.905319,197,87,11,7,R11C6,14,4,1.087059,1.772941,-0.685882,0.676747,1,0,0
2026-08-20T15:49:26.847,23.906313,197,88,11,8,R11C7,14,6,1.320000,1.785882,-0.465882,0.012496,1,0,0
2026-08-20T15:49:26.847,23.908314,197,89,12,1,R12C1,16,1,1.747059,1.772941,-0.025882,0.000000,1,0,0
2026-08-20T15:49:26.847,23.910310,197,90,12,2,R12C2,16,3,0.763529,1.727647,-0.964118,1.000000,1,0,0
2026-08-20T15:49:26.847,23.913446,197,91,12,3,R12C3,16,5,1.656471,1.760000,-0.103529,0.000000,1,0,0
2026-08-20T15:49:26.847,23.914429,197,92,12,4,R12C4,16,7,0.181176,1.785882,-1.604706,1.000000,1,1,0
2026-08-20T15:49:26.848,23.919485,197,93,12,5,R12C5,16,2,1.824706,1.811765,0.012941,0.000000,1,0,0
2026-08-20T15:49:26.848,23.920496,197,94,12,6,R12C6,16,4,0.000000,1.540000,-1.540000,1.000000,1,1,0
2026-08-20T15:49:26.848,23.921446,197,95,12,7,R12C7,16,6,0.000000,1.643529,-1.643529,1.000000,1,1,0
2026-08-20T15:49:26.848,23.924950,198,96,12,8,R12C8,16,8,0.000000,1.785882,-1.785882,1.000000,1,1,0
2026-08-20T15:49:26.848,23.926357,198,1,1,1,R1C2,1,3,1.798823,1.798823,0.000000,0.000000,1,0,0
2026-08-20T15:49:26.848,23.927341,198,2,1,2,R1C3,1,5,1.811765,1.811765,0.000000,0.000000,1,0,0
2026-08-20T15:49:26.848,23.929327,198,3,1,3,R1C4,1,7,1.824706,1.824706,0.000000,0.000000,1,0,0
2026-08-20T15:49:27.036,23.931322,198,4,1,4,R1C5,1,2,1.798823,1.798823,0.000000,0.000000,1,0,0
2026-08-20T15:49:27.036,24.173795,198,5,1,5,R1C6,1,4,1.811765,1.811765,0.000000,0.000000,1,0,0
2026-08-20T15:49:27.037,24.175369,198,6,1,6,R1C7,1,6,1.811765,1.811765,0.000000,0.000000,1,0,0
2026-08-20T15:49:27.037,24.176315,198,7,1,7,R1C8,1,8,1.811765,1.811765,0.000000,0.000000,1,0,0
2026-08-20T15:49:27.037,24.177325,198,8,1,8,R1C9,1,10,1.811765,1.824706,-0.012941,0.000000,1,0,0
2026-08-20T15:49:27.037,24.179355,198,9,2,1,R2C3,3,5,1.785882,1.785882,0.000000,0.000000,1,0,0
2026-08-20T15:49:27.037,24.181401,198,10,2,2,R2C4,3,7,1.747059,1.747059,0.000000,0.000000,1,0,0
2026-08-20T15:49:27.037,24.183379,198,11,2,3,R2C5,3,2,1.837647,1.785882,0.051765,0.000000,1,0,0
2026-08-20T15:49:27.037,24.186960,198,12,2,4,R2C6,3,4,1.785882,1.772941,0.012941,0.000000,1,0,0
2026-08-20T15:49:27.037,24.188500,198,13,2,5,R2C7,3,6,1.798823,1.798823,0.000000,0.000000,1,0,0
2026-08-20T15:49:27.037,24.191141,198,14,2,6,R2C8,3,8,1.811765,1.811765,0.000000,0.000000,1,0,0
2026-08-20T15:49:27.037,24.193012,198,15,2,7,R2C9,3,10,1.811765,1.811765,0.000000,0.000000,1,0,0
2026-08-20T15:49:27.037,24.194375,198,16,2,8,R2C10,3,12,1.837647,1.837647,0.000000,0.000000,1,0,0
2026-08-20T15:49:27.037,24.198335,198,17,3,1,R3C4,5,7,1.824706,1.824706,0.000000,0.000000,1,0,0
2026-08-20T15:49:27.037,24.199319,198,18,3,2,R3C5,5,2,1.798823,1.798823,0.000000,0.000000,1,0,0
2026-08-20T15:49:27.037,24.200347,198,19,3,3,R3C6,5,4,1.811765,1.811765,0.000000,0.000000,1,0,0
2026-08-20T15:49:27.037,24.202339,198,20,3,4,R3C7,5,6,1.811765,1.811765,0.000000,0.000000,1,0,0
2026-08-20T15:49:27.292,24.355438,198,21,3,5,R3C8,5,8,1.811765,1.811765,0.000000,0.000000,1,0,0
2026-08-20T15:49:27.292,24.362326,198,22,3,6,R3C9,5,10,1.811765,1.824706,-0.012941,0.000000,1,0,0
2026-08-20T15:49:27.292,24.363380,198,23,3,7,R3C10,5,12,1.785882,1.837647,-0.051765,0.000000,1,0,0
2026-08-20T15:49:27.292,24.364367,198,24,3,8,R3C11,5,14,1.785882,1.798823,-0.012941,0.000000,1,0,0
2026-08-20T15:49:27.292,24.365347,198,25,4,1,R4C5,7,2,1.798823,1.772941,0.025882,0.000000,1,0,0
2026-08-20T15:49:27.292,24.368366,198,26,4,2,R4C6,7,4,1.798823,1.798823,0.000000,0.000000,1,0,0
2026-08-20T15:49:27.292,24.370396,198,27,4,3,R4C7,7,6,1.798823,1.811765,-0.012941,0.000000,1,0,0
2026-08-20T15:49:27.292,24.373567,198,28,4,4,R4C8,7,8,1.798823,1.811765,-0.012941,0.000000,1,0,0
2026-08-20T15:49:27.292,24.374517,198,29,4,5,R4C9,7,10,1.811765,1.811765,0.000000,0.000000,1,0,0
2026-08-20T15:49:27.292,24.377504,198,30,4,6,R4C10,7,12,1.824706,1.811765,0.012941,0.000000,1,0,0
2026-08-20T15:49:27.292,24.379330,198,31,4,7,R4C11,7,14,1.798823,1.785882,0.012941,0.000000,1,0,0
2026-08-20T15:49:27.292,24.380561,198,32,4,8,R4C12,7,16,1.811765,1.811765,0.000000,0.000000,1,0,0
2026-08-20T15:49:27.292,24.384536,198,33,5,1,R5C6,2,4,1.811765,1.811765,0.000000,0.000000,1,0,0
2026-08-20T15:49:27.292,24.385350,198,34,5,2,R5C7,2,6,1.811765,1.811765,0.000000,0.000000,1,0,0
2026-08-20T15:49:27.293,24.386437,198,35,5,3,R5C8,2,8,1.811765,1.811765,0.000000,0.000000,1,0,0
2026-08-20T15:49:27.293,24.389379,198,36,5,4,R5C9,2,10,1.811765,1.824706,-0.012941,0.000000,1,0,0
2026-08-20T15:49:27.478,24.390336,198,37,5,5,R5C10,2,12,1.824706,1.785882,0.038823,0.000000,1,0,0
2026-08-20T15:49:27.478,24.617338,198,38,5,6,R5C11,2,14,1.824706,1.824706,0.000000,0.000000,1,0,0
2026-08-20T15:49:27.478,24.618345,198,39,5,7,R5C12,2,16,1.837647,1.811765,0.025882,0.000000,1,0,0
2026-08-20T15:49:27.478,24.619331,198,40,5,8,R5C1,2,1,1.785882,1.798823,-0.012941,0.000000,1,0,0
2026-08-20T15:49:27.478,24.620304,198,41,6,1,R6C7,4,6,1.798823,1.811765,-0.012941,0.000000,1,0,0
2026-08-20T15:49:27.478,24.623324,198,42,6,2,R6C8,4,8,1.798823,1.798823,0.000000,0.000000,1,0,0
2026-08-20T15:49:27.478,24.625330,198,43,6,3,R6C9,4,10,1.811765,1.811765,0.000000,0.000000,1,0,0
2026-08-20T15:49:27.478,24.628491,198,44,6,4,R6C10,4,12,1.837647,1.824706,0.012941,0.000000,1,0,0
2026-08-20T15:49:27.478,24.629338,198,45,6,5,R6C11,4,14,1.785882,1.798823,-0.012941,0.000000,1,0,0
2026-08-20T15:49:27.478,24.632462,198,46,6,6,R6C12,4,16,1.785882,1.824706,-0.038823,0.000000,1,0,0
2026-08-20T15:49:27.478,24.634511,198,47,6,7,R6C1,4,1,1.695294,1.721177,-0.025882,0.000000,1,0,0
2026-08-20T15:49:27.478,24.635415,198,48,6,8,R6C2,4,3,1.540000,1.708235,-0.168235,0.000000,1,0,0
2026-08-20T15:49:27.478,24.639447,198,49,7,1,R7C8,6,8,1.760000,1.798823,-0.038823,0.000000,1,0,0
2026-08-20T15:49:27.479,24.640357,198,50,7,2,R7C9,6,10,1.785882,1.811765,-0.025882,0.000000,1,0,0
2026-08-20T15:49:27.479,24.641390,198,51,7,3,R7C10,6,12,1.811765,1.798823,0.012941,0.000000,1,0,0
2026-08-20T15:49:27.479,24.644417,198,52,7,4,R7C11,6,14,1.824706,1.811765,0.012941,0.000000,1,0,0
2026-08-20T15:49:27.741,24.645361,198,53,7,5,R7C12,6,16,1.785882,1.785882,0.000000,0.000000,1,0,0
2026-08-20T15:49:27.741,24.804100,198,54,7,6,R7C1,6,1,1.772941,1.785882,-0.012941,0.000000,1,0,0
2026-08-20T15:49:27.742,24.805356,198,55,7,7,R7C2,6,3,1.785882,1.798823,-0.012941,0.000000,1,0,0
2026-08-20T15:49:27.742,24.806323,198,56,7,8,R7C3,6,5,0.245882,1.591765,-1.345882,1.000000,1,0,0
2026-08-20T15:49:27.742,24.807302,198,57,8,1,R8C9,8,10,1.747059,1.798823,-0.051765,0.000000,1,0,0
2026-08-20T15:49:27.742,24.809319,198,58,8,2,R8C10,8,12,1.785882,1.798823,-0.012941,0.000000,1,0,0
2026-08-20T15:49:27.742,24.812385,198,59,8,3,R8C11,8,14,1.837647,1.824706,0.012941,0.000000,1,0,0
2026-08-20T15:49:27.742,24.813345,198,60,8,4,R8C12,8,16,1.798823,1.798823,0.000000,0.000000,1,0,0
2026-08-20T15:49:27.742,24.816807,198,61,8,5,R8C1,8,1,1.772941,1.798823,-0.025882,0.000000,1,0,0
2026-08-20T15:49:27.742,24.818447,198,62,8,6,R8C2,8,3,1.772941,1.785882,-0.012941,0.000000,1,0,0
2026-08-20T15:49:27.742,24.822575,198,63,8,7,R8C3,8,5,0.000000,1.617647,-1.617647,1.000000,1,1,0
2026-08-20T15:49:27.742,24.823498,198,64,8,8,R8C4,8,7,1.410588,1.760000,-0.349412,0.007582,1,0,0
2026-08-20T15:49:27.742,24.824458,198,65,9,1,R9C10,10,12,1.824706,1.798823,0.025882,0.000000,1,0,0
2026-08-20T15:49:27.742,24.827749,198,66,9,2,R9C11,10,14,1.785882,1.785882,0.000000,0.000000,1,0,0
2026-08-20T15:49:27.742,24.829444,198,67,9,3,R9C12,10,16,1.785882,1.798823,-0.012941,0.000000,1,0,0
2026-08-20T15:49:27.742,24.830347,198,68,9,4,R9C1,10,1,1.475294,1.734118,0.000000,0.000000,1,0,0
2026-08-20T15:49:27.742,24.832406,198,69,9,5,R9C2,10,3,1.760000,1.747059,0.012941,0.000000,1,0,0
2026-08-20T15:49:27.923,25.060642,198,70,9,6,R9C3,10,5,0.776471,1.229412,-0.452941,0.579249,1,0,0
2026-08-20T15:49:27.923,25.067769,198,71,9,7,R9C4,10,7,0.685882,1.747059,-1.061177,1.000000,1,0,0
2026-08-20T15:49:27.923,25.069350,198,72,9,8,R9C5,10,2,1.837647,1.824706,0.012941,0.000000,1,0,0
2026-08-20T15:49:27.923,25.070313,198,73,10,1,R10C11,12,14,1.785882,1.798823,-0.012941,0.000000,1,0,0
2026-08-20T15:49:27.923,25.071313,198,74,10,2,R10C12,12,16,1.798823,1.837647,-0.038824,0.000000,1,0,0
2026-08-20T15:49:27.923,25.073312,198,75,10,3,R10C1,12,1,1.785882,1.811765,-0.025882,0.000000,1,0,0
2026-08-20T15:49:27.923,25.075304,198,76,10,4,R10C2,12,3,1.798823,1.798823,0.000000,0.000000,1,0,0
2026-08-20T15:49:27.923,25.078497,198,77,10,5,R10C3,12,5,1.798823,1.798823,0.000000,0.000000,1,0,0
2026-08-20T15:49:27.923,25.079491,198,78,10,6,R10C4,12,7,1.811765,1.824706,-0.012941,0.000000,1,0,0
2026-08-20T15:49:27.923,25.084041,198,79,10,7,R10C5,12,2,1.798823,1.811765,-0.012941,0.000000,1,0,0
2026-08-20T15:49:27.923,25.085411,198,80,10,8,R10C6,12,4,1.811765,1.811765,0.000000,0.000000,1,0,0
2026-08-20T15:49:27.923,25.086378,198,81,11,1,R11C12,14,16,1.798823,1.824706,-0.025882,0.000000,1,0,0
2026-08-20T15:49:27.924,25.089481,198,82,11,2,R11C1,14,1,1.747059,1.772941,-0.025882,0.000000,1,0,0
2026-08-20T15:49:27.924,25.090313,198,83,11,3,R11C2,14,3,0.724706,1.164706,-0.440000,0.000000,1,0,0
2026-08-20T15:49:27.924,25.092351,198,84,11,4,R11C3,14,5,1.669412,1.772941,-0.103529,0.000000,1,0,0
2026-08-20T15:49:27.924,25.094321,198,85,11,5,R11C4,14,7,0.375294,1.811765,-1.436471,1.000000,1,0,0
2026-08-20T15:49:27.924,25.096317,198,86,11,6,R11C5,14,2,1.798823,1.798823,0.000000,0.000000,1,0,0
2026-08-20T15:49:28.179,25.241630,198,87,11,7,R11C6,14,4,1.164706,1.772941,-0.608235,0.551616,1,0,0
2026-08-20T15:49:28.179,25.248237,198,88,11,8,R11C7,14,6,1.708235,1.785882,-0.077647,0.000000,1,0,0
2026-08-20T15:49:28.179,25.249331,198,89,12,1,R12C1,16,1,1.734118,1.760000,-0.025882,0.000000,1,0,0
2026-08-20T15:49:28.179,25.250321,198,90,12,2,R12C2,16,3,1.125882,1.727647,-0.601765,0.566613,1,0,0
2026-08-20T15:49:28.179,25.251349,198,91,12,3,R12C3,16,5,1.785882,1.760000,0.025882,0.000000,1,0,0
2026-08-20T15:49:28.179,25.254319,198,92,12,4,R12C4,16,7,0.854118,1.785882,-0.931765,1.000000,1,0,0
2026-08-20T15:49:28.179,25.255292,198,93,12,5,R12C5,16,2,1.772941,1.811765,-0.038823,0.000000,1,0,0
2026-08-20T15:49:28.180,25.259108,198,94,12,6,R12C6,16,4,0.000000,1.540000,-1.540000,1.000000,1,1,0
2026-08-20T15:49:28.180,25.260331,198,95,12,7,R12C7,16,6,1.772941,1.643529,0.129412,0.000000,1,0,0
2026-08-20T15:49:28.180,25.264702,199,96,12,8,R12C8,16,8,1.760000,1.785882,-0.025882,0.000000,1,0,0
2026-08-20T15:49:28.180,25.266440,199,1,1,1,R1C2,1,3,1.798823,1.798823,0.000000,0.000000,1,0,0
2026-08-20T15:49:28.180,25.269710,199,2,1,2,R1C3,1,5,1.811765,1.811765,0.000000,0.000000,1,0,0
2026-08-20T15:49:28.180,25.271352,199,3,1,3,R1C4,1,7,1.824706,1.824706,0.000000,0.000000,1,0,0
2026-08-20T15:49:28.180,25.272367,199,4,1,4,R1C5,1,2,1.772941,1.798823,-0.025882,0.000000,1,0,0
2026-08-20T15:49:28.180,25.273354,199,5,1,5,R1C6,1,4,1.811765,1.811765,0.000000,0.000000,1,0,0
2026-08-20T15:49:28.180,25.275348,199,6,1,6,R1C7,1,6,1.811765,1.811765,0.000000,0.000000,1,0,0
2026-08-20T15:49:28.180,25.277462,199,7,1,7,R1C8,1,8,1.811765,1.811765,0.000000,0.000000,1,0,0
2026-08-20T15:49:28.368,25.505684,199,8,1,8,R1C9,1,10,1.824706,1.824706,0.000000,0.000000,1,0,0
2026-08-20T15:49:28.368,25.507412,199,9,2,1,R2C3,3,5,1.785882,1.785882,0.000000,0.000000,1,0,0
2026-08-20T15:49:28.368,25.508349,199,10,2,2,R2C4,3,7,1.772941,1.747059,0.025882,0.000000,1,0,0
2026-08-20T15:49:28.368,25.509422,199,11,2,3,R2C5,3,2,1.811765,1.785882,0.025882,0.000000,1,0,0
2026-08-20T15:49:28.369,25.511424,199,12,2,4,R2C6,3,4,1.811765,1.785882,0.025882,0.000000,1,0,0
2026-08-20T15:49:28.369,25.513498,199,13,2,5,R2C7,3,6,1.798823,1.798823,0.000000,0.000000,1,0,0
2026-08-20T15:49:28.369,25.515426,199,14,2,6,R2C8,3,8,1.798823,1.811765,-0.012941,0.000000,1,0,0
2026-08-20T15:49:28.369,25.518931,199,15,2,7,R2C9,3,10,1.798823,1.811765,-0.012941,0.000000,1,0,0
2026-08-20T15:49:28.369,25.520442,199,16,2,8,R2C10,3,12,1.798823,1.837647,-0.038824,0.000000,1,0,0
2026-08-20T15:49:28.369,25.523360,199,17,3,1,R3C4,5,7,1.824706,1.824706,0.000000,0.000000,1,0,0
2026-08-20T15:49:28.369,25.525274,199,18,3,2,R3C5,5,2,1.772941,1.798823,-0.025882,0.000000,1,0,0
2026-08-20T15:49:28.369,25.526445,199,19,3,3,R3C6,5,4,1.811765,1.811765,0.000000,0.000000,1,0,0
2026-08-20T15:49:28.369,25.530508,199,20,3,4,R3C7,5,6,1.811765,1.811765,0.000000,0.000000,1,0,0
2026-08-20T15:49:28.369,25.531413,199,21,3,5,R3C8,5,8,1.811765,1.811765,0.000000,0.000000,1,0,0
2026-08-20T15:49:28.369,25.532430,199,22,3,6,R3C9,5,10,1.811765,1.824706,-0.012941,0.000000,1,0,0
2026-08-20T15:49:28.369,25.534468,199,23,3,7,R3C10,5,12,1.824706,1.837647,-0.012941,0.000000,1,0,0
2026-08-20T15:49:28.629,25.536418,199,24,3,8,R3C11,5,14,1.824706,1.785882,0.038823,0.000000,1,0,0
2026-08-20T15:49:28.629,25.688393,199,25,4,1,R4C5,7,2,1.811765,1.798823,0.012941,0.000000,1,0,0
2026-08-20T15:49:28.629,25.693780,199,26,4,2,R4C6,7,4,1.811765,1.798823,0.012941,0.000000,1,0,0
2026-08-20T15:49:28.629,25.695447,199,27,4,3,R4C7,7,6,1.811765,1.811765,0.000000,0.000000,1,0,0
2026-08-20T15:49:28.629,25.696345,199,28,4,4,R4C8,7,8,1.824706,1.811765,0.012941,0.000000,1,0,0
2026-08-20T15:49:28.629,25.697315,199,29,4,5,R4C9,7,10,1.824706,1.811765,0.012941,0.000000,1,0,0
2026-08-20T15:49:28.629,25.699347,199,30,4,6,R4C10,7,12,1.785882,1.824706,-0.038823,0.000000,1,0,0
2026-08-20T15:49:28.629,25.701315,199,31,4,7,R4C11,7,14,1.811765,1.798823,0.012941,0.000000,1,0,0
2026-08-20T15:49:28.629,25.703321,199,32,4,8,R4C12,7,16,1.850588,1.811765,0.038823,0.000000,1,0,0
2026-08-20T15:49:28.629,25.706640,199,33,5,1,R5C6,2,4,1.811765,1.811765,0.000000,0.000000,1,0,0
2026-08-20T15:49:28.629,25.709102,199,34,5,2,R5C7,2,6,1.811765,1.811765,0.000000,0.000000,1,0,0
2026-08-20T15:49:28.629,25.710945,199,35,5,3,R5C8,2,8,1.811765,1.811765,0.000000,0.000000,1,0,0
2026-08-20T15:49:28.630,25.712405,199,36,5,4,R5C9,2,10,1.824706,1.824706,0.000000,0.000000,1,0,0
2026-08-20T15:49:28.630,25.713382,199,37,5,5,R5C10,2,12,1.785882,1.785882,0.000000,0.000000,1,0,0
2026-08-20T15:49:28.630,25.717346,199,38,5,6,R5C11,2,14,1.785882,1.824706,-0.038823,0.000000,1,0,0
2026-08-20T15:49:28.630,25.718397,199,39,5,7,R5C12,2,16,1.798823,1.837647,-0.038824,0.000000,1,0,0
2026-08-20T15:49:28.630,25.720476,199,40,5,8,R5C1,2,1,1.811765,1.785882,0.025882,0.000000,1,0,0
2026-08-20T15:49:28.820,25.947956,199,41,6,1,R6C7,4,6,1.811765,1.811765,0.000000,0.000000,1,0,0
2026-08-20T15:49:28.820,25.955256,199,42,6,2,R6C8,4,8,1.811765,1.798823,0.012941,0.000000,1,0,0
2026-08-20T15:49:28.820,25.956377,199,43,6,3,R6C9,4,10,1.824706,1.811765,0.012941,0.000000,1,0,0
2026-08-20T15:49:28.820,25.957369,199,44,6,4,R6C10,4,12,1.798823,1.824706,-0.025882,0.000000,1,0,0
2026-08-20T15:49:28.820,25.958350,199,45,6,5,R6C11,4,14,1.837647,1.785882,0.051765,0.000000,1,0,0
2026-08-20T15:49:28.820,25.961465,199,46,6,6,R6C12,4,16,1.798823,1.824706,-0.025882,0.000000,1,0,0
2026-08-20T15:49:28.820,25.962357,199,47,6,7,R6C1,4,1,1.734118,1.721177,0.012941,0.000000,1,0,0
2026-08-20T15:49:28.820,25.965451,199,48,6,8,R6C2,4,3,1.604706,1.630588,-0.025882,0.000000,1,0,0
2026-08-20T15:49:28.821,25.969410,199,49,7,1,R7C8,6,8,1.824706,1.798823,0.025882,0.000000,1,0,0
2026-08-20T15:49:28.821,25.972202,199,50,7,2,R7C9,6,10,1.824706,1.811765,0.012941,0.000000,1,0,0
2026-08-20T15:49:28.821,25.974045,199,51,7,3,R7C10,6,12,1.798823,1.811765,-0.012941,0.000000,1,0,0
2026-08-20T15:49:28.821,25.975469,199,52,7,4,R7C11,6,14,1.785882,1.824706,-0.038823,0.000000,1,0,0
2026-08-20T15:49:28.821,25.976445,199,53,7,5,R7C12,6,16,1.811765,1.785882,0.025882,0.000000,1,0,0
2026-08-20T15:49:28.821,25.979756,199,54,7,6,R7C1,6,1,1.824706,1.785882,0.038823,0.000000,1,0,0
2026-08-20T15:49:28.821,25.981397,199,55,7,7,R7C2,6,3,1.798823,1.798823,0.000000,0.000000,1,0,0
2026-08-20T15:49:28.821,25.982427,199,56,7,8,R7C3,6,5,1.669412,1.591765,0.077647,0.000000,1,0,0
2026-08-20T15:49:28.821,25.984563,199,57,8,1,R8C9,8,10,1.811765,1.798823,0.012941,0.000000,1,0,0
2026-08-20T15:49:29.085,26.139125,199,58,8,2,R8C10,8,12,1.798823,1.798823,0.000000,0.000000,1,0,0
2026-08-20T15:49:29.085,26.146643,199,59,8,3,R8C11,8,14,1.785882,1.837647,-0.051765,0.000000,1,0,0
2026-08-20T15:49:29.085,26.148441,199,60,8,4,R8C12,8,16,1.798823,1.798823,0.000000,0.000000,1,0,0
2026-08-20T15:49:29.085,26.149314,199,61,8,5,R8C1,8,1,1.798823,1.772941,0.025882,0.000000,1,0,0
2026-08-20T15:49:29.085,26.150322,199,62,8,6,R8C2,8,3,1.164706,1.785882,-0.621176,0.565217,1,0,0
2026-08-20T15:49:29.085,26.152322,199,63,8,7,R8C3,8,5,0.478824,1.617647,-1.138824,1.000000,1,0,0
2026-08-20T15:49:29.086,26.154314,199,64,8,8,R8C4,8,7,1.747059,1.760000,-0.012941,0.000000,1,0,0
2026-08-20T15:49:29.086,26.156378,199,65,9,1,R9C10,10,12,1.785882,1.824706,-0.038823,0.000000,1,0,0
2026-08-20T15:49:29.086,26.159733,199,66,9,2,R9C11,10,14,1.837647,1.785882,0.051765,0.000000,1,0,0
2026-08-20T15:49:29.086,26.161486,199,67,9,3,R9C12,10,16,1.811765,1.798823,0.012941,0.000000,1,0,0
2026-08-20T15:49:29.086,26.163752,199,68,9,4,R9C1,10,1,1.643529,1.611176,0.032353,0.000000,1,0,0
2026-08-20T15:49:29.086,26.165538,199,69,9,5,R9C2,10,3,1.798823,1.760000,0.038823,0.000000,1,0,0
2026-08-20T15:49:29.086,26.166451,199,70,9,6,R9C3,10,5,0.892941,1.229412,-0.336471,0.276308,1,0,0
2026-08-20T15:49:29.086,26.170852,199,71,9,7,R9C4,10,7,1.811765,1.747059,0.064706,0.000000,1,0,0
2026-08-20T15:49:29.086,26.172311,199,72,9,8,R9C5,10,2,1.785882,1.824706,-0.038823,0.000000,1,0,0
2026-08-20T15:49:29.086,26.173356,199,73,10,1,R10C11,12,14,1.785882,1.798823,-0.012941,0.000000,1,0,0
2026-08-20T15:49:29.086,26.175443,199,74,10,2,R10C12,12,16,1.824706,1.837647,-0.012941,0.000000,1,0,0
2026-08-20T15:49:29.274,26.404505,199,75,10,3,R10C1,12,1,1.798823,1.811765,-0.012941,0.000000,1,0,0
2026-08-20T15:49:29.274,26.412055,199,76,10,4,R10C2,12,3,1.798823,1.798823,0.000000,0.000000,1,0,0
2026-08-20T15:49:29.274,26.413473,199,77,10,5,R10C3,12,5,1.798823,1.798823,0.000000,0.000000,1,0,0
2026-08-20T15:49:29.274,26.414453,199,78,10,6,R10C4,12,7,1.811765,1.824706,-0.012941,0.000000,1,0,0
2026-08-20T15:49:29.274,26.415411,199,79,10,7,R10C5,12,2,1.785882,1.811765,-0.025882,0.000000,1,0,0
2026-08-20T15:49:29.274,26.417361,199,80,10,8,R10C6,12,4,1.785882,1.811765,-0.025882,0.000000,1,0,0
2026-08-20T15:49:29.275,26.419376,199,81,11,1,R11C12,14,16,1.811765,1.798823,0.012941,0.000000,1,0,0
2026-08-20T15:49:29.275,26.422487,199,82,11,2,R11C1,14,1,1.760000,1.760000,0.000000,0.000000,1,0,0
2026-08-20T15:49:29.275,26.423369,199,83,11,3,R11C2,14,3,0.181176,0.854118,-0.672941,0.000000,1,1,0
2026-08-20T15:49:29.275,26.427464,199,84,11,4,R11C3,14,5,1.785882,1.760000,0.025882,0.000000,1,0,0
2026-08-20T15:49:29.275,26.429866,199,85,11,5,R11C4,14,7,1.798823,1.811765,-0.012941,0.000000,1,0,0
2026-08-20T15:49:29.275,26.431818,199,86,11,6,R11C5,14,2,1.811765,1.798823,0.012941,0.000000,1,0,0
2026-08-20T15:49:29.275,26.433471,199,87,11,7,R11C6,14,4,1.811765,1.772941,0.038823,0.000000,1,0,0
2026-08-20T15:49:29.275,26.434458,199,88,11,8,R11C7,14,6,1.811765,1.785882,0.000000,0.000000,1,0,0
2026-08-20T15:49:29.275,26.438415,199,89,12,1,R12C1,16,1,1.785882,1.747059,0.038823,0.000000,1,0,0
2026-08-20T15:49:29.275,26.439367,199,90,12,2,R12C2,16,3,1.785882,1.727647,0.058235,0.000000,1,0,0
2026-08-20T15:49:29.275,26.440401,199,91,12,3,R12C3,16,5,1.785882,1.760000,0.025882,0.000000,1,0,0
2026-08-20T15:49:29.535,26.593286,199,92,12,4,R12C4,16,7,1.785882,1.785882,0.000000,0.000000,1,0,0
2026-08-20T15:49:29.535,26.600539,199,93,12,5,R12C5,16,2,1.837647,1.811765,0.025882,0.000000,1,0,0
2026-08-20T15:49:29.535,26.602429,199,94,12,6,R12C6,16,4,1.591765,1.540000,0.051765,0.000000,1,0,0
2026-08-20T15:49:29.535,26.603348,199,95,12,7,R12C7,16,6,1.695294,1.643529,0.000000,0.000000,1,0,0
2026-08-20T15:49:29.535,26.604356,200,96,12,8,R12C8,16,8,1.747059,1.785882,0.000000,0.000000,1,0,0
2026-08-20T15:49:29.535,26.606390,200,1,1,1,R1C2,1,3,1.785882,1.798823,-0.012941,0.000000,1,0,0
2026-08-20T15:49:29.535,26.608417,200,2,1,2,R1C3,1,5,1.785882,1.811765,-0.025882,0.000000,1,0,0
2026-08-20T15:49:29.535,26.610370,200,3,1,3,R1C4,1,7,1.798823,1.824706,-0.025882,0.000000,1,0,0
2026-08-20T15:49:29.536,26.613732,200,4,1,4,R1C5,1,2,1.837647,1.798823,0.038824,0.000000,1,0,0
2026-08-20T15:49:29.536,26.615473,200,5,1,5,R1C6,1,4,1.837647,1.811765,0.025882,0.000000,1,0,0
2026-08-20T15:49:29.536,26.617812,200,6,1,6,R1C7,1,6,1.850588,1.811765,0.038823,0.000000,1,0,0
2026-08-20T15:49:29.536,26.619654,200,7,1,7,R1C8,1,8,1.824706,1.811765,0.012941,0.000000,1,0,0
2026-08-20T15:49:29.536,26.620406,200,8,1,8,R1C9,1,10,1.785882,1.824706,-0.038823,0.000000,1,0,0
2026-08-20T15:49:29.536,26.625076,200,9,2,1,R2C3,3,5,1.734118,1.785882,-0.051765,0.000000,1,0,0
2026-08-20T15:49:29.536,26.626418,200,10,2,2,R2C4,3,7,1.760000,1.747059,0.012941,0.000000,1,0,0
2026-08-20T15:49:29.536,26.627532,200,11,2,3,R2C5,3,2,1.837647,1.811765,0.025882,0.000000,1,0,0
2026-08-20T15:49:29.720,26.629419,200,12,2,4,R2C6,3,4,1.785882,1.785882,0.000000,0.000000,1,0,0
2026-08-20T15:49:29.720,26.860881,200,13,2,5,R2C7,3,6,1.798823,1.798823,0.000000,0.000000,1,0,0
2026-08-20T15:49:29.720,26.862337,200,14,2,6,R2C8,3,8,1.772941,1.811765,-0.038823,0.000000,1,0,0
2026-08-20T15:49:29.720,26.863361,200,15,2,7,R2C9,3,10,1.824706,1.811765,0.012941,0.000000,1,0,0
2026-08-20T15:49:29.720,26.864419,200,16,2,8,R2C10,3,12,1.785882,1.798823,-0.012941,0.000000,1,0,0
2026-08-20T15:49:29.720,26.866320,200,17,3,1,R3C4,5,7,1.837647,1.824706,0.012941,0.000000,1,0,0
2026-08-20T15:49:29.720,26.868322,200,18,3,2,R3C5,5,2,1.785882,1.798823,-0.012941,0.000000,1,0,0
2026-08-20T15:49:29.720,26.870313,200,19,3,3,R3C6,5,4,1.798823,1.811765,-0.012941,0.000000,1,0,0
2026-08-20T15:49:29.720,26.874444,200,20,3,4,R3C7,5,6,1.837647,1.811765,0.025882,0.000000,1,0,0
2026-08-20T15:49:29.720,26.877104,200,21,3,5,R3C8,5,8,1.785882,1.811765,-0.025882,0.000000,1,0,0
2026-08-20T15:49:29.720,26.878982,200,22,3,6,R3C9,5,10,1.811765,1.811765,0.000000,0.000000,1,0,0
2026-08-20T15:49:29.720,26.880560,200,23,3,7,R3C10,5,12,1.785882,1.824706,-0.038823,0.000000,1,0,0
2026-08-20T15:49:29.721,26.881522,200,24,3,8,R3C11,5,14,1.798823,1.785882,0.012941,0.000000,1,0,0
2026-08-20T15:49:29.721,26.884603,200,25,4,1,R4C5,7,2,1.785882,1.798823,-0.012941,0.000000,1,0,0
2026-08-20T15:49:29.721,26.885403,200,26,4,2,R4C6,7,4,1.772941,1.798823,-0.025882,0.000000,1,0,0
2026-08-20T15:49:29.721,26.887400,200,27,4,3,R4C7,7,6,1.785882,1.811765,-0.025882,0.000000,1,0,0
2026-08-20T15:49:29.983,26.889376,200,28,4,4,R4C8,7,8,1.785882,1.811765,-0.025882,0.000000,1,0,0
2026-08-20T15:49:29.983,27.046444,200,29,4,5,R4C9,7,10,1.824706,1.811765,0.012941,0.000000,1,0,0
2026-08-20T15:49:29.983,27.047394,200,30,4,6,R4C10,7,12,1.824706,1.824706,0.000000,0.000000,1,0,0
2026-08-20T15:49:29.983,27.048437,200,31,4,7,R4C11,7,14,1.785882,1.798823,-0.012941,0.000000,1,0,0
2026-08-20T15:49:29.983,27.049359,200,32,4,8,R4C12,7,16,1.785882,1.811765,-0.025882,0.000000,1,0,0
2026-08-20T15:49:29.983,27.052399,200,33,5,1,R5C6,2,4,1.798823,1.811765,-0.012941,0.000000,1,0,0
2026-08-20T15:49:29.983,27.054421,200,34,5,2,R5C7,2,6,1.811765,1.811765,0.000000,0.000000,1,0,0
2026-08-20T15:49:29.983,27.056351,200,35,5,3,R5C8,2,8,1.798823,1.811765,-0.012941,0.000000,1,0,0
2026-08-20T15:49:29.983,27.059279,200,36,5,4,R5C9,2,10,1.811765,1.824706,-0.012941,0.000000,1,0,0
2026-08-20T15:49:29.984,27.060542,200,37,5,5,R5C10,2,12,1.785882,1.785882,0.000000,0.000000,1,0,0
2026-08-20T15:49:29.984,27.065383,200,38,5,6,R5C11,2,14,1.798823,1.785882,0.012941,0.000000,1,0,0
2026-08-20T15:49:29.984,27.066784,200,39,5,7,R5C12,2,16,1.785882,1.798823,-0.012941,0.000000,1,0,0
2026-08-20T15:49:29.984,27.070530,200,40,5,8,R5C1,2,1,1.824706,1.785882,0.038823,0.000000,1,0,0
2026-08-20T15:49:29.984,27.071394,200,41,6,1,R6C7,4,6,1.772941,1.811765,-0.038823,0.000000,1,0,0
2026-08-20T15:49:29.984,27.072499,200,42,6,2,R6C8,4,8,1.772941,1.811765,-0.038823,0.000000,1,0,0
2026-08-20T15:49:29.984,27.074498,200,43,6,3,R6C9,4,10,1.798823,1.811765,-0.012941,0.000000,1,0,0
2026-08-20T15:49:30.171,27.076449,200,44,6,4,R6C10,4,12,1.798823,1.798823,0.000000,0.000000,1,0,0
2026-08-20T15:49:30.171,27.309586,200,45,6,5,R6C11,4,14,1.811765,1.811765,0.000000,0.000000,1,0,0
2026-08-20T15:49:30.171,27.311445,200,46,6,6,R6C12,4,16,1.837647,1.798823,0.038824,0.000000,1,0,0
2026-08-20T15:49:30.171,27.312360,200,47,6,7,R6C1,4,1,1.747059,1.734118,0.012941,0.000000,1,0,0
2026-08-20T15:49:30.171,27.313454,200,48,6,8,R6C2,4,3,1.527059,1.604706,-0.077647,0.000000,1,0,0
2026-08-20T15:49:30.171,27.315448,200,49,7,1,R7C8,6,8,1.811765,1.798823,0.012941,0.000000,1,0,0
2026-08-20T15:49:30.171,27.317378,200,50,7,2,R7C9,6,10,1.850588,1.811765,0.038823,0.000000,1,0,0
2026-08-20T15:49:30.171,27.319350,200,51,7,3,R7C10,6,12,1.824706,1.798823,0.025882,0.000000,1,0,0
2026-08-20T15:49:30.172,27.323007,200,52,7,4,R7C11,6,14,1.785882,1.811765,-0.025882,0.000000,1,0,0
2026-08-20T15:49:30.172,27.324507,200,53,7,5,R7C12,6,16,1.837647,1.798823,0.038824,0.000000,1,0,0
2026-08-20T15:49:30.172,27.327067,200,54,7,6,R7C1,6,1,1.798823,1.785882,0.012941,0.000000,1,0,0
2026-08-20T15:49:30.172,27.329162,200,55,7,7,R7C2,6,3,1.798823,1.798823,0.000000,0.000000,1,0,0
2026-08-20T15:49:30.172,27.330526,200,56,7,8,R7C3,6,5,1.307059,1.591765,0.000000,0.000000,1,0,0
2026-08-20T15:49:30.172,27.331501,200,57,8,1,R8C9,8,10,1.824706,1.798823,0.025882,0.000000,1,0,0
2026-08-20T15:49:30.172,27.335471,200,58,8,2,R8C10,8,12,1.798823,1.798823,0.000000,0.000000,1,0,0
2026-08-20T15:49:30.172,27.336399,200,59,8,3,R8C11,8,14,1.785882,1.785882,0.000000,0.000000,1,0,0
2026-08-20T15:49:30.172,27.338483,200,60,8,4,R8C12,8,16,1.798823,1.798823,0.000000,0.000000,1,0,0
2026-08-20T15:49:30.428,27.489916,200,61,8,5,R8C1,8,1,1.824706,1.772941,0.051765,0.000000,1,0,0
2026-08-20T15:49:30.428,27.496536,200,62,8,6,R8C2,8,3,1.798823,1.785882,0.012941,0.000000,1,0,0
2026-08-20T15:49:30.428,27.497352,200,63,8,7,R8C3,8,5,0.647059,1.617647,-0.970588,1.000000,1,0,0
2026-08-20T15:49:30.428,27.498336,200,64,8,8,R8C4,8,7,1.747059,1.760000,0.000000,0.000000,1,0,0
2026-08-20T15:49:30.428,27.500370,200,65,9,1,R9C10,10,12,1.798823,1.824706,-0.025882,0.000000,1,0,0
2026-08-20T15:49:30.428,27.502366,200,66,9,2,R9C11,10,14,1.785882,1.785882,0.000000,0.000000,1,0,0
2026-08-20T15:49:30.428,27.504351,200,67,9,3,R9C12,10,16,1.798823,1.798823,0.000000,0.000000,1,0,0
2026-08-20T15:49:30.428,27.506335,200,68,9,4,R9C1,10,1,1.772941,1.643529,0.129412,0.000000,1,0,0
2026-08-20T15:49:30.428,27.509459,200,69,9,5,R9C2,10,3,1.785882,1.760000,0.025882,0.000000,1,0,0
2026-08-20T15:49:30.428,27.512100,200,70,9,6,R9C3,10,5,1.410588,1.229412,0.181177,0.000000,1,0,0
2026-08-20T15:49:30.429,27.513976,200,71,9,7,R9C4,10,7,1.811765,1.747059,0.000000,0.000000,1,0,0
2026-08-20T15:49:30.429,27.515520,200,72,9,8,R9C5,10,2,1.824706,1.824706,0.000000,0.000000,1,0,0
2026-08-20T15:49:30.429,27.519298,200,73,10,1,R10C11,12,14,1.850588,1.785882,0.064706,0.000000,1,0,0
2026-08-20T15:49:30.429,27.520407,200,74,10,2,R10C12,12,16,1.824706,1.824706,0.000000,0.000000,1,0,0
2026-08-20T15:49:30.429,27.521347,200,75,10,3,R10C1,12,1,1.837647,1.798823,0.038824,0.000000,1,0,0
2026-08-20T15:49:30.429,27.522414,200,76,10,4,R10C2,12,3,1.785882,1.798823,-0.012941,0.000000,1,0,0
2026-08-20T15:49:30.429,27.525378,200,77,10,5,R10C3,12,5,1.798823,1.798823,0.000000,0.000000,1,0,0
2026-08-20T15:49:30.633,27.747160,200,78,10,6,R10C4,12,7,1.811765,1.811765,0.000000,0.000000,1,0,0
2026-08-20T15:49:30.633,27.755072,200,79,10,7,R10C5,12,2,1.785882,1.798823,-0.012941,0.000000,1,0,0
2026-08-20T15:49:30.634,27.756431,200,80,10,8,R10C6,12,4,1.837647,1.811765,0.025882,0.000000,1,0,0
2026-08-20T15:49:30.634,27.757351,200,81,11,1,R11C12,14,16,1.824706,1.811765,0.012941,0.000000,1,0,0
2026-08-20T15:49:30.634,27.758376,200,82,11,2,R11C1,14,1,1.734118,1.760000,-0.025882,0.000000,1,0,0
2026-08-20T15:49:30.634,27.760398,200,83,11,3,R11C2,14,3,0.000000,0.724706,-0.724706,0.000000,1,1,0
2026-08-20T15:49:30.634,27.763732,200,84,11,4,R11C3,14,5,1.798823,1.772941,0.025882,0.000000,1,0,0
2026-08-20T15:49:30.634,27.765548,200,85,11,5,R11C4,14,7,1.772941,1.811765,0.000000,0.000000,1,0,0
2026-08-20T15:49:30.634,27.766351,200,86,11,6,R11C5,14,2,1.811765,1.798823,0.012941,0.000000,1,0,0
2026-08-20T15:49:30.634,27.771671,200,87,11,7,R11C6,14,4,1.760000,1.772941,0.000000,0.000000,1,0,0
2026-08-20T15:49:30.634,27.774334,200,88,11,8,R11C7,14,6,1.811765,1.760000,0.051765,0.000000,1,0,0
2026-08-20T15:49:30.634,27.777267,200,89,12,1,R12C1,16,1,1.798823,1.747059,0.051765,0.000000,1,0,0
2026-08-20T15:49:30.634,27.778434,200,90,12,2,R12C2,16,3,1.785882,1.727647,0.000000,0.000000,1,0,0
2026-08-20T15:49:30.634,27.779477,200,91,12,3,R12C3,16,5,1.798823,1.785882,0.012941,0.000000,1,0,0
2026-08-20T15:49:30.634,27.780525,200,92,12,4,R12C4,16,7,1.798823,1.785882,0.000000,0.000000,1,0,0
2026-08-20T15:49:30.634,27.785286,200,93,12,5,R12C5,16,2,1.798823,1.824706,-0.025882,0.000000,1,0,0
2026-08-20T15:49:30.906,27.786389,200,94,12,6,R12C6,16,4,1.371765,1.540000,0.000000,0.000000,1,0,0
2026-08-20T15:49:30.906,27.959665,200,95,12,7,R12C7,16,6,1.708235,1.734118,-0.025882,0.000000,1,0,0
2026-08-20T15:49:30.906,27.961333,201,96,12,8,R12C8,16,8,1.785882,1.753529,0.032353,0.000000,1,0,0
2026-08-20T15:49:30.906,27.962317,201,1,1,1,R1C2,1,3,1.798823,1.798823,0.000000,0.000000,1,0,0
2026-08-20T15:49:30.906,27.963396,201,2,1,2,R1C3,1,5,1.798823,1.811765,-0.012941,0.000000,1,0,0
2026-08-20T15:49:30.906,27.965358,201,3,1,3,R1C4,1,7,1.798823,1.824706,-0.025882,0.000000,1,0,0
2026-08-20T15:49:30.906,27.967349,201,4,1,4,R1C5,1,2,1.772941,1.798823,-0.025882,0.000000,1,0,0
2026-08-20T15:49:30.906,27.969335,201,5,1,5,R1C6,1,4,1.772941,1.811765,-0.038823,0.000000,1,0,0
2026-08-20T15:49:30.906,27.972437,201,6,1,6,R1C7,1,6,1.772941,1.811765,-0.038823,0.000000,1,0,0
2026-08-20T15:49:30.907,27.973492,201,7,1,7,R1C8,1,8,1.798823,1.811765,-0.012941,0.000000,1,0,0
2026-08-20T15:49:30.907,27.978636,201,8,1,8,R1C9,1,10,1.824706,1.811765,0.012941,0.000000,1,0,0
2026-08-20T15:49:30.907,27.979394,201,9,2,1,R2C3,3,5,1.798823,1.785882,0.012941,0.000000,1,0,0
2026-08-20T15:49:30.907,27.980406,201,10,2,2,R2C4,3,7,1.798823,1.760000,0.038823,0.000000,1,0,0
2026-08-20T15:49:30.907,27.984641,201,11,2,3,R2C5,3,2,1.772941,1.837647,-0.064706,0.000000,1,0,0
2026-08-20T15:49:30.907,27.985508,201,12,2,4,R2C6,3,4,1.798823,1.785882,0.012941,0.000000,1,0,0
2026-08-20T15:49:30.907,27.986364,201,13,2,5,R2C7,3,6,1.785882,1.798823,-0.012941,0.000000,1,0,0
2026-08-20T15:49:30.907,27.988496,201,14,2,6,R2C8,3,8,1.772941,1.798823,-0.025882,0.000000,1,0,0
2026-08-20T15:49:31.094,28.225258,201,15,2,7,R2C9,3,10,1.837647,1.811765,0.025882,0.000000,1,0,0
2026-08-20T15:49:31.094,28.233423,201,16,2,8,R2C10,3,12,1.785882,1.798823,-0.012941,0.000000,1,0,0
2026-08-20T15:49:31.094,28.234404,201,17,3,1,R3C4,5,7,1.824706,1.824706,0.000000,0.000000,1,0,0
2026-08-20T15:49:31.094,28.235359,201,18,3,2,R3C5,5,2,1.811765,1.785882,0.025882,0.000000,1,0,0
2026-08-20T15:49:31.094,28.236371,201,19,3,3,R3C6,5,4,1.785882,1.811765,-0.025882,0.000000,1,0,0
2026-08-20T15:49:31.095,28.239367,201,20,3,4,R3C7,5,6,1.811765,1.811765,0.000000,0.000000,1,0,0
2026-08-20T15:49:31.095,28.241375,201,21,3,5,R3C8,5,8,1.811765,1.811765,0.000000,0.000000,1,0,0
2026-08-20T15:49:31.095,28.243342,201,22,3,6,R3C9,5,10,1.850588,1.811765,0.038823,0.000000,1,0,0
2026-08-20T15:49:31.095,28.246441,201,23,3,7,R3C10,5,12,1.785882,1.785882,0.000000,0.000000,1,0,0
2026-08-20T15:49:31.095,28.247490,201,24,3,8,R3C11,5,14,1.824706,1.798823,0.025882,0.000000,1,0,0
2026-08-20T15:49:31.095,28.250669,201,25,4,1,R4C5,7,2,1.785882,1.798823,-0.012941,0.000000,1,0,0
2026-08-20T15:49:31.095,28.252765,201,26,4,2,R4C6,7,4,1.824706,1.798823,0.025882,0.000000,1,0,0
2026-08-20T15:49:31.095,28.254485,201,27,4,3,R4C7,7,6,1.798823,1.798823,0.000000,0.000000,1,0,0
2026-08-20T15:49:31.095,28.255462,201,28,4,4,R4C8,7,8,1.824706,1.798823,0.025882,0.000000,1,0,0
2026-08-20T15:49:31.095,28.259525,201,29,4,5,R4C9,7,10,1.811765,1.824706,-0.012941,0.000000,1,0,0
2026-08-20T15:49:31.095,28.260351,201,30,4,6,R4C10,7,12,1.811765,1.824706,-0.012941,0.000000,1,0,0
2026-08-20T15:49:31.355,28.261339,201,31,4,7,R4C11,7,14,1.837647,1.798823,0.038824,0.000000,1,0,0
2026-08-20T15:49:31.355,28.420191,201,32,4,8,R4C12,7,16,1.811765,1.811765,0.000000,0.000000,1,0,0
2026-08-20T15:49:31.355,28.421387,201,33,5,1,R5C6,2,4,1.811765,1.811765,0.000000,0.000000,1,0,0
2026-08-20T15:49:31.355,28.422362,201,34,5,2,R5C7,2,6,1.824706,1.811765,0.012941,0.000000,1,0,0
2026-08-20T15:49:31.355,28.423375,201,35,5,3,R5C8,2,8,1.824706,1.811765,0.012941,0.000000,1,0,0
2026-08-20T15:49:31.355,28.425352,201,36,5,4,R5C9,2,10,1.824706,1.811765,0.012941,0.000000,1,0,0
2026-08-20T15:49:31.355,28.428396,201,37,5,5,R5C10,2,12,1.785882,1.785882,0.000000,0.000000,1,0,0
2026-08-20T15:49:31.355,28.429349,201,38,5,6,R5C11,2,14,1.850588,1.798823,0.051765,0.000000,1,0,0
2026-08-20T15:49:31.355,28.433480,201,39,5,7,R5C12,2,16,1.785882,1.798823,-0.012941,0.000000,1,0,0
2026-08-20T15:49:31.355,28.436383,201,40,5,8,R5C1,2,1,1.811765,1.811765,0.000000,0.000000,1,0,0
2026-08-20T15:49:31.355,28.438285,201,41,6,1,R6C7,4,6,1.811765,1.798823,0.012941,0.000000,1,0,0
2026-08-20T15:49:31.355,28.439473,201,42,6,2,R6C8,4,8,1.811765,1.798823,0.012941,0.000000,1,0,0
2026-08-20T15:49:31.355,28.440387,201,43,6,3,R6C9,4,10,1.837647,1.811765,0.025882,0.000000,1,0,0
2026-08-20T15:49:31.356,28.444377,201,44,6,4,R6C10,4,12,1.798823,1.798823,0.000000,0.000000,1,0,0
2026-08-20T15:49:31.356,28.445393,201,45,6,5,R6C11,4,14,1.798823,1.811765,-0.012941,0.000000,1,0,0
2026-08-20T15:49:31.356,28.447455,201,46,6,6,R6C12,4,16,1.811765,1.798823,0.012941,0.000000,1,0,0
2026-08-20T15:49:31.356,28.449519,201,47,6,7,R6C1,4,1,1.734118,1.734118,0.000000,0.000000,1,0,0
2026-08-20T15:49:31.543,28.673900,201,48,6,8,R6C2,4,3,0.918824,1.540000,-0.621176,0.723889,1,0,0
2026-08-20T15:49:31.543,28.681401,201,49,7,1,R7C8,6,8,1.798823,1.811765,-0.012941,0.000000,1,0,0
2026-08-20T15:49:31.543,28.682403,201,50,7,2,R7C9,6,10,1.785882,1.824706,-0.038823,0.000000,1,0,0
2026-08-20T15:49:31.543,28.683388,201,51,7,3,R7C10,6,12,1.798823,1.811765,-0.012941,0.000000,1,0,0
2026-08-20T15:49:31.543,28.684341,201,52,7,4,R7C11,6,14,1.785882,1.785882,0.000000,0.000000,1,0,0
2026-08-20T15:49:31.543,28.687424,201,53,7,5,R7C12,6,16,1.798823,1.811765,-0.012941,0.000000,1,0,0
2026-08-20T15:49:31.543,28.689350,201,54,7,6,R7C1,6,1,1.643529,1.798823,-0.155294,0.000000,1,0,0
2026-08-20T15:49:31.543,28.691359,201,55,7,7,R7C2,6,3,1.203529,1.798823,-0.595294,0.516958,1,0,0
2026-08-20T15:49:31.543,28.695455,201,56,7,8,R7C3,6,5,1.397647,1.488235,-0.090588,0.000000,1,0,0
2026-08-20T15:49:31.544,28.696546,201,57,8,1,R8C9,8,10,1.811765,1.811765,0.000000,0.000000,1,0,0
2026-08-20T15:49:31.544,28.699713,201,58,8,2,R8C10,8,12,1.785882,1.798823,-0.012941,0.000000,1,0,0
2026-08-20T15:49:31.544,28.701569,201,59,8,3,R8C11,8,14,1.798823,1.785882,0.012941,0.000000,1,0,0
2026-08-20T15:49:31.544,28.702771,201,60,8,4,R8C12,8,16,1.798823,1.798823,0.000000,0.000000,1,0,0
2026-08-20T15:49:31.544,28.706885,201,61,8,5,R8C1,8,1,1.721177,1.798823,-0.077647,0.000000,1,0,0
2026-08-20T15:49:31.544,28.708341,201,62,8,6,R8C2,8,3,1.798823,1.785882,0.012941,0.000000,1,0,0
2026-08-20T15:49:31.544,28.709457,201,63,8,7,R8C3,8,5,0.000000,1.617647,-1.617647,1.000000,1,1,0
2026-08-20T15:49:31.798,28.710329,201,64,8,8,R8C4,8,7,1.565882,1.747059,-0.181177,0.000000,1,0,0
2026-08-20T15:49:31.798,28.868860,201,65,9,1,R9C10,10,12,1.785882,1.798823,-0.012941,0.000000,1,0,0
2026-08-20T15:49:31.798,28.870394,201,66,9,2,R9C11,10,14,1.785882,1.785882,0.000000,0.000000,1,0,0
2026-08-20T15:49:31.798,28.871343,201,67,9,3,R9C12,10,16,1.798823,1.798823,0.000000,0.000000,1,0,0
2026-08-20T15:49:31.798,28.872346,201,68,9,4,R9C1,10,1,0.504706,1.643529,-1.138824,0.000000,1,0,0
2026-08-20T15:49:31.798,28.874355,201,69,9,5,R9C2,10,3,1.488235,1.785882,-0.297647,0.047619,1,0,0
2026-08-20T15:49:31.798,28.876350,201,70,9,6,R9C3,10,5,0.698824,1.229412,0.000000,0.000000,1,0,0
2026-08-20T15:49:31.798,28.878372,201,71,9,7,R9C4,10,7,1.255294,1.811765,-0.556471,0.448980,1,0,0
2026-08-20T15:49:31.799,28.881548,201,72,9,8,R9C5,10,2,1.798823,1.824706,-0.025882,0.000000,1,0,0
2026-08-20T15:49:31.799,28.884202,201,73,10,1,R10C11,12,14,1.837647,1.785882,0.051765,0.000000,1,0,0
2026-08-20T15:49:31.799,28.886082,201,74,10,2,R10C12,12,16,1.850588,1.824706,0.025882,0.000000,1,0,0
2026-08-20T15:49:31.799,28.887494,201,75,10,3,R10C1,12,1,1.798823,1.798823,0.000000,0.000000,1,0,0
2026-08-20T15:49:31.799,28.891273,201,76,10,4,R10C2,12,3,1.811765,1.798823,0.012941,0.000000,1,0,0
2026-08-20T15:49:31.799,28.892548,201,77,10,5,R10C3,12,5,1.798823,1.798823,0.000000,0.000000,1,0,0
2026-08-20T15:49:31.799,28.893367,201,78,10,6,R10C4,12,7,1.811765,1.811765,0.000000,0.000000,1,0,0
2026-08-20T15:49:31.799,28.895437,201,79,10,7,R10C5,12,2,1.798823,1.785882,0.012941,0.000000,1,0,0
2026-08-20T15:49:31.799,28.897461,201,80,10,8,R10C6,12,4,1.811765,1.811765,0.000000,0.000000,1,0,0
2026-08-20T15:49:31.982,29.117208,201,81,11,1,R11C12,14,16,1.798823,1.811765,-0.012941,0.000000,1,0,0
2026-08-20T15:49:31.983,29.124553,201,82,11,2,R11C1,14,1,1.656471,1.747059,-0.090588,0.000000,1,0,0
2026-08-20T15:49:31.983,29.126442,201,83,11,3,R11C2,14,3,1.009412,0.181176,0.828235,0.000000,1,0,0
2026-08-20T15:49:31.983,29.127365,201,84,11,4,R11C3,14,5,1.643529,1.785882,-0.142353,0.000000,1,0,0
2026-08-20T15:49:31.983,29.128384,201,85,11,5,R11C4,14,7,1.540000,1.785882,-0.245882,0.000000,1,0,0
2026-08-20T15:49:31.983,29.130467,201,86,11,6,R11C5,14,2,1.785882,1.811765,-0.025882,0.000000,1,0,0
2026-08-20T15:49:31.983,29.132428,201,87,11,7,R11C6,14,4,0.478824,1.785882,-1.307059,1.000000,1,0,0
2026-08-20T15:49:31.983,29.134402,201,88,11,8,R11C7,14,6,0.698824,1.811765,-1.112941,1.000000,1,0,0
2026-08-20T15:49:31.983,29.137747,201,89,12,1,R12C1,16,1,1.785882,1.785882,0.000000,0.000000,1,0,0
2026-08-20T15:49:31.983,29.139515,201,90,12,2,R12C2,16,3,1.772941,1.785882,-0.012941,0.000000,1,0,0
2026-08-20T15:49:31.983,29.141771,201,91,12,3,R12C3,16,5,1.760000,1.785882,-0.025882,0.000000,1,0,0
2026-08-20T15:49:31.983,29.143629,201,92,12,4,R12C4,16,7,1.772941,1.792353,-0.019412,0.000000,1,0,0
2026-08-20T15:49:31.983,29.144350,201,93,12,5,R12C5,16,2,1.785882,1.798823,-0.012941,0.000000,1,0,0
2026-08-20T15:49:31.983,29.148777,201,94,12,6,R12C6,16,4,0.000000,1.481765,-1.481765,1.000000,1,1,0
2026-08-20T15:49:31.983,29.150375,201,95,12,7,R12C7,16,6,0.181176,1.708235,-1.527059,1.000000,1,1,0
2026-08-20T15:49:31.983,29.151371,202,96,12,8,R12C8,16,8,0.452941,1.760000,-1.307059,1.000000,1,0,0
2026-08-20T15:49:32.241,29.153436,202,1,1,1,R1C2,1,3,1.811765,1.798823,0.012941,0.000000,1,0,0
2026-08-20T15:49:32.241,29.308216,202,2,1,2,R1C3,1,5,1.798823,1.798823,0.000000,0.000000,1,0,0
2026-08-20T15:49:32.241,29.309388,202,3,1,3,R1C4,1,7,1.824706,1.798823,0.025882,0.000000,1,0,0
2026-08-20T15:49:32.241,29.310363,202,4,1,4,R1C5,1,2,1.798823,1.772941,0.025882,0.000000,1,0,0
2026-08-20T15:49:32.241,29.311335,202,5,1,5,R1C6,1,4,1.811765,1.811765,0.000000,0.000000,1,0,0
2026-08-20T15:49:32.241,29.314409,202,6,1,6,R1C7,1,6,1.811765,1.811765,0.000000,0.000000,1,0,0
2026-08-20T15:49:32.241,29.315355,202,7,1,7,R1C8,1,8,1.811765,1.811765,0.000000,0.000000,1,0,0
2026-08-20T15:49:32.241,29.318380,202,8,1,8,R1C9,1,10,1.824706,1.824706,0.000000,0.000000,1,0,0
2026-08-20T15:49:32.241,29.320469,202,9,2,1,R2C3,3,5,1.721177,1.785882,-0.064706,0.000000,1,0,0
2026-08-20T15:49:32.242,29.324359,202,10,2,2,R2C4,3,7,1.682353,1.772941,-0.090588,0.000000,1,0,0
2026-08-20T15:49:32.242,29.326175,202,11,2,3,R2C5,3,2,1.785882,1.811765,-0.025882,0.000000,1,0,0
2026-08-20T15:49:32.242,29.327497,202,12,2,4,R2C6,3,4,1.747059,1.798823,-0.051765,0.000000,1,0,0
2026-08-20T15:49:32.242,29.328429,202,13,2,5,R2C7,3,6,1.760000,1.798823,-0.038823,0.000000,1,0,0
2026-08-20T15:49:32.242,29.332532,202,14,2,6,R2C8,3,8,1.734118,1.772941,-0.038824,0.000000,1,0,0
2026-08-20T15:49:32.242,29.333432,202,15,2,7,R2C9,3,10,1.824706,1.824706,0.000000,0.000000,1,0,0
2026-08-20T15:49:32.242,29.334414,202,16,2,8,R2C10,3,12,1.785882,1.785882,0.000000,0.000000,1,0,0
2026-08-20T15:49:32.242,29.337596,202,17,3,1,R3C4,5,7,1.824706,1.824706,0.000000,0.000000,1,0,0
2026-08-20T15:49:32.426,29.567528,202,18,3,2,R3C5,5,2,1.798823,1.785882,0.012941,0.000000,1,0,0
2026-08-20T15:49:32.426,29.568408,202,19,3,3,R3C6,5,4,1.811765,1.798823,0.012941,0.000000,1,0,0
2026-08-20T15:49:32.426,29.569373,202,20,3,4,R3C7,5,6,1.811765,1.811765,0.000000,0.000000,1,0,0
2026-08-20T15:49:32.426,29.571400,202,21,3,5,R3C8,5,8,1.811765,1.811765,0.000000,0.000000,1,0,0
2026-08-20T15:49:32.426,29.573377,202,22,3,6,R3C9,5,10,1.811765,1.811765,0.000000,0.000000,1,0,0
2026-08-20T15:49:32.426,29.575381,202,23,3,7,R3C10,5,12,1.824706,1.785882,0.038823,0.000000,1,0,0
2026-08-20T15:49:32.426,29.577350,202,24,3,8,R3C11,5,14,1.785882,1.824706,-0.038823,0.000000,1,0,0
2026-08-20T15:49:32.426,29.580149,202,25,4,1,R4C5,7,2,1.798823,1.785882,0.012941,0.000000,1,0,0
2026-08-20T15:49:32.426,29.581456,202,26,4,2,R4C6,7,4,1.785882,1.811765,-0.025882,0.000000,1,0,0
2026-08-20T15:49:32.426,29.586260,202,27,4,3,R4C7,7,6,1.798823,1.798823,0.000000,0.000000,1,0,0
2026-08-20T15:49:32.426,29.587401,202,28,4,4,R4C8,7,8,1.798823,1.824706,-0.025882,0.000000,1,0,0
2026-08-20T15:49:32.426,29.588559,202,29,4,5,R4C9,7,10,1.837647,1.824706,0.012941,0.000000,1,0,0
2026-08-20T15:49:32.426,29.591479,202,30,4,6,R4C10,7,12,1.837647,1.811765,0.025882,0.000000,1,0,0
2026-08-20T15:49:32.427,29.592388,202,31,4,7,R4C11,7,14,1.850588,1.811765,0.038823,0.000000,1,0,0
2026-08-20T15:49:32.427,29.594460,202,32,4,8,R4C12,7,16,1.811765,1.811765,0.000000,0.000000,1,0,0
2026-08-20T15:49:32.427,29.596409,202,33,5,1,R5C6,2,4,1.811765,1.811765,0.000000,0.000000,1,0,0
2026-08-20T15:49:32.694,29.598401,202,34,5,2,R5C7,2,6,1.811765,1.811765,0.000000,0.000000,1,0,0
2026-08-20T15:49:32.694,29.751575,202,35,5,3,R5C8,2,8,1.811765,1.811765,0.000000,0.000000,1,0,0
2026-08-20T15:49:32.695,29.753463,202,36,5,4,R5C9,2,10,1.811765,1.824706,-0.012941,0.000000,1,0,0
2026-08-20T15:49:32.695,29.754368,202,37,5,5,R5C10,2,12,1.785882,1.785882,0.000000,0.000000,1,0,0
2026-08-20T15:49:32.695,29.755359,202,38,5,6,R5C11,2,14,1.811765,1.798823,0.012941,0.000000,1,0,0
2026-08-20T15:49:32.695,29.757392,202,39,5,7,R5C12,2,16,1.837647,1.785882,0.051765,0.000000,1,0,0
2026-08-20T15:49:32.695,29.759377,202,40,5,8,R5C1,2,1,1.811765,1.811765,0.000000,0.000000,1,0,0
2026-08-20T15:49:32.695,29.761371,202,41,6,1,R6C7,4,6,1.785882,1.811765,-0.025882,0.000000,1,0,0
2026-08-20T15:49:32.695,29.763973,202,42,6,2,R6C8,4,8,1.772941,1.811765,-0.038823,0.000000,1,0,0
2026-08-20T15:49:32.695,29.765542,202,43,6,3,R6C9,4,10,1.850588,1.824706,0.025882,0.000000,1,0,0
2026-08-20T15:49:32.695,29.768357,202,44,6,4,R6C10,4,12,1.798823,1.798823,0.000000,0.000000,1,0,0
2026-08-20T15:49:32.695,29.769985,202,45,6,5,R6C11,4,14,1.798823,1.811765,-0.012941,0.000000,1,0,0
2026-08-20T15:49:32.695,29.771441,202,46,6,6,R6C12,4,16,1.798823,1.811765,-0.012941,0.000000,1,0,0
2026-08-20T15:49:32.695,29.775554,202,47,6,7,R6C1,4,1,1.268235,1.734118,-0.465882,0.339019,1,0,0
2026-08-20T15:49:32.695,29.776363,202,48,6,8,R6C2,4,3,0.465882,1.540000,-1.074118,1.000000,1,0,0
2026-08-20T15:49:32.695,29.777372,202,49,7,1,R7C8,6,8,1.747059,1.811765,-0.064706,0.000000,1,0,0
2026-08-20T15:49:32.695,29.780384,202,50,7,2,R7C9,6,10,1.798823,1.824706,-0.025882,0.000000,1,0,0
2026-08-20T15:49:32.883,30.013699,202,51,7,3,R7C10,6,12,1.798823,1.798823,0.000000,0.000000,1,0,0
2026-08-20T15:49:32.883,30.020894,202,52,7,4,R7C11,6,14,1.837647,1.785882,0.051765,0.000000,1,0,0
2026-08-20T15:49:32.883,30.022357,202,53,7,5,R7C12,6,16,1.824706,1.811765,0.012941,0.000000,1,0,0
2026-08-20T15:49:32.883,30.023327,202,54,7,6,R7C1,6,1,1.216471,1.798823,-0.582353,0.496403,1,0,0
2026-08-20T15:49:32.884,30.024334,202,55,7,7,R7C2,6,3,0.841176,1.798823,-0.957647,1.000000,1,0,0
2026-08-20T15:49:32.884,30.026326,202,56,7,8,R7C3,6,5,0.892941,1.397647,-0.504706,0.000000,1,0,0
2026-08-20T15:49:32.884,30.028328,202,57,8,1,R8C9,8,10,1.837647,1.811765,0.025882,0.000000,1,0,0
2026-08-20T15:49:32.884,30.030366,202,58,8,2,R8C10,8,12,1.785882,1.798823,-0.012941,0.000000,1,0,0
2026-08-20T15:49:32.884,30.033496,202,59,8,3,R8C11,8,14,1.785882,1.785882,0.000000,0.000000,1,0,0
2026-08-20T15:49:32.884,30.034373,202,60,8,4,R8C12,8,16,1.785882,1.798823,-0.012941,0.000000,1,0,0
2026-08-20T15:49:32.884,30.038618,202,61,8,5,R8C1,8,1,1.540000,1.798823,-0.258824,0.000000,1,0,0
2026-08-20T15:49:32.884,30.039470,202,62,8,6,R8C2,8,3,0.698824,1.798823,-1.100000,1.000000,1,0,0
2026-08-20T15:49:32.884,30.041402,202,63,8,7,R8C3,8,5,0.000000,1.617647,-1.617647,1.000000,1,1,0
2026-08-20T15:49:32.884,30.045404,202,64,8,8,R8C4,8,7,1.022353,1.747059,-0.724706,0.756614,1,0,0
2026-08-20T15:49:32.884,30.046377,202,65,9,1,R9C10,10,12,1.811765,1.785882,0.025882,0.000000,1,0,0
2026-08-20T15:49:32.884,30.047339,202,66,9,2,R9C11,10,14,1.811765,1.785882,0.025882,0.000000,1,0,0
2026-08-20T15:49:32.884,30.049407,202,67,9,3,R9C12,10,16,1.798823,1.798823,0.000000,0.000000,1,0,0
2026-08-20T15:49:33.137,30.208853,202,68,9,4,R9C1,10,1,0.000000,1.643529,-1.643529,1.000000,1,1,0
2026-08-20T15:49:33.138,30.210474,202,69,9,5,R9C2,10,3,1.229412,1.785882,-0.556471,0.461698,1,0,0
2026-08-20T15:49:33.138,30.211368,202,70,9,6,R9C3,10,5,0.440000,1.054706,-0.614706,0.000000,1,0,0
2026-08-20T15:49:33.138,30.212352,202,71,9,7,R9C4,10,7,0.711765,1.811765,-1.100000,1.000000,1,0,0
2026-08-20T15:49:33.138,30.214347,202,72,9,8,R9C5,10,2,1.772941,1.798823,-0.025882,0.000000,1,0,0
2026-08-20T15:49:33.138,30.216367,202,73,10,1,R10C11,12,14,1.837647,1.837647,0.000000,0.000000,1,0,0
2026-08-20T15:49:33.138,30.219638,202,74,10,2,R10C12,12,16,1.850588,1.824706,0.025882,0.000000,1,0,0
2026-08-20T15:49:33.138,30.220440,202,75,10,3,R10C1,12,1,1.811765,1.798823,0.012941,0.000000,1,0,0
2026-08-20T15:49:33.138,30.225227,202,76,10,4,R10C2,12,3,1.811765,1.798823,0.012941,0.000000,1,0,0
2026-08-20T15:49:33.138,30.226364,202,77,10,5,R10C3,12,5,1.811765,1.798823,0.012941,0.000000,1,0,0
2026-08-20T15:49:33.138,30.227483,202,78,10,6,R10C4,12,7,1.824706,1.811765,0.012941,0.000000,1,0,0
2026-08-20T15:49:33.138,30.230312,202,79,10,7,R10C5,12,2,1.785882,1.785882,0.000000,0.000000,1,0,0
2026-08-20T15:49:33.138,30.231367,202,80,10,8,R10C6,12,4,1.811765,1.811765,0.000000,0.000000,1,0,0
2026-08-20T15:49:33.138,30.233379,202,81,11,1,R11C12,14,16,1.811765,1.811765,0.000000,0.000000,1,0,0
2026-08-20T15:49:33.139,30.235406,202,82,11,2,R11C1,14,1,1.798823,1.734118,0.064706,0.000000,1,0,0
2026-08-20T15:49:33.139,30.237426,202,83,11,3,R11C2,14,3,1.565882,0.181176,1.384706,0.000000,1,0,0
2026-08-20T15:49:33.139,30.239548,202,84,11,4,R11C3,14,5,1.772941,1.785882,-0.012941,0.000000,1,0,0
2026-08-20T15:49:33.324,30.456757,202,85,11,5,R11C4,14,7,1.708235,1.772941,-0.064706,0.000000,1,0,0
2026-08-20T15:49:33.324,30.464127,202,86,11,6,R11C5,14,2,1.772941,1.811765,-0.038823,0.000000,1,0,0
2026-08-20T15:49:33.324,30.465440,202,87,11,7,R11C6,14,4,1.358824,1.785882,-0.427059,0.254658,1,0,0
2026-08-20T15:49:33.324,30.466448,202,88,11,8,R11C7,14,6,1.565882,1.811765,-0.245882,0.000000,1,0,0
2026-08-20T15:49:33.324,30.467374,202,89,12,1,R12C1,16,1,1.734118,1.785882,-0.051765,0.000000,1,0,0
2026-08-20T15:49:33.324,30.470451,202,90,12,2,R12C2,16,3,0.608235,1.785882,-1.177647,1.000000,1,0,0
2026-08-20T15:49:33.324,30.471416,202,91,12,3,R12C3,16,5,1.591765,1.785882,-0.194118,0.000000,1,0,0
2026-08-20T15:49:33.324,30.474532,202,92,12,4,R12C4,16,7,0.530588,1.785882,-1.255294,1.000000,1,0,0
2026-08-20T15:49:33.324,30.476900,202,93,12,5,R12C5,16,2,1.798823,1.798823,0.000000,0.000000,1,0,0
2026-08-20T15:49:33.324,30.478387,202,94,12,6,R12C6,16,4,0.000000,1.481765,-1.481765,1.000000,1,1,0
2026-08-20T15:49:33.324,30.482589,202,95,12,7,R12C7,16,6,0.000000,1.708235,-1.708235,1.000000,1,1,0
2026-08-20T15:49:33.324,30.483747,203,96,12,8,R12C8,16,8,0.000000,1.760000,-1.760000,1.000000,1,1,0
2026-08-20T15:49:33.324,30.487729,203,1,1,1,R1C2,1,3,1.811765,1.798823,0.012941,0.000000,1,0,0
2026-08-20T15:49:33.325,30.489433,203,2,1,2,R1C3,1,5,1.811765,1.798823,0.012941,0.000000,1,0,0
2026-08-20T15:49:33.325,30.490394,203,3,1,3,R1C4,1,7,1.824706,1.798823,0.025882,0.000000,1,0,0
2026-08-20T15:49:33.325,30.491488,203,4,1,4,R1C5,1,2,1.785882,1.798823,-0.012941,0.000000,1,0,0
2026-08-20T15:49:33.580,30.493451,203,5,1,5,R1C6,1,4,1.811765,1.811765,0.000000,0.000000,1,0,0
2026-08-20T15:49:33.580,30.649292,203,6,1,6,R1C7,1,6,1.811765,1.811765,0.000000,0.000000,1,0,0
2026-08-20T15:49:33.580,30.650341,203,7,1,7,R1C8,1,8,1.811765,1.811765,0.000000,0.000000,1,0,0
2026-08-20T15:49:33.580,30.651341,203,8,1,8,R1C9,1,10,1.798823,1.824706,-0.025882,0.000000,1,0,0
2026-08-20T15:49:33.580,30.652329,203,9,2,1,R2C3,3,5,1.695294,1.734118,-0.038823,0.000000,1,0,0
2026-08-20T15:49:33.581,30.655328,203,10,2,2,R2C4,3,7,1.708235,1.760000,-0.051765,0.000000,1,0,0
2026-08-20T15:49:33.581,30.656327,203,11,2,3,R2C5,3,2,1.785882,1.785882,0.000000,0.000000,1,0,0
2026-08-20T15:49:33.581,30.659975,203,12,2,4,R2C6,3,4,1.772941,1.785882,-0.012941,0.000000,1,0,0
2026-08-20T15:49:33.581,30.661368,203,13,2,5,R2C7,3,6,1.798823,1.785882,0.012941,0.000000,1,0,0
2026-08-20T15:49:33.581,30.665480,203,14,2,6,R2C8,3,8,1.798823,1.772941,0.025882,0.000000,1,0,0
2026-08-20T15:49:33.581,30.666380,203,15,2,7,R2C9,3,10,1.785882,1.824706,-0.038823,0.000000,1,0,0
2026-08-20T15:49:33.581,30.667546,203,16,2,8,R2C10,3,12,1.785882,1.785882,0.000000,0.000000,1,0,0
2026-08-20T15:49:33.581,30.671399,203,17,3,1,R3C4,5,7,1.824706,1.824706,0.000000,0.000000,1,0,0
2026-08-20T15:49:33.581,30.672366,203,18,3,2,R3C5,5,2,1.811765,1.798823,0.012941,0.000000,1,0,0
2026-08-20T15:49:33.581,30.673444,203,19,3,3,R3C6,5,4,1.811765,1.798823,0.012941,0.000000,1,0,0
2026-08-20T15:49:33.581,30.676517,203,20,3,4,R3C7,5,6,1.811765,1.811765,0.000000,0.000000,1,0,0
2026-08-20T15:49:33.767,30.678434,203,21,3,5,R3C8,5,8,1.811765,1.811765,0.000000,0.000000,1,0,0
2026-08-20T15:49:33.767,30.906731,203,22,3,6,R3C9,5,10,1.850588,1.811765,0.038823,0.000000,1,0,0
2026-08-20T15:49:33.767,30.908547,203,23,3,7,R3C10,5,12,1.811765,1.785882,0.025882,0.000000,1,0,0
2026-08-20T15:49:33.767,30.909405,203,24,3,8,R3C11,5,14,1.785882,1.798823,-0.012941,0.000000,1,0,0
2026-08-20T15:49:33.767,30.910368,203,25,4,1,R4C5,7,2,1.785882,1.785882,0.000000,0.000000,1,0,0
2026-08-20T15:49:33.767,30.912431,203,26,4,2,R4C6,7,4,1.785882,1.785882,0.000000,0.000000,1,0,0
2026-08-20T15:49:33.767,30.914474,203,27,4,3,R4C7,7,6,1.798823,1.798823,0.000000,0.000000,1,0,0
2026-08-20T15:49:33.767,30.916645,203,28,4,4,R4C8,7,8,1.798823,1.798823,0.000000,0.000000,1,0,0
2026-08-20T15:49:33.767,30.920309,203,29,4,5,R4C9,7,10,1.798823,1.824706,-0.025882,0.000000,1,0,0
2026-08-20T15:49:33.767,30.921573,203,30,4,6,R4C10,7,12,1.785882,1.824706,-0.038823,0.000000,1,0,0
2026-08-20T15:49:33.767,30.924321,203,31,4,7,R4C11,7,14,1.785882,1.837647,-0.051765,0.000000,1,0,0
2026-08-20T15:49:33.767,30.926162,203,32,4,8,R4C12,7,16,1.824706,1.811765,0.012941,0.000000,1,0,0
2026-08-20T15:49:33.767,30.927508,203,33,5,1,R5C6,2,4,1.811765,1.811765,0.000000,0.000000,1,0,0
2026-08-20T15:49:33.767,30.931200,203,34,5,2,R5C7,2,6,1.811765,1.811765,0.000000,0.000000,1,0,0
2026-08-20T15:49:33.767,30.932511,203,35,5,3,R5C8,2,8,1.811765,1.811765,0.000000,0.000000,1,0,0
2026-08-20T15:49:33.768,30.933366,203,36,5,4,R5C9,2,10,1.824706,1.811765,0.012941,0.000000,1,0,0
2026-08-20T15:49:34.026,30.935418,203,37,5,5,R5C10,2,12,1.785882,1.785882,0.000000,0.000000,1,0,0
2026-08-20T15:49:34.026,31.092300,203,38,5,6,R5C11,2,14,1.785882,1.811765,-0.025882,0.000000,1,0,0
2026-08-20T15:49:34.026,31.093438,203,39,5,7,R5C12,2,16,1.785882,1.785882,0.000000,0.000000,1,0,0
2026-08-20T15:49:34.026,31.094372,203,40,5,8,R5C1,2,1,1.811765,1.811765,0.000000,0.000000,1,0,0
2026-08-20T15:49:34.026,31.095363,203,41,6,1,R6C7,4,6,1.785882,1.785882,0.000000,0.000000,1,0,0
2026-08-20T15:49:34.026,31.098443,203,42,6,2,R6C8,4,8,1.785882,1.772941,0.012941,0.000000,1,0,0
2026-08-20T15:49:34.026,31.099659,203,43,6,3,R6C9,4,10,1.785882,1.837647,-0.051765,0.000000,1,0,0
2026-08-20T15:49:34.026,31.102435,203,44,6,4,R6C10,4,12,1.837647,1.798823,0.038824,0.000000,1,0,0
2026-08-20T15:49:34.027,31.105182,203,45,6,5,R6C11,4,14,1.785882,1.798823,-0.012941,0.000000,1,0,0
2026-08-20T15:49:34.027,31.106435,203,46,6,6,R6C12,4,16,1.850588,1.811765,0.038823,0.000000,1,0,0
2026-08-20T15:49:34.027,31.110951,203,47,6,7,R6C1,4,1,1.320000,1.734118,-0.414118,0.253731,1,0,0
2026-08-20T15:49:34.027,31.112750,203,48,6,8,R6C2,4,3,0.414118,1.540000,-1.125882,1.000000,1,0,0
2026-08-20T15:49:34.027,31.116074,203,49,7,1,R7C8,6,8,1.747059,1.798823,-0.051765,0.000000,1,0,0
2026-08-20T15:49:34.027,31.117446,203,50,7,2,R7C9,6,10,1.837647,1.798823,0.038824,0.000000,1,0,0
2026-08-20T15:49:34.027,31.118480,203,51,7,3,R7C10,6,12,1.798823,1.798823,0.000000,0.000000,1,0,0
2026-08-20T15:49:34.027,31.119363,203,52,7,4,R7C11,6,14,1.798823,1.785882,0.012941,0.000000,1,0,0
2026-08-20T15:49:34.027,31.121419,203,53,7,5,R7C12,6,16,1.850588,1.824706,0.025882,0.000000,1,0,0
2026-08-20T15:49:34.212,31.345203,203,54,7,6,R7C1,6,1,1.565882,1.798823,-0.232941,0.000000,1,0,0
2026-08-20T15:49:34.212,31.352551,203,55,7,7,R7C2,6,3,1.022353,1.798823,-0.776471,0.804728,1,0,0
2026-08-20T15:49:34.212,31.354511,203,56,7,8,R7C3,6,5,0.983529,1.307059,-0.323529,0.000000,1,0,0
2026-08-20T15:49:34.212,31.355432,203,57,8,1,R8C9,8,10,1.837647,1.824706,0.012941,0.000000,1,0,0
2026-08-20T15:49:34.212,31.356366,203,58,8,2,R8C10,8,12,1.811765,1.785882,0.025882,0.000000,1,0,0
2026-08-20T15:49:34.212,31.358367,203,59,8,3,R8C11,8,14,1.798823,1.785882,0.012941,0.000000,1,0,0
2026-08-20T15:49:34.212,31.360366,203,60,8,4,R8C12,8,16,1.811765,1.798823,0.012941,0.000000,1,0,0
2026-08-20T15:49:34.212,31.362362,203,61,8,5,R8C1,8,1,1.617647,1.721177,-0.103529,0.000000,1,0,0
2026-08-20T15:49:34.213,31.365605,203,62,8,6,R8C2,8,3,1.540000,1.798823,-0.258824,0.000000,1,0,0
2026-08-20T15:49:34.213,31.366438,203,63,8,7,R8C3,8,5,0.000000,1.617647,-1.617647,1.000000,1,1,0
2026-08-20T15:49:34.213,31.369611,203,64,8,8,R8C4,8,7,1.332941,1.747059,-0.414118,0.248677,1,0,0
2026-08-20T15:49:34.213,31.371439,203,65,9,1,R9C10,10,12,1.798823,1.798823,0.000000,0.000000,1,0,0
2026-08-20T15:49:34.213,31.372596,203,66,9,2,R9C11,10,14,1.811765,1.785882,0.025882,0.000000,1,0,0
2026-08-20T15:49:34.213,31.376645,203,67,9,3,R9C12,10,16,1.811765,1.798823,0.012941,0.000000,1,0,0
2026-08-20T15:49:34.213,31.377392,203,68,9,4,R9C1,10,1,0.000000,1.643529,-1.643529,1.000000,1,1,0
2026-08-20T15:49:34.213,31.378382,203,69,9,5,R9C2,10,3,1.190588,1.785882,-0.595294,0.523810,1,0,0
2026-08-20T15:49:34.213,31.381462,203,70,9,6,R9C3,10,5,0.427059,0.698824,-0.271765,0.000000,1,0,0
2026-08-20T15:49:34.466,31.531078,203,71,9,7,R9C4,10,7,0.815294,1.811765,-0.996471,1.000000,1,0,0
2026-08-20T15:49:34.466,31.537797,203,72,9,8,R9C5,10,2,1.785882,1.798823,-0.012941,0.000000,1,0,0
2026-08-20T15:49:34.466,31.539461,203,73,10,1,R10C11,12,14,1.785882,1.837647,-0.051765,0.000000,1,0,0
2026-08-20T15:49:34.466,31.540384,203,74,10,2,R10C12,12,16,1.811765,1.850588,-0.038823,0.000000,1,0,0
2026-08-20T15:49:34.466,31.541388,203,75,10,3,R10C1,12,1,1.811765,1.811765,0.000000,0.000000,1,0,0
2026-08-20T15:49:34.466,31.543416,203,76,10,4,R10C2,12,3,1.811765,1.811765,0.000000,0.000000,1,0,0
2026-08-20T15:49:34.466,31.545403,203,77,10,5,R10C3,12,5,1.811765,1.798823,0.012941,0.000000,1,0,0
2026-08-20T15:49:34.467,31.547390,203,78,10,6,R10C4,12,7,1.824706,1.811765,0.012941,0.000000,1,0,0
2026-08-20T15:49:34.467,31.550429,203,79,10,7,R10C5,12,2,1.798823,1.785882,0.012941,0.000000,1,0,0
2026-08-20T15:49:34.467,31.553217,203,80,10,8,R10C6,12,4,1.811765,1.811765,0.000000,0.000000,1,0,0
2026-08-20T15:49:34.467,31.555038,203,81,11,1,R11C12,14,16,1.837647,1.811765,0.025882,0.000000,1,0,0
2026-08-20T15:49:34.467,31.556382,203,82,11,2,R11C1,14,1,1.708235,1.734118,-0.025882,0.000000,1,0,0
2026-08-20T15:49:34.467,31.557411,203,83,11,3,R11C2,14,3,1.112941,1.009412,0.103529,0.000000,1,0,0
2026-08-20T15:49:34.467,31.561487,203,84,11,4,R11C3,14,5,1.604706,1.772941,-0.168235,0.000000,1,0,0
2026-08-20T15:49:34.467,31.562426,203,85,11,5,R11C4,14,7,0.854118,1.708235,-0.854118,1.000000,1,0,0
2026-08-20T15:49:34.467,31.564495,203,86,11,6,R11C5,14,2,1.811765,1.785882,0.025882,0.000000,1,0,0
2026-08-20T15:49:34.650,31.566441,203,87,11,7,R11C6,14,4,0.258824,1.785882,-1.527059,1.000000,1,0,0
2026-08-20T15:49:34.650,31.791434,203,88,11,8,R11C7,14,6,1.449412,1.688824,-0.239412,0.000000,1,0,0
2026-08-20T15:49:34.650,31.792371,203,89,12,1,R12C1,16,1,1.656471,1.785882,-0.129412,0.000000,1,0,0
2026-08-20T15:49:34.650,31.793358,203,90,12,2,R12C2,16,3,0.000000,1.785882,-1.785882,1.000000,1,1,0
2026-08-20T15:49:34.651,31.794343,203,91,12,3,R12C3,16,5,1.669412,1.760000,-0.090588,0.000000,1,0,0
2026-08-20T15:49:34.651,31.797486,203,92,12,4,R12C4,16,7,1.785882,1.785882,0.000000,0.000000,1,0,0
2026-08-20T15:49:34.651,31.799498,203,93,12,5,R12C5,16,2,1.785882,1.798823,-0.012941,0.000000,1,0,0
2026-08-20T15:49:34.651,31.801452,203,94,12,6,R12C6,16,4,0.000000,1.481765,-1.481765,1.000000,1,1,0
2026-08-20T15:49:34.651,31.803852,203,95,12,7,R12C7,16,6,0.000000,1.708235,-1.708235,1.000000,1,1,0
2026-08-20T15:49:34.651,31.805640,204,96,12,8,R12C8,16,8,0.000000,1.760000,-1.760000,1.000000,1,1,0
2026-08-20T15:49:34.651,31.809453,204,1,1,1,R1C2,1,3,1.811765,1.811765,0.000000,0.000000,1,0,0
2026-08-20T15:49:34.651,31.810416,204,2,1,2,R1C3,1,5,1.811765,1.798823,0.012941,0.000000,1,0,0
2026-08-20T15:49:34.651,31.811569,204,3,1,3,R1C4,1,7,1.824706,1.824706,0.000000,0.000000,1,0,0
2026-08-20T15:49:34.651,31.815397,204,4,1,4,R1C5,1,2,1.811765,1.785882,0.025882,0.000000,1,0,0
2026-08-20T15:49:34.651,31.816433,204,5,1,5,R1C6,1,4,1.811765,1.811765,0.000000,0.000000,1,0,0
2026-08-20T15:49:34.651,31.818564,204,6,1,6,R1C7,1,6,1.811765,1.811765,0.000000,0.000000,1,0,0
2026-08-20T15:49:34.905,31.820410,204,7,1,7,R1C8,1,8,1.811765,1.811765,0.000000,0.000000,1,0,0
2026-08-20T15:49:34.905,31.975590,204,8,1,8,R1C9,1,10,1.850588,1.824706,0.025882,0.000000,1,0,0
2026-08-20T15:49:34.905,31.976357,204,9,2,1,R2C3,3,5,1.798823,1.721177,0.077647,0.000000,1,0,0
2026-08-20T15:49:34.905,31.977380,204,10,2,2,R2C4,3,7,1.798823,1.708235,0.090588,0.000000,1,0,0
2026-08-20T15:49:34.905,31.979358,204,11,2,3,R2C5,3,2,1.772941,1.785882,-0.012941,0.000000,1,0,0
2026-08-20T15:49:34.905,31.981377,204,12,2,4,R2C6,3,4,1.798823,1.772941,0.025882,0.000000,1,0,0
2026-08-20T15:49:34.905,31.983366,204,13,2,5,R2C7,3,6,1.747059,1.785882,-0.038823,0.000000,1,0,0
2026-08-20T15:49:34.905,31.986794,204,14,2,6,R2C8,3,8,1.695294,1.772941,-0.077647,0.000000,1,0,0
2026-08-20T15:49:34.906,31.988430,204,15,2,7,R2C9,3,10,1.798823,1.824706,-0.025882,0.000000,1,0,0
2026-08-20T15:49:34.906,31.990585,204,16,2,8,R2C10,3,12,1.785882,1.785882,0.000000,0.000000,1,0,0
2026-08-20T15:49:34.906,31.992317,204,17,3,1,R3C4,5,7,1.798823,1.824706,-0.025882,0.000000,1,0,0
2026-08-20T15:49:34.906,31.993437,204,18,3,2,R3C5,5,2,1.798823,1.811765,-0.012941,0.000000,1,0,0
2026-08-20T15:49:34.906,31.997317,204,19,3,3,R3C6,5,4,1.811765,1.811765,0.000000,0.000000,1,0,0
2026-08-20T15:49:34.906,31.998368,204,20,3,4,R3C7,5,6,1.811765,1.811765,0.000000,0.000000,1,0,0
2026-08-20T15:49:34.906,31.999367,204,21,3,5,R3C8,5,8,1.811765,1.811765,0.000000,0.000000,1,0,0
2026-08-20T15:49:34.906,32.002392,204,22,3,6,R3C9,5,10,1.837647,1.850588,-0.012941,0.000000,1,0,0
2026-08-20T15:49:35.090,32.004386,204,23,3,7,R3C10,5,12,1.785882,1.811765,-0.025882,0.000000,1,0,0
2026-08-20T15:49:35.090,32.231401,204,24,3,8,R3C11,5,14,1.811765,1.785882,0.025882,0.000000,1,0,0
2026-08-20T15:49:35.090,32.232456,204,25,4,1,R4C5,7,2,1.785882,1.785882,0.000000,0.000000,1,0,0
2026-08-20T15:49:35.090,32.233427,204,26,4,2,R4C6,7,4,1.811765,1.785882,0.025882,0.000000,1,0,0
2026-08-20T15:49:35.091,32.234344,204,27,4,3,R4C7,7,6,1.824706,1.798823,0.025882,0.000000,1,0,0
2026-08-20T15:49:35.091,32.237392,204,28,4,4,R4C8,7,8,1.837647,1.798823,0.038824,0.000000,1,0,0
2026-08-20T15:49:35.091,32.239382,204,29,4,5,R4C9,7,10,1.824706,1.811765,0.012941,0.000000,1,0,0
2026-08-20T15:49:35.091,32.241384,204,30,4,6,R4C10,7,12,1.785882,1.811765,-0.025882,0.000000,1,0,0
2026-08-20T15:49:35.091,32.244518,204,31,4,7,R4C11,7,14,1.798823,1.837647,-0.038824,0.000000,1,0,0
2026-08-20T15:49:35.091,32.245786,204,32,4,8,R4C12,7,16,1.824706,1.811765,0.012941,0.000000,1,0,0
2026-08-20T15:49:35.091,32.248463,204,33,5,1,R5C6,2,4,1.811765,1.811765,0.000000,0.000000,1,0,0
2026-08-20T15:49:35.091,32.250332,204,34,5,2,R5C7,2,6,1.811765,1.811765,0.000000,0.000000,1,0,0
2026-08-20T15:49:35.091,32.251480,204,35,5,3,R5C8,2,8,1.824706,1.811765,0.012941,0.000000,1,0,0
2026-08-20T15:49:35.091,32.255395,204,36,5,4,R5C9,2,10,1.850588,1.824706,0.025882,0.000000,1,0,0
2026-08-20T15:49:35.091,32.256401,204,37,5,5,R5C10,2,12,1.785882,1.785882,0.000000,0.000000,1,0,0
2026-08-20T15:49:35.091,32.257405,204,38,5,6,R5C11,2,14,1.785882,1.811765,-0.025882,0.000000,1,0,0
2026-08-20T15:49:35.091,32.260535,204,39,5,7,R5C12,2,16,1.798823,1.785882,0.012941,0.000000,1,0,0
2026-08-20T15:49:35.348,32.409311,204,40,5,8,R5C1,2,1,1.798823,1.811765,-0.012941,0.000000,1,0,0
2026-08-20T15:49:35.348,32.416269,204,41,6,1,R6C7,4,6,1.811765,1.785882,0.025882,0.000000,1,0,0
2026-08-20T15:49:35.348,32.417366,204,42,6,2,R6C8,4,8,1.824706,1.785882,0.038823,0.000000,1,0,0
2026-08-20T15:49:35.349,32.418360,204,43,6,3,R6C9,4,10,1.824706,1.837647,-0.012941,0.000000,1,0,0
2026-08-20T15:49:35.349,32.419353,204,44,6,4,R6C10,4,12,1.785882,1.798823,-0.012941,0.000000,1,0,0
2026-08-20T15:49:35.349,32.422393,204,45,6,5,R6C11,4,14,1.850588,1.798823,0.051765,0.000000,1,0,0
2026-08-20T15:49:35.349,32.423354,204,46,6,6,R6C12,4,16,1.811765,1.811765,0.000000,0.000000,1,0,0
2026-08-20T15:49:35.349,32.427023,204,47,6,7,R6C1,4,1,1.669412,1.734118,-0.064706,0.000000,1,0,0
2026-08-20T15:49:35.349,32.428383,204,48,6,8,R6C2,4,3,1.785882,1.540000,0.245882,0.000000,1,0,0
2026-08-20T15:49:35.349,32.432454,204,49,7,1,R7C8,6,8,1.785882,1.747059,0.038823,0.000000,1,0,0
2026-08-20T15:49:35.349,32.433380,204,50,7,2,R7C9,6,10,1.837647,1.798823,0.038824,0.000000,1,0,0
2026-08-20T15:49:35.349,32.434466,204,51,7,3,R7C10,6,12,1.785882,1.798823,-0.012941,0.000000,1,0,0
2026-08-20T15:49:35.349,32.438394,204,52,7,4,R7C11,6,14,1.837647,1.798823,0.038824,0.000000,1,0,0
2026-08-20T15:49:35.349,32.439394,204,53,7,5,R7C12,6,16,1.798823,1.824706,-0.025882,0.000000,1,0,0
2026-08-20T15:49:35.349,32.440498,204,54,7,6,R7C1,6,1,1.785882,1.604706,0.181176,0.000000,1,0,0
2026-08-20T15:49:35.349,32.443456,204,55,7,7,R7C2,6,3,1.798823,1.798823,0.000000,0.000000,1,0,0
2026-08-20T15:49:35.349,32.445492,204,56,7,8,R7C3,6,5,1.397647,0.983529,0.414118,0.000000,1,0,0
2026-08-20T15:49:35.536,32.667551,204,57,8,1,R8C9,8,10,1.850588,1.837647,0.012941,0.000000,1,0,0
2026-08-20T15:49:35.536,32.674765,204,58,8,2,R8C10,8,12,1.785882,1.785882,0.000000,0.000000,1,0,0
2026-08-20T15:49:35.536,32.676478,204,59,8,3,R8C11,8,14,1.785882,1.798823,-0.012941,0.000000,1,0,0
2026-08-20T15:49:35.536,32.677402,204,60,8,4,R8C12,8,16,1.824706,1.798823,0.025882,0.000000,1,0,0
2026-08-20T15:49:35.536,32.678413,204,61,8,5,R8C1,8,1,1.785882,1.617647,0.168235,0.000000,1,0,0
2026-08-20T15:49:35.536,32.680551,204,62,8,6,R8C2,8,3,1.695294,1.669412,0.025882,0.000000,1,0,0
2026-08-20T15:49:35.536,32.682518,204,63,8,7,R8C3,8,5,1.578824,1.617647,-0.038823,0.000000,1,0,0
2026-08-20T15:49:35.536,32.684399,204,64,8,8,R8C4,8,7,1.824706,1.747059,0.077647,0.000000,1,0,0
2026-08-20T15:49:35.536,32.686425,204,65,9,1,R9C10,10,12,1.785882,1.798823,-0.012941,0.000000,1,0,0
2026-08-20T15:49:35.536,32.690597,204,66,9,2,R9C11,10,14,1.785882,1.811765,-0.025882,0.000000,1,0,0
2026-08-20T15:49:35.537,32.692858,204,67,9,3,R9C12,10,16,1.798823,1.798823,0.000000,0.000000,1,0,0
2026-08-20T15:49:35.537,32.694633,204,68,9,4,R9C1,10,1,1.747059,1.643529,0.103529,0.000000,1,0,0
2026-08-20T15:49:35.537,32.696668,204,69,9,5,R9C2,10,3,1.747059,1.785882,-0.038823,0.000000,1,0,0
2026-08-20T15:49:35.537,32.699700,204,70,9,6,R9C3,10,5,1.785882,0.440000,1.345882,0.000000,1,0,0
2026-08-20T15:49:35.537,32.700402,204,71,9,7,R9C4,10,7,1.824706,1.811765,0.012941,0.000000,1,0,0
2026-08-20T15:49:35.537,32.701352,204,72,9,8,R9C5,10,2,1.798823,1.785882,0.012941,0.000000,1,0,0
2026-08-20T15:49:35.537,32.703448,204,73,10,1,R10C11,12,14,1.811765,1.837647,-0.025882,0.000000,1,0,0
2026-08-20T15:49:35.792,32.861493,204,74,10,2,R10C12,12,16,1.798823,1.850588,-0.051765,0.000000,1,0,0
2026-08-20T15:49:35.792,32.862410,204,75,10,3,R10C1,12,1,1.811765,1.811765,0.000000,0.000000,1,0,0
2026-08-20T15:49:35.792,32.863378,204,76,10,4,R10C2,12,3,1.798823,1.811765,-0.012941,0.000000,1,0,0
2026-08-20T15:49:35.792,32.864373,204,77,10,5,R10C3,12,5,1.798823,1.811765,-0.012941,0.000000,1,0,0
2026-08-20T15:49:35.792,32.867398,204,78,10,6,R10C4,12,7,1.837647,1.824706,0.012941,0.000000,1,0,0
2026-08-20T15:49:35.792,32.869397,204,79,10,7,R10C5,12,2,1.798823,1.798823,0.000000,0.000000,1,0,0
2026-08-20T15:49:35.792,32.872428,204,80,10,8,R10C6,12,4,1.811765,1.811765,0.000000,0.000000,1,0,0
2026-08-20T15:49:35.792,32.873600,204,81,11,1,R11C12,14,16,1.837647,1.811765,0.025882,0.000000,1,0,0
2026-08-20T15:49:35.792,32.876204,204,82,11,2,R11C1,14,1,1.811765,1.708235,0.103529,0.000000,1,0,0
2026-08-20T15:49:35.792,32.877949,204,83,11,3,R11C2,14,3,0.880000,1.112941,-0.232941,0.000000,1,0,0
2026-08-20T15:49:35.793,32.879567,204,84,11,4,R11C3,14,5,1.798823,1.643529,0.155294,0.000000,1,0,0
2026-08-20T15:49:35.793,32.883041,204,85,11,5,R11C4,14,7,1.811765,1.708235,0.103529,0.000000,1,0,0
2026-08-20T15:49:35.793,32.884459,204,86,11,6,R11C5,14,2,1.824706,1.785882,0.038823,0.000000,1,0,0
2026-08-20T15:49:35.793,32.885402,204,87,11,7,R11C6,14,4,1.760000,1.785882,-0.025882,0.000000,1,0,0
2026-08-20T15:49:35.793,32.888569,204,88,11,8,R11C7,14,6,1.824706,1.507647,0.317059,0.000000,1,0,0
2026-08-20T15:49:35.793,32.889435,204,89,12,1,R12C1,16,1,1.695294,1.734118,-0.038823,0.000000,1,0,0
2026-08-20T15:49:35.979,32.892459,204,90,12,2,R12C2,16,3,0.000000,1.785882,-1.785882,1.000000,1,1,0
2026-08-20T15:49:35.979,33.118276,204,91,12,3,R12C3,16,5,1.785882,1.669412,0.116471,0.000000,1,0,0
2026-08-20T15:49:35.979,33.119428,204,92,12,4,R12C4,16,7,1.837647,1.779412,0.058235,0.000000,1,0,0
2026-08-20T15:49:35.979,33.120373,204,93,12,5,R12C5,16,2,1.798823,1.785882,0.012941,0.000000,1,0,0
2026-08-20T15:49:35.979,33.121360,204,94,12,6,R12C6,16,4,1.320000,1.481765,-0.161765,0.000000,1,0,0
2026-08-20T15:49:35.979,33.124384,204,95,12,7,R12C7,16,6,1.721177,1.708235,0.012941,0.000000,1,0,0
2026-08-20T15:49:35.979,33.125380,205,96,12,8,R12C8,16,8,0.789412,1.760000,-0.970588,1.000000,1,0,0
2026-08-20T15:49:35.979,33.128389,205,1,1,1,R1C2,1,3,1.798823,1.811765,-0.012941,0.000000,1,0,0
2026-08-20T15:49:35.979,33.131350,205,2,1,2,R1C3,1,5,1.811765,1.811765,0.000000,0.000000,1,0,0
2026-08-20T15:49:35.979,33.132451,205,3,1,3,R1C4,1,7,1.837647,1.824706,0.012941,0.000000,1,0,0
2026-08-20T15:49:35.980,33.135385,205,4,1,4,R1C5,1,2,1.811765,1.798823,0.012941,0.000000,1,0,0
2026-08-20T15:49:35.980,33.137231,205,5,1,5,R1C6,1,4,1.772941,1.811765,-0.038823,0.000000,1,0,0
2026-08-20T15:49:35.980,33.138389,205,6,1,6,R1C7,1,6,1.811765,1.811765,0.000000,0.000000,1,0,0
2026-08-20T15:49:35.980,33.142413,205,7,1,7,R1C8,1,8,1.785882,1.811765,-0.025882,0.000000,1,0,0
2026-08-20T15:49:35.980,33.143468,205,8,1,8,R1C9,1,10,1.824706,1.824706,0.000000,0.000000,1,0,0
2026-08-20T15:49:35.980,33.144439,205,9,2,1,R2C3,3,5,1.811765,1.721177,0.090588,0.000000,1,0,0
2026-08-20T15:49:36.237,33.146485,205,10,2,2,R2C4,3,7,1.837647,1.708235,0.129412,0.000000,1,0,0
2026-08-20T15:49:36.237,33.304394,205,11,2,3,R2C5,3,2,1.785882,1.785882,0.000000,0.000000,1,0,0
2026-08-20T15:49:36.237,33.305351,205,12,2,4,R2C6,3,4,1.798823,1.772941,0.025882,0.000000,1,0,0
2026-08-20T15:49:36.238,33.306356,205,13,2,5,R2C7,3,6,1.772941,1.760000,0.012941,0.000000,1,0,0
2026-08-20T15:49:36.238,33.307345,205,14,2,6,R2C8,3,8,1.837647,1.734118,0.103529,0.000000,1,0,0
2026-08-20T15:49:36.238,33.310349,205,15,2,7,R2C9,3,10,1.798823,1.798823,0.000000,0.000000,1,0,0
2026-08-20T15:49:36.238,33.312349,205,16,2,8,R2C10,3,12,1.837647,1.785882,0.051765,0.000000,1,0,0
2026-08-20T15:49:36.238,33.315620,205,17,3,1,R3C4,5,7,1.837647,1.824706,0.012941,0.000000,1,0,0
2026-08-20T15:49:36.238,33.316567,205,18,3,2,R3C5,5,2,1.772941,1.798823,-0.025882,0.000000,1,0,0
2026-08-20T15:49:36.238,33.319355,205,19,3,3,R3C6,5,4,1.837647,1.811765,0.025882,0.000000,1,0,0
2026-08-20T15:49:36.238,33.321087,205,20,3,4,R3C7,5,6,1.785882,1.811765,-0.025882,0.000000,1,0,0
2026-08-20T15:49:36.238,33.322451,205,21,3,5,R3C8,5,8,1.837647,1.811765,0.025882,0.000000,1,0,0
2026-08-20T15:49:36.238,33.326328,205,22,3,6,R3C9,5,10,1.824706,1.837647,-0.012941,0.000000,1,0,0
2026-08-20T15:49:36.238,33.327378,205,23,3,7,R3C10,5,12,1.811765,1.811765,0.000000,0.000000,1,0,0
2026-08-20T15:49:36.238,33.328420,205,24,3,8,R3C11,5,14,1.811765,1.785882,0.025882,0.000000,1,0,0
2026-08-20T15:49:36.238,33.331428,205,25,4,1,R4C5,7,2,1.837647,1.785882,0.051765,0.000000,1,0,0
2026-08-20T15:49:36.238,33.332493,205,26,4,2,R4C6,7,4,1.824706,1.785882,0.038823,0.000000,1,0,0
2026-08-20T15:49:36.420,33.556523,205,27,4,3,R4C7,7,6,1.811765,1.798823,0.012941,0.000000,1,0,0
2026-08-20T15:49:36.420,33.563432,205,28,4,4,R4C8,7,8,1.798823,1.798823,0.000000,0.000000,1,0,0
2026-08-20T15:49:36.420,33.564424,205,29,4,5,R4C9,7,10,1.811765,1.824706,-0.012941,0.000000,1,0,0
2026-08-20T15:49:36.420,33.565357,205,30,4,6,R4C10,7,12,1.824706,1.785882,0.038823,0.000000,1,0,0
2026-08-20T15:49:36.420,33.566354,205,31,4,7,R4C11,7,14,1.798823,1.798823,0.000000,0.000000,1,0,0
2026-08-20T15:49:36.420,33.569364,205,32,4,8,R4C12,7,16,1.824706,1.824706,0.000000,0.000000,1,0,0
2026-08-20T15:49:36.420,33.571364,205,33,5,1,R5C6,2,4,1.811765,1.811765,0.000000,0.000000,1,0,0
2026-08-20T15:49:36.420,33.574217,205,34,5,2,R5C7,2,6,1.785882,1.811765,-0.025882,0.000000,1,0,0
2026-08-20T15:49:36.420,33.575367,205,35,5,3,R5C8,2,8,1.772941,1.811765,-0.038823,0.000000,1,0,0
2026-08-20T15:49:36.420,33.579693,205,36,5,4,R5C9,2,10,1.785882,1.824706,-0.038823,0.000000,1,0,0
2026-08-20T15:49:36.420,33.580657,205,37,5,5,R5C10,2,12,1.785882,1.785882,0.000000,0.000000,1,0,0
2026-08-20T15:49:36.420,33.581566,205,38,5,6,R5C11,2,14,1.798823,1.785882,0.012941,0.000000,1,0,0
2026-08-20T15:49:36.420,33.586510,205,39,5,7,R5C12,2,16,1.850588,1.798823,0.051765,0.000000,1,0,0
2026-08-20T15:49:36.421,33.587379,205,40,5,8,R5C1,2,1,1.798823,1.811765,-0.012941,0.000000,1,0,0
2026-08-20T15:49:36.421,33.588355,205,41,6,1,R6C7,4,6,1.785882,1.785882,0.000000,0.000000,1,0,0
2026-08-20T15:49:36.421,33.590380,205,42,6,2,R6C8,4,8,1.837647,1.785882,0.051765,0.000000,1,0,0
2026-08-20T15:49:36.421,33.592422,205,43,6,3,R6C9,4,10,1.824706,1.824706,0.000000,0.000000,1,0,0
2026-08-20T15:49:36.676,33.738616,205,44,6,4,R6C10,4,12,1.798823,1.798823,0.000000,0.000000,1,0,0
2026-08-20T15:49:36.676,33.745174,205,45,6,5,R6C11,4,14,1.785882,1.798823,-0.012941,0.000000,1,0,0
2026-08-20T15:49:36.676,33.746392,205,46,6,6,R6C12,4,16,1.798823,1.811765,-0.012941,0.000000,1,0,0
2026-08-20T15:49:36.676,33.747370,205,47,6,7,R6C1,4,1,1.514118,1.734118,0.000000,0.000000,1,0,0
2026-08-20T15:49:36.676,33.748366,205,48,6,8,R6C2,4,3,1.760000,1.540000,0.000000,0.000000,1,0,0
2026-08-20T15:49:36.676,33.750374,205,49,7,1,R7C8,6,8,1.811765,1.747059,0.064706,0.000000,1,0,0
2026-08-20T15:49:36.676,33.753411,205,50,7,2,R7C9,6,10,1.824706,1.837647,-0.012941,0.000000,1,0,0
2026-08-20T15:49:36.676,33.754376,205,51,7,3,R7C10,6,12,1.785882,1.798823,-0.012941,0.000000,1,0,0
2026-08-20T15:49:36.676,33.757539,205,52,7,4,R7C11,6,14,1.811765,1.837647,-0.025882,0.000000,1,0,0
2026-08-20T15:49:36.676,33.759926,205,53,7,5,R7C12,6,16,1.811765,1.824706,-0.012941,0.000000,1,0,0
2026-08-20T15:49:36.676,33.761668,205,54,7,6,R7C1,6,1,1.798823,1.675882,0.122941,0.000000,1,0,0
2026-08-20T15:49:36.677,33.763451,205,55,7,7,R7C2,6,3,1.798823,1.798823,0.000000,0.000000,1,0,0
2026-08-20T15:49:36.677,33.766688,205,56,7,8,R7C3,6,5,1.397647,0.983529,0.414118,0.000000,1,0,0
2026-08-20T15:49:36.677,33.768493,205,57,8,1,R8C9,8,10,1.850588,1.837647,0.012941,0.000000,1,0,0
2026-08-20T15:49:36.677,33.769417,205,58,8,2,R8C10,8,12,1.785882,1.785882,0.000000,0.000000,1,0,0
2026-08-20T15:49:36.677,33.771423,205,59,8,3,R8C11,8,14,1.824706,1.785882,0.038823,0.000000,1,0,0
2026-08-20T15:49:36.862,33.773411,205,60,8,4,R8C12,8,16,1.837647,1.811765,0.025882,0.000000,1,0,0
2026-08-20T15:49:36.862,34.002274,205,61,8,5,R8C1,8,1,1.772941,1.617647,0.155294,0.000000,1,0,0
2026-08-20T15:49:36.862,34.003449,205,62,8,6,R8C2,8,3,1.811765,1.617647,0.194118,0.000000,1,0,0
2026-08-20T15:49:36.862,34.004386,205,63,8,7,R8C3,8,5,0.750588,1.617647,0.000000,0.000000,1,0,0
2026-08-20T15:49:36.862,34.005365,205,64,8,8,R8C4,8,7,1.747059,1.747059,0.000000,0.000000,1,0,0
2026-08-20T15:49:36.862,34.008402,205,65,9,1,R9C10,10,12,1.785882,1.798823,-0.012941,0.000000,1,0,0
2026-08-20T15:49:36.863,34.009386,205,66,9,2,R9C11,10,14,1.785882,1.811765,-0.025882,0.000000,1,0,0
2026-08-20T15:49:36.863,34.012395,205,67,9,3,R9C12,10,16,1.785882,1.798823,-0.012941,0.000000,1,0,0
2026-08-20T15:49:36.863,34.015326,205,68,9,4,R9C1,10,1,1.501176,1.643529,0.000000,0.000000,1,0,0
2026-08-20T15:49:36.863,34.016574,205,69,9,5,R9C2,10,3,1.798823,1.785882,0.000000,0.000000,1,0,0
2026-08-20T15:49:36.863,34.019305,205,70,9,6,R9C3,10,5,1.760000,0.440000,1.320000,0.000000,1,0,0
2026-08-20T15:49:36.863,34.021075,205,71,9,7,R9C4,10,7,1.811765,1.811765,0.000000,0.000000,1,0,0
2026-08-20T15:49:36.863,34.022423,205,72,9,8,R9C5,10,2,1.785882,1.785882,0.000000,0.000000,1,0,0
2026-08-20T15:49:36.863,34.026095,205,73,10,1,R10C11,12,14,1.785882,1.811765,-0.025882,0.000000,1,0,0
2026-08-20T15:49:36.863,34.027474,205,74,10,2,R10C12,12,16,1.850588,1.811765,0.038823,0.000000,1,0,0
2026-08-20T15:49:36.863,34.028399,205,75,10,3,R10C1,12,1,1.785882,1.811765,-0.025882,0.000000,1,0,0
2026-08-20T15:49:36.863,34.030402,205,76,10,4,R10C2,12,3,1.798823,1.811765,-0.012941,0.000000,1,0,0
2026-08-20T15:49:37.122,34.188062,205,77,10,5,R10C3,12,5,1.811765,1.811765,0.000000,0.000000,1,0,0
2026-08-20T15:49:37.122,34.189488,205,78,10,6,R10C4,12,7,1.811765,1.824706,-0.012941,0.000000,1,0,0
2026-08-20T15:49:37.122,34.190425,205,79,10,7,R10C5,12,2,1.798823,1.798823,0.000000,0.000000,1,0,0
2026-08-20T15:49:37.122,34.191428,205,80,10,8,R10C6,12,4,1.785882,1.811765,-0.025882,0.000000,1,0,0
2026-08-20T15:49:37.122,34.193485,205,81,11,1,R11C12,14,16,1.824706,1.837647,-0.012941,0.000000,1,0,0
2026-08-20T15:49:37.122,34.195447,205,82,11,2,R11C1,14,1,1.760000,1.798823,-0.038823,0.000000,1,0,0
2026-08-20T15:49:37.122,34.198464,205,83,11,3,R11C2,14,3,1.488235,1.112941,0.375294,0.000000,1,0,0
2026-08-20T15:49:37.122,34.200862,205,84,11,4,R11C3,14,5,1.785882,1.772941,0.012941,0.000000,1,0,0
2026-08-20T15:49:37.122,34.202505,205,85,11,5,R11C4,14,7,1.811765,1.760000,0.051765,0.000000,1,0,0
2026-08-20T15:49:37.122,34.206500,205,86,11,6,R11C5,14,2,1.785882,1.811765,-0.025882,0.000000,1,0,0
2026-08-20T15:49:37.122,34.207666,205,87,11,7,R11C6,14,4,1.798823,1.785882,0.000000,0.000000,1,0,0
2026-08-20T15:49:37.122,34.208390,205,88,11,8,R11C7,14,6,1.760000,1.565882,0.194118,0.000000,1,0,0
2026-08-20T15:49:37.123,34.211712,205,89,12,1,R12C1,16,1,1.695294,1.695294,0.000000,0.000000,1,0,0
2026-08-20T15:49:37.123,34.213550,205,90,12,2,R12C2,16,3,0.000000,1.785882,-1.785882,1.000000,1,1,0
2026-08-20T15:49:37.123,34.214386,205,91,12,3,R12C3,16,5,1.760000,1.669412,0.090588,0.000000,1,0,0
2026-08-20T15:49:37.123,34.216408,205,92,12,4,R12C4,16,7,1.747059,1.811765,-0.064706,0.000000,1,0,0
2026-08-20T15:49:37.123,34.218446,205,93,12,5,R12C5,16,2,1.837647,1.798823,0.038824,0.000000,1,0,0
2026-08-20T15:49:37.309,34.440939,205,94,12,6,R12C6,16,4,1.747059,1.481765,0.000000,0.000000,1,0,0
2026-08-20T15:49:37.309,34.447949,205,95,12,7,R12C7,16,6,1.578824,1.708235,0.000000,0.000000,1,0,0
2026-08-20T15:49:37.310,34.449394,206,96,12,8,R12C8,16,8,1.514118,1.760000,-0.245882,0.000000,1,0,0
2026-08-20T15:49:37.310,34.450360,206,1,1,1,R1C2,1,3,1.811765,1.811765,0.000000,0.000000,1,0,0
2026-08-20T15:49:37.310,34.451357,206,2,1,2,R1C3,1,5,1.772941,1.811765,-0.038823,0.000000,1,0,0
2026-08-20T15:49:37.310,34.453353,206,3,1,3,R1C4,1,7,1.798823,1.824706,-0.025882,0.000000,1,0,0
2026-08-20T15:49:37.310,34.455388,206,4,1,4,R1C5,1,2,1.798823,1.811765,-0.012941,0.000000,1,0,0
2026-08-20T15:49:37.310,34.457389,206,5,1,5,R1C6,1,4,1.824706,1.811765,0.012941,0.000000,1,0,0
2026-08-20T15:49:37.310,34.460518,206,6,1,6,R1C7,1,6,1.798823,1.811765,-0.012941,0.000000,1,0,0
2026-08-20T15:49:37.310,34.462643,206,7,1,7,R1C8,1,8,1.785882,1.811765,-0.025882,0.000000,1,0,0
2026-08-20T15:49:37.310,34.464443,206,8,1,8,R1C9,1,10,1.824706,1.824706,0.000000,0.000000,1,0,0
2026-08-20T15:49:37.310,34.465566,206,9,2,1,R2C3,3,5,1.747059,1.798823,-0.051765,0.000000,1,0,0
2026-08-20T15:49:37.310,34.470425,206,10,2,2,R2C4,3,7,1.772941,1.798823,-0.025882,0.000000,1,0,0
2026-08-20T15:49:37.310,34.471403,206,11,2,3,R2C5,3,2,1.785882,1.785882,0.000000,0.000000,1,0,0
2026-08-20T15:49:37.310,34.472434,206,12,2,4,R2C6,3,4,1.811765,1.798823,0.012941,0.000000,1,0,0
2026-08-20T15:49:37.310,34.475523,206,13,2,5,R2C7,3,6,1.811765,1.772941,0.038823,0.000000,1,0,0
2026-08-20T15:49:37.310,34.476398,206,14,2,6,R2C8,3,8,1.824706,1.798823,0.025882,0.000000,1,0,0
2026-08-20T15:49:37.571,34.628574,206,15,2,7,R2C9,3,10,1.798823,1.798823,0.000000,0.000000,1,0,0
2026-08-20T15:49:37.571,34.635764,206,16,2,8,R2C10,3,12,1.798823,1.785882,0.012941,0.000000,1,0,0
2026-08-20T15:49:37.571,34.637490,206,17,3,1,R3C4,5,7,1.785882,1.824706,-0.038823,0.000000,1,0,0
2026-08-20T15:49:37.571,34.638432,206,18,3,2,R3C5,5,2,1.798823,1.798823,0.000000,0.000000,1,0,0
2026-08-20T15:49:37.571,34.639437,206,19,3,3,R3C6,5,4,1.837647,1.811765,0.025882,0.000000,1,0,0
2026-08-20T15:49:37.572,34.641470,206,20,3,4,R3C7,5,6,1.772941,1.811765,-0.038823,0.000000,1,0,0
2026-08-20T15:49:37.572,34.643505,206,21,3,5,R3C8,5,8,1.811765,1.811765,0.000000,0.000000,1,0,0
2026-08-20T15:49:37.572,34.645416,206,22,3,6,R3C9,5,10,1.850588,1.837647,0.012941,0.000000,1,0,0
2026-08-20T15:49:37.572,34.648500,206,23,3,7,R3C10,5,12,1.798823,1.811765,-0.012941,0.000000,1,0,0
2026-08-20T15:49:37.572,34.649498,206,24,3,8,R3C11,5,14,1.785882,1.811765,-0.025882,0.000000,1,0,0
2026-08-20T15:49:37.572,34.654091,206,25,4,1,R4C5,7,2,1.798823,1.785882,0.012941,0.000000,1,0,0
2026-08-20T15:49:37.572,34.655627,206,26,4,2,R4C6,7,4,1.850588,1.811765,0.038823,0.000000,1,0,0
2026-08-20T15:49:37.572,34.656548,206,27,4,3,R4C7,7,6,1.772941,1.811765,-0.038823,0.000000,1,0,0
2026-08-20T15:49:37.572,34.660554,206,28,4,4,R4C8,7,8,1.772941,1.798823,-0.025882,0.000000,1,0,0
2026-08-20T15:49:37.572,34.661407,206,29,4,5,R4C9,7,10,1.785882,1.811765,-0.025882,0.000000,1,0,0
2026-08-20T15:49:37.572,34.662445,206,30,4,6,R4C10,7,12,1.785882,1.785882,0.000000,0.000000,1,0,0
2026-08-20T15:49:37.760,34.665538,206,31,4,7,R4C11,7,14,1.811765,1.798823,0.012941,0.000000,1,0,0
2026-08-20T15:49:37.760,34.897789,206,32,4,8,R4C12,7,16,1.824706,1.824706,0.000000,0.000000,1,0,0
2026-08-20T15:49:37.760,34.899687,206,33,5,1,R5C6,2,4,1.772941,1.811765,-0.038823,0.000000,1,0,0
2026-08-20T15:49:37.760,34.900431,206,34,5,2,R5C7,2,6,1.772941,1.811765,-0.038823,0.000000,1,0,0
2026-08-20T15:49:37.760,34.901395,206,35,5,3,R5C8,2,8,1.785882,1.811765,-0.025882,0.000000,1,0,0
2026-08-20T15:49:37.761,34.903423,206,36,5,4,R5C9,2,10,1.798823,1.824706,-0.025882,0.000000,1,0,0
2026-08-20T15:49:37.761,34.905475,206,37,5,5,R5C10,2,12,1.785882,1.785882,0.000000,0.000000,1,0,0
2026-08-20T15:49:37.761,34.907446,206,38,5,6,R5C11,2,14,1.785882,1.785882,0.000000,0.000000,1,0,0
2026-08-20T15:49:37.761,34.911051,206,39,5,7,R5C12,2,16,1.824706,1.798823,0.025882,0.000000,1,0,0
2026-08-20T15:49:37.761,34.912559,206,40,5,8,R5C1,2,1,1.772941,1.798823,-0.025882,0.000000,1,0,0
2026-08-20T15:49:37.761,34.915058,206,41,6,1,R6C7,4,6,1.785882,1.785882,0.000000,0.000000,1,0,0
2026-08-20T15:49:37.761,34.917251,206,42,6,2,R6C8,4,8,1.798823,1.824706,-0.025882,0.000000,1,0,0
2026-08-20T15:49:37.761,34.918440,206,43,6,3,R6C9,4,10,1.785882,1.824706,-0.038823,0.000000,1,0,0
2026-08-20T15:49:37.761,34.919433,206,44,6,4,R6C10,4,12,1.785882,1.798823,-0.012941,0.000000,1,0,0
2026-08-20T15:49:37.761,34.923502,206,45,6,5,R6C11,4,14,1.798823,1.785882,0.012941,0.000000,1,0,0
2026-08-20T15:49:37.761,34.924395,206,46,6,6,R6C12,4,16,1.811765,1.811765,0.000000,0.000000,1,0,0
2026-08-20T15:49:37.761,34.926444,206,47,6,7,R6C1,4,1,1.747059,1.591765,0.155294,0.000000,1,0,0
2026-08-20T15:49:38.023,35.086284,206,48,6,8,R6C2,4,3,1.772941,1.772941,0.000000,0.000000,1,0,0
2026-08-20T15:49:38.023,35.087443,206,49,7,1,R7C8,6,8,1.785882,1.785882,0.000000,0.000000,1,0,0
2026-08-20T15:49:38.023,35.088465,206,50,7,2,R7C9,6,10,1.837647,1.837647,0.000000,0.000000,1,0,0
2026-08-20T15:49:38.023,35.089406,206,51,7,3,R7C10,6,12,1.824706,1.785882,0.038823,0.000000,1,0,0
2026-08-20T15:49:38.024,35.092504,206,52,7,4,R7C11,6,14,1.785882,1.811765,-0.025882,0.000000,1,0,0
2026-08-20T15:49:38.024,35.093393,206,53,7,5,R7C12,6,16,1.850588,1.811765,0.038823,0.000000,1,0,0
2026-08-20T15:49:38.024,35.096522,206,54,7,6,R7C1,6,1,1.772941,1.785882,-0.012941,0.000000,1,0,0
2026-08-20T15:49:38.024,35.098976,206,55,7,7,R7C2,6,3,1.798823,1.798823,0.000000,0.000000,1,0,0
2026-08-20T15:49:38.024,35.100635,206,56,7,8,R7C3,6,5,1.268235,1.397647,-0.129412,0.000000,1,0,0
2026-08-20T15:49:38.024,35.104619,206,57,8,1,R8C9,8,10,1.811765,1.850588,-0.038823,0.000000,1,0,0
2026-08-20T15:49:38.024,35.105548,206,58,8,2,R8C10,8,12,1.824706,1.785882,0.038823,0.000000,1,0,0
2026-08-20T15:49:38.024,35.106438,206,59,8,3,R8C11,8,14,1.824706,1.798823,0.025882,0.000000,1,0,0
2026-08-20T15:49:38.024,35.111534,206,60,8,4,R8C12,8,16,1.837647,1.824706,0.012941,0.000000,1,0,0
2026-08-20T15:49:38.024,35.112408,206,61,8,5,R8C1,8,1,1.785882,1.772941,0.012941,0.000000,1,0,0
2026-08-20T15:49:38.024,35.113428,206,62,8,6,R8C2,8,3,1.798823,1.695294,0.103529,0.000000,1,0,0
2026-08-20T15:49:38.024,35.115480,206,63,8,7,R8C3,8,5,0.634118,1.164706,-0.530588,0.000000,1,0,0
2026-08-20T15:49:38.216,35.117625,206,64,8,8,R8C4,8,7,1.643529,1.785882,-0.142353,0.000000,1,0,0
2026-08-20T15:49:38.216,35.350156,206,65,9,1,R9C10,10,12,1.837647,1.785882,0.051765,0.000000,1,0,0
2026-08-20T15:49:38.216,35.351468,206,66,9,2,R9C11,10,14,1.785882,1.785882,0.000000,0.000000,1,0,0
2026-08-20T15:49:38.216,35.352405,206,67,9,3,R9C12,10,16,1.798823,1.798823,0.000000,0.000000,1,0,0
2026-08-20T15:49:38.216,35.353378,206,68,9,4,R9C1,10,1,1.501176,1.624118,-0.122941,0.000000,1,0,0
2026-08-20T15:49:38.216,35.355419,206,69,9,5,R9C2,10,3,1.798823,1.772941,0.025882,0.000000,1,0,0
2026-08-20T15:49:38.216,35.358529,206,70,9,6,R9C3,10,5,1.747059,1.760000,-0.012941,0.000000,1,0,0
2026-08-20T15:49:38.216,35.359394,206,71,9,7,R9C4,10,7,1.811765,1.818235,-0.006471,0.000000,1,0,0
2026-08-20T15:49:38.216,35.363068,206,72,9,8,R9C5,10,2,1.798823,1.785882,0.012941,0.000000,1,0,0
2026-08-20T15:49:38.216,35.364552,206,73,10,1,R10C11,12,14,1.785882,1.785882,0.000000,0.000000,1,0,0
2026-08-20T15:49:38.216,35.367042,206,74,10,2,R10C12,12,16,1.798823,1.811765,-0.012941,0.000000,1,0,0
2026-08-20T15:49:38.216,35.368837,206,75,10,3,R10C1,12,1,1.785882,1.811765,-0.025882,0.000000,1,0,0
2026-08-20T15:49:38.216,35.370479,206,76,10,4,R10C2,12,3,1.811765,1.798823,0.012941,0.000000,1,0,0
2026-08-20T15:49:38.216,35.374054,206,77,10,5,R10C3,12,5,1.785882,1.811765,-0.025882,0.000000,1,0,0
2026-08-20T15:49:38.217,35.375417,206,78,10,6,R10C4,12,7,1.811765,1.824706,-0.012941,0.000000,1,0,0
2026-08-20T15:49:38.217,35.376493,206,79,10,7,R10C5,12,2,1.837647,1.798823,0.038824,0.000000,1,0,0
2026-08-20T15:49:38.217,35.378416,206,80,10,8,R10C6,12,4,1.824706,1.811765,0.012941,0.000000,1,0,0
2026-08-20T15:49:38.476,35.534652,206,81,11,1,R11C12,14,16,1.824706,1.837647,-0.012941,0.000000,1,0,0
2026-08-20T15:49:38.476,35.541234,206,82,11,2,R11C1,14,1,1.772941,1.760000,0.012941,0.000000,1,0,0
2026-08-20T15:49:38.476,35.542397,206,83,11,3,R11C2,14,3,1.552941,1.112941,0.440000,0.000000,1,0,0
2026-08-20T15:49:38.476,35.543378,206,84,11,4,R11C3,14,5,1.785882,1.785882,0.000000,0.000000,1,0,0
2026-08-20T15:49:38.477,35.544371,206,85,11,5,R11C4,14,7,1.811765,1.811765,0.000000,0.000000,1,0,0
2026-08-20T15:49:38.477,35.546401,206,86,11,6,R11C5,14,2,1.837647,1.811765,0.025882,0.000000,1,0,0
2026-08-20T15:49:38.477,35.549431,206,87,11,7,R11C6,14,4,1.811765,1.779412,0.032353,0.000000,1,0,0
2026-08-20T15:49:38.477,35.550383,206,88,11,8,R11C7,14,6,1.785882,1.760000,0.025882,0.000000,1,0,0
2026-08-20T15:49:38.477,35.554611,206,89,12,1,R12C1,16,1,1.669412,1.695294,-0.025882,0.000000,1,0,0
2026-08-20T15:49:38.477,35.556771,206,90,12,2,R12C2,16,3,0.000000,1.785882,-1.785882,1.000000,1,1,0
2026-08-20T15:49:38.477,35.558495,206,91,12,3,R12C3,16,5,1.734118,1.760000,-0.025882,0.000000,1,0,0
2026-08-20T15:49:38.477,35.559414,206,92,12,4,R12C4,16,7,1.721177,1.785882,-0.064706,0.000000,1,0,0
2026-08-20T15:49:38.477,35.563575,206,93,12,5,R12C5,16,2,1.837647,1.798823,0.038824,0.000000,1,0,0
2026-08-20T15:49:38.477,35.564432,206,94,12,6,R12C6,16,4,1.682353,1.533529,0.148823,0.000000,1,0,0
2026-08-20T15:49:38.477,35.565451,206,95,12,7,R12C7,16,6,1.540000,1.650000,-0.110000,0.000000,1,0,0
2026-08-20T15:49:38.477,35.567431,207,96,12,8,R12C8,16,8,1.643529,1.760000,0.000000,0.000000,1,0,0
2026-08-20T15:49:38.477,35.569463,207,1,1,1,R1C2,1,3,1.811765,1.811765,0.000000,0.000000,1,0,0
