action_elapsed_s,N001,N002,N003,N004,N005,N006,N007,N008,N009,N010,N011,N012,N013,N014,N015,N016,N017,N018,N019,N020,N021,N022,N023,N024,N025,N026,N027,N028,N029,N030,N031,N032,N033,N034,N035,N036
0.000000,0.000000,0.000000,0.000000,0.000000,0.000000,0.000000,0.000000,0.000000,0.000000,0.000000,0.000000,0.000000,0.000000,0.000000,0.000000,0.000000,0.000000,0.000000,0.000000,0.000000,0.000000,0.000000,0.000000,0.000000,0.000000,0.000000,0.000000,0.000000,0.000000,0.000000,0.000000,0.000000,0.000000,0.000000,0.000000,0.000000
0.050000,0.545862,0.000000,0.000000,0.000000,0.000000,0.000000,0.000000,0.000000,0.000000,0.000000,0.000000,0.000000,0.104411,0.031619,0.088236,0.000000,0.000000,0.000000,0.000000,0.000000,0.000000,0.000000,0.000000,0.000000,0.544579,0.000000,0.000000,0.000000,0.000000,1.000000,0.000000,0.000000,0.000000,0.000000,0.000000,0.000000
0.100000,0.541020,0.000000,0.000000,0.000000,0.000000,0.000000,0.000000,0.000000,0.000000,0.000000,0.000000,0.000000,0.104411,0.031619,0.088236,0.000000,0.000000,0.000000,0.000000,0.000000,0.000000,0.000000,0.000000,0.000000,0.549421,0.000000,0.000000,0.000000,0.000000,1.000000,0.000000,0.000000,0.000000,0.000000,0.000000,0.000000
0.150000,0.536178,0.000000,0.000000,0.000000,0.000000,0.000000,0.000000,0.000000,0.000000,0.000000,0.000000,0.000000,0.104411,0.031619,0.088236,0.000000,0.000000,0.000000,0.000000,0.000000,0.000000,0.000000,0.000000,0.000000,0.554263,0.000000,0.000000,0.000000,0.000000,1.000000,0.000000,0.000000,0.000000,0.000000,0.000000,0.000000
0.200000,0.533087,0.000000,0.009619,0.000000,0.000000,0.000000,0.000000,0.000000,0.000000,0.000000,0.000000,0.000000,0.104411,0.038672,0.090000,0.000000,0.000000,0.000000,0.000000,0.000000,0.000000,0.000000,0.000000,0.000000,0.546772,0.000000,0.000000,0.000000,0.000000,1.000000,0.000000,0.000000,0.000000,0.000000,0.000000,0.000000
0.250000,0.533087,0.000000,0.036203,0.000000,0.000000,0.000000,0.000000,0.000000,0.000000,0.000000,0.000000,0.000000,0.104411,0.058166,0.094873,0.000000,0.000000,0.000000,0.000000,0.000000,0.000000,0.000000,0.000000,0.000000,0.517530,0.000000,0.000000,0.000000,0.000000,1.000000,0.000000,0.000000,0.000000,0.000000,0.000000,0.000000
0.300000,0.533087,0.000000,0.062786,0.000000,0.000000,0.000000,0.000000,0.000000,0.000000,0.000000,0.000000,0.000000,0.104411,0.077660,0.099747,0.000000,0.000000,0.000000,0.000000,0.000000,0.000000,0.000000,0.000000,0.000000,0.488288,0.000000,0.000000,0.000000,0.000000,1.000000,0.000000,0.000000,0.000000,0.000000,0.000000,0.000000
0.350000,0.533087,0.000000,0.088443,0.000000,0.000000,0.000000,0.567588,0.000000,0.090383,0.000000,0.000000,0.000000,0.104411,0.107943,0.104829,0.000000,0.000000,0.000000,0.120588,0.017590,0.086088,0.000000,0.000000,0.000000,0.459046,0.000000,0.000000,0.000000,0.000000,1.000000,0.591853,0.000000,0.000000,0.000000,0.000000,1.000000
0.400000,0.533087,0.000000,0.093317,0.000000,0.000000,0.000000,0.570941,0.000000,0.093736,0.000000,0.000000,0.000000,0.104411,0.380224,0.114576,0.000000,0.000000,0.000000,0.120588,0.020943,0.082735,0.000000,0.000000,0.000000,0.429802,0.000000,0.000000,0.000000,0.000000,1.000000,0.595206,0.000000,0.000000,0.000000,0.000000,1.000000
0.450000,0.533087,0.000000,0.098191,0.000000,0.000000,0.000000,0.574294,0.000000,0.097089,0.000000,0.000000,0.000000,0.104411,0.652505,0.124324,0.000000,0.000000,0.000000,0.120588,0.024296,0.079382,0.000000,0.000000,0.000000,0.400557,0.000000,0.000000,0.000000,0.000000,1.000000,0.598559,0.000000,0.000000,0.000000,0.000000,1.000000
0.500000,0.533087,0.000000,0.103065,0.000000,0.000000,0.000000,0.577648,0.000000,0.100442,0.000000,0.000000,0.000000,0.104411,0.924785,0.134072,0.000000,0.000000,0.000000,0.120588,0.027649,0.076029,0.000000,0.000000,0.000000,0.371313,0.000000,0.000000,0.000000,0.000000,1.000000,0.601913,0.000000,0.000000,0.000000,0.000000,1.000000
0.550000,0.533087,0.000000,0.106838,0.000000,0.000000,0.000000,0.581001,0.000000,0.103794,0.000000,0.000000,0.000000,0.104411,1.000000,0.153753,0.000000,0.000000,0.000000,0.120588,0.031002,0.072676,0.000000,0.000000,0.000000,0.372942,0.000000,0.000000,0.000000,0.000000,1.000000,0.605266,0.000000,0.000000,0.000000,0.000000,1.000000
0.600000,0.533087,0.000000,0.110191,0.000000,0.000000,0.000000,0.581617,0.000000,0.108466,0.000000,0.000000,0.000000,0.104411,1.000000,0.177224,0.000000,0.000000,0.000000,0.116533,0.064055,0.092331,0.000000,0.000000,0.000000,0.386355,0.000000,0.000000,0.000000,0.000000,1.000000,0.549119,0.000000,0.000000,0.000000,0.000000,1.000000
0.650000,0.533087,0.000000,0.113544,0.000000,0.000000,0.000000,0.581617,0.000000,0.113434,0.000000,0.000000,0.000000,0.104411,1.000000,0.200695,0.000000,0.000000,0.000000,0.111565,0.103803,0.117174,0.000000,0.000000,0.000000,0.399767,0.000000,0.000000,0.000000,0.000000,1.000000,0.479560,0.000000,0.000000,0.000000,0.000000,1.000000
0.700000,0.533087,0.000000,0.116897,0.000000,0.000000,0.000000,0.581617,0.000000,0.118403,0.000000,0.000000,0.000000,0.104411,1.000000,0.224167,0.000000,0.000000,0.000000,0.106596,0.143550,0.142016,0.000000,0.000000,0.000000,0.413179,0.000000,0.000000,0.000000,0.000000,1.000000,0.410001,0.000000,0.000000,0.000000,0.000000,1.000000
0.750000,0.533087,0.000000,0.120250,0.000000,0.000000,0.000000,0.576023,0.000000,0.120588,0.000000,0.000000,0.000000,0.104411,1.000000,0.247638,0.000000,0.000000,0.000000,0.101614,0.306112,0.200497,0.000000,0.000000,0.000000,0.426591,0.000000,0.000000,0.000000,0.000000,1.000000,0.337451,0.000000,0.000000,0.000000,0.000000,1.000000
0.800000,0.537554,0.000000,0.116121,0.000000,0.000000,0.000000,0.566037,0.000000,0.120588,0.000000,0.000000,0.000000,0.104411,1.000000,0.258933,0.000000,0.000000,0.000000,0.096621,0.565076,0.285380,0.000000,0.000000,0.000000,0.423474,0.000000,0.000000,0.000000,0.000000,1.000000,0.262553,0.000000,0.000000,0.000000,0.000000,1.000000
0.850000,0.542521,0.000000,0.111155,0.000000,0.000000,0.000000,0.556050,0.000000,0.120588,0.000000,0.000000,0.000000,0.104411,1.000000,0.268866,0.000000,0.000000,0.000000,0.091628,0.824039,0.370264,0.000000,0.000000,0.000000,0.418508,0.000000,0.000000,0.000000,0.000000,1.000000,0.187655,0.000000,0.000000,0.000000,0.000000,1.000000
0.900000,0.547488,0.000000,0.106188,0.000000,0.000000,0.000000,0.547685,0.000000,0.122167,0.000000,0.000000,0.000000,0.104411,1.000000,0.278799,0.000000,0.000000,0.000000,0.086655,1.000000,0.429521,0.000000,0.000000,0.000000,0.413541,0.000000,0.000000,0.000000,0.000000,1.000000,0.143082,0.000000,0.000000,0.000000,0.000000,1.000000
0.950000,0.549265,0.000000,0.107560,0.000000,0.000000,0.000000,0.542757,0.000000,0.127095,0.000000,0.000000,0.000000,0.104411,1.000000,0.279205,0.000000,0.000000,0.000000,0.081727,1.000000,0.434449,0.000000,0.000000,0.000000,0.411764,0.000000,0.000000,0.000000,0.000000,1.000000,0.162794,0.000000,0.000000,0.000000,0.000000,1.000000
1.000000,0.549265,0.000000,0.112463,0.000000,0.000000,0.000000,0.537829,0.000000,0.132023,0.000000,0.000000,0.000000,0.104411,1.000000,0.274302,0.000000,0.000000,0.000000,0.076799,1.000000,0.439378,0.000000,0.000000,0.000000,0.411764,0.000000,0.000000,0.000000,0.000000,1.000000,0.182506,0.000000,0.000000,0.000000,0.000000,1.000000
1.050000,0.549265,0.000000,0.117366,0.000000,0.000000,0.000000,0.533240,0.000000,0.136916,0.000000,0.000000,0.000000,0.104411,1.000000,0.269399,0.000000,0.000000,0.000000,0.071905,1.000000,0.444423,0.000000,0.000000,0.000000,0.411764,0.000000,0.000000,0.000000,0.000000,1.000000,0.201774,0.000000,0.000000,0.000000,0.000000,1.000000
1.100000,0.549265,0.000000,0.117268,0.000000,0.000000,0.000000,0.537246,0.000000,0.140922,0.000000,0.000000,0.000000,0.102752,1.000000,0.269497,0.000000,0.000000,0.000000,0.067899,1.000000,0.452435,0.000000,0.000000,0.000000,0.415083,0.000000,0.000000,0.000000,0.000000,1.000000,0.209786,0.000000,0.000000,0.000000,0.000000,1.000000
1.150000,0.549265,0.000000,0.107590,0.000000,0.000000,0.000000,0.541252,0.000000,0.144928,0.000000,0.000000,0.000000,0.097913,1.000000,0.279175,0.000000,0.000000,0.000000,0.063893,1.000000,0.460447,0.000000,0.000000,0.000000,0.424761,0.000000,0.000000,0.000000,0.000000,1.000000,0.217798,0.000000,0.000000,0.000000,0.000000,1.000000
1.200000,0.549265,0.000000,0.097913,0.000000,0.000000,0.000000,0.545259,0.000000,0.148934,0.000000,0.000000,0.000000,0.093074,1.000000,0.288852,0.000000,0.000000,0.000000,0.059887,1.000000,0.468459,0.000000,0.000000,0.000000,0.434439,0.000000,0.000000,0.000000,0.000000,1.000000,0.225810,0.000000,0.000000,0.000000,0.000000,1.000000
1.250000,0.549265,0.000000,0.088235,0.000000,0.000000,0.000000,0.549265,0.000000,0.152940,0.000000,0.000000,0.000000,0.088235,1.000000,0.298530,0.000000,0.000000,0.000000,0.055881,1.000000,0.476471,0.000000,0.000000,0.000000,0.444117,0.000000,0.000000,0.000000,0.000000,1.000000,0.233822,0.000000,0.000000,0.000000,0.000000,1.000000
1.300000,0.549265,0.000000,0.088235,0.000000,0.000000,0.000000,0.554196,0.000000,0.152940,0.000000,0.000000,0.000000,0.092242,1.000000,0.310550,0.000000,0.000000,0.000000,0.055881,0.863490,0.461677,0.000000,0.000000,0.000000,0.392028,0.000000,0.000000,0.000000,0.000000,1.000000,0.253548,0.000000,0.000000,0.000000,0.000000,1.000000
1.350000,0.549265,0.000000,0.088235,0.000000,0.000000,0.000000,0.559127,0.000000,0.152940,0.000000,0.000000,0.000000,0.096249,1.000000,0.322571,0.000000,0.000000,0.000000,0.055881,0.726981,0.446882,0.000000,0.000000,0.000000,0.339939,0.000000,0.000000,0.000000,0.000000,1.000000,0.273274,0.000000,0.000000,0.000000,0.000000,1.000000
1.400000,0.549265,0.000000,0.088235,0.000000,0.000000,0.000000,0.564058,0.000000,0.152940,0.000000,0.000000,0.000000,0.100255,1.000000,0.334591,0.000000,0.000000,0.000000,0.055881,0.590471,0.432088,0.000000,0.000000,0.000000,0.287850,0.000000,0.000000,0.000000,0.000000,1.000000,0.293000,0.000000,0.000000,0.000000,0.000000,1.000000
1.450000,0.549265,0.000000,0.088235,0.000000,0.000000,0.000000,0.565440,0.000000,0.145796,0.000000,0.000000,0.000000,0.104262,1.000000,0.346611,0.000000,0.000000,0.000000,0.052309,0.492283,0.388646,0.000000,0.000000,0.000000,0.235761,0.000000,0.000000,0.000000,0.000000,1.000000,0.344968,0.000000,0.000000,0.000000,0.000000,1.000000
1.500000,0.544462,0.000000,0.093038,0.000000,0.000000,0.000000,0.565440,0.000000,0.135869,0.000000,0.000000,0.000000,0.090002,1.000000,0.380681,0.000000,0.000000,0.000000,0.047346,0.409016,0.334050,0.000000,0.000000,0.000000,0.291461,0.000000,0.000000,0.000000,0.000000,1.000000,0.409490,0.000000,0.000000,0.000000,0.000000,1.000000
1.550000,0.539472,0.000000,0.098027,0.000000,0.000000,0.000000,0.565440,0.000000,0.125943,0.000000,0.000000,0.000000,0.075035,1.000000,0.415603,0.000000,0.000000,0.000000,0.042383,0.325749,0.279455,0.000000,0.000000,0.000000,0.351327,0.000000,0.000000,0.000000,0.000000,1.000000,0.474013,0.000000,0.000000,0.000000,0.000000,1.000000
1.600000,0.534483,0.000000,0.103016,0.000000,0.000000,0.000000,0.565440,0.000000,0.103712,0.000000,0.000000,0.000000,0.060068,1.000000,0.450525,0.000000,0.000000,0.000000,0.041969,0.241526,0.220570,0.000000,0.000000,0.000000,0.411193,0.000000,0.000000,0.000000,0.000000,1.000000,0.511086,0.000000,0.000000,0.000000,0.000000,1.000000
1.650000,0.540196,0.000000,0.086639,0.000000,0.000000,0.000000,0.565440,0.000000,0.067065,0.000000,0.000000,0.000000,0.070099,0.780277,0.371436,0.000000,0.000000,0.000000,0.046885,0.156182,0.156662,0.000000,0.000000,0.000000,0.452822,0.000000,0.000000,0.000000,0.000000,1.000000,0.516003,0.000000,0.000000,0.000000,0.000000,1.000000
1.700000,0.550066,0.000000,0.061965,0.000000,0.000000,0.000000,0.565440,0.000000,0.030418,0.000000,0.000000,0.000000,0.089839,0.475207,0.248062,0.000000,0.000000,0.000000,0.051801,0.070839,0.092753,0.000000,0.000000,0.000000,0.487366,0.000000,0.000000,0.000000,0.000000,1.000000,0.520919,0.000000,0.000000,0.000000,0.000000,1.000000
1.750000,0.559936,0.000000,0.037290,0.000000,0.000000,0.000000,0.565440,0.000000,0.000000,0.000000,0.000000,0.000000,0.109579,0.170137,0.124688,0.000000,0.000000,0.000000,0.057025,0.000000,0.039706,0.000000,0.000000,0.000000,0.521911,0.000000,0.000000,0.000000,0.000000,1.000000,0.525572,0.000000,0.000000,0.000000,0.000000,1.000000
1.800000,0.565440,0.000000,0.032307,0.000000,0.000000,0.000000,0.565440,0.000000,0.000000,0.000000,0.000000,0.000000,0.120588,0.002095,0.058077,0.000000,0.000000,0.000000,0.063752,0.000000,0.039706,0.000000,0.000000,0.000000,0.545565,0.000000,0.000000,0.000000,0.000000,1.000000,0.528935,0.000000,0.000000,0.000000,0.000000,1.000000
1.850000,0.565440,0.000000,0.052153,0.000000,0.000000,0.000000,0.565440,0.000000,0.000000,0.000000,0.000000,0.000000,0.120588,0.006831,0.063039,0.000000,0.000000,0.000000,0.070480,0.000000,0.039706,0.000000,0.000000,0.000000,0.555488,0.000000,0.000000,0.000000,0.000000,1.000000,0.532299,0.000000,0.000000,0.000000,0.000000,1.000000
1.900000,0.565440,0.000000,0.072000,0.000000,0.000000,0.000000,0.565440,0.000000,0.000000,0.000000,0.000000,0.000000,0.120588,0.011567,0.068000,0.000000,0.000000,0.000000,0.077208,0.000000,0.039706,0.000000,0.000000,0.000000,0.565411,0.000000,0.000000,0.000000,0.000000,1.000000,0.535663,0.000000,0.000000,0.000000,0.000000,1.000000
1.950000,0.565440,0.000000,0.088235,0.000000,0.000000,0.000000,0.565440,0.000000,0.000000,0.000000,0.000000,0.000000,0.120588,0.015441,0.072946,0.000000,0.000000,0.000000,0.083936,0.000000,0.039706,0.000000,0.000000,0.000000,0.574416,0.000000,0.000000,0.000000,0.000000,1.000000,0.539027,0.000000,0.000000,0.000000,0.000000,1.000000
2.000000,0.565440,0.000000,0.088235,0.000000,0.000000,0.000000,0.565440,0.000000,0.000000,0.000000,0.000000,0.000000,0.120588,0.015441,0.077820,0.000000,0.000000,0.000000,0.088235,0.000000,0.041497,0.000000,0.000000,0.000000,0.579290,0.000000,0.000000,0.000000,0.000000,1.000000,0.542967,0.000000,0.000000,0.000000,0.000000,1.000000
2.050000,0.565440,0.000000,0.088235,0.000000,0.000000,0.000000,0.565440,0.000000,0.000000,0.000000,0.000000,0.000000,0.120588,0.015441,0.082694,0.000000,0.000000,0.000000,0.088235,0.000000,0.046457,0.000000,0.000000,0.000000,0.584163,0.000000,0.000000,0.000000,0.000000,1.000000,0.547927,0.000000,0.000000,0.000000,0.000000,1.000000
2.100000,0.565440,0.000000,0.088235,0.000000,0.000000,0.000000,0.565440,0.000000,0.000000,0.000000,0.000000,0.000000,0.120588,0.015441,0.087569,0.000000,0.000000,0.000000,0.088235,0.000000,0.051418,0.000000,0.000000,0.000000,0.589037,0.000000,0.000000,0.000000,0.000000,1.000000,0.552888,0.000000,0.000000,0.000000,0.000000,1.000000
2.150000,0.000000,0.000000,0.000000,0.000000,0.000000,0.000000,0.565945,0.000000,0.002753,0.000000,0.000000,0.000000,0.000000,0.000000,0.000000,0.000000,0.000000,0.000000,0.087730,0.000482,0.055883,0.000000,0.000000,0.000000,0.000000,0.000000,0.000000,0.000000,0.000000,0.000000,0.556848,0.000000,0.000000,0.000000,0.000000,1.000000
2.200000,0.000000,0.000000,0.000000,0.000000,0.000000,0.000000,0.570990,0.000000,0.030269,0.000000,0.000000,0.000000,0.000000,0.000000,0.000000,0.000000,0.000000,0.000000,0.082685,0.005297,0.055883,0.000000,0.000000,0.000000,0.000000,0.000000,0.000000,0.000000,0.000000,0.000000,0.551803,0.000000,0.000000,0.000000,0.000000,1.000000
2.250000,0.000000,0.000000,0.000000,0.000000,0.000000,0.000000,0.576035,0.000000,0.057785,0.000000,0.000000,0.000000,0.000000,0.000000,0.000000,0.000000,0.000000,0.000000,0.077640,0.010112,0.055883,0.000000,0.000000,0.000000,0.000000,0.000000,0.000000,0.000000,0.000000,0.000000,0.546759,0.000000,0.000000,0.000000,0.000000,1.000000
2.300000,0.000000,0.000000,0.000000,0.000000,0.000000,0.000000,0.581080,0.000000,0.085301,0.000000,0.000000,0.000000,0.000000,0.000000,0.000000,0.000000,0.000000,0.000000,0.072595,0.014928,0.055883,0.000000,0.000000,0.000000,0.000000,0.000000,0.000000,0.000000,0.000000,0.000000,0.541714,0.000000,0.000000,0.000000,0.000000,1.000000
2.350000,0.000000,0.000000,0.000000,0.000000,0.000000,0.000000,0.581617,0.000000,0.092622,0.000000,0.000000,0.000000,0.000000,0.000000,0.000000,0.000000,0.000000,0.000000,0.067670,0.032990,0.060270,0.000000,0.000000,0.000000,0.000000,0.000000,0.000000,0.000000,0.000000,0.000000,0.532402,0.000000,0.000000,0.000000,0.000000,1.000000
2.400000,0.000000,0.000000,0.000000,0.000000,0.000000,0.000000,0.581617,0.000000,0.097533,0.000000,0.000000,0.000000,0.000000,0.000000,0.000000,0.000000,0.000000,0.000000,0.062760,0.052632,0.065180,0.000000,0.000000,0.000000,0.000000,0.000000,0.000000,0.000000,0.000000,0.000000,0.522580,0.000000,0.000000,0.000000,0.000000,1.000000
2.450000,0.000000,0.000000,0.000000,0.000000,0.000000,0.000000,0.581617,0.000000,0.102443,0.000000,0.000000,0.000000,0.000000,0.000000,0.000000,0.000000,0.000000,0.000000,0.057849,0.072275,0.070091,0.000000,0.000000,0.000000,0.000000,0.000000,0.000000,0.000000,0.000000,0.000000,0.512759,0.000000,0.000000,0.000000,0.000000,1.000000
2.500000,0.000000,0.000000,0.000000,0.000000,0.000000,0.000000,0.000000,0.000000,0.000000,0.000000,0.000000,0.000000,0.000000,0.000000,0.000000,0.000000,0.000000,0.000000,0.000000,0.000000,0.000000,0.000000,0.000000,0.000000,0.000000,0.000000,0.000000,0.000000,0.000000,0.000000,0.000000,0.000000,0.000000,0.000000,0.000000,0.000000
2.550000,0.000000,0.000000,0.000000,0.000000,0.000000,0.000000,0.000000,0.000000,0.000000,0.000000,0.000000,0.000000,0.000000,0.000000,0.000000,0.000000,0.000000,0.000000,0.000000,0.000000,0.000000,0.000000,0.000000,0.000000,0.000000,0.000000,0.000000,0.000000,0.000000,0.000000,0.000000,0.000000,0.000000,0.000000,0.000000,0.000000
2.600000,0.000000,0.000000,0.000000,0.000000,0.000000,0.000000,0.000000,0.000000,0.000000,0.000000,0.000000,0.000000,0.000000,0.000000,0.000000,0.000000,0.000000,0.000000,0.000000,0.000000,0.000000,0.000000,0.000000,0.000000,0.000000,0.000000,0.000000,0.000000,0.000000,0.000000,0.000000,0.000000,0.000000,0.000000,0.000000,0.000000
2.650000,0.000000,0.000000,0.000000,0.000000,0.000000,0.000000,0.000000,0.000000,0.000000,0.000000,0.000000,0.000000,0.000000,0.000000,0.000000,0.000000,0.000000,0.000000,0.000000,0.000000,0.000000,0.000000,0.000000,0.000000,0.000000,0.000000,0.000000,0.000000,0.000000,0.000000,0.000000,0.000000,0.000000,0.000000,0.000000,0.000000
2.700000,0.000000,0.000000,0.000000,0.000000,0.000000,0.000000,0.000000,0.000000,0.000000,0.000000,0.000000,0.000000,0.000000,0.000000,0.000000,0.000000,0.000000,0.000000,0.000000,0.000000,0.000000,0.000000,0.000000,0.000000,0.000000,0.000000,0.000000,0.000000,0.000000,0.000000,0.000000,0.000000,0.000000,0.000000,0.000000,0.000000
2.750000,0.000000,0.000000,0.000000,0.000000,0.000000,0.000000,0.000000,0.000000,0.000000,0.000000,0.000000,0.000000,0.000000,0.000000,0.000000,0.000000,0.000000,0.000000,0.000000,0.000000,0.000000,0.000000,0.000000,0.000000,0.000000,0.000000,0.000000,0.000000,0.000000,0.000000,0.000000,0.000000,0.000000,0.000000,0.000000,0.000000
2.800000,0.000000,0.000000,0.000000,0.000000,0.000000,0.000000,0.000000,0.000000,0.000000,0.000000,0.000000,0.000000,0.000000,0.000000,0.000000,0.000000,0.000000,0.000000,0.000000,0.000000,0.000000,0.000000,0.000000,0.000000,0.000000,0.000000,0.000000,0.000000,0.000000,0.000000,0.000000,0.000000,0.000000,0.000000,0.000000,0.000000
2.850000,0.000000,0.000000,0.000000,0.000000,0.000000,0.000000,0.000000,0.000000,0.000000,0.000000,0.000000,0.000000,0.000000,0.000000,0.000000,0.000000,0.000000,0.000000,0.000000,0.000000,0.000000,0.000000,0.000000,0.000000,0.000000,0.000000,0.000000,0.000000,0.000000,0.000000,0.000000,0.000000,0.000000,0.000000,0.000000,0.000000
2.900000,0.000000,0.000000,0.000000,0.000000,0.000000,0.000000,0.000000,0.000000,0.000000,0.000000,0.000000,0.000000,0.000000,0.000000,0.000000,0.000000,0.000000,0.000000,0.000000,0.000000,0.000000,0.000000,0.000000,0.000000,0.000000,0.000000,0.000000,0.000000,0.000000,0.000000,0.000000,0.000000,0.000000,0.000000,0.000000,0.000000
2.950000,0.000000,0.000000,0.000000,0.000000,0.000000,0.000000,0.000000,0.000000,0.000000,0.000000,0.000000,0.000000,0.000000,0.000000,0.000000,0.000000,0.000000,0.000000,0.000000,0.000000,0.000000,0.000000,0.000000,0.000000,0.000000,0.000000,0.000000,0.000000,0.000000,0.000000,0.000000,0.000000,0.000000,0.000000,0.000000,0.000000
3.000000,0.000000,0.000000,0.000000,0.000000,0.000000,0.000000,0.000000,0.000000,0.000000,0.000000,0.000000,0.000000,0.000000,0.000000,0.000000,0.000000,0.000000,0.000000,0.000000,0.000000,0.000000,0.000000,0.000000,0.000000,0.000000,0.000000,0.000000,0.000000,0.000000,0.000000,0.000000,0.000000,0.000000,0.000000,0.000000,0.000000
3.050000,0.000000,0.000000,0.000000,0.000000,0.000000,0.000000,0.000000,0.000000,0.000000,0.000000,0.000000,0.000000,0.000000,0.000000,0.000000,0.000000,0.000000,0.000000,0.000000,0.000000,0.000000,0.000000,0.000000,0.000000,0.000000,0.000000,0.000000,0.000000,0.000000,0.000000,0.000000,0.000000,0.000000,0.000000,0.000000,0.000000
3.100000,0.000000,0.000000,0.000000,0.000000,0.000000,0.000000,0.545862,0.000000,0.000000,0.000000,0.000000,0.000000,0.000000,0.000000,0.000000,0.000000,0.000000,0.000000,0.104411,0.031619,0.088236,0.000000,0.000000,0.000000,0.000000,0.000000,0.000000,0.000000,0.000000,0.000000,0.544579,0.000000,0.000000,0.000000,0.000000,1.000000
3.150000,0.000000,0.000000,0.000000,0.000000,0.000000,0.000000,0.541020,0.000000,0.000000,0.000000,0.000000,0.000000,0.000000,0.000000,0.000000,0.000000,0.000000,0.000000,0.104411,0.031619,0.088236,0.000000,0.000000,0.000000,0.000000,0.000000,0.000000,0.000000,0.000000,0.000000,0.549421,0.000000,0.000000,0.000000,0.000000,1.000000
3.200000,0.000000,0.000000,0.000000,0.000000,0.000000,0.000000,0.536178,0.000000,0.000000,0.000000,0.000000,0.000000,0.000000,0.000000,0.000000,0.000000,0.000000,0.000000,0.104411,0.031619,0.088236,0.000000,0.000000,0.000000,0.000000,0.000000,0.000000,0.000000,0.000000,0.000000,0.554263,0.000000,0.000000,0.000000,0.000000,1.000000
3.250000,0.000000,0.000000,0.000000,0.000000,0.000000,0.000000,0.533087,0.000000,0.009619,0.000000,0.000000,0.000000,0.000000,0.000000,0.000000,0.000000,0.000000,0.000000,0.104411,0.038672,0.090000,0.000000,0.000000,0.000000,0.000000,0.000000,0.000000,0.000000,0.000000,0.000000,0.546772,0.000000,0.000000,0.000000,0.000000,1.000000
3.300000,0.000000,0.000000,0.000000,0.000000,0.000000,0.000000,0.533087,0.000000,0.036203,0.000000,0.000000,0.000000,0.000000,0.000000,0.000000,0.000000,0.000000,0.000000,0.104411,0.058166,0.094873,0.000000,0.000000,0.000000,0.000000,0.000000,0.000000,0.000000,0.000000,0.000000,0.517530,0.000000,0.000000,0.000000,0.000000,1.000000
3.350000,0.000000,0.000000,0.000000,0.000000,0.000000,0.000000,0.533087,0.000000,0.062786,0.000000,0.000000,0.000000,0.000000,0.000000,0.000000,0.000000,0.000000,0.000000,0.104411,0.077660,0.099747,0.000000,0.000000,0.000000,0.000000,0.000000,0.000000,0.000000,0.000000,0.000000,0.488288,0.000000,0.000000,0.000000,0.000000,1.000000
3.400000,0.567588,0.000000,0.090383,0.000000,0.000000,0.000000,0.533087,0.000000,0.088443,0.000000,0.000000,0.000000,0.120588,0.017590,0.086088,0.000000,0.000000,0.000000,0.104411,0.107943,0.104829,0.000000,0.000000,0.000000,0.591853,0.000000,0.000000,0.000000,0.000000,1.000000,0.459046,0.000000,0.000000,0.000000,0.000000,1.000000
3.450000,0.570941,0.000000,0.093736,0.000000,0.000000,0.000000,0.533087,0.000000,0.093317,0.000000,0.000000,0.000000,0.120588,0.020943,0.082735,0.000000,0.000000,0.000000,0.104411,0.380224,0.114576,0.000000,0.000000,0.000000,0.595206,0.000000,0.000000,0.000000,0.000000,1.000000,0.429802,0.000000,0.000000,0.000000,0.000000,1.000000
3.500000,0.574294,0.000000,0.097089,0.000000,0.000000,0.000000,0.533087,0.000000,0.098191,0.000000,0.000000,0.000000,0.120588,0.024296,0.079382,0.000000,0.000000,0.000000,0.104411,0.652505,0.124324,0.000000,0.000000,0.000000,0.598559,0.000000,0.000000,0.000000,0.000000,1.000000,0.400557,0.000000,0.000000,0.000000,0.000000,1.000000
3.550000,0.577648,0.000000,0.100442,0.000000,0.000000,0.000000,0.533087,0.000000,0.103065,0.000000,0.000000,0.000000,0.120588,0.027649,0.076029,0.000000,0.000000,0.000000,0.104411,0.924785,0.134072,0.000000,0.000000,0.000000,0.601913,0.000000,0.000000,0.000000,0.000000,1.000000,0.371313,0.000000,0.000000,0.000000,0.000000,1.000000
3.600000,0.581001,0.000000,0.103794,0.000000,0.000000,0.000000,0.533087,0.000000,0.106838,0.000000,0.000000,0.000000,0.120588,0.031002,0.072676,0.000000,0.000000,0.000000,0.104411,1.000000,0.153753,0.000000,0.000000,0.000000,0.605266,0.000000,0.000000,0.000000,0.000000,1.000000,0.372942,0.000000,0.000000,0.000000,0.000000,1.000000
3.650000,0.581617,0.000000,0.108466,0.000000,0.000000,0.000000,0.533087,0.000000,0.110191,0.000000,0.000000,0.000000,0.116533,0.064055,0.092331,0.000000,0.000000,0.000000,0.104411,1.000000,0.177224,0.000000,0.000000,0.000000,0.549119,0.000000,0.000000,0.000000,0.000000,1.000000,0.386355,0.000000,0.000000,0.000000,0.000000,1.000000
3.700000,0.581617,0.000000,0.113434,0.000000,0.000000,0.000000,0.533087,0.000000,0.113544,0.000000,0.000000,0.000000,0.111565,0.103803,0.117174,0.000000,0.000000,0.000000,0.104411,1.000000,0.200695,0.000000,0.000000,0.000000,0.479560,0.000000,0.000000,0.000000,0.000000,1.000000,0.399767,0.000000,0.000000,0.000000,0.000000,1.000000
3.750000,0.581617,0.000000,0.118403,0.000000,0.000000,0.000000,0.533087,0.000000,0.116897,0.000000,0.000000,0.000000,0.106596,0.143550,0.142016,0.000000,0.000000,0.000000,0.104411,1.000000,0.224167,0.000000,0.000000,0.000000,0.410001,0.000000,0.000000,0.000000,0.000000,1.000000,0.413179,0.000000,0.000000,0.000000,0.000000,1.000000
3.800000,0.576023,0.000000,0.120588,0.000000,0.000000,0.000000,0.533087,0.000000,0.120250,0.000000,0.000000,0.000000,0.101614,0.306112,0.200497,0.000000,0.000000,0.000000,0.104411,1.000000,0.247638,0.000000,0.000000,0.000000,0.337451,0.000000,0.000000,0.000000,0.000000,1.000000,0.426591,0.000000,0.000000,0.000000,0.000000,1.000000
3.850000,0.566037,0.000000,0.120588,0.000000,0.000000,0.000000,0.537554,0.000000,0.116121,0.000000,0.000000,0.000000,0.096621,0.565076,0.285380,0.000000,0.000000,0.000000,0.104411,1.000000,0.258933,0.000000,0.000000,0.000000,0.262553,0.000000,0.000000,0.000000,0.000000,1.000000,0.423474,0.000000,0.000000,0.000000,0.000000,1.000000
3.900000,0.556050,0.000000,0.120588,0.000000,0.000000,0.000000,0.542521,0.000000,0.111155,0.000000,0.000000,0.000000,0.091628,0.824039,0.370264,0.000000,0.000000,0.000000,0.104411,1.000000,0.268866,0.000000,0.000000,0.000000,0.187655,0.000000,0.000000,0.000000,0.000000,1.000000,0.418508,0.000000,0.000000,0.000000,0.000000,1.000000
3.950000,0.547685,0.000000,0.122167,0.000000,0.000000,0.000000,0.547488,0.000000,0.106188,0.000000,0.000000,0.000000,0.086655,1.000000,0.429521,0.000000,0.000000,0.000000,0.104411,1.000000,0.278799,0.000000,0.000000,0.000000,0.143082,0.000000,0.000000,0.000000,0.000000,1.000000,0.413541,0.000000,0.000000,0.000000,0.000000,1.000000
4.000000,0.542757,0.000000,0.127095,0.000000,0.000000,0.000000,0.549265,0.000000,0.107560,0.000000,0.000000,0.000000,0.081727,1.000000,0.434449,0.000000,0.000000,0.000000,0.104411,1.000000,0.279205,0.000000,0.000000,0.000000,0.162794,0.000000,0.000000,0.000000,0.000000,1.000000,0.411764,0.000000,0.000000,0.000000,0.000000,1.000000
4.050000,0.537829,0.000000,0.132023,0.000000,0.000000,0.000000,0.549265,0.000000,0.112463,0.000000,0.000000,0.000000,0.076799,1.000000,0.439378,0.000000,0.000000,0.000000,0.104411,1.000000,0.274302,0.000000,0.000000,0.000000,0.182506,0.000000,0.000000,0.000000,0.000000,1.000000,0.411764,0.000000,0.000000,0.000000,0.000000,1.000000
4.100000,0.533240,0.000000,0.136916,0.000000,0.000000,0.000000,0.549265,0.000000,0.117366,0.000000,0.000000,0.000000,0.071905,1.000000,0.444423,0.000000,0.000000,0.000000,0.104411,1.000000,0.269399,0.000000,0.000000,0.000000,0.201774,0.000000,0.000000,0.000000,0.000000,1.000000,0.411764,0.000000,0.000000,0.000000,0.000000,1.000000
4.150000,0.537246,0.000000,0.140922,0.000000,0.000000,0.000000,0.549265,0.000000,0.117268,0.000000,0.000000,0.000000,0.067899,1.000000,0.452435,0.000000,0.000000,0.000000,0.102752,1.000000,0.269497,0.000000,0.000000,0.000000,0.209786,0.000000,0.000000,0.000000,0.000000,1.000000,0.415083,0.000000,0.000000,0.000000,0.000000,1.000000
4.200000,0.541252,0.000000,0.144928,0.000000,0.000000,0.000000,0.549265,0.000000,0.107590,0.000000,0.000000,0.000000,0.063893,1.000000,0.460447,0.000000,0.000000,0.000000,0.097913,1.000000,0.279175,0.000000,0.000000,0.000000,0.217798,0.000000,0.000000,0.000000,0.000000,1.000000,0.424761,0.000000,0.000000,0.000000,0.000000,1.000000
4.250000,0.545259,0.000000,0.148934,0.000000,0.000000,0.000000,0.549265,0.000000,0.097913,0.000000,0.000000,0.000000,0.059887,1.000000,0.468459,0.000000,0.000000,0.000000,0.093074,1.000000,0.288852,0.000000,0.000000,0.000000,0.225810,0.000000,0.000000,0.000000,0.000000,1.000000,0.434439,0.000000,0.000000,0.000000,0.000000,1.000000
4.300000,0.549265,0.000000,0.152940,0.000000,0.000000,0.000000,0.549265,0.000000,0.088235,0.000000,0.000000,0.000000,0.055881,1.000000,0.476471,0.000000,0.000000,0.000000,0.088235,1.000000,0.298530,0.000000,0.000000,0.000000,0.233822,0.000000,0.000000,0.000000,0.000000,1.000000,0.444117,0.000000,0.000000,0.000000,0.000000,1.000000
4.350000,0.554196,0.000000,0.152940,0.000000,0.000000,0.000000,0.549265,0.000000,0.088235,0.000000,0.000000,0.000000,0.055881,0.863490,0.461677,0.000000,0.000000,0.000000,0.092242,1.000000,0.310550,0.000000,0.000000,0.000000,0.253548,0.000000,0.000000,0.000000,0.000000,1.000000,0.392028,0.000000,0.000000,0.000000,0.000000,1.000000
4.400000,0.559127,0.000000,0.152940,0.000000,0.000000,0.000000,0.549265,0.000000,0.088235,0.000000,0.000000,0.000000,0.055881,0.726981,0.446882,0.000000,0.000000,0.000000,0.096249,1.000000,0.322571,0.000000,0.000000,0.000000,0.273274,0.000000,0.000000,0.000000,0.000000,1.000000,0.339939,0.000000,0.000000,0.000000,0.000000,1.000000
4.450000,0.564058,0.000000,0.152940,0.000000,0.000000,0.000000,0.549265,0.000000,0.088235,0.000000,0.000000,0.000000,0.055881,0.590471,0.432088,0.000000,0.000000,0.000000,0.100255,1.000000,0.334591,0.000000,0.000000,0.000000,0.293000,0.000000,0.000000,0.000000,0.000000,1.000000,0.287850,0.000000,0.000000,0.000000,0.000000,1.000000
4.500000,0.565440,0.000000,0.145796,0.000000,0.000000,0.000000,0.549265,0.000000,0.088235,0.000000,0.000000,0.000000,0.052309,0.492283,0.388646,0.000000,0.000000,0.000000,0.104262,1.000000,0.346611,0.000000,0.000000,0.000000,0.344968,0.000000,0.000000,0.000000,0.000000,1.000000,0.235761,0.000000,0.000000,0.000000,0.000000,1.000000
4.550000,0.565440,0.000000,0.135869,0.000000,0.000000,0.000000,0.544462,0.000000,0.093038,0.000000,0.000000,0.000000,0.047346,0.409016,0.334050,0.000000,0.000000,0.000000,0.090002,1.000000,0.380681,0.000000,0.000000,0.000000,0.409490,0.000000,0.000000,0.000000,0.000000,1.000000,0.291461,0.000000,0.000000,0.000000,0.000000,1.000000
4.600000,0.565440,0.000000,0.125943,0.000000,0.000000,0.000000,0.539472,0.000000,0.098027,0.000000,0.000000,0.000000,0.042383,0.325749,0.279455,0.000000,0.000000,0.000000,0.075035,1.000000,0.415603,0.000000,0.000000,0.000000,0.474013,0.000000,0.000000,0.000000,0.000000,1.000000,0.351327,0.000000,0.000000,0.000000,0.000000,1.000000
4.650000,0.565440,0.000000,0.103712,0.000000,0.000000,0.000000,0.534483,0.000000,0.103016,0.000000,0.000000,0.000000,0.041969,0.241526,0.220570,0.000000,0.000000,0.000000,0.060068,1.000000,0.450525,0.000000,0.000000,0.000000,0.511086,0.000000,0.000000,0.000000,0.000000,1.000000,0.411193,0.000000,0.000000,0.000000,0.000000,1.000000
4.700000,0.565440,0.000000,0.067065,0.000000,0.000000,0.000000,0.540196,0.000000,0.086639,0.000000,0.000000,0.000000,0.046885,0.156182,0.156662,0.000000,0.000000,0.000000,0.070099,0.780277,0.371436,0.000000,0.000000,0.000000,0.516003,0.000000,0.000000,0.000000,0.000000,1.000000,0.452822,0.000000,0.000000,0.000000,0.000000,1.000000
4.750000,0.565440,0.000000,0.030418,0.000000,0.000000,0.000000,0.550066,0.000000,0.061965,0.000000,0.000000,0.000000,0.051801,0.070839,0.092753,0.000000,0.000000,0.000000,0.089839,0.475207,0.248062,0.000000,0.000000,0.000000,0.520919,0.000000,0.000000,0.000000,0.000000,1.000000,0.487366,0.000000,0.000000,0.000000,0.000000,1.000000
4.800000,0.565440,0.000000,0.000000,0.000000,0.000000,0.000000,0.559936,0.000000,0.037290,0.000000,0.000000,0.000000,0.057025,0.000000,0.039706,0.000000,0.000000,0.000000,0.109579,0.170137,0.124688,0.000000,0.000000,0.000000,0.525572,0.000000,0.000000,0.000000,0.000000,1.000000,0.521911,0.000000,0.000000,0.000000,0.000000,1.000000
4.850000,0.565440,0.000000,0.000000,0.000000,0.000000,0.000000,0.565440,0.000000,0.032307,0.000000,0.000000,0.000000,0.063752,0.000000,0.039706,0.000000,0.000000,0.000000,0.120588,0.002095,0.058077,0.000000,0.000000,0.000000,0.528935,0.000000,0.000000,0.000000,0.000000,1.000000,0.545565,0.000000,0.000000,0.000000,0.000000,1.000000
4.900000,0.565440,0.000000,0.000000,0.000000,0.000000,0.000000,0.565440,0.000000,0.052153,0.000000,0.000000,0.000000,0.070480,0.000000,0.039706,0.000000,0.000000,0.000000,0.120588,0.006831,0.063039,0.000000,0.000000,0.000000,0.532299,0.000000,0.000000,0.000000,0.000000,1.000000,0.555488,0.000000,0.000000,0.000000,0.000000,1.000000
4.950000,0.565440,0.000000,0.000000,0.000000,0.000000,0.000000,0.565440,0.000000,0.072000,0.000000,0.000000,0.000000,0.077208,0.000000,0.039706,0.000000,0.000000,0.000000,0.120588,0.011567,0.068000,0.000000,0.000000,0.000000,0.535663,0.000000,0.000000,0.000000,0.000000,1.000000,0.565411,0.000000,0.000000,0.000000,0.000000,1.000000
5.000000,0.565440,0.000000,0.000000,0.000000,0.000000,0.000000,0.565440,0.000000,0.088235,0.000000,0.000000,0.000000,0.083936,0.000000,0.039706,0.000000,0.000000,0.000000,0.120588,0.015441,0.072946,0.000000,0.000000,0.000000,0.539027,0.000000,0.000000,0.000000,0.000000,1.000000,0.574416,0.000000,0.000000,0.000000,0.000000,1.000000
5.050000,0.565440,0.000000,0.000000,0.000000,0.000000,0.000000,0.565440,0.000000,0.088235,0.000000,0.000000,0.000000,0.088235,0.000000,0.041497,0.000000,0.000000,0.000000,0.120588,0.015441,0.077820,0.000000,0.000000,0.000000,0.542967,0.000000,0.000000,0.000000,0.000000,1.000000,0.579290,0.000000,0.000000,0.000000,0.000000,1.000000
5.100000,0.565440,0.000000,0.000000,0.000000,0.000000,0.000000,0.565440,0.000000,0.088235,0.000000,0.000000,0.000000,0.088235,0.000000,0.046457,0.000000,0.000000,0.000000,0.120588,0.015441,0.082694,0.000000,0.000000,0.000000,0.547927,0.000000,0.000000,0.000000,0.000000,1.000000,0.584163,0.000000,0.000000,0.000000,0.000000,1.000000
5.150000,0.565440,0.000000,0.000000,0.000000,0.000000,0.000000,0.565440,0.000000,0.088235,0.000000,0.000000,0.000000,0.088235,0.000000,0.051418,0.000000,0.000000,0.000000,0.120588,0.015441,0.087569,0.000000,0.000000,0.000000,0.552888,0.000000,0.000000,0.000000,0.000000,1.000000,0.589037,0.000000,0.000000,0.000000,0.000000,1.000000
5.200000,0.565945,0.000000,0.002753,0.000000,0.000000,0.000000,0.000000,0.000000,0.000000,0.000000,0.000000,0.000000,0.087730,0.000482,0.055883,0.000000,0.000000,0.000000,0.000000,0.000000,0.000000,0.000000,0.000000,0.000000,0.556848,0.000000,0.000000,0.000000,0.000000,1.000000,0.000000,0.000000,0.000000,0.000000,0.000000,0.000000
5.250000,0.570990,0.000000,0.030269,0.000000,0.000000,0.000000,0.000000,0.000000,0.000000,0.000000,0.000000,0.000000,0.082685,0.005297,0.055883,0.000000,0.000000,0.000000,0.000000,0.000000,0.000000,0.000000,0.000000,0.000000,0.551803,0.000000,0.000000,0.000000,0.000000,1.000000,0.000000,0.000000,0.000000,0.000000,0.000000,0.000000
5.300000,0.576035,0.000000,0.057785,0.000000,0.000000,0.000000,0.000000,0.000000,0.000000,0.000000,0.000000,0.000000,0.077640,0.010112,0.055883,0.000000,0.000000,0.000000,0.000000,0.000000,0.000000,0.000000,0.000000,0.000000,0.546759,0.000000,0.000000,0.000000,0.000000,1.000000,0.000000,0.000000,0.000000,0.000000,0.000000,0.000000
5.350000,0.581080,0.000000,0.085301,0.000000,0.000000,0.000000,0.000000,0.000000,0.000000,0.000000,0.000000,0.000000,0.072595,0.014928,0.055883,0.000000,0.000000,0.000000,0.000000,0.000000,0.000000,0.000000,0.000000,0.000000,0.541714,0.000000,0.000000,0.000000,0.000000,1.000000,0.000000,0.000000,0.000000,0.000000,0.000000,0.000000
5.400000,0.581617,0.000000,0.092622,0.000000,0.000000,0.000000,0.000000,0.000000,0.000000,0.000000,0.000000,0.000000,0.067670,0.032990,0.060270,0.000000,0.000000,0.000000,0.000000,0.000000,0.000000,0.000000,0.000000,0.000000,0.532402,0.000000,0.000000,0.000000,0.000000,1.000000,0.000000,0.000000,0.000000,0.000000,0.000000,0.000000
5.450000,0.581617,0.000000,0.097533,0.000000,0.000000,0.000000,0.000000,0.000000,0.000000,0.000000,0.000000,0.000000,0.062760,0.052632,0.065180,0.000000,0.000000,0.000000,0.000000,0.000000,0.000000,0.000000,0.000000,0.000000,0.522580,0.000000,0.000000,0.000000,0.000000,1.000000,0.000000,0.000000,0.000000,0.000000,0.000000,0.000000
5.500000,0.581617,0.000000,0.102443,0.000000,0.000000,0.000000,0.000000,0.000000,0.000000,0.000000,0.000000,0.000000,0.057849,0.072275,0.070091,0.000000,0.000000,0.000000,0.000000,0.000000,0.000000,0.000000,0.000000,0.000000,0.512759,0.000000,0.000000,0.000000,0.000000,1.000000,0.000000,0.000000,0.000000,0.000000,0.000000,0.000000
5.550000,0.000000,0.000000,0.000000,0.000000,0.000000,0.000000,0.000000,0.000000,0.000000,0.000000,0.000000,0.000000,0.000000,0.000000,0.000000,0.000000,0.000000,0.000000,0.000000,0.000000,0.000000,0.000000,0.000000,0.000000,0.000000,0.000000,0.000000,0.000000,0.000000,0.000000,0.000000,0.000000,0.000000,0.000000,0.000000,0.000000
5.600000,0.000000,0.000000,0.000000,0.000000,0.000000,0.000000,0.000000,0.000000,0.000000,0.000000,0.000000,0.000000,0.000000,0.000000,0.000000,0.000000,0.000000,0.000000,0.000000,0.000000,0.000000,0.000000,0.000000,0.000000,0.000000,0.000000,0.000000,0.000000,0.000000,0.000000,0.000000,0.000000,0.000000,0.000000,0.000000,0.000000
5.650000,0.000000,0.000000,0.000000,0.000000,0.000000,0.000000,0.000000,0.000000,0.000000,0.000000,0.000000,0.000000,0.000000,0.000000,0.000000,0.000000,0.000000,0.000000,0.000000,0.000000,0.000000,0.000000,0.000000,0.000000,0.000000,0.000000,0.000000,0.000000,0.000000,0.000000,0.000000,0.000000,0.000000,0.000000,0.000000,0.000000
5.700000,0.000000,0.000000,0.000000,0.000000,0.000000,0.000000,0.000000,0.000000,0.000000,0.000000,0.000000,0.000000,0.000000,0.000000,0.000000,0.000000,0.000000,0.000000,0.000000,0.000000,0.000000,0.000000,0.000000,0.000000,0.000000,0.000000,0.000000,0.000000,0.000000,0.000000,0.000000,0.000000,0.000000,0.000000,0.000000,0.000000
5.750000,0.000000,0.000000,0.000000,0.000000,0.000000,0.000000,0.000000,0.000000,0.000000,0.000000,0.000000,0.000000,0.000000,0.000000,0.000000,0.000000,0.000000,0.000000,0.000000,0.000000,0.000000,0.000000,0.000000,0.000000,0.000000,0.000000,0.000000,0.000000,0.000000,0.000000,0.000000,0.000000,0.000000,0.000000,0.000000,0.000000
5.800000,0.000000,0.000000,0.000000,0.000000,0.000000,0.000000,0.000000,0.000000,0.000000,0.000000,0.000000,0.000000,0.000000,0.000000,0.000000,0.000000,0.000000,0.000000,0.000000,0.000000,0.000000,0.000000,0.000000,0.000000,0.000000,0.000000,0.000000,0.000000,0.000000,0.000000,0.000000,0.000000,0.000000,0.000000,0.000000,0.000000
5.850000,0.000000,0.000000,0.000000,0.000000,0.000000,0.000000,0.000000,0.000000,0.000000,0.000000,0.000000,0.000000,0.000000,0.000000,0.000000,0.000000,0.000000,0.000000,0.000000,0.000000,0.000000,0.000000,0.000000,0.000000,0.000000,0.000000,0.000000,0.000000,0.000000,0.000000,0.000000,0.000000,0.000000,0.000000,0.000000,0.000000
5.900000,0.000000,0.000000,0.000000,0.000000,0.000000,0.000000,0.000000,0.000000,0.000000,0.000000,0.000000,0.000000,0.000000,0.000000,0.000000,0.000000,0.000000,0.000000,0.000000,0.000000,0.000000,0.000000,0.000000,0.000000,0.000000,0.000000,0.000000,0.000000,0.000000,0.000000,0.000000,0.000000,0.000000,0.000000,0.000000,0.000000
5.950000,0.000000,0.000000,0.000000,0.000000,0.000000,0.000000,0.000000,0.000000,0.000000,0.000000,0.000000,0.000000,0.000000,0.000000,0.000000,0.000000,0.000000,0.000000,0.000000,0.000000,0.000000,0.000000,0.000000,0.000000,0.000000,0.000000,0.000000,0.000000,0.000000,0.000000,0.000000,0.000000,0.000000,0.000000,0.000000,0.000000
6.000000,0.000000,0.000000,0.000000,0.000000,0.000000,0.000000,0.000000,0.000000,0.000000,0.000000,0.000000,0.000000,0.000000,0.000000,0.000000,0.000000,0.000000,0.000000,0.000000,0.000000,0.000000,0.000000,0.000000,0.000000,0.000000,0.000000,0.000000,0.000000,0.000000,0.000000,0.000000,0.000000,0.000000,0.000000,0.000000,0.000000
6.050000,0.000000,0.000000,0.000000,0.000000,0.000000,0.000000,0.000000,0.000000,0.000000,0.000000,0.000000,0.000000,0.000000,0.000000,0.000000,0.000000,0.000000,0.000000,0.000000,0.000000,0.000000,0.000000,0.000000,0.000000,0.000000,0.000000,0.000000,0.000000,0.000000,0.000000,0.000000,0.000000,0.000000,0.000000,0.000000,0.000000
6.100000,0.000000,0.000000,0.000000,0.000000,0.000000,0.000000,0.000000,0.000000,0.000000,0.000000,0.000000,0.000000,0.000000,0.000000,0.000000,0.000000,0.000000,0.000000,0.000000,0.000000,0.000000,0.000000,0.000000,0.000000,0.000000,0.000000,0.000000,0.000000,0.000000,0.000000,0.000000,0.000000,0.000000,0.000000,0.000000,0.000000
6.150000,0.533087,0.000000,0.000000,0.000000,0.000000,0.000000,0.000000,0.000000,0.000000,0.000000,0.000000,0.000000,0.088833,0.112500,0.233824,0.000000,0.000000,0.000000,0.000000,0.000000,0.000000,0.000000,0.000000,0.000000,0.605882,0.000000,0.000000,0.000000,0.000000,1.000000,0.000000,0.000000,0.000000,0.000000,0.000000,0.000000
6.200000,0.533087,0.000000,0.000000,0.000000,0.000000,0.000000,0.000000,0.000000,0.000000,0.000000,0.000000,0.000000,0.093708,0.112500,0.233824,0.000000,0.000000,0.000000,0.000000,0.000000,0.000000,0.000000,0.000000,0.000000,0.605882,0.000000,0.000000,0.000000,0.000000,1.000000,0.000000,0.000000,0.000000,0.000000,0.000000,0.000000
6.250000,0.533087,0.000000,0.000000,0.000000,0.000000,0.000000,0.593951,0.000000,0.000000,0.000000,0.000000,0.000000,0.098583,0.112500,0.233824,0.000000,0.000000,0.000000,0.088235,0.172560,0.233824,0.000000,0.000000,0.000000,0.605882,0.000000,0.000000,0.000000,0.000000,1.000000,0.654411,0.000000,0.000000,0.000000,0.000000,1.000000
6.300000,0.533087,0.000000,0.000000,0.000000,0.000000,0.000000,0.589041,0.000000,0.000000,0.000000,0.000000,0.000000,0.103458,0.112500,0.233824,0.000000,0.000000,0.000000,0.088235,0.187290,0.233824,0.000000,0.000000,0.000000,0.605882,0.000000,0.000000,0.000000,0.000000,1.000000,0.654411,0.000000,0.000000,0.000000,0.000000,1.000000
6.350000,0.533087,0.000000,0.000000,0.000000,0.000000,0.000000,0.584131,0.000000,0.000000,0.000000,0.000000,0.000000,0.104411,0.112500,0.233824,0.000000,0.000000,0.000000,0.088235,0.202020,0.233824,0.000000,0.000000,0.000000,0.609153,0.000000,0.000000,0.000000,0.000000,1.000000,0.654411,0.000000,0.000000,0.000000,0.000000,1.000000
6.400000,0.533087,0.000000,0.000000,0.000000,0.000000,0.000000,0.581617,0.000000,0.000000,0.000000,0.000000,0.000000,0.104411,0.112500,0.233824,0.000000,0.000000,0.000000,0.088235,0.207136,0.233824,0.000000,0.000000,0.000000,0.613217,0.000000,0.000000,0.000000,0.000000,1.000000,0.656833,0.000000,0.000000,0.000000,0.000000,1.000000
6.450000,0.533087,0.000000,0.000000,0.000000,0.000000,0.000000,0.581617,0.000000,0.000000,0.000000,0.000000,0.000000,0.104411,0.112500,0.233824,0.000000,0.000000,0.000000,0.088235,0.202175,0.233824,0.000000,0.000000,0.000000,0.617282,0.000000,0.000000,0.000000,0.000000,1.000000,0.661795,0.000000,0.000000,0.000000,0.000000,1.000000
6.500000,0.533087,0.000000,0.000000,0.000000,0.000000,0.000000,0.581617,0.000000,0.000000,0.000000,0.000000,0.000000,0.104411,0.112500,0.233824,0.000000,0.000000,0.000000,0.088235,0.197213,0.233824,0.000000,0.000000,0.000000,0.621346,0.000000,0.000000,0.000000,0.000000,1.000000,0.666756,0.000000,0.000000,0.000000,0.000000,1.000000
6.550000,0.537204,0.000000,0.000000,0.000000,0.000000,0.000000,0.581617,0.000000,0.000507,0.000000,0.000000,0.000000,0.104411,0.112500,0.237940,0.000000,0.000000,0.000000,0.088235,0.194498,0.234940,0.000000,0.000000,0.000000,0.622059,0.000000,0.000000,0.000000,0.000000,1.000000,0.670588,0.000000,0.000000,0.000000,0.000000,1.000000
6.600000,0.542195,0.000000,0.000000,0.000000,0.000000,0.000000,0.581617,0.000000,0.002735,0.000000,0.000000,0.000000,0.104411,0.112500,0.242931,0.000000,0.000000,0.000000,0.088235,0.199400,0.239842,0.000000,0.000000,0.000000,0.622059,0.000000,0.000000,0.000000,0.000000,1.000000,0.670588,0.000000,0.000000,0.000000,0.000000,1.000000
6.650000,0.547187,0.000000,0.000000,0.000000,0.000000,0.000000,0.581617,0.000000,0.004963,0.000000,0.000000,0.000000,0.104411,0.112500,0.247922,0.000000,0.000000,0.000000,0.088235,0.204301,0.244743,0.000000,0.000000,0.000000,0.622059,0.000000,0.000000,0.000000,0.000000,1.000000,0.670588,0.000000,0.000000,0.000000,0.000000,1.000000
6.700000,0.549265,0.000000,0.000000,0.000000,0.000000,0.000000,0.581617,0.000000,0.007191,0.000000,0.000000,0.000000,0.104411,0.144365,0.250000,0.000000,0.000000,0.000000,0.088235,0.209203,0.249645,0.000000,0.000000,0.000000,0.619162,0.000000,0.000000,0.000000,0.000000,1.000000,0.670588,0.000000,0.000000,0.000000,0.000000,1.000000
6.750000,0.549265,0.000000,0.000000,0.000000,0.000000,0.000000,0.581617,0.000000,0.026003,0.000000,0.000000,0.000000,0.104411,0.198967,0.250000,0.000000,0.000000,0.000000,0.088235,0.209559,0.250000,0.000000,0.000000,0.000000,0.614198,0.000000,0.000000,0.000000,0.000000,1.000000,0.648207,0.000000,0.000000,0.000000,0.000000,1.000000
6.800000,0.549265,0.000000,0.000000,0.000000,0.000000,0.000000,0.581617,0.000000,0.046110,0.000000,0.000000,0.000000,0.104411,0.253568,0.250000,0.000000,0.000000,0.000000,0.088235,0.209559,0.250000,0.000000,0.000000,0.000000,0.609235,0.000000,0.000000,0.000000,0.000000,1.000000,0.624078,0.000000,0.000000,0.000000,0.000000,1.000000
6.850000,0.550856,0.000000,0.011863,0.000000,0.000000,0.000000,0.581617,0.000000,0.066218,0.000000,0.000000,0.000000,0.104411,0.296807,0.251591,0.000000,0.000000,0.000000,0.088235,0.209559,0.250000,0.000000,0.000000,0.000000,0.607474,0.000000,0.000000,0.000000,0.000000,1.000000,0.599949,0.000000,0.000000,0.000000,0.000000,1.000000
6.900000,0.555757,0.000000,0.048401,0.000000,0.000000,0.000000,0.581617,0.000000,0.086326,0.000000,0.000000,0.000000,0.104411,0.316413,0.256493,0.000000,0.000000,0.000000,0.088235,0.209559,0.250000,0.000000,0.000000,0.000000,0.612375,0.000000,0.000000,0.000000,0.000000,1.000000,0.575820,0.000000,0.000000,0.000000,0.000000,1.000000
6.950000,0.560658,0.000000,0.084938,0.000000,0.000000,0.000000,0.586088,0.000000,0.127200,0.000000,0.000000,0.000000,0.104411,0.336018,0.261395,0.000000,0.000000,0.000000,0.088235,0.200619,0.254470,0.000000,0.000000,0.000000,0.617277,0.000000,0.000000,0.000000,0.000000,1.000000,0.569059,0.000000,0.000000,0.000000,0.000000,1.000000
7.000000,0.565440,0.000000,0.120588,0.000000,0.000000,0.000000,0.591027,0.000000,0.170254,0.000000,0.000000,0.000000,0.104411,0.355928,0.266177,0.000000,0.000000,0.000000,0.088235,0.190741,0.259409,0.000000,0.000000,0.000000,0.621977,0.000000,0.000000,0.000000,0.000000,1.000000,0.564120,0.000000,0.000000,0.000000,0.000000,1.000000
7.050000,0.565440,0.000000,0.120588,0.000000,0.000000,0.000000,0.595966,0.000000,0.213308,0.000000,0.000000,0.000000,0.104411,0.388037,0.266177,0.000000,0.000000,0.000000,0.088235,0.180862,0.264349,0.000000,0.000000,0.000000,0.618608,0.000000,0.000000,0.000000,0.000000,1.000000,0.559181,0.000000,0.000000,0.000000,0.000000,1.000000
7.100000,0.565440,0.000000,0.120588,0.000000,0.000000,0.000000,0.591625,0.000000,0.254375,0.000000,0.000000,0.000000,0.104411,0.420146,0.266177,0.000000,0.000000,0.000000,0.088235,0.186460,0.269262,0.000000,0.000000,0.000000,0.615240,0.000000,0.000000,0.000000,0.000000,1.000000,0.554268,0.000000,0.000000,0.000000,0.000000,1.000000
7.150000,0.565440,0.000000,0.120588,0.000000,0.000000,0.000000,0.581827,0.000000,0.294273,0.000000,0.000000,0.000000,0.104411,0.452255,0.266177,0.000000,0.000000,0.000000,0.088235,0.201157,0.274161,0.000000,0.000000,0.000000,0.611872,0.000000,0.000000,0.000000,0.000000,1.000000,0.549369,0.000000,0.000000,0.000000,0.000000,1.000000
7.200000,0.565440,0.000000,0.120588,0.000000,0.000000,0.000000,0.572029,0.000000,0.334172,0.000000,0.000000,0.000000,0.104411,0.484364,0.266177,0.000000,0.000000,0.000000,0.088235,0.215854,0.279060,0.000000,0.000000,0.000000,0.608503,0.000000,0.000000,0.000000,0.000000,1.000000,0.544470,0.000000,0.000000,0.000000,0.000000,1.000000
7.250000,0.565440,0.000000,0.120588,0.000000,0.000000,0.000000,0.568625,0.000000,0.348032,0.000000,0.000000,0.000000,0.104411,0.505410,0.266177,0.000000,0.000000,0.000000,0.085050,0.228921,0.282354,0.000000,0.000000,0.000000,0.605882,0.000000,0.000000,0.000000,0.000000,1.000000,0.533214,0.000000,0.000000,0.000000,0.000000,1.000000
7.300000,0.565440,0.000000,0.120588,0.000000,0.000000,0.000000,0.578348,0.000000,0.308437,0.000000,0.000000,0.000000,0.104411,0.487675,0.266177,0.000000,0.000000,0.000000,0.075327,0.238644,0.282354,0.000000,0.000000,0.000000,0.605882,0.000000,0.000000,0.000000,0.000000,1.000000,0.508907,0.000000,0.000000,0.000000,0.000000,1.000000
7.350000,0.565440,0.000000,0.120588,0.000000,0.000000,0.000000,0.588072,0.000000,0.268843,0.000000,0.000000,0.000000,0.104411,0.469941,0.266177,0.000000,0.000000,0.000000,0.065604,0.248366,0.282354,0.000000,0.000000,0.000000,0.605882,0.000000,0.000000,0.000000,0.000000,1.000000,0.484601,0.000000,0.000000,0.000000,0.000000,1.000000
7.400000,0.565440,0.000000,0.120588,0.000000,0.000000,0.000000,0.597795,0.000000,0.229249,0.000000,0.000000,0.000000,0.104411,0.452206,0.266177,0.000000,0.000000,0.000000,0.055881,0.258089,0.282354,0.000000,0.000000,0.000000,0.605882,0.000000,0.000000,0.000000,0.000000,1.000000,0.460294,0.000000,0.000000,0.000000,0.000000,1.000000
7.450000,0.565440,0.000000,0.120588,0.000000,0.000000,0.000000,0.607735,0.000000,0.185922,0.000000,0.000000,0.000000,0.104411,0.518114,0.266177,0.000000,0.000000,0.000000,0.055881,0.277969,0.277384,0.000000,0.000000,0.000000,0.600943,0.000000,0.000000,0.000000,0.000000,1.000000,0.435442,0.000000,0.000000,0.000000,0.000000,1.000000
7.500000,0.565440,0.000000,0.120588,0.000000,0.000000,0.000000,0.617675,0.000000,0.142595,0.000000,0.000000,0.000000,0.104411,0.584021,0.266177,0.000000,0.000000,0.000000,0.055881,0.297850,0.272413,0.000000,0.000000,0.000000,0.596004,0.000000,0.000000,0.000000,0.000000,1.000000,0.410591,0.000000,0.000000,0.000000,0.000000,1.000000
7.550000,0.565440,0.000000,0.120588,0.000000,0.000000,0.000000,0.627615,0.000000,0.099269,0.000000,0.000000,0.000000,0.104411,0.649929,0.266177,0.000000,0.000000,0.000000,0.055881,0.317731,0.267443,0.000000,0.000000,0.000000,0.591065,0.000000,0.000000,0.000000,0.000000,1.000000,0.385740,0.000000,0.000000,0.000000,0.000000,1.000000
7.600000,0.568953,0.000000,0.120588,0.000000,0.000000,0.000000,0.632660,0.000000,0.088235,0.000000,0.000000,0.000000,0.104411,0.614175,0.269690,0.000000,0.000000,0.000000,0.053368,0.327820,0.266177,0.000000,0.000000,0.000000,0.589705,0.000000,0.000000,0.000000,0.000000,1.000000,0.381924,0.000000,0.000000,0.000000,0.000000,1.000000
7.650000,0.573801,0.000000,0.120588,0.000000,0.000000,0.000000,0.636032,0.000000,0.088235,0.000000,0.000000,0.000000,0.104411,0.539791,0.274538,0.000000,0.000000,0.000000,0.049996,0.334564,0.266177,0.000000,0.000000,0.000000,0.589705,0.000000,0.000000,0.000000,0.000000,1.000000,0.385296,0.000000,0.000000,0.000000,0.000000,1.000000
7.700000,0.578649,0.000000,0.120588,0.000000,0.000000,0.000000,0.639403,0.000000,0.088235,0.000000,0.000000,0.000000,0.104411,0.465407,0.279385,0.000000,0.000000,0.000000,0.046625,0.341308,0.266177,0.000000,0.000000,0.000000,0.589705,0.000000,0.000000,0.000000,0.000000,1.000000,0.388668,0.000000,0.000000,0.000000,0.000000,1.000000
7.750000,0.581617,0.000000,0.109693,0.000000,0.000000,0.000000,0.642775,0.000000,0.088235,0.000000,0.000000,0.000000,0.104411,0.391837,0.279241,0.000000,0.000000,0.000000,0.043253,0.348051,0.266177,0.000000,0.000000,0.000000,0.592818,0.000000,0.000000,0.000000,0.000000,1.000000,0.392040,0.000000,0.000000,0.000000,0.000000,1.000000
7.800000,0.581617,0.000000,0.081583,0.000000,0.000000,0.000000,0.646147,0.000000,0.088235,0.000000,0.000000,0.000000,0.104411,0.319554,0.271209,0.000000,0.000000,0.000000,0.039881,0.354795,0.266177,0.000000,0.000000,0.000000,0.600850,0.000000,0.000000,0.000000,0.000000,1.000000,0.395411,0.000000,0.000000,0.000000,0.000000,1.000000
7.850000,0.581617,0.000000,0.053473,0.000000,0.000000,0.000000,0.599845,0.000000,0.083587,0.000000,0.000000,0.000000,0.104411,0.247272,0.263178,0.000000,0.000000,0.000000,0.039705,0.317964,0.252234,0.000000,0.000000,0.000000,0.608881,0.000000,0.000000,0.000000,0.000000,1.000000,0.423475,0.000000,0.000000,0.000000,0.000000,1.000000
7.900000,0.581617,0.000000,0.025363,0.000000,0.000000,0.000000,0.550801,0.000000,0.078682,0.000000,0.000000,0.000000,0.104411,0.174989,0.255146,0.000000,0.000000,0.000000,0.039705,0.278730,0.237520,0.000000,0.000000,0.000000,0.616913,0.000000,0.000000,0.000000,0.000000,1.000000,0.452901,0.000000,0.000000,0.000000,0.000000,1.000000
7.950000,0.583403,0.000000,0.006541,0.000000,0.000000,0.000000,0.501758,0.000000,0.073778,0.000000,0.000000,0.000000,0.104411,0.130463,0.248215,0.000000,0.000000,0.000000,0.039705,0.239496,0.222807,0.000000,0.000000,0.000000,0.623844,0.000000,0.000000,0.000000,0.000000,1.000000,0.482327,0.000000,0.000000,0.000000,0.000000,1.000000
8.000000,0.588372,0.000000,0.004283,0.000000,0.000000,0.000000,0.484559,0.000000,0.057706,0.000000,0.000000,0.000000,0.104411,0.135431,0.243246,0.000000,0.000000,0.000000,0.042927,0.199960,0.217647,0.000000,0.000000,0.000000,0.628813,0.000000,0.000000,0.000000,0.000000,1.000000,0.505534,0.000000,0.000000,0.000000,0.000000,1.000000
8.050000,0.593341,0.000000,0.002024,0.000000,0.000000,0.000000,0.484559,0.000000,0.035602,0.000000,0.000000,0.000000,0.104411,0.140399,0.238277,0.000000,0.000000,0.000000,0.047889,0.160262,0.217647,0.000000,0.000000,0.000000,0.633781,0.000000,0.000000,0.000000,0.000000,1.000000,0.525383,0.000000,0.000000,0.000000,0.000000,1.000000
8.100000,0.000000,0.000000,0.000000,0.000000,0.000000,0.000000,0.484559,0.000000,0.013498,0.000000,0.000000,0.000000,0.000000,0.000000,0.000000,0.000000,0.000000,0.000000,0.052851,0.120564,0.217647,0.000000,0.000000,0.000000,0.000000,0.000000,0.000000,0.000000,0.000000,0.000000,0.545232,0.000000,0.000000,0.000000,0.000000,1.000000
8.150000,0.000000,0.000000,0.000000,0.000000,0.000000,0.000000,0.484559,0.000000,0.000000,0.000000,0.000000,0.000000,0.000000,0.000000,0.000000,0.000000,0.000000,0.000000,0.057766,0.098208,0.219532,0.000000,0.000000,0.000000,0.000000,0.000000,0.000000,0.000000,0.000000,0.000000,0.561122,0.000000,0.000000,0.000000,0.000000,1.000000
8.200000,0.000000,0.000000,0.000000,0.000000,0.000000,0.000000,0.484559,0.000000,0.000000,0.000000,0.000000,0.000000,0.000000,0.000000,0.000000,0.000000,0.000000,0.000000,0.062607,0.103049,0.224374,0.000000,0.000000,0.000000,0.000000,0.000000,0.000000,0.000000,0.000000,0.000000,0.570805,0.000000,0.000000,0.000000,0.000000,1.000000
8.250000,0.000000,0.000000,0.000000,0.000000,0.000000,0.000000,0.484559,0.000000,0.000000,0.000000,0.000000,0.000000,0.000000,0.000000,0.000000,0.000000,0.000000,0.000000,0.067449,0.107891,0.229215,0.000000,0.000000,0.000000,0.000000,0.000000,0.000000,0.000000,0.000000,0.000000,0.580487,0.000000,0.000000,0.000000,0.000000,1.000000
8.300000,0.000000,0.000000,0.000000,0.000000,0.000000,0.000000,0.000000,0.000000,0.000000,0.000000,0.000000,0.000000,0.000000,0.000000,0.000000,0.000000,0.000000,0.000000,0.000000,0.000000,0.000000,0.000000,0.000000,0.000000,0.000000,0.000000,0.000000,0.000000,0.000000,0.000000,0.000000,0.000000,0.000000,0.000000,0.000000,0.000000
8.350000,0.000000,0.000000,0.000000,0.000000,0.000000,0.000000,0.000000,0.000000,0.000000,0.000000,0.000000,0.000000,0.000000,0.000000,0.000000,0.000000,0.000000,0.000000,0.000000,0.000000,0.000000,0.000000,0.000000,0.000000,0.000000,0.000000,0.000000,0.000000,0.000000,0.000000,0.000000,0.000000,0.000000,0.000000,0.000000,0.000000
8.400000,0.000000,0.000000,0.000000,0.000000,0.000000,0.000000,0.000000,0.000000,0.000000,0.000000,0.000000,0.000000,0.000000,0.000000,0.000000,0.000000,0.000000,0.000000,0.000000,0.000000,0.000000,0.000000,0.000000,0.000000,0.000000,0.000000,0.000000,0.000000,0.000000,0.000000,0.000000,0.000000,0.000000,0.000000,0.000000,0.000000
8.450000,0.000000,0.000000,0.000000,0.000000,0.000000,0.000000,0.000000,0.000000,0.000000,0.000000,0.000000,0.000000,0.000000,0.000000,0.000000,0.000000,0.000000,0.000000,0.000000,0.000000,0.000000,0.000000,0.000000,0.000000,0.000000,0.000000,0.000000,0.000000,0.000000,0.000000,0.000000,0.000000,0.000000,0.000000,0.000000,0.000000
8.500000,0.000000,0.000000,0.000000,0.000000,0.000000,0.000000,0.000000,0.000000,0.000000,0.000000,0.000000,0.000000,0.000000,0.000000,0.000000,0.000000,0.000000,0.000000,0.000000,0.000000,0.000000,0.000000,0.000000,0.000000,0.000000,0.000000,0.000000,0.000000,0.000000,0.000000,0.000000,0.000000,0.000000,0.000000,0.000000,0.000000
8.550000,0.000000,0.000000,0.000000,0.000000,0.000000,0.000000,0.000000,0.000000,0.000000,0.000000,0.000000,0.000000,0.000000,0.000000,0.000000,0.000000,0.000000,0.000000,0.000000,0.000000,0.000000,0.000000,0.000000,0.000000,0.000000,0.000000,0.000000,0.000000,0.000000,0.000000,0.000000,0.000000,0.000000,0.000000,0.000000,0.000000
8.600000,0.000000,0.000000,0.000000,0.000000,0.000000,0.000000,0.000000,0.000000,0.000000,0.000000,0.000000,0.000000,0.000000,0.000000,0.000000,0.000000,0.000000,0.000000,0.000000,0.000000,0.000000,0.000000,0.000000,0.000000,0.000000,0.000000,0.000000,0.000000,0.000000,0.000000,0.000000,0.000000,0.000000,0.000000,0.000000,0.000000
8.650000,0.000000,0.000000,0.000000,0.000000,0.000000,0.000000,0.000000,0.000000,0.000000,0.000000,0.000000,0.000000,0.000000,0.000000,0.000000,0.000000,0.000000,0.000000,0.000000,0.000000,0.000000,0.000000,0.000000,0.000000,0.000000,0.000000,0.000000,0.000000,0.000000,0.000000,0.000000,0.000000,0.000000,0.000000,0.000000,0.000000
8.700000,0.000000,0.000000,0.000000,0.000000,0.000000,0.000000,0.000000,0.000000,0.000000,0.000000,0.000000,0.000000,0.000000,0.000000,0.000000,0.000000,0.000000,0.000000,0.000000,0.000000,0.000000,0.000000,0.000000,0.000000,0.000000,0.000000,0.000000,0.000000,0.000000,0.000000,0.000000,0.000000,0.000000,0.000000,0.000000,0.000000
8.750000,0.000000,0.000000,0.000000,0.000000,0.000000,0.000000,0.000000,0.000000,0.000000,0.000000,0.000000,0.000000,0.000000,0.000000,0.000000,0.000000,0.000000,0.000000,0.000000,0.000000,0.000000,0.000000,0.000000,0.000000,0.000000,0.000000,0.000000,0.000000,0.000000,0.000000,0.000000,0.000000,0.000000,0.000000,0.000000,0.000000
8.800000,0.000000,0.000000,0.000000,0.000000,0.000000,0.000000,0.000000,0.000000,0.000000,0.000000,0.000000,0.000000,0.000000,0.000000,0.000000,0.000000,0.000000,0.000000,0.000000,0.000000,0.000000,0.000000,0.000000,0.000000,0.000000,0.000000,0.000000,0.000000,0.000000,0.000000,0.000000,0.000000,0.000000,0.000000,0.000000,0.000000
8.850000,0.000000,0.000000,0.000000,0.000000,0.000000,0.000000,0.000000,0.000000,0.000000,0.000000,0.000000,0.000000,0.000000,0.000000,0.000000,0.000000,0.000000,0.000000,0.000000,0.000000,0.000000,0.000000,0.000000,0.000000,0.000000,0.000000,0.000000,0.000000,0.000000,0.000000,0.000000,0.000000,0.000000,0.000000,0.000000,0.000000
8.900000,0.000000,0.000000,0.000000,0.000000,0.000000,0.000000,0.533087,0.000000,0.000000,0.000000,0.000000,0.000000,0.000000,0.000000,0.000000,0.000000,0.000000,0.000000,0.088833,0.112500,0.233824,0.000000,0.000000,0.000000,0.000000,0.000000,0.000000,0.000000,0.000000,0.000000,0.605882,0.000000,0.000000,0.000000,0.000000,1.000000
8.950000,0.000000,0.000000,0.000000,0.000000,0.000000,0.000000,0.533087,0.000000,0.000000,0.000000,0.000000,0.000000,0.000000,0.000000,0.000000,0.000000,0.000000,0.000000,0.093708,0.112500,0.233824,0.000000,0.000000,0.000000,0.000000,0.000000,0.000000,0.000000,0.000000,0.000000,0.605882,0.000000,0.000000,0.000000,0.000000,1.000000
9.000000,0.593951,0.000000,0.000000,0.000000,0.000000,0.000000,0.533087,0.000000,0.000000,0.000000,0.000000,0.000000,0.088235,0.172560,0.233824,0.000000,0.000000,0.000000,0.098583,0.112500,0.233824,0.000000,0.000000,0.000000,0.654411,0.000000,0.000000,0.000000,0.000000,1.000000,0.605882,0.000000,0.000000,0.000000,0.000000,1.000000
9.050000,0.589041,0.000000,0.000000,0.000000,0.000000,0.000000,0.533087,0.000000,0.000000,0.000000,0.000000,0.000000,0.088235,0.187290,0.233824,0.000000,0.000000,0.000000,0.103458,0.112500,0.233824,0.000000,0.000000,0.000000,0.654411,0.000000,0.000000,0.000000,0.000000,1.000000,0.605882,0.000000,0.000000,0.000000,0.000000,1.000000
9.100000,0.584131,0.000000,0.000000,0.000000,0.000000,0.000000,0.533087,0.000000,0.000000,0.000000,0.000000,0.000000,0.088235,0.202020,0.233824,0.000000,0.000000,0.000000,0.104411,0.112500,0.233824,0.000000,0.000000,0.000000,0.654411,0.000000,0.000000,0.000000,0.000000,1.000000,0.609153,0.000000,0.000000,0.000000,0.000000,1.000000
9.150000,0.581617,0.000000,0.000000,0.000000,0.000000,0.000000,0.533087,0.000000,0.000000,0.000000,0.000000,0.000000,0.088235,0.207136,0.233824,0.000000,0.000000,0.000000,0.104411,0.112500,0.233824,0.000000,0.000000,0.000000,0.656833,0.000000,0.000000,0.000000,0.000000,1.000000,0.613217,0.000000,0.000000,0.000000,0.000000,1.000000
9.200000,0.581617,0.000000,0.000000,0.000000,0.000000,0.000000,0.533087,0.000000,0.000000,0.000000,0.000000,0.000000,0.088235,0.202175,0.233824,0.000000,0.000000,0.000000,0.104411,0.112500,0.233824,0.000000,0.000000,0.000000,0.661795,0.000000,0.000000,0.000000,0.000000,1.000000,0.617282,0.000000,0.000000,0.000000,0.000000,1.000000
9.250000,0.581617,0.000000,0.000000,0.000000,0.000000,0.000000,0.533087,0.000000,0.000000,0.000000,0.000000,0.000000,0.088235,0.197213,0.233824,0.000000,0.000000,0.000000,0.104411,0.112500,0.233824,0.000000,0.000000,0.000000,0.666756,0.000000,0.000000,0.000000,0.000000,1.000000,0.621346,0.000000,0.000000,0.000000,0.000000,1.000000
9.300000,0.581617,0.000000,0.000507,0.000000,0.000000,0.000000,0.537204,0.000000,0.000000,0.000000,0.000000,0.000000,0.088235,0.194498,0.234940,0.000000,0.000000,0.000000,0.104411,0.112500,0.237940,0.000000,0.000000,0.000000,0.670588,0.000000,0.000000,0.000000,0.000000,1.000000,0.622059,0.000000,0.000000,0.000000,0.000000,1.000000
9.350000,0.581617,0.000000,0.002735,0.000000,0.000000,0.000000,0.542195,0.000000,0.000000,0.000000,0.000000,0.000000,0.088235,0.199400,0.239842,0.000000,0.000000,0.000000,0.104411,0.112500,0.242931,0.000000,0.000000,0.000000,0.670588,0.000000,0.000000,0.000000,0.000000,1.000000,0.622059,0.000000,0.000000,0.000000,0.000000,1.000000
9.400000,0.581617,0.000000,0.004963,0.000000,0.000000,0.000000,0.547187,0.000000,0.000000,0.000000,0.000000,0.000000,0.088235,0.204301,0.244743,0.000000,0.000000,0.000000,0.104411,0.112500,0.247922,0.000000,0.000000,0.000000,0.670588,0.000000,0.000000,0.000000,0.000000,1.000000,0.622059,0.000000,0.000000,0.000000,0.000000,1.000000
9.450000,0.581617,0.000000,0.007191,0.000000,0.000000,0.000000,0.549265,0.000000,0.000000,0.000000,0.000000,0.000000,0.088235,0.209203,0.249645,0.000000,0.000000,0.000000,0.104411,0.144365,0.250000,0.000000,0.000000,0.000000,0.670588,0.000000,0.000000,0.000000,0.000000,1.000000,0.619162,0.000000,0.000000,0.000000,0.000000,1.000000
9.500000,0.581617,0.000000,0.026003,0.000000,0.000000,0.000000,0.549265,0.000000,0.000000,0.000000,0.000000,0.000000,0.088235,0.209559,0.250000,0.000000,0.000000,0.000000,0.104411,0.198967,0.250000,0.000000,0.000000,0.000000,0.648207,0.000000,0.000000,0.000000,0.000000,1.000000,0.614198,0.000000,0.000000,0.000000,0.000000,1.000000
9.550000,0.581617,0.000000,0.046110,0.000000,0.000000,0.000000,0.549265,0.000000,0.000000,0.000000,0.000000,0.000000,0.088235,0.209559,0.250000,0.000000,0.000000,0.000000,0.104411,0.253568,0.250000,0.000000,0.000000,0.000000,0.624078,0.000000,0.000000,0.000000,0.000000,1.000000,0.609235,0.000000,0.000000,0.000000,0.000000,1.000000
9.600000,0.581617,0.000000,0.066218,0.000000,0.000000,0.000000,0.550856,0.000000,0.011863,0.000000,0.000000,0.000000,0.088235,0.209559,0.250000,0.000000,0.000000,0.000000,0.104411,0.296807,0.251591,0.000000,0.000000,0.000000,0.599949,0.000000,0.000000,0.000000,0.000000,1.000000,0.607474,0.000000,0.000000,0.000000,0.000000,1.000000
9.650000,0.581617,0.000000,0.086326,0.000000,0.000000,0.000000,0.555757,0.000000,0.048401,0.000000,0.000000,0.000000,0.088235,0.209559,0.250000,0.000000,0.000000,0.000000,0.104411,0.316413,0.256493,0.000000,0.000000,0.000000,0.575820,0.000000,0.000000,0.000000,0.000000,1.000000,0.612375,0.000000,0.000000,0.000000,0.000000,1.000000
9.700000,0.586088,0.000000,0.127200,0.000000,0.000000,0.000000,0.560658,0.000000,0.084938,0.000000,0.000000,0.000000,0.088235,0.200619,0.254470,0.000000,0.000000,0.000000,0.104411,0.336018,0.261395,0.000000,0.000000,0.000000,0.569059,0.000000,0.000000,0.000000,0.000000,1.000000,0.617277,0.000000,0.000000,0.000000,0.000000,1.000000
9.750000,0.591027,0.000000,0.170254,0.000000,0.000000,0.000000,0.565440,0.000000,0.120588,0.000000,0.000000,0.000000,0.088235,0.190741,0.259409,0.000000,0.000000,0.000000,0.104411,0.355928,0.266177,0.000000,0.000000,0.000000,0.564120,0.000000,0.000000,0.000000,0.000000,1.000000,0.621977,0.000000,0.000000,0.000000,0.000000,1.000000
9.800000,0.595966,0.000000,0.213308,0.000000,0.000000,0.000000,0.565440,0.000000,0.120588,0.000000,0.000000,0.000000,0.088235,0.180862,0.264349,0.000000,0.000000,0.000000,0.104411,0.388037,0.266177,0.000000,0.000000,0.000000,0.559181,0.000000,0.000000,0.000000,0.000000,1.000000,0.618608,0.000000,0.000000,0.000000,0.000000,1.000000
9.850000,0.591625,0.000000,0.254375,0.000000,0.000000,0.000000,0.565440,0.000000,0.120588,0.000000,0.000000,0.000000,0.088235,0.186460,0.269262,0.000000,0.000000,0.000000,0.104411,0.420146,0.266177,0.000000,0.000000,0.000000,0.554268,0.000000,0.000000,0.000000,0.000000,1.000000,0.615240,0.000000,0.000000,0.000000,0.000000,1.000000
9.900000,0.581827,0.000000,0.294273,0.000000,0.000000,0.000000,0.565440,0.000000,0.120588,0.000000,0.000000,0.000000,0.088235,0.201157,0.274161,0.000000,0.000000,0.000000,0.104411,0.452255,0.266177,0.000000,0.000000,0.000000,0.549369,0.000000,0.000000,0.000000,0.000000,1.000000,0.611872,0.000000,0.000000,0.000000,0.000000,1.000000
9.950000,0.572029,0.000000,0.334172,0.000000,0.000000,0.000000,0.565440,0.000000,0.120588,0.000000,0.000000,0.000000,0.088235,0.215854,0.279060,0.000000,0.000000,0.000000,0.104411,0.484364,0.266177,0.000000,0.000000,0.000000,0.544470,0.000000,0.000000,0.000000,0.000000,1.000000,0.608503,0.000000,0.000000,0.000000,0.000000,1.000000
10.000000,0.568625,0.000000,0.348032,0.000000,0.000000,0.000000,0.565440,0.000000,0.120588,0.000000,0.000000,0.000000,0.085050,0.228921,0.282354,0.000000,0.000000,0.000000,0.104411,0.505410,0.266177,0.000000,0.000000,0.000000,0.533214,0.000000,0.000000,0.000000,0.000000,1.000000,0.605882,0.000000,0.000000,0.000000,0.000000,1.000000
10.050000,0.578348,0.000000,0.308437,0.000000,0.000000,0.000000,0.565440,0.000000,0.120588,0.000000,0.000000,0.000000,0.075327,0.238644,0.282354,0.000000,0.000000,0.000000,0.104411,0.487675,0.266177,0.000000,0.000000,0.000000,0.508907,0.000000,0.000000,0.000000,0.000000,1.000000,0.605882,0.000000,0.000000,0.000000,0.000000,1.000000
10.100000,0.588072,0.000000,0.268843,0.000000,0.000000,0.000000,0.565440,0.000000,0.120588,0.000000,0.000000,0.000000,0.065604,0.248366,0.282354,0.000000,0.000000,0.000000,0.104411,0.469941,0.266177,0.000000,0.000000,0.000000,0.484601,0.000000,0.000000,0.000000,0.000000,1.000000,0.605882,0.000000,0.000000,0.000000,0.000000,1.000000
10.150000,0.597795,0.000000,0.229249,0.000000,0.000000,0.000000,0.565440,0.000000,0.120588,0.000000,0.000000,0.000000,0.055881,0.258089,0.282354,0.000000,0.000000,0.000000,0.104411,0.452206,0.266177,0.000000,0.000000,0.000000,0.460294,0.000000,0.000000,0.000000,0.000000,1.000000,0.605882,0.000000,0.000000,0.000000,0.000000,1.000000
10.200000,0.607735,0.000000,0.185922,0.000000,0.000000,0.000000,0.565440,0.000000,0.120588,0.000000,0.000000,0.000000,0.055881,0.277969,0.277384,0.000000,0.000000,0.000000,0.104411,0.518114,0.266177,0.000000,0.000000,0.000000,0.435442,0.000000,0.000000,0.000000,0.000000,1.000000,0.600943,0.000000,0.000000,0.000000,0.000000,1.000000
10.250000,0.617675,0.000000,0.142595,0.000000,0.000000,0.000000,0.565440,0.000000,0.120588,0.000000,0.000000,0.000000,0.055881,0.297850,0.272413,0.000000,0.000000,0.000000,0.104411,0.584021,0.266177,0.000000,0.000000,0.000000,0.410591,0.000000,0.000000,0.000000,0.000000,1.000000,0.596004,0.000000,0.000000,0.000000,0.000000,1.000000
10.300000,0.627615,0.000000,0.099269,0.000000,0.000000,0.000000,0.565440,0.000000,0.120588,0.000000,0.000000,0.000000,0.055881,0.317731,0.267443,0.000000,0.000000,0.000000,0.104411,0.649929,0.266177,0.000000,0.000000,0.000000,0.385740,0.000000,0.000000,0.000000,0.000000,1.000000,0.591065,0.000000,0.000000,0.000000,0.000000,1.000000
10.350000,0.632660,0.000000,0.088235,0.000000,0.000000,0.000000,0.568953,0.000000,0.120588,0.000000,0.000000,0.000000,0.053368,0.327820,0.266177,0.000000,0.000000,0.000000,0.104411,0.614175,0.269690,0.000000,0.000000,0.000000,0.381924,0.000000,0.000000,0.000000,0.000000,1.000000,0.589705,0.000000,0.000000,0.000000,0.000000,1.000000
10.400000,0.636032,0.000000,0.088235,0.000000,0.000000,0.000000,0.573801,0.000000,0.120588,0.000000,0.000000,0.000000,0.049996,0.334564,0.266177,0.000000,0.000000,0.000000,0.104411,0.539791,0.274538,0.000000,0.000000,0.000000,0.385296,0.000000,0.000000,0.000000,0.000000,1.000000,0.589705,0.000000,0.000000,0.000000,0.000000,1.000000
10.450000,0.639403,0.000000,0.088235,0.000000,0.000000,0.000000,0.578649,0.000000,0.120588,0.000000,0.000000,0.000000,0.046625,0.341308,0.266177,0.000000,0.000000,0.000000,0.104411,0.465407,0.279385,0.000000,0.000000,0.000000,0.388668,0.000000,0.000000,0.000000,0.000000,1.000000,0.589705,0.000000,0.000000,0.000000,0.000000,1.000000
10.500000,0.642775,0.000000,0.088235,0.000000,0.000000,0.000000,0.581617,0.000000,0.109693,0.000000,0.000000,0.000000,0.043253,0.348051,0.266177,0.000000,0.000000,0.000000,0.104411,0.391837,0.279241,0.000000,0.000000,0.000000,0.392040,0.000000,0.000000,0.000000,0.000000,1.000000,0.592818,0.000000,0.000000,0.000000,0.000000,1.000000
10.550000,0.646147,0.000000,0.088235,0.000000,0.000000,0.000000,0.581617,0.000000,0.081583,0.000000,0.000000,0.000000,0.039881,0.354795,0.266177,0.000000,0.000000,0.000000,0.104411,0.319554,0.271209,0.000000,0.000000,0.000000,0.395411,0.000000,0.000000,0.000000,0.000000,1.000000,0.600850,0.000000,0.000000,0.000000,0.000000,1.000000
10.600000,0.599845,0.000000,0.083587,0.000000,0.000000,0.000000,0.581617,0.000000,0.053473,0.000000,0.000000,0.000000,0.039705,0.317964,0.252234,0.000000,0.000000,0.000000,0.104411,0.247272,0.263178,0.000000,0.000000,0.000000,0.423475,0.000000,0.000000,0.000000,0.000000,1.000000,0.608881,0.000000,0.000000,0.000000,0.000000,1.000000
10.650000,0.550801,0.000000,0.078682,0.000000,0.000000,0.000000,0.581617,0.000000,0.025363,0.000000,0.000000,0.000000,0.039705,0.278730,0.237520,0.000000,0.000000,0.000000,0.104411,0.174989,0.255146,0.000000,0.000000,0.000000,0.452901,0.000000,0.000000,0.000000,0.000000,1.000000,0.616913,0.000000,0.000000,0.000000,0.000000,1.000000
10.700000,0.501758,0.000000,0.073778,0.000000,0.000000,0.000000,0.583403,0.000000,0.006541,0.000000,0.000000,0.000000,0.039705,0.239496,0.222807,0.000000,0.000000,0.000000,0.104411,0.130463,0.248215,0.000000,0.000000,0.000000,0.482327,0.000000,0.000000,0.000000,0.000000,1.000000,0.623844,0.000000,0.000000,0.000000,0.000000,1.000000
10.750000,0.484559,0.000000,0.057706,0.000000,0.000000,0.000000,0.588372,0.000000,0.004283,0.000000,0.000000,0.000000,0.042927,0.199960,0.217647,0.000000,0.000000,0.000000,0.104411,0.135431,0.243246,0.000000,0.000000,0.000000,0.505534,0.000000,0.000000,0.000000,0.000000,1.000000,0.628813,0.000000,0.000000,0.000000,0.000000,1.000000
10.800000,0.484559,0.000000,0.035602,0.000000,0.000000,0.000000,0.593341,0.000000,0.002024,0.000000,0.000000,0.000000,0.047889,0.160262,0.217647,0.000000,0.000000,0.000000,0.104411,0.140399,0.238277,0.000000,0.000000,0.000000,0.525383,0.000000,0.000000,0.000000,0.000000,1.000000,0.633781,0.000000,0.000000,0.000000,0.000000,1.000000
10.850000,0.484559,0.000000,0.013498,0.000000,0.000000,0.000000,0.000000,0.000000,0.000000,0.000000,0.000000,0.000000,0.052851,0.120564,0.217647,0.000000,0.000000,0.000000,0.000000,0.000000,0.000000,0.000000,0.000000,0.000000,0.545232,0.000000,0.000000,0.000000,0.000000,1.000000,0.000000,0.000000,0.000000,0.000000,0.000000,0.000000
10.900000,0.484559,0.000000,0.000000,0.000000,0.000000,0.000000,0.000000,0.000000,0.000000,0.000000,0.000000,0.000000,0.057766,0.098208,0.219532,0.000000,0.000000,0.000000,0.000000,0.000000,0.000000,0.000000,0.000000,0.000000,0.561122,0.000000,0.000000,0.000000,0.000000,1.000000,0.000000,0.000000,0.000000,0.000000,0.000000,0.000000
10.950000,0.484559,0.000000,0.000000,0.000000,0.000000,0.000000,0.000000,0.000000,0.000000,0.000000,0.000000,0.000000,0.062607,0.103049,0.224374,0.000000,0.000000,0.000000,0.000000,0.000000,0.000000,0.000000,0.000000,0.000000,0.570805,0.000000,0.000000,0.000000,0.000000,1.000000,0.000000,0.000000,0.000000,0.000000,0.000000,0.000000
11.000000,0.484559,0.000000,0.000000,0.000000,0.000000,0.000000,0.000000,0.000000,0.000000,0.000000,0.000000,0.000000,0.067449,0.107891,0.229215,0.000000,0.000000,0.000000,0.000000,0.000000,0.000000,0.000000,0.000000,0.000000,0.580487,0.000000,0.000000,0.000000,0.000000,1.000000,0.000000,0.000000,0.000000,0.000000,0.000000,0.000000
11.050000,0.000000,0.000000,0.000000,0.000000,0.000000,0.000000,0.000000,0.000000,0.000000,0.000000,0.000000,0.000000,0.000000,0.000000,0.000000,0.000000,0.000000,0.000000,0.000000,0.000000,0.000000,0.000000,0.000000,0.000000,0.000000,0.000000,0.000000,0.000000,0.000000,0.000000,0.000000,0.000000,0.000000,0.000000,0.000000,0.000000
11.100000,0.000000,0.000000,0.000000,0.000000,0.000000,0.000000,0.000000,0.000000,0.000000,0.000000,0.000000,0.000000,0.000000,0.000000,0.000000,0.000000,0.000000,0.000000,0.000000,0.000000,0.000000,0.000000,0.000000,0.000000,0.000000,0.000000,0.000000,0.000000,0.000000,0.000000,0.000000,0.000000,0.000000,0.000000,0.000000,0.000000
11.150000,0.000000,0.000000,0.000000,0.000000,0.000000,0.000000,0.000000,0.000000,0.000000,0.000000,0.000000,0.000000,0.000000,0.000000,0.000000,0.000000,0.000000,0.000000,0.000000,0.000000,0.000000,0.000000,0.000000,0.000000,0.000000,0.000000,0.000000,0.000000,0.000000,0.000000,0.000000,0.000000,0.000000,0.000000,0.000000,0.000000
11.200000,0.000000,0.000000,0.000000,0.000000,0.000000,0.000000,0.000000,0.000000,0.000000,0.000000,0.000000,0.000000,0.000000,0.000000,0.000000,0.000000,0.000000,0.000000,0.000000,0.000000,0.000000,0.000000,0.000000,0.000000,0.000000,0.000000,0.000000,0.000000,0.000000,0.000000,0.000000,0.000000,0.000000,0.000000,0.000000,0.000000
11.250000,0.000000,0.000000,0.000000,0.000000,0.000000,0.000000,0.000000,0.000000,0.000000,0.000000,0.000000,0.000000,0.000000,0.000000,0.000000,0.000000,0.000000,0.000000,0.000000,0.000000,0.000000,0.000000,0.000000,0.000000,0.000000,0.000000,0.000000,0.000000,0.000000,0.000000,0.000000,0.000000,0.000000,0.000000,0.000000,0.000000
11.300000,0.000000,0.000000,0.000000,0.000000,0.000000,0.000000,0.000000,0.000000,0.000000,0.000000,0.000000,0.000000,0.000000,0.000000,0.000000,0.000000,0.000000,0.000000,0.000000,0.000000,0.000000,0.000000,0.000000,0.000000,0.000000,0.000000,0.000000,0.000000,0.000000,0.000000,0.000000,0.000000,0.000000,0.000000,0.000000,0.000000
11.350000,0.000000,0.000000,0.000000,0.000000,0.000000,0.000000,0.000000,0.000000,0.000000,0.000000,0.000000,0.000000,0.000000,0.000000,0.000000,0.000000,0.000000,0.000000,0.000000,0.000000,0.000000,0.000000,0.000000,0.000000,0.000000,0.000000,0.000000,0.000000,0.000000,0.000000,0.000000,0.000000,0.000000,0.000000,0.000000,0.000000
11.400000,0.000000,0.000000,0.000000,0.000000,0.000000,0.000000,0.000000,0.000000,0.000000,0.000000,0.000000,0.000000,0.000000,0.000000,0.000000,0.000000,0.000000,0.000000,0.000000,0.000000,0.000000,0.000000,0.000000,0.000000,0.000000,0.000000,0.000000,0.000000,0.000000,0.000000,0.000000,0.000000,0.000000,0.000000,0.000000,0.000000
11.450000,0.000000,0.000000,0.000000,0.000000,0.000000,0.000000,0.000000,0.000000,0.000000,0.000000,0.000000,0.000000,0.000000,0.000000,0.000000,0.000000,0.000000,0.000000,0.000000,0.000000,0.000000,0.000000,0.000000,0.000000,0.000000,0.000000,0.000000,0.000000,0.000000,0.000000,0.000000,0.000000,0.000000,0.000000,0.000000,0.000000
11.500000,0.000000,0.000000,0.000000,0.000000,0.000000,0.000000,0.000000,0.000000,0.000000,0.000000,0.000000,0.000000,0.000000,0.000000,0.000000,0.000000,0.000000,0.000000,0.000000,0.000000,0.000000,0.000000,0.000000,0.000000,0.000000,0.000000,0.000000,0.000000,0.000000,0.000000,0.000000,0.000000,0.000000,0.000000,0.000000,0.000000
11.550000,0.000000,0.000000,0.000000,0.000000,0.000000,0.000000,0.000000,0.000000,0.000000,0.000000,0.000000,0.000000,0.000000,0.000000,0.000000,0.000000,0.000000,0.000000,0.000000,0.000000,0.000000,0.000000,0.000000,0.000000,0.000000,0.000000,0.000000,0.000000,0.000000,0.000000,0.000000,0.000000,0.000000,0.000000,0.000000,0.000000
11.600000,0.000000,0.000000,0.000000,0.000000,0.000000,0.000000,0.000000,0.000000,0.000000,0.000000,0.000000,0.000000,0.000000,0.000000,0.000000,0.000000,0.000000,0.000000,0.000000,0.000000,0.000000,0.000000,0.000000,0.000000,0.000000,0.000000,0.000000,0.000000,0.000000,0.000000,0.000000,0.000000,0.000000,0.000000,0.000000,0.000000
11.650000,0.533087,0.000000,0.000000,0.000000,0.000000,0.000000,0.597795,0.039706,0.089095,0.000000,0.000000,0.000000,0.088235,0.136803,0.266177,0.000000,0.000000,0.000000,0.153800,0.015441,0.000391,0.000000,0.000000,0.000000,0.648994,0.000000,0.000000,0.000000,0.000000,1.000000,0.525000,0.000000,0.000000,0.000000,0.000000,1.000000
11.700000,0.533087,0.000000,0.000000,0.000000,0.000000,0.000000,0.597795,0.039706,0.094035,0.000000,0.000000,0.000000,0.088235,0.151649,0.266177,0.000000,0.000000,0.000000,0.158741,0.015441,0.002637,0.000000,0.000000,0.000000,0.639096,0.000000,0.000000,0.000000,0.000000,1.000000,0.525000,0.000000,0.000000,0.000000,0.000000,1.000000
11.750000,0.533087,0.000000,0.000000,0.000000,0.000000,0.000000,0.597795,0.039706,0.098975,0.000000,0.000000,0.000000,0.088235,0.166495,0.266177,0.000000,0.000000,0.000000,0.163681,0.015441,0.004883,0.000000,0.000000,0.000000,0.629199,0.000000,0.000000,0.000000,0.000000,1.000000,0.525000,0.000000,0.000000,0.000000,0.000000,1.000000
11.800000,0.533087,0.000000,0.000000,0.000000,0.000000,0.000000,0.597795,0.039706,0.103915,0.000000,0.000000,0.000000,0.086861,0.179954,0.266177,0.000000,0.000000,0.000000,0.168621,0.015441,0.007128,0.000000,0.000000,0.000000,0.620684,0.000000,0.000000,0.000000,0.000000,1.000000,0.525000,0.000000,0.000000,0.000000,0.000000,1.000000
11.850000,0.533087,0.000000,0.000000,0.000000,0.000000,0.000000,0.602232,0.035269,0.104411,0.000000,0.000000,0.000000,0.081927,0.189820,0.266177,0.000000,0.000000,0.000000,0.169117,0.015441,0.011791,0.000000,0.000000,0.000000,0.615752,0.000000,0.000000,0.000000,0.000000,1.000000,0.529437,0.000000,0.000000,0.000000,0.000000,1.000000
11.900000,0.533087,0.000000,0.000000,0.000000,0.000000,0.000000,0.607164,0.030336,0.104411,0.000000,0.000000,0.000000,0.076994,0.199686,0.266177,0.000000,0.000000,0.000000,0.169117,0.015441,0.016724,0.000000,0.000000,0.000000,0.610819,0.000000,0.000000,0.000000,0.000000,1.000000,0.534370,0.000000,0.000000,0.000000,0.000000,1.000000
11.950000,0.533087,0.000000,0.000000,0.000000,0.000000,0.000000,0.612096,0.025404,0.104411,0.000000,0.000000,0.000000,0.072061,0.209552,0.266177,0.000000,0.000000,0.000000,0.169117,0.015441,0.021656,0.000000,0.000000,0.000000,0.605886,0.000000,0.000000,0.000000,0.000000,1.000000,0.539303,0.000000,0.000000,0.000000,0.000000,1.000000
12.000000,0.528248,0.000000,0.000000,0.000000,0.000000,0.000000,0.613970,0.023530,0.104411,0.000000,0.000000,0.000000,0.072057,0.214399,0.266177,0.000000,0.000000,0.000000,0.153735,0.043129,0.023530,0.000000,0.000000,0.000000,0.615563,0.000000,0.000000,0.000000,0.000000,1.000000,0.525794,0.000000,0.000000,0.000000,0.000000,1.000000
12.050000,0.523405,0.000000,0.000000,0.000000,0.000000,0.000000,0.613970,0.023530,0.104411,0.000000,0.000000,0.000000,0.072057,0.219243,0.266177,0.000000,0.000000,0.000000,0.128931,0.087778,0.023530,0.000000,0.000000,0.000000,0.625250,0.000000,0.000000,0.000000,0.000000,1.000000,0.500989,0.000000,0.000000,0.000000,0.000000,1.000000
12.100000,0.518561,0.000000,0.000000,0.000000,0.000000,0.000000,0.613970,0.023530,0.104411,0.000000,0.000000,0.000000,0.072057,0.224087,0.266177,0.000000,0.000000,0.000000,0.104126,0.132426,0.023530,0.000000,0.000000,0.000000,0.634937,0.000000,0.000000,0.000000,0.000000,1.000000,0.476185,0.000000,0.000000,0.000000,0.000000,1.000000
12.150000,0.516912,0.000000,0.000000,0.000000,0.000000,0.000000,0.612219,0.023530,0.104411,0.000000,0.000000,0.000000,0.072057,0.236806,0.266177,0.000000,0.000000,0.000000,0.086484,0.173999,0.027032,0.000000,0.000000,0.000000,0.638235,0.000000,0.000000,0.000000,0.000000,1.000000,0.451537,0.000000,0.000000,0.000000,0.000000,1.000000
12.200000,0.516912,0.000000,0.000000,0.000000,0.000000,0.000000,0.607346,0.023530,0.104411,0.000000,0.000000,0.000000,0.072057,0.253589,0.266177,0.000000,0.000000,0.000000,0.081610,0.210091,0.036779,0.000000,0.000000,0.000000,0.638235,0.000000,0.000000,0.000000,0.000000,1.000000,0.427170,0.000000,0.000000,0.000000,0.000000,1.000000
12.250000,0.516912,0.000000,0.000000,0.000000,0.000000,0.000000,0.602473,0.023530,0.104411,0.000000,0.000000,0.000000,0.072057,0.270372,0.266177,0.000000,0.000000,0.000000,0.076736,0.246183,0.046526,0.000000,0.000000,0.000000,0.638235,0.000000,0.000000,0.000000,0.000000,1.000000,0.402802,0.000000,0.000000,0.000000,0.000000,1.000000
12.300000,0.516912,0.000000,0.000000,0.000000,0.000000,0.000000,0.597954,0.023530,0.105638,0.000000,0.000000,0.000000,0.072057,0.287155,0.266177,0.000000,0.000000,0.000000,0.072216,0.283494,0.057154,0.000000,0.000000,0.000000,0.638235,0.000000,0.000000,0.000000,0.000000,1.000000,0.379729,0.000000,0.000000,0.000000,0.000000,1.000000
12.350000,0.516912,0.000000,0.000000,0.000000,0.000000,0.000000,0.601918,0.023530,0.136233,0.000000,0.000000,0.000000,0.072057,0.303938,0.266177,0.000000,0.000000,0.000000,0.076181,0.350005,0.088871,0.000000,0.000000,0.000000,0.638235,0.000000,0.000000,0.000000,0.000000,1.000000,0.387658,0.000000,0.000000,0.000000,0.000000,1.000000
12.400000,0.516912,0.000000,0.000000,0.000000,0.000000,0.000000,0.605882,0.023530,0.166829,0.000000,0.000000,0.000000,0.072057,0.358740,0.266177,0.000000,0.000000,0.000000,0.080146,0.416517,0.120587,0.000000,0.000000,0.000000,0.629953,0.000000,0.000000,0.000000,0.000000,1.000000,0.395587,0.000000,0.000000,0.000000,0.000000,1.000000
12.450000,0.516912,0.000000,0.000000,0.000000,0.000000,0.000000,0.609846,0.023530,0.197424,0.000000,0.000000,0.000000,0.072057,0.420764,0.266177,0.000000,0.000000,0.000000,0.084111,0.483028,0.152304,0.000000,0.000000,0.000000,0.620097,0.000000,0.000000,0.000000,0.000000,1.000000,0.403516,0.000000,0.000000,0.000000,0.000000,1.000000
12.500000,0.516912,0.000000,0.000000,0.000000,0.000000,0.000000,0.613811,0.023530,0.228019,0.000000,0.000000,0.000000,0.072057,0.482787,0.266177,0.000000,0.000000,0.000000,0.088076,0.549539,0.184020,0.000000,0.000000,0.000000,0.610241,0.000000,0.000000,0.000000,0.000000,1.000000,0.411445,0.000000,0.000000,0.000000,0.000000,1.000000
12.550000,0.516912,0.000000,0.000000,0.000000,0.000000,0.000000,0.595373,0.023530,0.248183,0.000000,0.000000,0.000000,0.069290,0.510218,0.266177,0.000000,0.000000,0.000000,0.078936,0.630214,0.185295,0.000000,0.000000,0.000000,0.597579,0.000000,0.000000,0.000000,0.000000,1.000000,0.374569,0.000000,0.000000,0.000000,0.000000,1.000000
12.600000,0.516912,0.000000,0.000000,0.000000,0.000000,0.000000,0.575996,0.023530,0.267910,0.000000,0.000000,0.000000,0.064327,0.510218,0.266177,0.000000,0.000000,0.000000,0.069247,0.711482,0.185295,0.000000,0.000000,0.000000,0.582690,0.000000,0.000000,0.000000,0.000000,1.000000,0.335816,0.000000,0.000000,0.000000,0.000000,1.000000
12.650000,0.516912,0.000000,0.000000,0.000000,0.000000,0.000000,0.556620,0.023530,0.287637,0.000000,0.000000,0.000000,0.059364,0.510218,0.266177,0.000000,0.000000,0.000000,0.059559,0.792751,0.185295,0.000000,0.000000,0.000000,0.567802,0.000000,0.000000,0.000000,0.000000,1.000000,0.297063,0.000000,0.000000,0.000000,0.000000,1.000000
12.700000,0.516912,0.000000,0.000000,0.000000,0.000000,0.000000,0.549265,0.019498,0.306414,0.000000,0.000000,0.000000,0.055881,0.493277,0.267640,0.000000,0.000000,0.000000,0.055881,0.853828,0.213015,0.000000,0.000000,0.000000,0.560277,0.000000,0.000000,0.000000,0.000000,1.000000,0.262948,0.000000,0.000000,0.000000,0.000000,1.000000
12.750000,0.516912,0.000000,0.000000,0.000000,0.000000,0.000000,0.549265,0.012999,0.324609,0.000000,0.000000,0.000000,0.055881,0.436449,0.272544,0.000000,0.000000,0.000000,0.055881,0.902552,0.257696,0.000000,0.000000,0.000000,0.570086,0.000000,0.000000,0.000000,0.000000,1.000000,0.231671,0.000000,0.000000,0.000000,0.000000,1.000000
12.800000,0.516912,0.000000,0.000000,0.000000,0.000000,0.000000,0.549265,0.006499,0.342805,0.000000,0.000000,0.000000,0.055881,0.379621,0.277449,0.000000,0.000000,0.000000,0.055881,0.951276,0.302378,0.000000,0.000000,0.000000,0.579896,0.000000,0.000000,0.000000,0.000000,1.000000,0.200394,0.000000,0.000000,0.000000,0.000000,1.000000
12.850000,0.516912,0.000000,0.000000,0.000000,0.000000,0.000000,0.549265,0.000000,0.361001,0.000000,0.000000,0.000000,0.055881,0.322794,0.282354,0.000000,0.000000,0.000000,0.055881,1.000000,0.347059,0.000000,0.000000,0.000000,0.589705,0.000000,0.000000,0.000000,0.000000,1.000000,0.169117,0.000000,0.000000,0.000000,0.000000,1.000000
12.900000,0.516912,0.000000,0.000000,0.000000,0.000000,0.000000,0.553968,0.000000,0.361001,0.000000,0.000000,0.000000,0.060724,0.308265,0.282354,0.000000,0.000000,0.000000,0.060584,1.000000,0.379981,0.000000,0.000000,0.000000,0.604234,0.000000,0.000000,0.000000,0.000000,1.000000,0.197337,0.000000,0.000000,0.000000,0.000000,1.000000
12.950000,0.516912,0.000000,0.000000,0.000000,0.000000,0.000000,0.558670,0.000000,0.361001,0.000000,0.000000,0.000000,0.065567,0.293736,0.282354,0.000000,0.000000,0.000000,0.065287,1.000000,0.412904,0.000000,0.000000,0.000000,0.618762,0.000000,0.000000,0.000000,0.000000,1.000000,0.225556,0.000000,0.000000,0.000000,0.000000,1.000000
13.000000,0.516912,0.000000,0.000000,0.000000,0.000000,0.000000,0.563373,0.000000,0.361001,0.000000,0.000000,0.000000,0.070410,0.279208,0.282354,0.000000,0.000000,0.000000,0.069991,1.000000,0.445826,0.000000,0.000000,0.000000,0.633291,0.000000,0.000000,0.000000,0.000000,1.000000,0.253775,0.000000,0.000000,0.000000,0.000000,1.000000
13.050000,0.522212,0.000000,0.000000,0.000000,0.000000,0.000000,0.565440,0.000841,0.368532,0.000000,0.000000,0.000000,0.074708,0.245114,0.282354,0.000000,0.000000,0.000000,0.070208,1.000000,0.463994,0.000000,0.000000,0.000000,0.638235,0.000000,0.000000,0.000000,0.000000,1.000000,0.268026,0.000000,0.000000,0.000000,0.000000,1.000000
13.100000,0.530246,0.000000,0.000000,0.000000,0.000000,0.000000,0.565440,0.002341,0.381968,0.000000,0.000000,0.000000,0.078725,0.200929,0.282354,0.000000,0.000000,0.000000,0.066909,1.000000,0.470592,0.000000,0.000000,0.000000,0.638235,0.000000,0.000000,0.000000,0.000000,1.000000,0.271325,0.000000,0.000000,0.000000,0.000000,1.000000
13.150000,0.538280,0.000000,0.000000,0.000000,0.000000,0.000000,0.565440,0.003840,0.395404,0.000000,0.000000,0.000000,0.082742,0.156743,0.282354,0.000000,0.000000,0.000000,0.063610,1.000000,0.477191,0.000000,0.000000,0.000000,0.638235,0.000000,0.000000,0.000000,0.000000,1.000000,0.274624,0.000000,0.000000,0.000000,0.000000,1.000000
13.200000,0.546313,0.000000,0.000000,0.000000,0.000000,0.000000,0.565440,0.005340,0.408840,0.000000,0.000000,0.000000,0.086759,0.112558,0.282354,0.000000,0.000000,0.000000,0.060310,1.000000,0.483789,0.000000,0.000000,0.000000,0.638235,0.000000,0.000000,0.000000,0.000000,1.000000,0.277923,0.000000,0.000000,0.000000,0.000000,1.000000
13.250000,0.549265,0.000000,0.000000,0.000000,0.000000,0.000000,0.565440,0.006840,0.422276,0.000000,0.000000,0.000000,0.091343,0.099430,0.282354,0.000000,0.000000,0.000000,0.057011,1.000000,0.490388,0.000000,0.000000,0.000000,0.638235,0.000000,0.000000,0.000000,0.000000,1.000000,0.281223,0.000000,0.000000,0.000000,0.000000,1.000000
13.300000,0.549265,0.000000,0.000000,0.000000,0.000000,0.000000,0.568674,0.005883,0.374193,0.000000,0.000000,0.000000,0.096256,0.104344,0.282354,0.000000,0.000000,0.000000,0.059115,0.800064,0.394150,0.000000,0.000000,0.000000,0.638235,0.000000,0.000000,0.000000,0.000000,1.000000,0.327632,0.000000,0.000000,0.000000,0.000000,1.000000
13.350000,0.549265,0.000000,0.000000,0.000000,0.000000,0.000000,0.573593,0.003647,0.294071,0.000000,0.000000,0.000000,0.101169,0.109257,0.282354,0.000000,0.000000,0.000000,0.064034,0.495998,0.244352,0.000000,0.000000,0.000000,0.638235,0.000000,0.000000,0.000000,0.000000,1.000000,0.396494,0.000000,0.000000,0.000000,0.000000,1.000000
13.400000,0.549265,0.000000,0.000000,0.000000,0.000000,0.000000,0.578513,0.001411,0.213948,0.000000,0.000000,0.000000,0.102745,0.112500,0.280688,0.000000,0.000000,0.000000,0.068953,0.191933,0.094555,0.000000,0.000000,0.000000,0.639901,0.000000,0.000000,0.000000,0.000000,1.000000,0.465356,0.000000,0.000000,0.000000,0.000000,1.000000
13.450000,0.549265,0.000000,0.000000,0.000000,0.000000,0.000000,0.581617,0.000000,0.163373,0.000000,0.000000,0.000000,0.097844,0.112500,0.275787,0.000000,0.000000,0.000000,0.075641,0.001710,0.002606,0.000000,0.000000,0.000000,0.644802,0.000000,0.000000,0.000000,0.000000,1.000000,0.512406,0.000000,0.000000,0.000000,0.000000,1.000000
13.500000,0.549265,0.000000,0.000000,0.000000,0.000000,0.000000,0.581617,0.000000,0.163373,0.000000,0.000000,0.000000,0.092943,0.112500,0.270886,0.000000,0.000000,0.000000,0.085358,0.006348,0.009673,0.000000,0.000000,0.000000,0.649703,0.000000,0.000000,0.000000,0.000000,1.000000,0.522123,0.000000,0.000000,0.000000,0.000000,1.000000
13.550000,0.549265,0.000000,0.000000,0.000000,0.000000,0.000000,0.581617,0.000000,0.163373,0.000000,0.000000,0.000000,0.088427,0.112500,0.266370,0.000000,0.000000,0.000000,0.095074,0.010985,0.016740,0.000000,0.000000,0.000000,0.654411,0.000000,0.000000,0.000000,0.000000,1.000000,0.531839,0.000000,0.000000,0.000000,0.000000,1.000000
13.600000,0.549265,0.000000,0.000000,0.000000,0.000000,0.000000,0.581617,0.000000,0.164140,0.000000,0.000000,0.000000,0.093330,0.112500,0.271273,0.000000,0.000000,0.000000,0.104411,0.015441,0.023718,0.000000,0.000000,0.000000,0.654411,0.000000,0.000000,0.000000,0.000000,1.000000,0.541176,0.000000,0.000000,0.000000,0.000000,1.000000
13.650000,0.549265,0.000000,0.000000,0.000000,0.000000,0.000000,0.581617,0.000000,0.183746,0.000000,0.000000,0.000000,0.098233,0.112500,0.276176,0.000000,0.000000,0.000000,0.104411,0.015441,0.028533,0.000000,0.000000,0.000000,0.654411,0.000000,0.000000,0.000000,0.000000,1.000000,0.541176,0.000000,0.000000,0.000000,0.000000,1.000000
13.700000,0.549265,0.000000,0.000000,0.000000,0.000000,0.000000,0.581617,0.000000,0.203352,0.000000,0.000000,0.000000,0.103136,0.112500,0.281079,0.000000,0.000000,0.000000,0.104411,0.015441,0.033347,0.000000,0.000000,0.000000,0.654411,0.000000,0.000000,0.000000,0.000000,1.000000,0.541176,0.000000,0.000000,0.000000,0.000000,1.000000
13.750000,0.544343,0.000000,0.000000,0.000000,0.000000,0.000000,0.581617,0.000000,0.222959,0.000000,0.000000,0.000000,0.104411,0.119883,0.282354,0.000000,0.000000,0.000000,0.104411,0.015441,0.038162,0.000000,0.000000,0.000000,0.649490,0.000000,0.000000,0.000000,0.000000,0.955040,0.541176,0.000000,0.000000,0.000000,0.000000,1.000000
13.800000,0.537692,0.000000,0.000000,0.000000,0.000000,0.000000,0.000000,0.000000,0.000000,0.000000,0.000000,0.000000,0.104411,0.129860,0.282354,0.000000,0.000000,0.000000,0.000000,0.000000,0.000000,0.000000,0.000000,0.000000,0.642839,0.000000,0.000000,0.000000,0.000000,0.894283,0.000000,0.000000,0.000000,0.000000,0.000000,0.000000
13.850000,0.531041,0.000000,0.000000,0.000000,0.000000,0.000000,0.000000,0.000000,0.000000,0.000000,0.000000,0.000000,0.104411,0.139836,0.282354,0.000000,0.000000,0.000000,0.000000,0.000000,0.000000,0.000000,0.000000,0.000000,0.636188,0.000000,0.000000,0.000000,0.000000,0.833527,0.000000,0.000000,0.000000,0.000000,0.000000,0.000000
13.900000,0.524390,0.000000,0.000000,0.000000,0.000000,0.000000,0.000000,0.000000,0.000000,0.000000,0.000000,0.000000,0.104411,0.149813,0.282354,0.000000,0.000000,0.000000,0.000000,0.000000,0.000000,0.000000,0.000000,0.000000,0.629537,0.000000,0.000000,0.000000,0.000000,0.772770,0.000000,0.000000,0.000000,0.000000,0.000000,0.000000
13.950000,0.517739,0.000000,0.000000,0.000000,0.000000,0.000000,0.000000,0.000000,0.000000,0.000000,0.000000,0.000000,0.104411,0.159790,0.282354,0.000000,0.000000,0.000000,0.000000,0.000000,0.000000,0.000000,0.000000,0.000000,0.622886,0.000000,0.000000,0.000000,0.000000,0.712013,0.000000,0.000000,0.000000,0.000000,0.000000,0.000000
14.000000,0.000000,0.000000,0.000000,0.000000,0.000000,0.000000,0.000000,0.000000,0.000000,0.000000,0.000000,0.000000,0.000000,0.000000,0.000000,0.000000,0.000000,0.000000,0.000000,0.000000,0.000000,0.000000,0.000000,0.000000,0.000000,0.000000,0.000000,0.000000,0.000000,0.000000,0.000000,0.000000,0.000000,0.000000,0.000000,0.000000
14.050000,0.000000,0.000000,0.000000,0.000000,0.000000,0.000000,0.000000,0.000000,0.000000,0.000000,0.000000,0.000000,0.000000,0.000000,0.000000,0.000000,0.000000,0.000000,0.000000,0.000000,0.000000,0.000000,0.000000,0.000000,0.000000,0.000000,0.000000,0.000000,0.000000,0.000000,0.000000,0.000000,0.000000,0.000000,0.000000,0.000000
14.100000,0.000000,0.000000,0.000000,0.000000,0.000000,0.000000,0.000000,0.000000,0.000000,0.000000,0.000000,0.000000,0.000000,0.000000,0.000000,0.000000,0.000000,0.000000,0.000000,0.000000,0.000000,0.000000,0.000000,0.000000,0.000000,0.000000,0.000000,0.000000,0.000000,0.000000,0.000000,0.000000,0.000000,0.000000,0.000000,0.000000
14.150000,0.000000,0.000000,0.000000,0.000000,0.000000,0.000000,0.000000,0.000000,0.000000,0.000000,0.000000,0.000000,0.000000,0.000000,0.000000,0.000000,0.000000,0.000000,0.000000,0.000000,0.000000,0.000000,0.000000,0.000000,0.000000,0.000000,0.000000,0.000000,0.000000,0.000000,0.000000,0.000000,0.000000,0.000000,0.000000,0.000000
14.200000,0.000000,0.000000,0.000000,0.000000,0.000000,0.000000,0.000000,0.000000,0.000000,0.000000,0.000000,0.000000,0.000000,0.000000,0.000000,0.000000,0.000000,0.000000,0.000000,0.000000,0.000000,0.000000,0.000000,0.000000,0.000000,0.000000,0.000000,0.000000,0.000000,0.000000,0.000000,0.000000,0.000000,0.000000,0.000000,0.000000
14.250000,0.000000,0.000000,0.000000,0.000000,0.000000,0.000000,0.000000,0.000000,0.000000,0.000000,0.000000,0.000000,0.000000,0.000000,0.000000,0.000000,0.000000,0.000000,0.000000,0.000000,0.000000,0.000000,0.000000,0.000000,0.000000,0.000000,0.000000,0.000000,0.000000,0.000000,0.000000,0.000000,0.000000,0.000000,0.000000,0.000000
14.300000,0.000000,0.000000,0.000000,0.000000,0.000000,0.000000,0.000000,0.000000,0.000000,0.000000,0.000000,0.000000,0.000000,0.000000,0.000000,0.000000,0.000000,0.000000,0.000000,0.000000,0.000000,0.000000,0.000000,0.000000,0.000000,0.000000,0.000000,0.000000,0.000000,0.000000,0.000000,0.000000,0.000000,0.000000,0.000000,0.000000
14.350000,0.000000,0.000000,0.000000,0.000000,0.000000,0.000000,0.000000,0.000000,0.000000,0.000000,0.000000,0.000000,0.000000,0.000000,0.000000,0.000000,0.000000,0.000000,0.000000,0.000000,0.000000,0.000000,0.000000,0.000000,0.000000,0.000000,0.000000,0.000000,0.000000,0.000000,0.000000,0.000000,0.000000,0.000000,0.000000,0.000000
14.400000,0.000000,0.000000,0.000000,0.000000,0.000000,0.000000,0.000000,0.000000,0.000000,0.000000,0.000000,0.000000,0.000000,0.000000,0.000000,0.000000,0.000000,0.000000,0.000000,0.000000,0.000000,0.000000,0.000000,0.000000,0.000000,0.000000,0.000000,0.000000,0.000000,0.000000,0.000000,0.000000,0.000000,0.000000,0.000000,0.000000
14.450000,0.000000,0.000000,0.000000,0.000000,0.000000,0.000000,0.000000,0.000000,0.000000,0.000000,0.000000,0.000000,0.000000,0.000000,0.000000,0.000000,0.000000,0.000000,0.000000,0.000000,0.000000,0.000000,0.000000,0.000000,0.000000,0.000000,0.000000,0.000000,0.000000,0.000000,0.000000,0.000000,0.000000,0.000000,0.000000,0.000000
14.500000,0.000000,0.000000,0.000000,0.000000,0.000000,0.000000,0.000000,0.000000,0.000000,0.000000,0.000000,0.000000,0.000000,0.000000,0.000000,0.000000,0.000000,0.000000,0.000000,0.000000,0.000000,0.000000,0.000000,0.000000,0.000000,0.000000,0.000000,0.000000,0.000000,0.000000,0.000000,0.000000,0.000000,0.000000,0.000000,0.000000
14.550000,0.000000,0.000000,0.000000,0.000000,0.000000,0.000000,0.000000,0.000000,0.000000,0.000000,0.000000,0.000000,0.000000,0.000000,0.000000,0.000000,0.000000,0.000000,0.000000,0.000000,0.000000,0.000000,0.000000,0.000000,0.000000,0.000000,0.000000,0.000000,0.000000,0.000000,0.000000,0.000000,0.000000,0.000000,0.000000,0.000000
14.600000,0.597795,0.039706,0.089095,0.000000,0.000000,0.000000,0.533087,0.000000,0.000000,0.000000,0.000000,0.000000,0.153800,0.015441,0.000391,0.000000,0.000000,0.000000,0.088235,0.136803,0.266177,0.000000,0.000000,0.000000,0.525000,0.000000,0.000000,0.000000,0.000000,1.000000,0.648994,0.000000,0.000000,0.000000,0.000000,1.000000
14.650000,0.597795,0.039706,0.094035,0.000000,0.000000,0.000000,0.533087,0.000000,0.000000,0.000000,0.000000,0.000000,0.158741,0.015441,0.002637,0.000000,0.000000,0.000000,0.088235,0.151649,0.266177,0.000000,0.000000,0.000000,0.525000,0.000000,0.000000,0.000000,0.000000,1.000000,0.639096,0.000000,0.000000,0.000000,0.000000,1.000000
14.700000,0.597795,0.039706,0.098975,0.000000,0.000000,0.000000,0.533087,0.000000,0.000000,0.000000,0.000000,0.000000,0.163681,0.015441,0.004883,0.000000,0.000000,0.000000,0.088235,0.166495,0.266177,0.000000,0.000000,0.000000,0.525000,0.000000,0.000000,0.000000,0.000000,1.000000,0.629199,0.000000,0.000000,0.000000,0.000000,1.000000
14.750000,0.597795,0.039706,0.103915,0.000000,0.000000,0.000000,0.533087,0.000000,0.000000,0.000000,0.000000,0.000000,0.168621,0.015441,0.007128,0.000000,0.000000,0.000000,0.086861,0.179954,0.266177,0.000000,0.000000,0.000000,0.525000,0.000000,0.000000,0.000000,0.000000,1.000000,0.620684,0.000000,0.000000,0.000000,0.000000,1.000000
14.800000,0.602232,0.035269,0.104411,0.000000,0.000000,0.000000,0.533087,0.000000,0.000000,0.000000,0.000000,0.000000,0.169117,0.015441,0.011791,0.000000,0.000000,0.000000,0.081927,0.189820,0.266177,0.000000,0.000000,0.000000,0.529437,0.000000,0.000000,0.000000,0.000000,1.000000,0.615752,0.000000,0.000000,0.000000,0.000000,1.000000
14.850000,0.607164,0.030336,0.104411,0.000000,0.000000,0.000000,0.533087,0.000000,0.000000,0.000000,0.000000,0.000000,0.169117,0.015441,0.016724,0.000000,0.000000,0.000000,0.076994,0.199686,0.266177,0.000000,0.000000,0.000000,0.534370,0.000000,0.000000,0.000000,0.000000,1.000000,0.610819,0.000000,0.000000,0.000000,0.000000,1.000000
14.900000,0.612096,0.025404,0.104411,0.000000,0.000000,0.000000,0.533087,0.000000,0.000000,0.000000,0.000000,0.000000,0.169117,0.015441,0.021656,0.000000,0.000000,0.000000,0.072061,0.209552,0.266177,0.000000,0.000000,0.000000,0.539303,0.000000,0.000000,0.000000,0.000000,1.000000,0.605886,0.000000,0.000000,0.000000,0.000000,1.000000
14.950000,0.613970,0.023530,0.104411,0.000000,0.000000,0.000000,0.528248,0.000000,0.000000,0.000000,0.000000,0.000000,0.153735,0.043129,0.023530,0.000000,0.000000,0.000000,0.072057,0.214399,0.266177,0.000000,0.000000,0.000000,0.525794,0.000000,0.000000,0.000000,0.000000,1.000000,0.615563,0.000000,0.000000,0.000000,0.000000,1.000000
15.000000,0.613970,0.023530,0.104411,0.000000,0.000000,0.000000,0.523405,0.000000,0.000000,0.000000,0.000000,0.000000,0.128931,0.087778,0.023530,0.000000,0.000000,0.000000,0.072057,0.219243,0.266177,0.000000,0.000000,0.000000,0.500989,0.000000,0.000000,0.000000,0.000000,1.000000,0.625250,0.000000,0.000000,0.000000,0.000000,1.000000
15.050000,0.613970,0.023530,0.104411,0.000000,0.000000,0.000000,0.518561,0.000000,0.000000,0.000000,0.000000,0.000000,0.104126,0.132426,0.023530,0.000000,0.000000,0.000000,0.072057,0.224087,0.266177,0.000000,0.000000,0.000000,0.476185,0.000000,0.000000,0.000000,0.000000,1.000000,0.634937,0.000000,0.000000,0.000000,0.000000,1.000000
15.100000,0.612219,0.023530,0.104411,0.000000,0.000000,0.000000,0.516912,0.000000,0.000000,0.000000,0.000000,0.000000,0.086484,0.173999,0.027032,0.000000,0.000000,0.000000,0.072057,0.236806,0.266177,0.000000,0.000000,0.000000,0.451537,0.000000,0.000000,0.000000,0.000000,1.000000,0.638235,0.000000,0.000000,0.000000,0.000000,1.000000
15.150000,0.607346,0.023530,0.104411,0.000000,0.000000,0.000000,0.516912,0.000000,0.000000,0.000000,0.000000,0.000000,0.081610,0.210091,0.036779,0.000000,0.000000,0.000000,0.072057,0.253589,0.266177,0.000000,0.000000,0.000000,0.427170,0.000000,0.000000,0.000000,0.000000,1.000000,0.638235,0.000000,0.000000,0.000000,0.000000,1.000000
15.200000,0.602473,0.023530,0.104411,0.000000,0.000000,0.000000,0.516912,0.000000,0.000000,0.000000,0.000000,0.000000,0.076736,0.246183,0.046526,0.000000,0.000000,0.000000,0.072057,0.270372,0.266177,0.000000,0.000000,0.000000,0.402802,0.000000,0.000000,0.000000,0.000000,1.000000,0.638235,0.000000,0.000000,0.000000,0.000000,1.000000
15.250000,0.597954,0.023530,0.105638,0.000000,0.000000,0.000000,0.516912,0.000000,0.000000,0.000000,0.000000,0.000000,0.072216,0.283494,0.057154,0.000000,0.000000,0.000000,0.072057,0.287155,0.266177,0.000000,0.000000,0.000000,0.379729,0.000000,0.000000,0.000000,0.000000,1.000000,0.638235,0.000000,0.000000,0.000000,0.000000,1.000000
15.300000,0.601918,0.023530,0.136233,0.000000,0.000000,0.000000,0.516912,0.000000,0.000000,0.000000,0.000000,0.000000,0.076181,0.350005,0.088871,0.000000,0.000000,0.000000,0.072057,0.303938,0.266177,0.000000,0.000000,0.000000,0.387658,0.000000,0.000000,0.000000,0.000000,1.000000,0.638235,0.000000,0.000000,0.000000,0.000000,1.000000
15.350000,0.605882,0.023530,0.166829,0.000000,0.000000,0.000000,0.516912,0.000000,0.000000,0.000000,0.000000,0.000000,0.080146,0.416517,0.120587,0.000000,0.000000,0.000000,0.072057,0.358740,0.266177,0.000000,0.000000,0.000000,0.395587,0.000000,0.000000,0.000000,0.000000,1.000000,0.629953,0.000000,0.000000,0.000000,0.000000,1.000000
15.400000,0.609846,0.023530,0.197424,0.000000,0.000000,0.000000,0.516912,0.000000,0.000000,0.000000,0.000000,0.000000,0.084111,0.483028,0.152304,0.000000,0.000000,0.000000,0.072057,0.420764,0.266177,0.000000,0.000000,0.000000,0.403516,0.000000,0.000000,0.000000,0.000000,1.000000,0.620097,0.000000,0.000000,0.000000,0.000000,1.000000
15.450000,0.613811,0.023530,0.228019,0.000000,0.000000,0.000000,0.516912,0.000000,0.000000,0.000000,0.000000,0.000000,0.088076,0.549539,0.184020,0.000000,0.000000,0.000000,0.072057,0.482787,0.266177,0.000000,0.000000,0.000000,0.411445,0.000000,0.000000,0.000000,0.000000,1.000000,0.610241,0.000000,0.000000,0.000000,0.000000,1.000000
15.500000,0.595373,0.023530,0.248183,0.000000,0.000000,0.000000,0.516912,0.000000,0.000000,0.000000,0.000000,0.000000,0.078936,0.630214,0.185295,0.000000,0.000000,0.000000,0.069290,0.510218,0.266177,0.000000,0.000000,0.000000,0.374569,0.000000,0.000000,0.000000,0.000000,1.000000,0.597579,0.000000,0.000000,0.000000,0.000000,1.000000
15.550000,0.575996,0.023530,0.267910,0.000000,0.000000,0.000000,0.516912,0.000000,0.000000,0.000000,0.000000,0.000000,0.069247,0.711482,0.185295,0.000000,0.000000,0.000000,0.064327,0.510218,0.266177,0.000000,0.000000,0.000000,0.335816,0.000000,0.000000,0.000000,0.000000,1.000000,0.582690,0.000000,0.000000,0.000000,0.000000,1.000000
15.600000,0.556620,0.023530,0.287637,0.000000,0.000000,0.000000,0.516912,0.000000,0.000000,0.000000,0.000000,0.000000,0.059559,0.792751,0.185295,0.000000,0.000000,0.000000,0.059364,0.510218,0.266177,0.000000,0.000000,0.000000,0.297063,0.000000,0.000000,0.000000,0.000000,1.000000,0.567802,0.000000,0.000000,0.000000,0.000000,1.000000
15.650000,0.549265,0.019498,0.306414,0.000000,0.000000,0.000000,0.516912,0.000000,0.000000,0.000000,0.000000,0.000000,0.055881,0.853828,0.213015,0.000000,0.000000,0.000000,0.055881,0.493277,0.267640,0.000000,0.000000,0.000000,0.262948,0.000000,0.000000,0.000000,0.000000,1.000000,0.560277,0.000000,0.000000,0.000000,0.000000,1.000000
15.700000,0.549265,0.012999,0.324609,0.000000,0.000000,0.000000,0.516912,0.000000,0.000000,0.000000,0.000000,0.000000,0.055881,0.902552,0.257696,0.000000,0.000000,0.000000,0.055881,0.436449,0.272544,0.000000,0.000000,0.000000,0.231671,0.000000,0.000000,0.000000,0.000000,1.000000,0.570086,0.000000,0.000000,0.000000,0.000000,1.000000
15.750000,0.549265,0.006499,0.342805,0.000000,0.000000,0.000000,0.516912,0.000000,0.000000,0.000000,0.000000,0.000000,0.055881,0.951276,0.302378,0.000000,0.000000,0.000000,0.055881,0.379621,0.277449,0.000000,0.000000,0.000000,0.200394,0.000000,0.000000,0.000000,0.000000,1.000000,0.579896,0.000000,0.000000,0.000000,0.000000,1.000000
15.800000,0.549265,0.000000,0.361001,0.000000,0.000000,0.000000,0.516912,0.000000,0.000000,0.000000,0.000000,0.000000,0.055881,1.000000,0.347059,0.000000,0.000000,0.000000,0.055881,0.322794,0.282354,0.000000,0.000000,0.000000,0.169117,0.000000,0.000000,0.000000,0.000000,1.000000,0.589705,0.000000,0.000000,0.000000,0.000000,1.000000
15.850000,0.553968,0.000000,0.361001,0.000000,0.000000,0.000000,0.516912,0.000000,0.000000,0.000000,0.000000,0.000000,0.060584,1.000000,0.379981,0.000000,0.000000,0.000000,0.060724,0.308265,0.282354,0.000000,0.000000,0.000000,0.197337,0.000000,0.000000,0.000000,0.000000,1.000000,0.604234,0.000000,0.000000,0.000000,0.000000,1.000000
15.900000,0.558670,0.000000,0.361001,0.000000,0.000000,0.000000,0.516912,0.000000,0.000000,0.000000,0.000000,0.000000,0.065287,1.000000,0.412904,0.000000,0.000000,0.000000,0.065567,0.293736,0.282354,0.000000,0.000000,0.000000,0.225556,0.000000,0.000000,0.000000,0.000000,1.000000,0.618762,0.000000,0.000000,0.000000,0.000000,1.000000
15.950000,0.563373,0.000000,0.361001,0.000000,0.000000,0.000000,0.516912,0.000000,0.000000,0.000000,0.000000,0.000000,0.069991,1.000000,0.445826,0.000000,0.000000,0.000000,0.070410,0.279208,0.282354,0.000000,0.000000,0.000000,0.253775,0.000000,0.000000,0.000000,0.000000,1.000000,0.633291,0.000000,0.000000,0.000000,0.000000,1.000000
16.000000,0.565440,0.000841,0.368532,0.000000,0.000000,0.000000,0.522212,0.000000,0.000000,0.000000,0.000000,0.000000,0.070208,1.000000,0.463994,0.000000,0.000000,0.000000,0.074708,0.245114,0.282354,0.000000,0.000000,0.000000,0.268026,0.000000,0.000000,0.000000,0.000000,1.000000,0.638235,0.000000,0.000000,0.000000,0.000000,1.000000
16.050000,0.565440,0.002341,0.381968,0.000000,0.000000,0.000000,0.530246,0.000000,0.000000,0.000000,0.000000,0.000000,0.066909,1.000000,0.470592,0.000000,0.000000,0.000000,0.078725,0.200929,0.282354,0.000000,0.000000,0.000000,0.271325,0.000000,0.000000,0.000000,0.000000,1.000000,0.638235,0.000000,0.000000,0.000000,0.000000,1.000000
16.100000,0.565440,0.003840,0.395404,0.000000,0.000000,0.000000,0.538280,0.000000,0.000000,0.000000,0.000000,0.000000,0.063610,1.000000,0.477191,0.000000,0.000000,0.000000,0.082742,0.156743,0.282354,0.000000,0.000000,0.000000,0.274624,0.000000,0.000000,0.000000,0.000000,1.000000,0.638235,0.000000,0.000000,0.000000,0.000000,1.000000
16.150000,0.565440,0.005340,0.408840,0.000000,0.000000,0.000000,0.546313,0.000000,0.000000,0.000000,0.000000,0.000000,0.060310,1.000000,0.483789,0.000000,0.000000,0.000000,0.086759,0.112558,0.282354,0.000000,0.000000,0.000000,0.277923,0.000000,0.000000,0.000000,0.000000,1.000000,0.638235,0.000000,0.000000,0.000000,0.000000,1.000000
16.200000,0.565440,0.006840,0.422276,0.000000,0.000000,0.000000,0.549265,0.000000,0.000000,0.000000,0.000000,0.000000,0.057011,1.000000,0.490388,0.000000,0.000000,0.000000,0.091343,0.099430,0.282354,0.000000,0.000000,0.000000,0.281223,0.000000,0.000000,0.000000,0.000000,1.000000,0.638235,0.000000,0.000000,0.000000,0.000000,1.000000
16.250000,0.568674,0.005883,0.374193,0.000000,0.000000,0.000000,0.549265,0.000000,0.000000,0.000000,0.000000,0.000000,0.059115,0.800064,0.394150,0.000000,0.000000,0.000000,0.096256,0.104344,0.282354,0.000000,0.000000,0.000000,0.327632,0.000000,0.000000,0.000000,0.000000,1.000000,0.638235,0.000000,0.000000,0.000000,0.000000,1.000000
16.300000,0.573593,0.003647,0.294071,0.000000,0.000000,0.000000,0.549265,0.000000,0.000000,0.000000,0.000000,0.000000,0.064034,0.495998,0.244352,0.000000,0.000000,0.000000,0.101169,0.109257,0.282354,0.000000,0.000000,0.000000,0.396494,0.000000,0.000000,0.000000,0.000000,1.000000,0.638235,0.000000,0.000000,0.000000,0.000000,1.000000
16.350000,0.578513,0.001411,0.213948,0.000000,0.000000,0.000000,0.549265,0.000000,0.000000,0.000000,0.000000,0.000000,0.068953,0.191933,0.094555,0.000000,0.000000,0.000000,0.102745,0.112500,0.280688,0.000000,0.000000,0.000000,0.465356,0.000000,0.000000,0.000000,0.000000,1.000000,0.639901,0.000000,0.000000,0.000000,0.000000,1.000000
16.400000,0.581617,0.000000,0.163373,0.000000,0.000000,0.000000,0.549265,0.000000,0.000000,0.000000,0.000000,0.000000,0.075641,0.001710,0.002606,0.000000,0.000000,0.000000,0.097844,0.112500,0.275787,0.000000,0.000000,0.000000,0.512406,0.000000,0.000000,0.000000,0.000000,1.000000,0.644802,0.000000,0.000000,0.000000,0.000000,1.000000
16.450000,0.581617,0.000000,0.163373,0.000000,0.000000,0.000000,0.549265,0.000000,0.000000,0.000000,0.000000,0.000000,0.085358,0.006348,0.009673,0.000000,0.000000,0.000000,0.092943,0.112500,0.270886,0.000000,0.000000,0.000000,0.522123,0.000000,0.000000,0.000000,0.000000,1.000000,0.649703,0.000000,0.000000,0.000000,0.000000,1.000000
16.500000,0.581617,0.000000,0.163373,0.000000,0.000000,0.000000,0.549265,0.000000,0.000000,0.000000,0.000000,0.000000,0.095074,0.010985,0.016740,0.000000,0.000000,0.000000,0.088427,0.112500,0.266370,0.000000,0.000000,0.000000,0.531839,0.000000,0.000000,0.000000,0.000000,1.000000,0.654411,0.000000,0.000000,0.000000,0.000000,1.000000
16.550000,0.581617,0.000000,0.164140,0.000000,0.000000,0.000000,0.549265,0.000000,0.000000,0.000000,0.000000,0.000000,0.104411,0.015441,0.023718,0.000000,0.000000,0.000000,0.093330,0.112500,0.271273,0.000000,0.000000,0.000000,0.541176,0.000000,0.000000,0.000000,0.000000,1.000000,0.654411,0.000000,0.000000,0.000000,0.000000,1.000000
16.600000,0.581617,0.000000,0.183746,0.000000,0.000000,0.000000,0.549265,0.000000,0.000000,0.000000,0.000000,0.000000,0.104411,0.015441,0.028533,0.000000,0.000000,0.000000,0.098233,0.112500,0.276176,0.000000,0.000000,0.000000,0.541176,0.000000,0.000000,0.000000,0.000000,1.000000,0.654411,0.000000,0.000000,0.000000,0.000000,1.000000
16.650000,0.581617,0.000000,0.203352,0.000000,0.000000,0.000000,0.549265,0.000000,0.000000,0.000000,0.000000,0.000000,0.104411,0.015441,0.033347,0.000000,0.000000,0.000000,0.103136,0.112500,0.281079,0.000000,0.000000,0.000000,0.541176,0.000000,0.000000,0.000000,0.000000,1.000000,0.654411,0.000000,0.000000,0.000000,0.000000,1.000000
16.700000,0.581617,0.000000,0.222959,0.000000,0.000000,0.000000,0.544343,0.000000,0.000000,0.000000,0.000000,0.000000,0.104411,0.015441,0.038162,0.000000,0.000000,0.000000,0.104411,0.119883,0.282354,0.000000,0.000000,0.000000,0.541176,0.000000,0.000000,0.000000,0.000000,1.000000,0.649490,0.000000,0.000000,0.000000,0.000000,0.955040
16.750000,0.000000,0.000000,0.000000,0.000000,0.000000,0.000000,0.537692,0.000000,0.000000,0.000000,0.000000,0.000000,0.000000,0.000000,0.000000,0.000000,0.000000,0.000000,0.104411,0.129860,0.282354,0.000000,0.000000,0.000000,0.000000,0.000000,0.000000,0.000000,0.000000,0.000000,0.642839,0.000000,0.000000,0.000000,0.000000,0.894283
16.800000,0.000000,0.000000,0.000000,0.000000,0.000000,0.000000,0.531041,0.000000,0.000000,0.000000,0.000000,0.000000,0.000000,0.000000,0.000000,0.000000,0.000000,0.000000,0.104411,0.139836,0.282354,0.000000,0.000000,0.000000,0.000000,0.000000,0.000000,0.000000,0.000000,0.000000,0.636188,0.000000,0.000000,0.000000,0.000000,0.833527
16.850000,0.000000,0.000000,0.000000,0.000000,0.000000,0.000000,0.524390,0.000000,0.000000,0.000000,0.000000,0.000000,0.000000,0.000000,0.000000,0.000000,0.000000,0.000000,0.104411,0.149813,0.282354,0.000000,0.000000,0.000000,0.000000,0.000000,0.000000,0.000000,0.000000,0.000000,0.629537,0.000000,0.000000,0.000000,0.000000,0.772770
16.900000,0.000000,0.000000,0.000000,0.000000,0.000000,0.000000,0.517739,0.000000,0.000000,0.000000,0.000000,0.000000,0.000000,0.000000,0.000000,0.000000,0.000000,0.000000,0.104411,0.159790,0.282354,0.000000,0.000000,0.000000,0.000000,0.000000,0.000000,0.000000,0.000000,0.000000,0.622886,0.000000,0.000000,0.000000,0.000000,0.712013
16.950000,0.000000,0.000000,0.000000,0.000000,0.000000,0.000000,0.000000,0.000000,0.000000,0.000000,0.000000,0.000000,0.000000,0.000000,0.000000,0.000000,0.000000,0.000000,0.000000,0.000000,0.000000,0.000000,0.000000,0.000000,0.000000,0.000000,0.000000,0.000000,0.000000,0.000000,0.000000,0.000000,0.000000,0.000000,0.000000,0.000000
17.000000,0.000000,0.000000,0.000000,0.000000,0.000000,0.000000,0.000000,0.000000,0.000000,0.000000,0.000000,0.000000,0.000000,0.000000,0.000000,0.000000,0.000000,0.000000,0.000000,0.000000,0.000000,0.000000,0.000000,0.000000,0.000000,0.000000,0.000000,0.000000,0.000000,0.000000,0.000000,0.000000,0.000000,0.000000,0.000000,0.000000
17.050000,0.000000,0.000000,0.000000,0.000000,0.000000,0.000000,0.000000,0.000000,0.000000,0.000000,0.000000,0.000000,0.000000,0.000000,0.000000,0.000000,0.000000,0.000000,0.000000,0.000000,0.000000,0.000000,0.000000,0.000000,0.000000,0.000000,0.000000,0.000000,0.000000,0.000000,0.000000,0.000000,0.000000,0.000000,0.000000,0.000000
17.100000,0.000000,0.000000,0.000000,0.000000,0.000000,0.000000,0.000000,0.000000,0.000000,0.000000,0.000000,0.000000,0.000000,0.000000,0.000000,0.000000,0.000000,0.000000,0.000000,0.000000,0.000000,0.000000,0.000000,0.000000,0.000000,0.000000,0.000000,0.000000,0.000000,0.000000,0.000000,0.000000,0.000000,0.000000,0.000000,0.000000
17.150000,0.000000,0.000000,0.000000,0.000000,0.000000,0.000000,0.000000,0.000000,0.000000,0.000000,0.000000,0.000000,0.000000,0.000000,0.000000,0.000000,0.000000,0.000000,0.000000,0.000000,0.000000,0.000000,0.000000,0.000000,0.000000,0.000000,0.000000,0.000000,0.000000,0.000000,0.000000,0.000000,0.000000,0.000000,0.000000,0.000000
17.200000,0.000000,0.000000,0.000000,0.000000,0.000000,0.000000,0.000000,0.000000,0.000000,0.000000,0.000000,0.000000,0.000000,0.000000,0.000000,0.000000,0.000000,0.000000,0.000000,0.000000,0.000000,0.000000,0.000000,0.000000,0.000000,0.000000,0.000000,0.000000,0.000000,0.000000,0.000000,0.000000,0.000000,0.000000,0.000000,0.000000
17.250000,0.000000,0.000000,0.000000,0.000000,0.000000,0.000000,0.000000,0.000000,0.000000,0.000000,0.000000,0.000000,0.000000,0.000000,0.000000,0.000000,0.000000,0.000000,0.000000,0.000000,0.000000,0.000000,0.000000,0.000000,0.000000,0.000000,0.000000,0.000000,0.000000,0.000000,0.000000,0.000000,0.000000,0.000000,0.000000,0.000000
17.300000,0.000000,0.000000,0.000000,0.000000,0.000000,0.000000,0.000000,0.000000,0.000000,0.000000,0.000000,0.000000,0.000000,0.000000,0.000000,0.000000,0.000000,0.000000,0.000000,0.000000,0.000000,0.000000,0.000000,0.000000,0.000000,0.000000,0.000000,0.000000,0.000000,0.000000,0.000000,0.000000,0.000000,0.000000,0.000000,0.000000
17.350000,0.000000,0.000000,0.000000,0.000000,0.000000,0.000000,0.000000,0.000000,0.000000,0.000000,0.000000,0.000000,0.000000,0.000000,0.000000,0.000000,0.000000,0.000000,0.000000,0.000000,0.000000,0.000000,0.000000,0.000000,0.000000,0.000000,0.000000,0.000000,0.000000,0.000000,0.000000,0.000000,0.000000,0.000000,0.000000,0.000000
17.400000,0.000000,0.000000,0.000000,0.000000,0.000000,0.000000,0.000000,0.000000,0.000000,0.000000,0.000000,0.000000,0.000000,0.000000,0.000000,0.000000,0.000000,0.000000,0.000000,0.000000,0.000000,0.000000,0.000000,0.000000,0.000000,0.000000,0.000000,0.000000,0.000000,0.000000,0.000000,0.000000,0.000000,0.000000,0.000000,0.000000
17.450000,0.000000,0.000000,0.000000,0.000000,0.000000,0.000000,0.000000,0.000000,0.000000,0.000000,0.000000,0.000000,0.000000,0.000000,0.000000,0.000000,0.000000,0.000000,0.000000,0.000000,0.000000,0.000000,0.000000,0.000000,0.000000,0.000000,0.000000,0.000000,0.000000,0.000000,0.000000,0.000000,0.000000,0.000000,0.000000,0.000000
17.500000,0.000000,0.000000,0.000000,0.000000,0.000000,0.000000,0.000000,0.000000,0.000000,0.000000,0.000000,0.000000,0.000000,0.000000,0.000000,0.000000,0.000000,0.000000,0.000000,0.000000,0.000000,0.000000,0.000000,0.000000,0.000000,0.000000,0.000000,0.000000,0.000000,0.000000,0.000000,0.000000,0.000000,0.000000,0.000000,0.000000
17.550000,0.000000,0.000000,0.000000,0.000000,0.000000,0.000000,0.581617,0.021479,0.198347,0.000000,0.000000,0.000000,0.000000,0.000000,0.000000,0.000000,0.000000,0.000000,0.152940,0.047794,0.223800,0.000000,0.000000,0.000000,0.000000,0.000000,0.000000,0.000000,0.000000,0.000000,0.429992,0.000000,0.000000,0.000000,0.000000,1.000000
17.600000,0.000000,0.000000,0.000000,0.000000,0.000000,0.000000,0.581617,0.016573,0.198347,0.000000,0.000000,0.000000,0.000000,0.000000,0.000000,0.000000,0.000000,0.000000,0.152940,0.047794,0.238518,0.000000,0.000000,0.000000,0.000000,0.000000,0.000000,0.000000,0.000000,0.000000,0.434898,0.000000,0.000000,0.000000,0.000000,1.000000
17.650000,0.000000,0.000000,0.000000,0.000000,0.000000,0.000000,0.581617,0.011667,0.198347,0.000000,0.000000,0.000000,0.000000,0.000000,0.000000,0.000000,0.000000,0.000000,0.152940,0.047794,0.253237,0.000000,0.000000,0.000000,0.000000,0.000000,0.000000,0.000000,0.000000,0.000000,0.439804,0.000000,0.000000,0.000000,0.000000,1.000000
17.700000,0.000000,0.000000,0.000000,0.000000,0.000000,0.000000,0.581018,0.008552,0.198347,0.000000,0.000000,0.000000,0.000000,0.000000,0.000000,0.000000,0.000000,0.000000,0.151741,0.047794,0.267975,0.000000,0.000000,0.000000,0.000000,0.000000,0.000000,0.000000,0.000000,0.000000,0.440522,0.000000,0.000000,0.000000,0.000000,1.000000
17.750000,0.518598,0.009040,0.129333,0.000000,0.000000,0.000000,0.576057,0.018474,0.198347,0.000000,0.000000,0.000000,0.136764,0.017127,0.023530,0.000000,0.000000,0.000000,0.141820,0.047794,0.282857,0.000000,0.000000,0.000000,0.445803,0.000000,0.000000,0.000000,0.000000,1.000000,0.410757,0.000000,0.000000,0.000000,0.000000,1.000000
17.800000,0.523559,0.014001,0.120800,0.000000,0.000000,0.000000,0.571096,0.028395,0.198347,0.000000,0.000000,0.000000,0.136764,0.022089,0.023530,0.000000,0.000000,0.000000,0.131899,0.047794,0.297739,0.000000,0.000000,0.000000,0.450765,0.000000,0.000000,0.000000,0.000000,1.000000,0.380993,0.000000,0.000000,0.000000,0.000000,1.000000
17.850000,0.528520,0.018962,0.112267,0.000000,0.000000,0.000000,0.566135,0.038316,0.198347,0.000000,0.000000,0.000000,0.136764,0.027051,0.023530,0.000000,0.000000,0.000000,0.121977,0.047794,0.312622,0.000000,0.000000,0.000000,0.455726,0.000000,0.000000,0.000000,0.000000,1.000000,0.351228,0.000000,0.000000,0.000000,0.000000,1.000000
17.900000,0.533481,0.023924,0.105089,0.000000,0.000000,0.000000,0.565440,0.035523,0.198347,0.000000,0.000000,0.000000,0.135976,0.044113,0.025893,0.000000,0.000000,0.000000,0.112222,0.089624,0.331439,0.000000,0.000000,0.000000,0.456749,0.000000,0.000000,0.000000,0.000000,1.000000,0.275947,0.000000,0.000000,0.000000,0.000000,1.000000
17.950000,0.538445,0.028888,0.113625,0.000000,0.000000,0.000000,0.565440,0.030659,0.198347,0.000000,0.000000,0.000000,0.126049,0.201591,0.055676,0.000000,0.000000,0.000000,0.102493,0.138269,0.350896,0.000000,0.000000,0.000000,0.412075,0.000000,0.000000,0.000000,0.000000,1.000000,0.193251,0.000000,0.000000,0.000000,0.000000,1.000000
18.000000,0.543410,0.033851,0.122162,0.000000,0.000000,0.000000,0.565440,0.025794,0.198347,0.000000,0.000000,0.000000,0.116121,0.359069,0.085459,0.000000,0.000000,0.000000,0.092764,0.186914,0.370354,0.000000,0.000000,0.000000,0.367400,0.000000,0.000000,0.000000,0.000000,1.000000,0.110555,0.000000,0.000000,0.000000,0.000000,1.000000
18.050000,0.548374,0.038815,0.130699,0.000000,0.000000,0.000000,0.562768,0.026203,0.242042,0.000000,0.000000,0.000000,0.106194,0.516546,0.115242,0.000000,0.000000,0.000000,0.085562,0.340156,0.390103,0.000000,0.000000,0.000000,0.322726,0.000000,0.000000,0.000000,0.000000,1.000000,0.072059,0.000000,0.000000,0.000000,0.000000,1.000000
18.100000,0.549265,0.043705,0.148574,0.000000,0.000000,0.000000,0.557767,0.031203,0.323794,0.000000,0.000000,0.000000,0.100413,0.657327,0.168569,0.000000,0.000000,0.000000,0.080561,0.584501,0.410106,0.000000,0.000000,0.000000,0.266725,0.000000,0.000000,0.000000,0.000000,1.000000,0.072059,0.000000,0.000000,0.000000,0.000000,1.000000
18.150000,0.549265,0.048578,0.168491,0.000000,0.000000,0.000000,0.552767,0.036204,0.405546,0.000000,0.000000,0.000000,0.095540,0.794455,0.227049,0.000000,0.000000,0.000000,0.075560,0.828846,0.430108,0.000000,0.000000,0.000000,0.208245,0.000000,0.000000,0.000000,0.000000,1.000000,0.072059,0.000000,0.000000,0.000000,0.000000,1.000000
18.200000,0.549265,0.053451,0.188409,0.000000,0.000000,0.000000,0.551284,0.039706,0.475190,0.000000,0.000000,0.000000,0.090666,0.931582,0.285528,0.000000,0.000000,0.000000,0.072057,1.000000,0.447148,0.000000,0.000000,0.000000,0.149765,0.000000,0.000000,0.000000,0.000000,1.000000,0.076097,0.000000,0.000000,0.000000,0.000000,1.000000
18.250000,0.549265,0.055883,0.223208,0.000000,0.000000,0.000000,0.558026,0.039706,0.516520,0.000000,0.000000,0.000000,0.092290,1.000000,0.328899,0.000000,0.000000,0.000000,0.072057,1.000000,0.457260,0.000000,0.000000,0.000000,0.122615,0.000000,0.000000,0.000000,0.000000,1.000000,0.089580,0.000000,0.000000,0.000000,0.000000,1.000000
18.300000,0.549265,0.055883,0.272825,0.000000,0.000000,0.000000,0.564767,0.039706,0.557850,0.000000,0.000000,0.000000,0.100383,1.000000,0.357225,0.000000,0.000000,0.000000,0.072057,1.000000,0.467372,0.000000,0.000000,0.000000,0.126662,0.000000,0.000000,0.000000,0.000000,1.000000,0.103063,0.000000,0.000000,0.000000,0.000000,1.000000
18.350000,0.549265,0.055883,0.322442,0.000000,0.000000,0.000000,0.571508,0.039706,0.599180,0.000000,0.000000,0.000000,0.108476,1.000000,0.385551,0.000000,0.000000,0.000000,0.072057,1.000000,0.477484,0.000000,0.000000,0.000000,0.130708,0.000000,0.000000,0.000000,0.000000,1.000000,0.116546,0.000000,0.000000,0.000000,0.000000,1.000000
18.400000,0.549265,0.055883,0.372059,0.000000,0.000000,0.000000,0.578250,0.039706,0.640510,0.000000,0.000000,0.000000,0.116569,1.000000,0.413877,0.000000,0.000000,0.000000,0.072057,1.000000,0.487596,0.000000,0.000000,0.000000,0.134755,0.000000,0.000000,0.000000,0.000000,1.000000,0.130028,0.000000,0.000000,0.000000,0.000000,1.000000
18.450000,0.551777,0.058395,0.406961,0.000000,0.000000,0.000000,0.581617,0.039706,0.661157,0.000000,0.000000,0.000000,0.115563,1.000000,0.437990,0.000000,0.000000,0.000000,0.072057,1.000000,0.500143,0.000000,0.000000,0.000000,0.139276,0.000000,0.000000,0.000000,0.000000,1.000000,0.139263,0.000000,0.000000,0.000000,0.000000,1.000000
18.500000,0.556766,0.063384,0.427353,0.000000,0.000000,0.000000,0.581617,0.039706,0.661157,0.000000,0.000000,0.000000,0.105585,1.000000,0.457946,0.000000,0.000000,0.000000,0.072057,1.000000,0.515122,0.000000,0.000000,0.000000,0.144265,0.000000,0.000000,0.000000,0.000000,1.000000,0.144256,0.000000,0.000000,0.000000,0.000000,1.000000
18.550000,0.561754,0.068373,0.447745,0.000000,0.000000,0.000000,0.581617,0.039706,0.661157,0.000000,0.000000,0.000000,0.095607,1.000000,0.477903,0.000000,0.000000,0.000000,0.072057,1.000000,0.530101,0.000000,0.000000,0.000000,0.149255,0.000000,0.000000,0.000000,0.000000,1.000000,0.149249,0.000000,0.000000,0.000000,0.000000,1.000000
18.600000,0.565440,0.072059,0.462810,0.000000,0.000000,0.000000,0.581617,0.040999,0.655874,0.000000,0.000000,0.000000,0.088235,1.000000,0.492648,0.000000,0.000000,0.000000,0.072057,1.000000,0.543763,0.000000,0.000000,0.000000,0.152941,0.000000,0.000000,0.000000,0.000000,1.000000,0.154234,0.000000,0.000000,0.000000,0.000000,1.000000
18.650000,0.565440,0.072059,0.462810,0.000000,0.000000,0.000000,0.581617,0.045960,0.635597,0.000000,0.000000,0.000000,0.088235,1.000000,0.492648,0.000000,0.000000,0.000000,0.072057,1.000000,0.553685,0.000000,0.000000,0.000000,0.152941,0.000000,0.000000,0.000000,0.000000,1.000000,0.159195,0.000000,0.000000,0.000000,0.000000,1.000000
18.700000,0.565440,0.072059,0.462810,0.000000,0.000000,0.000000,0.581617,0.050921,0.615319,0.000000,0.000000,0.000000,0.088235,1.000000,0.492648,0.000000,0.000000,0.000000,0.072057,1.000000,0.563608,0.000000,0.000000,0.000000,0.152941,0.000000,0.000000,0.000000,0.000000,1.000000,0.164156,0.000000,0.000000,0.000000,0.000000,1.000000
18.750000,0.565440,0.072059,0.462810,0.000000,0.000000,0.000000,0.581617,0.055883,0.595042,0.000000,0.000000,0.000000,0.088235,1.000000,0.492648,0.000000,0.000000,0.000000,0.072057,1.000000,0.573530,0.000000,0.000000,0.000000,0.152941,0.000000,0.000000,0.000000,0.000000,1.000000,0.169117,0.000000,0.000000,0.000000,0.000000,1.000000
18.800000,0.565440,0.072059,0.462810,0.000000,0.000000,0.000000,0.581617,0.055883,0.574894,0.000000,0.000000,0.000000,0.088235,1.000000,0.492648,0.000000,0.000000,0.000000,0.072057,1.000000,0.578459,0.000000,0.000000,0.000000,0.148056,0.000000,0.000000,0.000000,0.000000,1.000000,0.164188,0.000000,0.000000,0.000000,0.000000,1.000000
18.850000,0.565440,0.072059,0.462810,0.000000,0.000000,0.000000,0.581617,0.055883,0.554746,0.000000,0.000000,0.000000,0.088235,1.000000,0.492648,0.000000,0.000000,0.000000,0.072057,1.000000,0.583389,0.000000,0.000000,0.000000,0.143171,0.000000,0.000000,0.000000,0.000000,1.000000,0.159259,0.000000,0.000000,0.000000,0.000000,1.000000
18.900000,0.565440,0.072059,0.462810,0.000000,0.000000,0.000000,0.581617,0.055883,0.534598,0.000000,0.000000,0.000000,0.088235,1.000000,0.492648,0.000000,0.000000,0.000000,0.072057,1.000000,0.588318,0.000000,0.000000,0.000000,0.138286,0.000000,0.000000,0.000000,0.000000,1.000000,0.154329,0.000000,0.000000,0.000000,0.000000,1.000000
18.950000,0.565440,0.072059,0.462810,0.000000,0.000000,0.000000,0.584524,0.052976,0.517047,0.000000,0.000000,0.000000,0.088235,1.000000,0.492648,0.000000,0.000000,0.000000,0.072057,1.000000,0.580987,0.000000,0.000000,0.000000,0.140209,0.000000,0.000000,0.000000,0.000000,1.000000,0.150035,0.000000,0.000000,0.000000,0.000000,1.000000
19.000000,0.565440,0.072059,0.462810,0.000000,0.000000,0.000000,0.588570,0.048931,0.500513,0.000000,0.000000,0.000000,0.088235,1.000000,0.492648,0.000000,0.000000,0.000000,0.072057,1.000000,0.568851,0.000000,0.000000,0.000000,0.145214,0.000000,0.000000,0.000000,0.000000,1.000000,0.145989,0.000000,0.000000,0.000000,0.000000,1.000000
19.050000,0.565440,0.072059,0.462810,0.000000,0.000000,0.000000,0.592615,0.044886,0.483979,0.000000,0.000000,0.000000,0.088235,1.000000,0.492648,0.000000,0.000000,0.000000,0.072057,1.000000,0.556716,0.000000,0.000000,0.000000,0.150219,0.000000,0.000000,0.000000,0.000000,1.000000,0.141944,0.000000,0.000000,0.000000,0.000000,1.000000
19.100000,0.563901,0.072059,0.431365,0.000000,0.000000,0.000000,0.596661,0.040840,0.467445,0.000000,0.000000,0.000000,0.092851,0.907888,0.445787,0.000000,0.000000,0.000000,0.072057,1.000000,0.544580,0.000000,0.000000,0.000000,0.174483,0.000000,0.000000,0.000000,0.000000,1.000000,0.137898,0.000000,0.000000,0.000000,0.000000,1.000000
19.150000,0.560529,0.072059,0.362435,0.000000,0.000000,0.000000,0.586947,0.036090,0.379081,0.000000,0.000000,0.000000,0.102970,0.705967,0.343063,0.000000,0.000000,0.000000,0.072057,0.776469,0.420208,0.000000,0.000000,0.000000,0.221705,0.000000,0.000000,0.000000,0.000000,1.000000,0.201851,0.000000,0.000000,0.000000,0.000000,1.000000
19.200000,0.557156,0.072059,0.293505,0.000000,0.000000,0.000000,0.571873,0.031066,0.262732,0.000000,0.000000,0.000000,0.113089,0.504045,0.240339,0.000000,0.000000,0.000000,0.072057,0.465854,0.252110,0.000000,0.000000,0.000000,0.268927,0.000000,0.000000,0.000000,0.000000,1.000000,0.292295,0.000000,0.000000,0.000000,0.000000,1.000000
19.250000,0.553783,0.072059,0.224575,0.000000,0.000000,0.000000,0.556799,0.026041,0.146384,0.000000,0.000000,0.000000,0.123208,0.302124,0.137615,0.000000,0.000000,0.000000,0.072057,0.155239,0.084012,0.000000,0.000000,0.000000,0.316150,0.000000,0.000000,0.000000,0.000000,1.000000,0.382739,0.000000,0.000000,0.000000,0.000000,1.000000
19.300000,0.550411,0.072059,0.155645,0.000000,0.000000,0.000000,0.549265,0.023530,0.088235,0.000000,0.000000,0.000000,0.133327,0.100203,0.034891,0.000000,0.000000,0.000000,0.081924,0.002354,0.000000,0.000000,0.000000,0.000000,0.363372,0.000000,0.000000,0.000000,0.000000,1.000000,0.432874,0.000000,0.000000,0.000000,0.000000,1.000000
19.350000,0.552562,0.068761,0.132232,0.000000,0.000000,0.000000,0.549265,0.023530,0.088235,0.000000,0.000000,0.000000,0.143359,0.031619,0.014690,0.000000,0.000000,0.000000,0.101647,0.007061,0.000000,0.000000,0.000000,0.000000,0.386007,0.000000,0.000000,0.000000,0.000000,1.000000,0.442736,0.000000,0.000000,0.000000,0.000000,1.000000
19.400000,0.557556,0.063767,0.132232,0.000000,0.000000,0.000000,0.549265,0.023530,0.088235,0.000000,0.000000,0.000000,0.153348,0.031619,0.036936,0.000000,0.000000,0.000000,0.121371,0.011768,0.000000,0.000000,0.000000,0.000000,0.395995,0.000000,0.000000,0.000000,0.000000,1.000000,0.452598,0.000000,0.000000,0.000000,0.000000,1.000000
19.450000,0.562550,0.058773,0.132232,0.000000,0.000000,0.000000,0.549265,0.024627,0.088235,0.000000,0.000000,0.000000,0.163336,0.031619,0.059182,0.000000,0.000000,0.000000,0.137860,0.015441,0.000000,0.000000,0.000000,0.000000,0.405983,0.000000,0.000000,0.000000,0.000000,1.000000,0.461390,0.000000,0.000000,0.000000,0.000000,1.000000
19.500000,0.565440,0.053794,0.132232,0.000000,0.000000,0.000000,0.549265,0.029620,0.088235,0.000000,0.000000,0.000000,0.164940,0.031619,0.076237,0.000000,0.000000,0.000000,0.142854,0.015441,0.000000,0.000000,0.000000,0.000000,0.413853,0.000000,0.000000,0.000000,0.000000,1.000000,0.466384,0.000000,0.000000,0.000000,0.000000,1.000000
19.550000,0.565440,0.048834,0.132232,0.000000,0.000000,0.000000,0.549265,0.034614,0.088235,0.000000,0.000000,0.000000,0.155020,0.031619,0.086156,0.000000,0.000000,0.000000,0.147848,0.015441,0.000000,0.000000,0.000000,0.000000,0.418813,0.000000,0.000000,0.000000,0.000000,1.000000,0.471378,0.000000,0.000000,0.000000,0.000000,1.000000
19.600000,0.565440,0.043874,0.132232,0.000000,0.000000,0.000000,0.549265,0.039607,0.088235,0.000000,0.000000,0.000000,0.145100,0.031619,0.096076,0.000000,0.000000,0.000000,0.152841,0.015441,0.000000,0.000000,0.000000,0.000000,0.423773,0.000000,0.000000,0.000000,0.000000,1.000000,0.476371,0.000000,0.000000,0.000000,0.000000,1.000000
19.650000,0.000000,0.000000,0.000000,0.000000,0.000000,0.000000,0.000000,0.000000,0.000000,0.000000,0.000000,0.000000,0.000000,0.000000,0.000000,0.000000,0.000000,0.000000,0.000000,0.000000,0.000000,0.000000,0.000000,0.000000,0.000000,0.000000,0.000000,0.000000,0.000000,0.000000,0.000000,0.000000,0.000000,0.000000,0.000000,0.000000
19.700000,0.000000,0.000000,0.000000,0.000000,0.000000,0.000000,0.000000,0.000000,0.000000,0.000000,0.000000,0.000000,0.000000,0.000000,0.000000,0.000000,0.000000,0.000000,0.000000,0.000000,0.000000,0.000000,0.000000,0.000000,0.000000,0.000000,0.000000,0.000000,0.000000,0.000000,0.000000,0.000000,0.000000,0.000000,0.000000,0.000000
19.750000,0.000000,0.000000,0.000000,0.000000,0.000000,0.000000,0.000000,0.000000,0.000000,0.000000,0.000000,0.000000,0.000000,0.000000,0.000000,0.000000,0.000000,0.000000,0.000000,0.000000,0.000000,0.000000,0.000000,0.000000,0.000000,0.000000,0.000000,0.000000,0.000000,0.000000,0.000000,0.000000,0.000000,0.000000,0.000000,0.000000
19.800000,0.000000,0.000000,0.000000,0.000000,0.000000,0.000000,0.000000,0.000000,0.000000,0.000000,0.000000,0.000000,0.000000,0.000000,0.000000,0.000000,0.000000,0.000000,0.000000,0.000000,0.000000,0.000000,0.000000,0.000000,0.000000,0.000000,0.000000,0.000000,0.000000,0.000000,0.000000,0.000000,0.000000,0.000000,0.000000,0.000000
19.850000,0.000000,0.000000,0.000000,0.000000,0.000000,0.000000,0.000000,0.000000,0.000000,0.000000,0.000000,0.000000,0.000000,0.000000,0.000000,0.000000,0.000000,0.000000,0.000000,0.000000,0.000000,0.000000,0.000000,0.000000,0.000000,0.000000,0.000000,0.000000,0.000000,0.000000,0.000000,0.000000,0.000000,0.000000,0.000000,0.000000
19.900000,0.000000,0.000000,0.000000,0.000000,0.000000,0.000000,0.000000,0.000000,0.000000,0.000000,0.000000,0.000000,0.000000,0.000000,0.000000,0.000000,0.000000,0.000000,0.000000,0.000000,0.000000,0.000000,0.000000,0.000000,0.000000,0.000000,0.000000,0.000000,0.000000,0.000000,0.000000,0.000000,0.000000,0.000000,0.000000,0.000000
19.950000,0.000000,0.000000,0.000000,0.000000,0.000000,0.000000,0.000000,0.000000,0.000000,0.000000,0.000000,0.000000,0.000000,0.000000,0.000000,0.000000,0.000000,0.000000,0.000000,0.000000,0.000000,0.000000,0.000000,0.000000,0.000000,0.000000,0.000000,0.000000,0.000000,0.000000,0.000000,0.000000,0.000000,0.000000,0.000000,0.000000
20.000000,0.000000,0.000000,0.000000,0.000000,0.000000,0.000000,0.000000,0.000000,0.000000,0.000000,0.000000,0.000000,0.000000,0.000000,0.000000,0.000000,0.000000,0.000000,0.000000,0.000000,0.000000,0.000000,0.000000,0.000000,0.000000,0.000000,0.000000,0.000000,0.000000,0.000000,0.000000,0.000000,0.000000,0.000000,0.000000,0.000000
20.050000,0.000000,0.000000,0.000000,0.000000,0.000000,0.000000,0.000000,0.000000,0.000000,0.000000,0.000000,0.000000,0.000000,0.000000,0.000000,0.000000,0.000000,0.000000,0.000000,0.000000,0.000000,0.000000,0.000000,0.000000,0.000000,0.000000,0.000000,0.000000,0.000000,0.000000,0.000000,0.000000,0.000000,0.000000,0.000000,0.000000
20.100000,0.000000,0.000000,0.000000,0.000000,0.000000,0.000000,0.000000,0.000000,0.000000,0.000000,0.000000,0.000000,0.000000,0.000000,0.000000,0.000000,0.000000,0.000000,0.000000,0.000000,0.000000,0.000000,0.000000,0.000000,0.000000,0.000000,0.000000,0.000000,0.000000,0.000000,0.000000,0.000000,0.000000,0.000000,0.000000,0.000000
20.150000,0.000000,0.000000,0.000000,0.000000,0.000000,0.000000,0.000000,0.000000,0.000000,0.000000,0.000000,0.000000,0.000000,0.000000,0.000000,0.000000,0.000000,0.000000,0.000000,0.000000,0.000000,0.000000,0.000000,0.000000,0.000000,0.000000,0.000000,0.000000,0.000000,0.000000,0.000000,0.000000,0.000000,0.000000,0.000000,0.000000
20.200000,0.000000,0.000000,0.000000,0.000000,0.000000,0.000000,0.000000,0.000000,0.000000,0.000000,0.000000,0.000000,0.000000,0.000000,0.000000,0.000000,0.000000,0.000000,0.000000,0.000000,0.000000,0.000000,0.000000,0.000000,0.000000,0.000000,0.000000,0.000000,0.000000,0.000000,0.000000,0.000000,0.000000,0.000000,0.000000,0.000000
20.250000,0.581617,0.021479,0.198347,0.000000,0.000000,0.000000,0.000000,0.000000,0.000000,0.000000,0.000000,0.000000,0.152940,0.047794,0.223800,0.000000,0.000000,0.000000,0.000000,0.000000,0.000000,0.000000,0.000000,0.000000,0.429992,0.000000,0.000000,0.000000,0.000000,1.000000,0.000000,0.000000,0.000000,0.000000,0.000000,0.000000
20.300000,0.581617,0.016573,0.198347,0.000000,0.000000,0.000000,0.000000,0.000000,0.000000,0.000000,0.000000,0.000000,0.152940,0.047794,0.238518,0.000000,0.000000,0.000000,0.000000,0.000000,0.000000,0.000000,0.000000,0.000000,0.434898,0.000000,0.000000,0.000000,0.000000,1.000000,0.000000,0.000000,0.000000,0.000000,0.000000,0.000000
20.350000,0.581617,0.011667,0.198347,0.000000,0.000000,0.000000,0.000000,0.000000,0.000000,0.000000,0.000000,0.000000,0.152940,0.047794,0.253237,0.000000,0.000000,0.000000,0.000000,0.000000,0.000000,0.000000,0.000000,0.000000,0.439804,0.000000,0.000000,0.000000,0.000000,1.000000,0.000000,0.000000,0.000000,0.000000,0.000000,0.000000
20.400000,0.581018,0.008552,0.198347,0.000000,0.000000,0.000000,0.000000,0.000000,0.000000,0.000000,0.000000,0.000000,0.151741,0.047794,0.267975,0.000000,0.000000,0.000000,0.000000,0.000000,0.000000,0.000000,0.000000,0.000000,0.440522,0.000000,0.000000,0.000000,0.000000,1.000000,0.000000,0.000000,0.000000,0.000000,0.000000,0.000000
20.450000,0.576057,0.018474,0.198347,0.000000,0.000000,0.000000,0.518598,0.009040,0.129333,0.000000,0.000000,0.000000,0.141820,0.047794,0.282857,0.000000,0.000000,0.000000,0.136764,0.017127,0.023530,0.000000,0.000000,0.000000,0.410757,0.000000,0.000000,0.000000,0.000000,1.000000,0.445803,0.000000,0.000000,0.000000,0.000000,1.000000
20.500000,0.571096,0.028395,0.198347,0.000000,0.000000,0.000000,0.523559,0.014001,0.120800,0.000000,0.000000,0.000000,0.131899,0.047794,0.297739,0.000000,0.000000,0.000000,0.136764,0.022089,0.023530,0.000000,0.000000,0.000000,0.380993,0.000000,0.000000,0.000000,0.000000,1.000000,0.450765,0.000000,0.000000,0.000000,0.000000,1.000000
20.550000,0.566135,0.038316,0.198347,0.000000,0.000000,0.000000,0.528520,0.018962,0.112267,0.000000,0.000000,0.000000,0.121977,0.047794,0.312622,0.000000,0.000000,0.000000,0.136764,0.027051,0.023530,0.000000,0.000000,0.000000,0.351228,0.000000,0.000000,0.000000,0.000000,1.000000,0.455726,0.000000,0.000000,0.000000,0.000000,1.000000
20.600000,0.565440,0.035523,0.198347,0.000000,0.000000,0.000000,0.533481,0.023924,0.105089,0.000000,0.000000,0.000000,0.112222,0.089624,0.331439,0.000000,0.000000,0.000000,0.135976,0.044113,0.025893,0.000000,0.000000,0.000000,0.275947,0.000000,0.000000,0.000000,0.000000,1.000000,0.456749,0.000000,0.000000,0.000000,0.000000,1.000000
20.650000,0.565440,0.030659,0.198347,0.000000,0.000000,0.000000,0.538445,0.028888,0.113625,0.000000,0.000000,0.000000,0.102493,0.138269,0.350896,0.000000,0.000000,0.000000,0.126049,0.201591,0.055676,0.000000,0.000000,0.000000,0.193251,0.000000,0.000000,0.000000,0.000000,1.000000,0.412075,0.000000,0.000000,0.000000,0.000000,1.000000
20.700000,0.565440,0.025794,0.198347,0.000000,0.000000,0.000000,0.543410,0.033851,0.122162,0.000000,0.000000,0.000000,0.092764,0.186914,0.370354,0.000000,0.000000,0.000000,0.116121,0.359069,0.085459,0.000000,0.000000,0.000000,0.110555,0.000000,0.000000,0.000000,0.000000,1.000000,0.367400,0.000000,0.000000,0.000000,0.000000,1.000000
20.750000,0.562768,0.026203,0.242042,0.000000,0.000000,0.000000,0.548374,0.038815,0.130699,0.000000,0.000000,0.000000,0.085562,0.340156,0.390103,0.000000,0.000000,0.000000,0.106194,0.516546,0.115242,0.000000,0.000000,0.000000,0.072059,0.000000,0.000000,0.000000,0.000000,1.000000,0.322726,0.000000,0.000000,0.000000,0.000000,1.000000
20.800000,0.557767,0.031203,0.323794,0.000000,0.000000,0.000000,0.549265,0.043705,0.148574,0.000000,0.000000,0.000000,0.080561,0.584501,0.410106,0.000000,0.000000,0.000000,0.100413,0.657327,0.168569,0.000000,0.000000,0.000000,0.072059,0.000000,0.000000,0.000000,0.000000,1.000000,0.266725,0.000000,0.000000,0.000000,0.000000,1.000000
20.850000,0.552767,0.036204,0.405546,0.000000,0.000000,0.000000,0.549265,0.048578,0.168491,0.000000,0.000000,0.000000,0.075560,0.828846,0.430108,0.000000,0.000000,0.000000,0.095540,0.794455,0.227049,0.000000,0.000000,0.000000,0.072059,0.000000,0.000000,0.000000,0.000000,1.000000,0.208245,0.000000,0.000000,0.000000,0.000000,1.000000
20.900000,0.551284,0.039706,0.475190,0.000000,0.000000,0.000000,0.549265,0.053451,0.188409,0.000000,0.000000,0.000000,0.072057,1.000000,0.447148,0.000000,0.000000,0.000000,0.090666,0.931582,0.285528,0.000000,0.000000,0.000000,0.076097,0.000000,0.000000,0.000000,0.000000,1.000000,0.149765,0.000000,0.000000,0.000000,0.000000,1.000000
20.950000,0.558026,0.039706,0.516520,0.000000,0.000000,0.000000,0.549265,0.055883,0.223208,0.000000,0.000000,0.000000,0.072057,1.000000,0.457260,0.000000,0.000000,0.000000,0.092290,1.000000,0.328899,0.000000,0.000000,0.000000,0.089580,0.000000,0.000000,0.000000,0.000000,1.000000,0.122615,0.000000,0.000000,0.000000,0.000000,1.000000
21.000000,0.564767,0.039706,0.557850,0.000000,0.000000,0.000000,0.549265,0.055883,0.272825,0.000000,0.000000,0.000000,0.072057,1.000000,0.467372,0.000000,0.000000,0.000000,0.100383,1.000000,0.357225,0.000000,0.000000,0.000000,0.103063,0.000000,0.000000,0.000000,0.000000,1.000000,0.126662,0.000000,0.000000,0.000000,0.000000,1.000000
21.050000,0.571508,0.039706,0.599180,0.000000,0.000000,0.000000,0.549265,0.055883,0.322442,0.000000,0.000000,0.000000,0.072057,1.000000,0.477484,0.000000,0.000000,0.000000,0.108476,1.000000,0.385551,0.000000,0.000000,0.000000,0.116546,0.000000,0.000000,0.000000,0.000000,1.000000,0.130708,0.000000,0.000000,0.000000,0.000000,1.000000
21.100000,0.578250,0.039706,0.640510,0.000000,0.000000,0.000000,0.549265,0.055883,0.372059,0.000000,0.000000,0.000000,0.072057,1.000000,0.487596,0.000000,0.000000,0.000000,0.116569,1.000000,0.413877,0.000000,0.000000,0.000000,0.130028,0.000000,0.000000,0.000000,0.000000,1.000000,0.134755,0.000000,0.000000,0.000000,0.000000,1.000000
21.150000,0.581617,0.039706,0.661157,0.000000,0.000000,0.000000,0.551777,0.058395,0.406961,0.000000,0.000000,0.000000,0.072057,1.000000,0.500143,0.000000,0.000000,0.000000,0.115563,1.000000,0.437990,0.000000,0.000000,0.000000,0.139263,0.000000,0.000000,0.000000,0.000000,1.000000,0.139276,0.000000,0.000000,0.000000,0.000000,1.000000
21.200000,0.581617,0.039706,0.661157,0.000000,0.000000,0.000000,0.556766,0.063384,0.427353,0.000000,0.000000,0.000000,0.072057,1.000000,0.515122,0.000000,0.000000,0.000000,0.105585,1.000000,0.457946,0.000000,0.000000,0.000000,0.144256,0.000000,0.000000,0.000000,0.000000,1.000000,0.144265,0.000000,0.000000,0.000000,0.000000,1.000000
21.250000,0.581617,0.039706,0.661157,0.000000,0.000000,0.000000,0.561754,0.068373,0.447745,0.000000,0.000000,0.000000,0.072057,1.000000,0.530101,0.000000,0.000000,0.000000,0.095607,1.000000,0.477903,0.000000,0.000000,0.000000,0.149249,0.000000,0.000000,0.000000,0.000000,1.000000,0.149255,0.000000,0.000000,0.000000,0.000000,1.000000
21.300000,0.581617,0.040999,0.655874,0.000000,0.000000,0.000000,0.565440,0.072059,0.462810,0.000000,0.000000,0.000000,0.072057,1.000000,0.543763,0.000000,0.000000,0.000000,0.088235,1.000000,0.492648,0.000000,0.000000,0.000000,0.154234,0.000000,0.000000,0.000000,0.000000,1.000000,0.152941,0.000000,0.000000,0.000000,0.000000,1.000000
21.350000,0.581617,0.045960,0.635597,0.000000,0.000000,0.000000,0.565440,0.072059,0.462810,0.000000,0.000000,0.000000,0.072057,1.000000,0.553685,0.000000,0.000000,0.000000,0.088235,1.000000,0.492648,0.000000,0.000000,0.000000,0.159195,0.000000,0.000000,0.000000,0.000000,1.000000,0.152941,0.000000,0.000000,0.000000,0.000000,1.000000
21.400000,0.581617,0.050921,0.615319,0.000000,0.000000,0.000000,0.565440,0.072059,0.462810,0.000000,0.000000,0.000000,0.072057,1.000000,0.563608,0.000000,0.000000,0.000000,0.088235,1.000000,0.492648,0.000000,0.000000,0.000000,0.164156,0.000000,0.000000,0.000000,0.000000,1.000000,0.152941,0.000000,0.000000,0.000000,0.000000,1.000000
21.450000,0.581617,0.055883,0.595042,0.000000,0.000000,0.000000,0.565440,0.072059,0.462810,0.000000,0.000000,0.000000,0.072057,1.000000,0.573530,0.000000,0.000000,0.000000,0.088235,1.000000,0.492648,0.000000,0.000000,0.000000,0.169117,0.000000,0.000000,0.000000,0.000000,1.000000,0.152941,0.000000,0.000000,0.000000,0.000000,1.000000
21.500000,0.581617,0.055883,0.574894,0.000000,0.000000,0.000000,0.565440,0.072059,0.462810,0.000000,0.000000,0.000000,0.072057,1.000000,0.578459,0.000000,0.000000,0.000000,0.088235,1.000000,0.492648,0.000000,0.000000,0.000000,0.164188,0.000000,0.000000,0.000000,0.000000,1.000000,0.148056,0.000000,0.000000,0.000000,0.000000,1.000000
21.550000,0.581617,0.055883,0.554746,0.000000,0.000000,0.000000,0.565440,0.072059,0.462810,0.000000,0.000000,0.000000,0.072057,1.000000,0.583389,0.000000,0.000000,0.000000,0.088235,1.000000,0.492648,0.000000,0.000000,0.000000,0.159259,0.000000,0.000000,0.000000,0.000000,1.000000,0.143171,0.000000,0.000000,0.000000,0.000000,1.000000
21.600000,0.581617,0.055883,0.534598,0.000000,0.000000,0.000000,0.565440,0.072059,0.462810,0.000000,0.000000,0.000000,0.072057,1.000000,0.588318,0.000000,0.000000,0.000000,0.088235,1.000000,0.492648,0.000000,0.000000,0.000000,0.154329,0.000000,0.000000,0.000000,0.000000,1.000000,0.138286,0.000000,0.000000,0.000000,0.000000,1.000000
21.650000,0.584524,0.052976,0.517047,0.000000,0.000000,0.000000,0.565440,0.072059,0.462810,0.000000,0.000000,0.000000,0.072057,1.000000,0.580987,0.000000,0.000000,0.000000,0.088235,1.000000,0.492648,0.000000,0.000000,0.000000,0.150035,0.000000,0.000000,0.000000,0.000000,1.000000,0.140209,0.000000,0.000000,0.000000,0.000000,1.000000
21.700000,0.588570,0.048931,0.500513,0.000000,0.000000,0.000000,0.565440,0.072059,0.462810,0.000000,0.000000,0.000000,0.072057,1.000000,0.568851,0.000000,0.000000,0.000000,0.088235,1.000000,0.492648,0.000000,0.000000,0.000000,0.145989,0.000000,0.000000,0.000000,0.000000,1.000000,0.145214,0.000000,0.000000,0.000000,0.000000,1.000000
21.750000,0.592615,0.044886,0.483979,0.000000,0.000000,0.000000,0.565440,0.072059,0.462810,0.000000,0.000000,0.000000,0.072057,1.000000,0.556716,0.000000,0.000000,0.000000,0.088235,1.000000,0.492648,0.000000,0.000000,0.000000,0.141944,0.000000,0.000000,0.000000,0.000000,1.000000,0.150219,0.000000,0.000000,0.000000,0.000000,1.000000
21.800000,0.596661,0.040840,0.467445,0.000000,0.000000,0.000000,0.563901,0.072059,0.431365,0.000000,0.000000,0.000000,0.072057,1.000000,0.544580,0.000000,0.000000,0.000000,0.092851,0.907888,0.445787,0.000000,0.000000,0.000000,0.137898,0.000000,0.000000,0.000000,0.000000,1.000000,0.174483,0.000000,0.000000,0.000000,0.000000,1.000000
21.850000,0.586947,0.036090,0.379081,0.000000,0.000000,0.000000,0.560529,0.072059,0.362435,0.000000,0.000000,0.000000,0.072057,0.776469,0.420208,0.000000,0.000000,0.000000,0.102970,0.705967,0.343063,0.000000,0.000000,0.000000,0.201851,0.000000,0.000000,0.000000,0.000000,1.000000,0.221705,0.000000,0.000000,0.000000,0.000000,1.000000
21.900000,0.571873,0.031066,0.262732,0.000000,0.000000,0.000000,0.557156,0.072059,0.293505,0.000000,0.000000,0.000000,0.072057,0.465854,0.252110,0.000000,0.000000,0.000000,0.113089,0.504045,0.240339,0.000000,0.000000,0.000000,0.292295,0.000000,0.000000,0.000000,0.000000,1.000000,0.268927,0.000000,0.000000,0.000000,0.000000,1.000000
21.950000,0.556799,0.026041,0.146384,0.000000,0.000000,0.000000,0.553783,0.072059,0.224575,0.000000,0.000000,0.000000,0.072057,0.155239,0.084012,0.000000,0.000000,0.000000,0.123208,0.302124,0.137615,0.000000,0.000000,0.000000,0.382739,0.000000,0.000000,0.000000,0.000000,1.000000,0.316150,0.000000,0.000000,0.000000,0.000000,1.000000
22.000000,0.549265,0.023530,0.088235,0.000000,0.000000,0.000000,0.550411,0.072059,0.155645,0.000000,0.000000,0.000000,0.081924,0.002354,0.000000,0.000000,0.000000,0.000000,0.133327,0.100203,0.034891,0.000000,0.000000,0.000000,0.432874,0.000000,0.000000,0.000000,0.000000,1.000000,0.363372,0.000000,0.000000,0.000000,0.000000,1.000000
22.050000,0.549265,0.023530,0.088235,0.000000,0.000000,0.000000,0.552562,0.068761,0.132232,0.000000,0.000000,0.000000,0.101647,0.007061,0.000000,0.000000,0.000000,0.000000,0.143359,0.031619,0.014690,0.000000,0.000000,0.000000,0.442736,0.000000,0.000000,0.000000,0.000000,1.000000,0.386007,0.000000,0.000000,0.000000,0.000000,1.000000
22.100000,0.549265,0.023530,0.088235,0.000000,0.000000,0.000000,0.557556,0.063767,0.132232,0.000000,0.000000,0.000000,0.121371,0.011768,0.000000,0.000000,0.000000,0.000000,0.153348,0.031619,0.036936,0.000000,0.000000,0.000000,0.452598,0.000000,0.000000,0.000000,0.000000,1.000000,0.395995,0.000000,0.000000,0.000000,0.000000,1.000000
22.150000,0.549265,0.024627,0.088235,0.000000,0.000000,0.000000,0.562550,0.058773,0.132232,0.000000,0.000000,0.000000,0.137860,0.015441,0.000000,0.000000,0.000000,0.000000,0.163336,0.031619,0.059182,0.000000,0.000000,0.000000,0.461390,0.000000,0.000000,0.000000,0.000000,1.000000,0.405983,0.000000,0.000000,0.000000,0.000000,1.000000
22.200000,0.549265,0.029620,0.088235,0.000000,0.000000,0.000000,0.565440,0.053794,0.132232,0.000000,0.000000,0.000000,0.142854,0.015441,0.000000,0.000000,0.000000,0.000000,0.164940,0.031619,0.076237,0.000000,0.000000,0.000000,0.466384,0.000000,0.000000,0.000000,0.000000,1.000000,0.413853,0.000000,0.000000,0.000000,0.000000,1.000000
22.250000,0.549265,0.034614,0.088235,0.000000,0.000000,0.000000,0.565440,0.048834,0.132232,0.000000,0.000000,0.000000,0.147848,0.015441,0.000000,0.000000,0.000000,0.000000,0.155020,0.031619,0.086156,0.000000,0.000000,0.000000,0.471378,0.000000,0.000000,0.000000,0.000000,1.000000,0.418813,0.000000,0.000000,0.000000,0.000000,1.000000
22.300000,0.549265,0.039607,0.088235,0.000000,0.000000,0.000000,0.565440,0.043874,0.132232,0.000000,0.000000,0.000000,0.152841,0.015441,0.000000,0.000000,0.000000,0.000000,0.145100,0.031619,0.096076,0.000000,0.000000,0.000000,0.476371,0.000000,0.000000,0.000000,0.000000,1.000000,0.423773,0.000000,0.000000,0.000000,0.000000,1.000000
22.350000,0.000000,0.000000,0.000000,0.000000,0.000000,0.000000,0.000000,0.000000,0.000000,0.000000,0.000000,0.000000,0.000000,0.000000,0.000000,0.000000,0.000000,0.000000,0.000000,0.000000,0.000000,0.000000,0.000000,0.000000,0.000000,0.000000,0.000000,0.000000,0.000000,0.000000,0.000000,0.000000,0.000000,0.000000,0.000000,0.000000
