frame,elapsed_s,scan_index,raw_voltage_v,signal_0_to_1
0,0.0,1,1.811765,0.0
0,0.0,2,0.0,0.0
0,0.0,3,0.0,0.0
0,0.0,4,1.811765,0.0
0,0.0,5,0.0,0.0
0,0.0,6,0.0,0.0
0,0.0,7,0.0,0.0
0,0.0,8,1.747059,0.0
0,0.0,9,1.811765,0.0
0,0.0,10,0.0,0.0
0,0.0,11,0.0,0.0
0,0.0,12,1.811765,0.0
0,0.0,13,0.0,0.0
0,0.0,14,0.0,0.0
0,0.0,15,0.0,0.0
0,0.0,16,1.785882,0.0
0,0.0,17,1.798823,0.0
0,0.0,18,0.0,0.0
0,0.0,19,0.0,0.0
0,0.0,20,1.798823,0.0
0,0.0,21,0.0,0.0
0,0.0,22,0.0,0.0
0,0.0,23,0.0,0.0
0,0.0,24,1.811765,0.0
0,0.0,25,0.0,0.0
0,0.0,26,0.0,0.0
0,0.0,27,0.0,0.0
0,0.0,28,0.0,0.0
0,0.0,29,0.0,0.0
0,0.0,30,0.0,0.0
0,0.0,31,0.0,0.0
0,0.0,32,0.0,0.0
0,0.0,33,1.824706,0.0
0,0.0,34,0.0,0.0
0,0.0,35,0.0,0.0
0,0.0,36,1.811765,0.0
0,0.0,37,0.0,0.0
0,0.0,38,0.0,0.0
0,0.0,39,0.0,0.0
0,0.0,40,1.824706,0.0
0,0.0,41,1.785882,0.0
0,0.0,42,0.0,0.0
0,0.0,43,0.0,0.0
0,0.0,44,1.837647,0.0
0,0.0,45,0.0,0.0
0,0.0,46,0.0,0.0
0,0.0,47,0.0,0.0
0,0.0,48,1.772941,0.0
0,0.0,49,1.785882,0.0
0,0.0,50,0.0,0.0
0,0.0,51,0.0,0.0
0,0.0,52,1.811765,0.0
0,0.0,53,0.0,0.0
0,0.0,54,0.0,0.0
0,0.0,55,0.0,0.0
0,0.0,56,1.747059,0.0
0,0.0,57,1.811765,0.0
0,0.0,58,0.0,0.0
0,0.0,59,0.0,0.0
0,0.0,60,1.811765,0.0
0,0.0,61,0.0,0.0
0,0.0,62,0.0,0.0
0,0.0,63,0.0,0.0
0,0.0,64,1.811765,0.0
0,0.0,65,1.811765,0.0
0,0.0,66,0.0,0.0
0,0.0,67,0.0,0.0
0,0.0,68,1.811765,0.0
0,0.0,69,0.0,0.0
0,0.0,70,0.0,0.0
0,0.0,71,0.0,0.0
0,0.0,72,1.811765,0.0
0,0.0,73,0.0,0.0
0,0.0,74,0.0,0.0
0,0.0,75,0.0,0.0
0,0.0,76,0.0,0.0
0,0.0,77,0.0,0.0
0,0.0,78,0.0,0.0
0,0.0,79,0.0,0.0
0,0.0,80,0.0,0.0
0,0.0,81,1.785882,0.0
0,0.0,82,0.0,0.0
0,0.0,83,0.0,0.0
0,0.0,84,1.811765,0.0
0,0.0,85,0.0,0.0
0,0.0,86,0.0,0.0
0,0.0,87,0.0,0.0
0,0.0,88,1.824706,0.0
0,0.0,89,1.785882,0.0
0,0.0,90,0.0,0.0
0,0.0,91,0.0,0.0
0,0.0,92,1.824706,0.0
0,0.0,93,0.0,0.0
0,0.0,94,0.0,0.0
0,0.0,95,0.0,0.0
0,0.0,96,1.824706,0.0
1,0.5927720000000001,1,1.785882,0.0
1,0.5927720000000001,2,0.0,0.0
1,0.5927720000000001,3,0.0,0.0
1,0.5927720000000001,4,1.785882,0.0
1,0.5927720000000001,5,0.0,0.0
1,0.5927720000000001,6,0.0,0.0
1,0.5927720000000001,7,0.0,0.0
1,0.5927720000000001,8,1.734118,0.0
1,0.5927720000000001,9,2.251765,0.0
1,0.5927720000000001,10,0.0,0.0
1,0.5927720000000001,11,0.0,0.0
1,0.5927720000000001,12,2.174118,0.0
1,0.5927720000000001,13,0.0,0.0
1,0.5927720000000001,14,0.0,0.0
1,0.5927720000000001,15,0.0,0.0
1,0.5927720000000001,16,2.251765,0.0
1,0.5927720000000001,17,1.785882,0.0
1,0.5927720000000001,18,0.0,0.0
1,0.5927720000000001,19,0.0,0.0
1,0.5927720000000001,20,1.785882,0.0
1,0.5927720000000001,21,0.0,0.0
1,0.5927720000000001,22,0.0,0.0
1,0.5927720000000001,23,0.0,0.0
1,0.5927720000000001,24,1.811765,0.0
1,0.5927720000000001,25,0.0,0.0
1,0.5927720000000001,26,0.0,0.0
1,0.5927720000000001,27,0.0,0.0
1,0.5927720000000001,28,0.0,0.0
1,0.5927720000000001,29,0.0,0.0
1,0.5927720000000001,30,0.0,0.0
1,0.5927720000000001,31,0.0,0.0
1,0.5927720000000001,32,0.0,0.0
1,0.5927720000000001,33,1.785882,0.0
1,0.5927720000000001,34,0.0,0.0
1,0.5927720000000001,35,0.0,0.0
1,0.5927720000000001,36,1.824706,0.0
1,0.5927720000000001,37,0.0,0.0
1,0.5927720000000001,38,0.0,0.0
1,0.5927720000000001,39,0.0,0.0
1,0.5927720000000001,40,1.824706,0.0
1,0.5927720000000001,41,1.785882,0.0
1,0.5927720000000001,42,0.0,0.0
1,0.5927720000000001,43,0.0,0.0
1,0.5927720000000001,44,1.837647,0.0
1,0.5927720000000001,45,0.0,0.0
1,0.5927720000000001,46,0.0,0.0
1,0.5927720000000001,47,0.0,0.0
1,0.5927720000000001,48,1.837647,0.0
1,0.5927720000000001,49,1.747059,0.0
1,0.5927720000000001,50,0.0,0.0
1,0.5927720000000001,51,0.0,0.0
1,0.5927720000000001,52,1.915294,0.0
1,0.5927720000000001,53,0.0,0.0
1,0.5927720000000001,54,0.0,0.0
1,0.5927720000000001,55,0.0,0.0
1,0.5927720000000001,56,1.721177,0.0
1,0.5927720000000001,57,1.798823,0.0
1,0.5927720000000001,58,0.0,0.0
1,0.5927720000000001,59,0.0,0.0
1,0.5927720000000001,60,1.785882,0.0
1,0.5927720000000001,61,0.0,0.0
1,0.5927720000000001,62,0.0,0.0
1,0.5927720000000001,63,0.0,0.0
1,0.5927720000000001,64,1.811765,0.0
1,0.5927720000000001,65,1.798823,0.0
1,0.5927720000000001,66,0.0,0.0
1,0.5927720000000001,67,0.0,0.0
1,0.5927720000000001,68,1.824706,0.0
1,0.5927720000000001,69,0.0,0.0
1,0.5927720000000001,70,0.0,0.0
1,0.5927720000000001,71,0.0,0.0
1,0.5927720000000001,72,1.837647,0.0
1,0.5927720000000001,73,0.0,0.0
1,0.5927720000000001,74,0.0,0.0
1,0.5927720000000001,75,0.0,0.0
1,0.5927720000000001,76,0.0,0.0
1,0.5927720000000001,77,0.0,0.0
1,0.5927720000000001,78,0.0,0.0
1,0.5927720000000001,79,0.0,0.0
1,0.5927720000000001,80,0.0,0.0
1,0.5927720000000001,81,1.850588,0.0
1,0.5927720000000001,82,0.0,0.0
1,0.5927720000000001,83,0.0,0.0
1,0.5927720000000001,84,1.798823,0.0
1,0.5927720000000001,85,0.0,0.0
1,0.5927720000000001,86,0.0,0.0
1,0.5927720000000001,87,0.0,0.0
1,0.5927720000000001,88,1.811765,0.0
1,0.5927720000000001,89,1.811765,0.0
1,0.5927720000000001,90,0.0,0.0
1,0.5927720000000001,91,0.0,0.0
1,0.5927720000000001,92,1.824706,0.0
1,0.5927720000000001,93,0.0,0.0
1,0.5927720000000001,94,0.0,0.0
1,0.5927720000000001,95,0.0,0.0
1,0.5927720000000001,96,1.824706,0.0
2,1.193731,1,1.785882,0.0
2,1.193731,2,0.0,0.0
2,1.193731,3,0.0,0.0
2,1.193731,4,1.785882,0.0
2,1.193731,5,0.0,0.0
2,1.193731,6,0.0,0.0
2,1.193731,7,0.0,0.0
2,1.193731,8,1.798823,0.0
2,1.193731,9,2.238823,0.0
2,1.193731,10,0.0,0.0
2,1.193731,11,0.0,0.0
2,1.193731,12,2.187059,0.0
2,1.193731,13,0.0,0.0
2,1.193731,14,0.0,0.0
2,1.193731,15,0.0,0.0
2,1.193731,16,2.238823,0.0
2,1.193731,17,1.785882,0.0
2,1.193731,18,0.0,0.0
2,1.193731,19,0.0,0.0
2,1.193731,20,1.824706,0.0
2,1.193731,21,0.0,0.0
2,1.193731,22,0.0,0.0
2,1.193731,23,0.0,0.0
2,1.193731,24,1.837647,0.0
2,1.193731,25,0.0,0.0
2,1.193731,26,0.0,0.0
2,1.193731,27,0.0,0.0
2,1.193731,28,0.0,0.0
2,1.193731,29,0.0,0.0
2,1.193731,30,0.0,0.0
2,1.193731,31,0.0,0.0
2,1.193731,32,0.0,0.0
2,1.193731,33,1.811765,0.0
2,1.193731,34,0.0,0.0
2,1.193731,35,0.0,0.0
2,1.193731,36,1.811765,0.0
2,1.193731,37,0.0,0.0
2,1.193731,38,0.0,0.0
2,1.193731,39,0.0,0.0
2,1.193731,40,1.837647,0.0
2,1.193731,41,1.785882,0.0
2,1.193731,42,0.0,0.0
2,1.193731,43,0.0,0.0
2,1.193731,44,1.837647,0.0
2,1.193731,45,0.0,0.0
2,1.193731,46,0.0,0.0
2,1.193731,47,0.0,0.0
2,1.193731,48,1.824706,0.0
2,1.193731,49,1.76,0.0
2,1.193731,50,0.0,0.0
2,1.193731,51,0.0,0.0
2,1.193731,52,1.785882,0.0
2,1.193731,53,0.0,0.0
2,1.193731,54,0.0,0.0
2,1.193731,55,0.0,0.0
2,1.193731,56,1.721177,0.0
2,1.193731,57,1.798823,0.0
2,1.193731,58,0.0,0.0
2,1.193731,59,0.0,0.0
2,1.193731,60,1.811765,0.0
2,1.193731,61,0.0,0.0
2,1.193731,62,0.0,0.0
2,1.193731,63,0.0,0.0
2,1.193731,64,1.798823,0.0
2,1.193731,65,1.811765,0.0
2,1.193731,66,0.0,0.0
2,1.193731,67,0.0,0.0
2,1.193731,68,1.811765,0.0
2,1.193731,69,0.0,0.0
2,1.193731,70,0.0,0.0
2,1.193731,71,0.0,0.0
2,1.193731,72,1.811765,0.0
2,1.193731,73,0.0,0.0
2,1.193731,74,0.0,0.0
2,1.193731,75,0.0,0.0
2,1.193731,76,0.0,0.0
2,1.193731,77,0.0,0.0
2,1.193731,78,0.0,0.0
2,1.193731,79,0.0,0.0
2,1.193731,80,0.0,0.0
2,1.193731,81,1.850588,0.0
2,1.193731,82,0.0,0.0
2,1.193731,83,0.0,0.0
2,1.193731,84,1.850588,0.0
2,1.193731,85,0.0,0.0
2,1.193731,86,0.0,0.0
2,1.193731,87,0.0,0.0
2,1.193731,88,1.785882,0.0
2,1.193731,89,1.785882,0.0
2,1.193731,90,0.0,0.0
2,1.193731,91,0.0,0.0
2,1.193731,92,1.785882,0.0
2,1.193731,93,0.0,0.0
2,1.193731,94,0.0,0.0
2,1.193731,95,0.0,0.0
2,1.193731,96,1.785882,0.0
3,1.7937750000000001,1,1.785882,0.0
3,1.7937750000000001,2,0.0,0.0
3,1.7937750000000001,3,0.0,0.0
3,1.7937750000000001,4,1.811765,0.0
3,1.7937750000000001,5,0.0,0.0
3,1.7937750000000001,6,0.0,0.0
3,1.7937750000000001,7,0.0,0.0
3,1.7937750000000001,8,1.798823,0.0
3,1.7937750000000001,9,2.251765,0.0
3,1.7937750000000001,10,0.0,0.0
3,1.7937750000000001,11,0.0,0.0
3,1.7937750000000001,12,2.251765,0.0
3,1.7937750000000001,13,0.0,0.0
3,1.7937750000000001,14,0.0,0.0
3,1.7937750000000001,15,0.0,0.0
3,1.7937750000000001,16,2.2,0.0
3,1.7937750000000001,17,1.785882,0.0
3,1.7937750000000001,18,0.0,0.0
3,1.7937750000000001,19,0.0,0.0
3,1.7937750000000001,20,1.785882,0.0
3,1.7937750000000001,21,0.0,0.0
3,1.7937750000000001,22,0.0,0.0
3,1.7937750000000001,23,0.0,0.0
3,1.7937750000000001,24,1.837647,0.0
3,1.7937750000000001,25,0.0,0.0
3,1.7937750000000001,26,0.0,0.0
3,1.7937750000000001,27,0.0,0.0
3,1.7937750000000001,28,0.0,0.0
3,1.7937750000000001,29,0.0,0.0
3,1.7937750000000001,30,0.0,0.0
3,1.7937750000000001,31,0.0,0.0
3,1.7937750000000001,32,0.0,0.0
3,1.7937750000000001,33,1.824706,0.0
3,1.7937750000000001,34,0.0,0.0
3,1.7937750000000001,35,0.0,0.0
3,1.7937750000000001,36,1.785882,0.0
3,1.7937750000000001,37,0.0,0.0
3,1.7937750000000001,38,0.0,0.0
3,1.7937750000000001,39,0.0,0.0
3,1.7937750000000001,40,1.824706,0.0
3,1.7937750000000001,41,1.798823,0.0
3,1.7937750000000001,42,0.0,0.0
3,1.7937750000000001,43,0.0,0.0
3,1.7937750000000001,44,1.824706,0.0
3,1.7937750000000001,45,0.0,0.0
3,1.7937750000000001,46,0.0,0.0
3,1.7937750000000001,47,0.0,0.0
3,1.7937750000000001,48,1.837647,0.0
3,1.7937750000000001,49,1.643529,0.0
3,1.7937750000000001,50,0.0,0.0
3,1.7937750000000001,51,0.0,0.0
3,1.7937750000000001,52,1.785882,0.0
3,1.7937750000000001,53,0.0,0.0
3,1.7937750000000001,54,0.0,0.0
3,1.7937750000000001,55,0.0,0.0
3,1.7937750000000001,56,1.604706,0.0
3,1.7937750000000001,57,1.772941,0.0
3,1.7937750000000001,58,0.0,0.0
3,1.7937750000000001,59,0.0,0.0
3,1.7937750000000001,60,1.811765,0.0
3,1.7937750000000001,61,0.0,0.0
3,1.7937750000000001,62,0.0,0.0
3,1.7937750000000001,63,0.0,0.0
3,1.7937750000000001,64,1.811765,0.0
3,1.7937750000000001,65,1.449412,0.142857
3,1.7937750000000001,66,0.0,0.0
3,1.7937750000000001,67,0.0,0.0
3,1.7937750000000001,68,1.811765,0.0
3,1.7937750000000001,69,0.0,0.0
3,1.7937750000000001,70,0.0,0.0
3,1.7937750000000001,71,0.0,0.0
3,1.7937750000000001,72,1.785882,0.0
3,1.7937750000000001,73,0.0,0.0
3,1.7937750000000001,74,0.0,0.0
3,1.7937750000000001,75,0.0,0.0
3,1.7937750000000001,76,0.0,0.0
3,1.7937750000000001,77,0.0,0.0
3,1.7937750000000001,78,0.0,0.0
3,1.7937750000000001,79,0.0,0.0
3,1.7937750000000001,80,0.0,0.0
3,1.7937750000000001,81,1.798823,0.0
3,1.7937750000000001,82,0.0,0.0
3,1.7937750000000001,83,0.0,0.0
3,1.7937750000000001,84,1.785882,0.0
3,1.7937750000000001,85,0.0,0.0
3,1.7937750000000001,86,0.0,0.0
3,1.7937750000000001,87,0.0,0.0
3,1.7937750000000001,88,1.785882,0.0
3,1.7937750000000001,89,1.785882,0.0
3,1.7937750000000001,90,0.0,0.0
3,1.7937750000000001,91,0.0,0.0
3,1.7937750000000001,92,1.785882,0.0
3,1.7937750000000001,93,0.0,0.0
3,1.7937750000000001,94,0.0,0.0
3,1.7937750000000001,95,0.0,0.0
3,1.7937750000000001,96,1.798823,0.0
4,2.392672,1,1.785882,0.0
4,2.392672,2,0.0,0.0
4,2.392672,3,0.0,0.0
4,2.392672,4,1.824706,0.0
4,2.392672,5,0.0,0.0
4,2.392672,6,0.0,0.0
4,2.392672,7,0.0,0.0
4,2.392672,8,1.488235,0.047619
4,2.392672,9,1.785882,0.149463
4,2.392672,10,0.0,0.0
4,2.392672,11,0.0,0.0
4,2.392672,12,1.798823,0.0
4,2.392672,13,0.0,0.0
4,2.392672,14,0.0,0.0
4,2.392672,15,0.0,0.0
4,2.392672,16,1.785882,0.04331
4,2.392672,17,1.798823,0.0
4,2.392672,18,0.0,0.0
4,2.392672,19,0.0,0.0
4,2.392672,20,1.798823,0.0
4,2.392672,21,0.0,0.0
4,2.392672,22,0.0,0.0
4,2.392672,23,0.0,0.0
4,2.392672,24,1.824706,0.0
4,2.392672,25,0.0,0.0
4,2.392672,26,0.0,0.0
4,2.392672,27,0.0,0.0
4,2.392672,28,0.0,0.0
4,2.392672,29,0.0,0.0
4,2.392672,30,0.0,0.0
4,2.392672,31,0.0,0.0
4,2.392672,32,0.0,0.0
4,2.392672,33,1.824706,0.0
4,2.392672,34,0.0,0.0
4,2.392672,35,0.0,0.0
4,2.392672,36,1.811765,0.0
4,2.392672,37,0.0,0.0
4,2.392672,38,0.0,0.0
4,2.392672,39,0.0,0.0
4,2.392672,40,1.837647,0.0
4,2.392672,41,1.785882,0.0
4,2.392672,42,0.0,0.0
4,2.392672,43,0.0,0.0
4,2.392672,44,1.824706,0.0
4,2.392672,45,0.0,0.0
4,2.392672,46,0.0,0.0
4,2.392672,47,0.0,0.0
4,2.392672,48,1.798823,0.0
4,2.392672,49,1.721177,0.0
4,2.392672,50,0.0,0.0
4,2.392672,51,0.0,0.0
4,2.392672,52,1.785882,0.0
4,2.392672,53,0.0,0.0
4,2.392672,54,0.0,0.0
4,2.392672,55,0.0,0.0
4,2.392672,56,1.695294,0.0
4,2.392672,57,1.785882,0.0
4,2.392672,58,0.0,0.0
4,2.392672,59,0.0,0.0
4,2.392672,60,1.798823,0.0
4,2.392672,61,0.0,0.0
4,2.392672,62,0.0,0.0
4,2.392672,63,0.0,0.0
4,2.392672,64,1.824706,0.0
4,2.392672,65,1.565882,0.0
4,2.392672,66,0.0,0.0
4,2.392672,67,0.0,0.0
4,2.392672,68,1.811765,0.0
4,2.392672,69,0.0,0.0
4,2.392672,70,0.0,0.0
4,2.392672,71,0.0,0.0
4,2.392672,72,1.785882,0.0
4,2.392672,73,0.0,0.0
4,2.392672,74,0.0,0.0
4,2.392672,75,0.0,0.0
4,2.392672,76,0.0,0.0
4,2.392672,77,0.0,0.0
4,2.392672,78,0.0,0.0
4,2.392672,79,0.0,0.0
4,2.392672,80,0.0,0.0
4,2.392672,81,1.811765,0.0
4,2.392672,82,0.0,0.0
4,2.392672,83,0.0,0.0
4,2.392672,84,1.824706,0.0
4,2.392672,85,0.0,0.0
4,2.392672,86,0.0,0.0
4,2.392672,87,0.0,0.0
4,2.392672,88,1.850588,0.0
4,2.392672,89,1.785882,0.0
4,2.392672,90,0.0,0.0
4,2.392672,91,0.0,0.0
4,2.392672,92,1.850588,0.0
4,2.392672,93,0.0,0.0
4,2.392672,94,0.0,0.0
4,2.392672,95,0.0,0.0
4,2.392672,96,1.824706,0.0
5,2.995054,1,1.798823,0.0
5,2.995054,2,0.0,0.0
5,2.995054,3,0.0,0.0
5,2.995054,4,1.785882,0.0
5,2.995054,5,0.0,0.0
5,2.995054,6,0.0,0.0
5,2.995054,7,0.0,0.0
5,2.995054,8,1.798823,0.0
5,2.995054,9,2.083529,0.0
5,2.995054,10,0.0,0.0
5,2.995054,11,0.0,0.0
5,2.995054,12,1.811765,0.0
5,2.995054,13,0.0,0.0
5,2.995054,14,0.0,0.0
5,2.995054,15,0.0,0.0
5,2.995054,16,1.785882,0.04331
5,2.995054,17,1.798823,0.0
5,2.995054,18,0.0,0.0
5,2.995054,19,0.0,0.0
5,2.995054,20,1.824706,0.0
5,2.995054,21,0.0,0.0
5,2.995054,22,0.0,0.0
5,2.995054,23,0.0,0.0
5,2.995054,24,1.798823,0.0
5,2.995054,25,0.0,0.0
5,2.995054,26,0.0,0.0
5,2.995054,27,0.0,0.0
5,2.995054,28,0.0,0.0
5,2.995054,29,0.0,0.0
5,2.995054,30,0.0,0.0
5,2.995054,31,0.0,0.0
5,2.995054,32,0.0,0.0
5,2.995054,33,1.798823,0.0
5,2.995054,34,0.0,0.0
5,2.995054,35,0.0,0.0
5,2.995054,36,1.811765,0.0
5,2.995054,37,0.0,0.0
5,2.995054,38,0.0,0.0
5,2.995054,39,0.0,0.0
5,2.995054,40,1.837647,0.0
5,2.995054,41,1.785882,0.0
5,2.995054,42,0.0,0.0
5,2.995054,43,0.0,0.0
5,2.995054,44,1.824706,0.0
5,2.995054,45,0.0,0.0
5,2.995054,46,0.0,0.0
5,2.995054,47,0.0,0.0
5,2.995054,48,1.824706,0.0
5,2.995054,49,1.785882,0.0
5,2.995054,50,0.0,0.0
5,2.995054,51,0.0,0.0
5,2.995054,52,1.811765,0.0
5,2.995054,53,0.0,0.0
5,2.995054,54,0.0,0.0
5,2.995054,55,0.0,0.0
5,2.995054,56,1.734118,0.0
5,2.995054,57,1.811765,0.0
5,2.995054,58,0.0,0.0
5,2.995054,59,0.0,0.0
5,2.995054,60,1.811765,0.0
5,2.995054,61,0.0,0.0
5,2.995054,62,0.0,0.0
5,2.995054,63,0.0,0.0
5,2.995054,64,1.811765,0.0
5,2.995054,65,2.187059,0.0
5,2.995054,66,0.0,0.0
5,2.995054,67,0.0,0.0
5,2.995054,68,2.225882,0.0
5,2.995054,69,0.0,0.0
5,2.995054,70,0.0,0.0
5,2.995054,71,0.0,0.0
5,2.995054,72,2.212941,0.0
5,2.995054,73,0.0,0.0
5,2.995054,74,0.0,0.0
5,2.995054,75,0.0,0.0
5,2.995054,76,0.0,0.0
5,2.995054,77,0.0,0.0
5,2.995054,78,0.0,0.0
5,2.995054,79,0.0,0.0
5,2.995054,80,0.0,0.0
5,2.995054,81,1.824706,0.0
5,2.995054,82,0.0,0.0
5,2.995054,83,0.0,0.0
5,2.995054,84,1.850588,0.0
5,2.995054,85,0.0,0.0
5,2.995054,86,0.0,0.0
5,2.995054,87,0.0,0.0
5,2.995054,88,1.798823,0.0
5,2.995054,89,1.785882,0.0
5,2.995054,90,0.0,0.0
5,2.995054,91,0.0,0.0
5,2.995054,92,1.824706,0.0
5,2.995054,93,0.0,0.0
5,2.995054,94,0.0,0.0
5,2.995054,95,0.0,0.0
5,2.995054,96,1.824706,0.0
6,3.593818,1,2.264706,0.0
6,3.593818,2,0.0,0.0
6,3.593818,3,0.0,0.0
6,3.593818,4,2.277647,0.0
6,3.593818,5,0.0,0.0
6,3.593818,6,0.0,0.0
6,3.593818,7,0.0,0.0
6,3.593818,8,2.795294,0.0
6,3.593818,9,1.772941,0.165978
6,3.593818,10,0.0,0.0
6,3.593818,11,0.0,0.0
6,3.593818,12,1.785882,0.0
6,3.593818,13,0.0,0.0
6,3.593818,14,0.0,0.0
6,3.593818,15,0.0,0.0
6,3.593818,16,1.785882,0.04331
6,3.593818,17,1.798823,0.0
6,3.593818,18,0.0,0.0
6,3.593818,19,0.0,0.0
6,3.593818,20,1.798823,0.0
6,3.593818,21,0.0,0.0
6,3.593818,22,0.0,0.0
6,3.593818,23,0.0,0.0
6,3.593818,24,1.837647,0.0
6,3.593818,25,0.0,0.0
6,3.593818,26,0.0,0.0
6,3.593818,27,0.0,0.0
6,3.593818,28,0.0,0.0
6,3.593818,29,0.0,0.0
6,3.593818,30,0.0,0.0
6,3.593818,31,0.0,0.0
6,3.593818,32,0.0,0.0
6,3.593818,33,1.824706,0.0
6,3.593818,34,0.0,0.0
6,3.593818,35,0.0,0.0
6,3.593818,36,1.798823,0.0
6,3.593818,37,0.0,0.0
6,3.593818,38,0.0,0.0
6,3.593818,39,0.0,0.0
6,3.593818,40,1.824706,0.0
6,3.593818,41,1.785882,0.0
6,3.593818,42,0.0,0.0
6,3.593818,43,0.0,0.0
6,3.593818,44,1.824706,0.0
6,3.593818,45,0.0,0.0
6,3.593818,46,0.0,0.0
6,3.593818,47,0.0,0.0
6,3.593818,48,1.811765,0.0
6,3.593818,49,1.747059,0.0
6,3.593818,50,0.0,0.0
6,3.593818,51,0.0,0.0
6,3.593818,52,1.785882,0.0
6,3.593818,53,0.0,0.0
6,3.593818,54,0.0,0.0
6,3.593818,55,0.0,0.0
6,3.593818,56,1.734118,0.0
6,3.593818,57,1.811765,0.0
6,3.593818,58,0.0,0.0
6,3.593818,59,0.0,0.0
6,3.593818,60,1.811765,0.0
6,3.593818,61,0.0,0.0
6,3.593818,62,0.0,0.0
6,3.593818,63,0.0,0.0
6,3.593818,64,1.824706,0.0
6,3.593818,65,2.342353,0.0
6,3.593818,66,0.0,0.0
6,3.593818,67,0.0,0.0
6,3.593818,68,2.148235,0.0
6,3.593818,69,0.0,0.0
6,3.593818,70,0.0,0.0
6,3.593818,71,0.0,0.0
6,3.593818,72,2.264706,0.0
6,3.593818,73,0.0,0.0
6,3.593818,74,0.0,0.0
6,3.593818,75,0.0,0.0
6,3.593818,76,0.0,0.0
6,3.593818,77,0.0,0.0
6,3.593818,78,0.0,0.0
6,3.593818,79,0.0,0.0
6,3.593818,80,0.0,0.0
6,3.593818,81,1.798823,0.0
6,3.593818,82,0.0,0.0
6,3.593818,83,0.0,0.0
6,3.593818,84,1.785882,0.0
6,3.593818,85,0.0,0.0
6,3.593818,86,0.0,0.0
6,3.593818,87,0.0,0.0
6,3.593818,88,1.785882,0.0
6,3.593818,89,1.798823,0.0
6,3.593818,90,0.0,0.0
6,3.593818,91,0.0,0.0
6,3.593818,92,1.798823,0.0
6,3.593818,93,0.0,0.0
6,3.593818,94,0.0,0.0
6,3.593818,95,0.0,0.0
6,3.593818,96,1.824706,0.0
7,4.193853,1,2.251765,0.0
7,4.193853,2,0.0,0.0
7,4.193853,3,0.0,0.0
7,4.193853,4,2.251765,0.0
7,4.193853,5,0.0,0.0
7,4.193853,6,0.0,0.0
7,4.193853,7,0.0,0.0
7,4.193853,8,2.355294,0.0
7,4.193853,9,1.785882,0.149463
7,4.193853,10,0.0,0.0
7,4.193853,11,0.0,0.0
7,4.193853,12,1.798823,0.0
7,4.193853,13,0.0,0.0
7,4.193853,14,0.0,0.0
7,4.193853,15,0.0,0.0
7,4.193853,16,1.785882,0.04331
7,4.193853,17,1.785882,0.0
7,4.193853,18,0.0,0.0
7,4.193853,19,0.0,0.0
7,4.193853,20,1.785882,0.0
7,4.193853,21,0.0,0.0
7,4.193853,22,0.0,0.0
7,4.193853,23,0.0,0.0
7,4.193853,24,1.811765,0.0
7,4.193853,25,0.0,0.0
7,4.193853,26,0.0,0.0
7,4.193853,27,0.0,0.0
7,4.193853,28,0.0,0.0
7,4.193853,29,0.0,0.0
7,4.193853,30,0.0,0.0
7,4.193853,31,0.0,0.0
7,4.193853,32,0.0,0.0
7,4.193853,33,1.785882,0.0
7,4.193853,34,0.0,0.0
7,4.193853,35,0.0,0.0
7,4.193853,36,1.837647,0.0
7,4.193853,37,0.0,0.0
7,4.193853,38,0.0,0.0
7,4.193853,39,0.0,0.0
7,4.193853,40,1.824706,0.0
7,4.193853,41,1.785882,0.0
7,4.193853,42,0.0,0.0
7,4.193853,43,0.0,0.0
7,4.193853,44,1.824706,0.0
7,4.193853,45,0.0,0.0
7,4.193853,46,0.0,0.0
7,4.193853,47,0.0,0.0
7,4.193853,48,1.798823,0.0
7,4.193853,49,2.834118,0.0
7,4.193853,50,0.0,0.0
7,4.193853,51,0.0,0.0
7,4.193853,52,2.730588,0.0
7,4.193853,53,0.0,0.0
7,4.193853,54,0.0,0.0
7,4.193853,55,0.0,0.0
7,4.193853,56,2.743529,0.0
7,4.193853,57,1.785882,0.0
7,4.193853,58,0.0,0.0
7,4.193853,59,0.0,0.0
7,4.193853,60,1.798823,0.0
7,4.193853,61,0.0,0.0
7,4.193853,62,0.0,0.0
7,4.193853,63,0.0,0.0
7,4.193853,64,1.824706,0.0
7,4.193853,65,2.588235,0.0
7,4.193853,66,0.0,0.0
7,4.193853,67,0.0,0.0
7,4.193853,68,1.824706,0.0
7,4.193853,69,0.0,0.0
7,4.193853,70,0.0,0.0
7,4.193853,71,0.0,0.0
7,4.193853,72,1.798823,0.0
7,4.193853,73,0.0,0.0
7,4.193853,74,0.0,0.0
7,4.193853,75,0.0,0.0
7,4.193853,76,0.0,0.0
7,4.193853,77,0.0,0.0
7,4.193853,78,0.0,0.0
7,4.193853,79,0.0,0.0
7,4.193853,80,0.0,0.0
7,4.193853,81,1.850588,0.0
7,4.193853,82,0.0,0.0
7,4.193853,83,0.0,0.0
7,4.193853,84,1.798823,0.0
7,4.193853,85,0.0,0.0
7,4.193853,86,0.0,0.0
7,4.193853,87,0.0,0.0
7,4.193853,88,1.785882,0.0
7,4.193853,89,1.798823,0.0
7,4.193853,90,0.0,0.0
7,4.193853,91,0.0,0.0
7,4.193853,92,1.785882,0.0
7,4.193853,93,0.0,0.0
7,4.193853,94,0.0,0.0
7,4.193853,95,0.0,0.0
7,4.193853,96,1.785882,0.0
8,4.793853,1,1.811765,0.0
8,4.793853,2,0.0,0.0
8,4.793853,3,0.0,0.0
8,4.793853,4,1.824706,0.0
8,4.793853,5,0.0,0.0
8,4.793853,6,0.0,0.0
8,4.793853,7,0.0,0.0
8,4.793853,8,1.798823,0.0
8,4.793853,9,1.785882,0.149463
8,4.793853,10,0.0,0.0
8,4.793853,11,0.0,0.0
8,4.793853,12,1.798823,0.0
8,4.793853,13,0.0,0.0
8,4.793853,14,0.0,0.0
8,4.793853,15,0.0,0.0
8,4.793853,16,1.798823,0.025
8,4.793853,17,1.798823,0.0
8,4.793853,18,0.0,0.0
8,4.793853,19,0.0,0.0
8,4.793853,20,1.785882,0.0
8,4.793853,21,0.0,0.0
8,4.793853,22,0.0,0.0
8,4.793853,23,0.0,0.0
8,4.793853,24,1.811765,0.0
8,4.793853,25,0.0,0.0
8,4.793853,26,0.0,0.0
8,4.793853,27,0.0,0.0
8,4.793853,28,0.0,0.0
8,4.793853,29,0.0,0.0
8,4.793853,30,0.0,0.0
8,4.793853,31,0.0,0.0
8,4.793853,32,0.0,0.0
8,4.793853,33,1.811765,0.0
8,4.793853,34,0.0,0.0
8,4.793853,35,0.0,0.0
8,4.793853,36,1.785882,0.0
8,4.793853,37,0.0,0.0
8,4.793853,38,0.0,0.0
8,4.793853,39,0.0,0.0
8,4.793853,40,1.824706,0.0
8,4.793853,41,1.785882,0.0
8,4.793853,42,0.0,0.0
8,4.793853,43,0.0,0.0
8,4.793853,44,1.837647,0.0
8,4.793853,45,0.0,0.0
8,4.793853,46,0.0,0.0
8,4.793853,47,0.0,0.0
8,4.793853,48,1.824706,0.0
8,4.793853,49,1.824706,0.0
8,4.793853,50,0.0,0.0
8,4.793853,51,0.0,0.0
8,4.793853,52,1.798823,0.0
8,4.793853,53,0.0,0.0
8,4.793853,54,0.0,0.0
8,4.793853,55,0.0,0.0
8,4.793853,56,1.76,0.0
8,4.793853,57,1.785882,0.0
8,4.793853,58,0.0,0.0
8,4.793853,59,0.0,0.0
8,4.793853,60,1.811765,0.0
8,4.793853,61,0.0,0.0
8,4.793853,62,0.0,0.0
8,4.793853,63,0.0,0.0
8,4.793853,64,1.837647,0.0
8,4.793853,65,1.811765,0.0
8,4.793853,66,0.0,0.0
8,4.793853,67,0.0,0.0
8,4.793853,68,1.837647,0.0
8,4.793853,69,0.0,0.0
8,4.793853,70,0.0,0.0
8,4.793853,71,0.0,0.0
8,4.793853,72,1.798823,0.0
8,4.793853,73,0.0,0.0
8,4.793853,74,0.0,0.0
8,4.793853,75,0.0,0.0
8,4.793853,76,0.0,0.0
8,4.793853,77,0.0,0.0
8,4.793853,78,0.0,0.0
8,4.793853,79,0.0,0.0
8,4.793853,80,0.0,0.0
8,4.793853,81,1.798823,0.0
8,4.793853,82,0.0,0.0
8,4.793853,83,0.0,0.0
8,4.793853,84,1.811765,0.0
8,4.793853,85,0.0,0.0
8,4.793853,86,0.0,0.0
8,4.793853,87,0.0,0.0
8,4.793853,88,1.824706,0.0
8,4.793853,89,1.785882,0.0
8,4.793853,90,0.0,0.0
8,4.793853,91,0.0,0.0
8,4.793853,92,1.785882,0.0
8,4.793853,93,0.0,0.0
8,4.793853,94,0.0,0.0
8,4.793853,95,0.0,0.0
8,4.793853,96,1.837647,0.0
9,5.393842,1,1.798823,0.0
9,5.393842,2,0.0,0.0
9,5.393842,3,0.0,0.0
9,5.393842,4,1.785882,0.0
9,5.393842,5,0.0,0.0
9,5.393842,6,0.0,0.0
9,5.393842,7,0.0,0.0
9,5.393842,8,1.798823,0.0
9,5.393842,9,1.785882,0.149463
9,5.393842,10,0.0,0.0
9,5.393842,11,0.0,0.0
9,5.393842,12,1.798823,0.0
9,5.393842,13,0.0,0.0
9,5.393842,14,0.0,0.0
9,5.393842,15,0.0,0.0
9,5.393842,16,1.785882,0.04331
9,5.393842,17,1.811765,0.0
9,5.393842,18,0.0,0.0
9,5.393842,19,0.0,0.0
9,5.393842,20,1.798823,0.0
9,5.393842,21,0.0,0.0
9,5.393842,22,0.0,0.0
9,5.393842,23,0.0,0.0
9,5.393842,24,1.798823,0.0
9,5.393842,25,0.0,0.0
9,5.393842,26,0.0,0.0
9,5.393842,27,0.0,0.0
9,5.393842,28,0.0,0.0
9,5.393842,29,0.0,0.0
9,5.393842,30,0.0,0.0
9,5.393842,31,0.0,0.0
9,5.393842,32,0.0,0.0
9,5.393842,33,1.785882,0.0
9,5.393842,34,0.0,0.0
9,5.393842,35,0.0,0.0
9,5.393842,36,1.824706,0.0
9,5.393842,37,0.0,0.0
9,5.393842,38,0.0,0.0
9,5.393842,39,0.0,0.0
9,5.393842,40,1.824706,0.0
9,5.393842,41,1.785882,0.0
9,5.393842,42,0.0,0.0
9,5.393842,43,0.0,0.0
9,5.393842,44,1.824706,0.0
9,5.393842,45,0.0,0.0
9,5.393842,46,0.0,0.0
9,5.393842,47,0.0,0.0
9,5.393842,48,1.785882,0.0
9,5.393842,49,1.811765,0.0
9,5.393842,50,0.0,0.0
9,5.393842,51,0.0,0.0
9,5.393842,52,1.798823,0.0
9,5.393842,53,0.0,0.0
9,5.393842,54,0.0,0.0
9,5.393842,55,0.0,0.0
9,5.393842,56,1.798823,0.0
9,5.393842,57,1.811765,0.0
9,5.393842,58,0.0,0.0
9,5.393842,59,0.0,0.0
9,5.393842,60,1.811765,0.0
9,5.393842,61,0.0,0.0
9,5.393842,62,0.0,0.0
9,5.393842,63,0.0,0.0
9,5.393842,64,1.824706,0.0
9,5.393842,65,1.798823,0.0
9,5.393842,66,0.0,0.0
9,5.393842,67,0.0,0.0
9,5.393842,68,1.811765,0.0
9,5.393842,69,0.0,0.0
9,5.393842,70,0.0,0.0
9,5.393842,71,0.0,0.0
9,5.393842,72,1.811765,0.0
9,5.393842,73,0.0,0.0
9,5.393842,74,0.0,0.0
9,5.393842,75,0.0,0.0
9,5.393842,76,0.0,0.0
9,5.393842,77,0.0,0.0
9,5.393842,78,0.0,0.0
9,5.393842,79,0.0,0.0
9,5.393842,80,0.0,0.0
9,5.393842,81,1.850588,0.0
9,5.393842,82,0.0,0.0
9,5.393842,83,0.0,0.0
9,5.393842,84,1.811765,0.0
9,5.393842,85,0.0,0.0
9,5.393842,86,0.0,0.0
9,5.393842,87,0.0,0.0
9,5.393842,88,1.798823,0.0
9,5.393842,89,1.785882,0.0
9,5.393842,90,0.0,0.0
9,5.393842,91,0.0,0.0
9,5.393842,92,1.811765,0.0
9,5.393842,93,0.0,0.0
9,5.393842,94,0.0,0.0
9,5.393842,95,0.0,0.0
9,5.393842,96,1.798823,0.0
10,5.99928,1,1.785882,0.0
10,5.99928,2,0.0,0.0
10,5.99928,3,0.0,0.0
10,5.99928,4,1.785882,0.0
10,5.99928,5,0.0,0.0
10,5.99928,6,0.0,0.0
10,5.99928,7,0.0,0.0
10,5.99928,8,1.643529,0.0
10,5.99928,9,1.785882,0.149463
10,5.99928,10,0.0,0.0
10,5.99928,11,0.0,0.0
10,5.99928,12,1.785882,0.0
10,5.99928,13,0.0,0.0
10,5.99928,14,0.0,0.0
10,5.99928,15,0.0,0.0
10,5.99928,16,1.785882,0.04331
10,5.99928,17,1.798823,0.0
10,5.99928,18,0.0,0.0
10,5.99928,19,0.0,0.0
10,5.99928,20,1.798823,0.0
10,5.99928,21,0.0,0.0
10,5.99928,22,0.0,0.0
10,5.99928,23,0.0,0.0
10,5.99928,24,1.811765,0.0
10,5.99928,25,0.0,0.0
10,5.99928,26,0.0,0.0
10,5.99928,27,0.0,0.0
10,5.99928,28,0.0,0.0
10,5.99928,29,0.0,0.0
10,5.99928,30,0.0,0.0
10,5.99928,31,0.0,0.0
10,5.99928,32,0.0,0.0
10,5.99928,33,1.824706,0.0
10,5.99928,34,0.0,0.0
10,5.99928,35,0.0,0.0
10,5.99928,36,1.824706,0.0
10,5.99928,37,0.0,0.0
10,5.99928,38,0.0,0.0
10,5.99928,39,0.0,0.0
10,5.99928,40,1.824706,0.0
10,5.99928,41,1.785882,0.0
10,5.99928,42,0.0,0.0
10,5.99928,43,0.0,0.0
10,5.99928,44,1.824706,0.0
10,5.99928,45,0.0,0.0
10,5.99928,46,0.0,0.0
10,5.99928,47,0.0,0.0
10,5.99928,48,1.811765,0.0
10,5.99928,49,1.669412,0.0
10,5.99928,50,0.0,0.0
10,5.99928,51,0.0,0.0
10,5.99928,52,1.798823,0.0
10,5.99928,53,0.0,0.0
10,5.99928,54,0.0,0.0
10,5.99928,55,0.0,0.0
10,5.99928,56,1.643529,0.0
10,5.99928,57,1.811765,0.0
10,5.99928,58,0.0,0.0
10,5.99928,59,0.0,0.0
10,5.99928,60,1.811765,0.0
10,5.99928,61,0.0,0.0
10,5.99928,62,0.0,0.0
10,5.99928,63,0.0,0.0
10,5.99928,64,1.824706,0.0
10,5.99928,65,1.811765,0.0
10,5.99928,66,0.0,0.0
10,5.99928,67,0.0,0.0
10,5.99928,68,1.798823,0.0
10,5.99928,69,0.0,0.0
10,5.99928,70,0.0,0.0
10,5.99928,71,0.0,0.0
10,5.99928,72,1.785882,0.0
10,5.99928,73,0.0,0.0
10,5.99928,74,0.0,0.0
10,5.99928,75,0.0,0.0
10,5.99928,76,0.0,0.0
10,5.99928,77,0.0,0.0
10,5.99928,78,0.0,0.0
10,5.99928,79,0.0,0.0
10,5.99928,80,0.0,0.0
10,5.99928,81,1.798823,0.0
10,5.99928,82,0.0,0.0
10,5.99928,83,0.0,0.0
10,5.99928,84,1.811765,0.0
10,5.99928,85,0.0,0.0
10,5.99928,86,0.0,0.0
10,5.99928,87,0.0,0.0
10,5.99928,88,1.824706,0.0
10,5.99928,89,1.785882,0.0
10,5.99928,90,0.0,0.0
10,5.99928,91,0.0,0.0
10,5.99928,92,1.811765,0.0
10,5.99928,93,0.0,0.0
10,5.99928,94,0.0,0.0
10,5.99928,95,0.0,0.0
10,5.99928,96,1.824706,0.0
11,6.595936,1,1.785882,0.0
11,6.595936,2,0.0,0.0
11,6.595936,3,0.0,0.0
11,6.595936,4,1.811765,0.0
11,6.595936,5,0.0,0.0
11,6.595936,6,0.0,0.0
11,6.595936,7,0.0,0.0
11,6.595936,8,1.643529,0.0
11,6.595936,9,1.785882,0.149463
11,6.595936,10,0.0,0.0
11,6.595936,11,0.0,0.0
11,6.595936,12,1.798823,0.0
11,6.595936,13,0.0,0.0
11,6.595936,14,0.0,0.0
11,6.595936,15,0.0,0.0
11,6.595936,16,1.785882,0.04331
11,6.595936,17,1.798823,0.0
11,6.595936,18,0.0,0.0
11,6.595936,19,0.0,0.0
11,6.595936,20,1.785882,0.0
11,6.595936,21,0.0,0.0
11,6.595936,22,0.0,0.0
11,6.595936,23,0.0,0.0
11,6.595936,24,1.811765,0.0
11,6.595936,25,0.0,0.0
11,6.595936,26,0.0,0.0
11,6.595936,27,0.0,0.0
11,6.595936,28,0.0,0.0
11,6.595936,29,0.0,0.0
11,6.595936,30,0.0,0.0
11,6.595936,31,0.0,0.0
11,6.595936,32,0.0,0.0
11,6.595936,33,1.798823,0.0
11,6.595936,34,0.0,0.0
11,6.595936,35,0.0,0.0
11,6.595936,36,1.798823,0.0
11,6.595936,37,0.0,0.0
11,6.595936,38,0.0,0.0
11,6.595936,39,0.0,0.0
11,6.595936,40,1.837647,0.0
11,6.595936,41,1.785882,0.0
11,6.595936,42,0.0,0.0
11,6.595936,43,0.0,0.0
11,6.595936,44,1.824706,0.0
11,6.595936,45,0.0,0.0
11,6.595936,46,0.0,0.0
11,6.595936,47,0.0,0.0
11,6.595936,48,1.811765,0.0
11,6.595936,49,1.294118,0.02809
11,6.595936,50,0.0,0.0
11,6.595936,51,0.0,0.0
11,6.595936,52,1.410588,0.188078
11,6.595936,53,0.0,0.0
11,6.595936,54,0.0,0.0
11,6.595936,55,0.0,0.0
11,6.595936,56,1.436471,0.0
11,6.595936,57,1.798823,0.0
11,6.595936,58,0.0,0.0
11,6.595936,59,0.0,0.0
11,6.595936,60,1.811765,0.0
11,6.595936,61,0.0,0.0
11,6.595936,62,0.0,0.0
11,6.595936,63,0.0,0.0
11,6.595936,64,1.811765,0.0
11,6.595936,65,1.565882,0.0
11,6.595936,66,0.0,0.0
11,6.595936,67,0.0,0.0
11,6.595936,68,1.837647,0.0
11,6.595936,69,0.0,0.0
11,6.595936,70,0.0,0.0
11,6.595936,71,0.0,0.0
11,6.595936,72,1.785882,0.0
11,6.595936,73,0.0,0.0
11,6.595936,74,0.0,0.0
11,6.595936,75,0.0,0.0
11,6.595936,76,0.0,0.0
11,6.595936,77,0.0,0.0
11,6.595936,78,0.0,0.0
11,6.595936,79,0.0,0.0
11,6.595936,80,0.0,0.0
11,6.595936,81,1.811765,0.0
11,6.595936,82,0.0,0.0
11,6.595936,83,0.0,0.0
11,6.595936,84,1.837647,0.0
11,6.595936,85,0.0,0.0
11,6.595936,86,0.0,0.0
11,6.595936,87,0.0,0.0
11,6.595936,88,1.824706,0.0
11,6.595936,89,1.837647,0.0
11,6.595936,90,0.0,0.0
11,6.595936,91,0.0,0.0
11,6.595936,92,1.785882,0.0
11,6.595936,93,0.0,0.0
11,6.595936,94,0.0,0.0
11,6.595936,95,0.0,0.0
11,6.595936,96,1.824706,0.0
12,7.193863,1,1.785882,0.0
12,7.193863,2,0.0,0.0
12,7.193863,3,0.0,0.0
12,7.193863,4,1.811765,0.0
12,7.193863,5,0.0,0.0
12,7.193863,6,0.0,0.0
12,7.193863,7,0.0,0.0
12,7.193863,8,1.798823,0.0
12,7.193863,9,2.264706,0.0
12,7.193863,10,0.0,0.0
12,7.193863,11,0.0,0.0
12,7.193863,12,1.811765,0.0
12,7.193863,13,0.0,0.0
12,7.193863,14,0.0,0.0
12,7.193863,15,0.0,0.0
12,7.193863,16,2.251765,0.0
12,7.193863,17,1.785882,0.0
12,7.193863,18,0.0,0.0
12,7.193863,19,0.0,0.0
12,7.193863,20,1.811765,0.0
12,7.193863,21,0.0,0.0
12,7.193863,22,0.0,0.0
12,7.193863,23,0.0,0.0
12,7.193863,24,1.811765,0.0
12,7.193863,25,0.0,0.0
12,7.193863,26,0.0,0.0
12,7.193863,27,0.0,0.0
12,7.193863,28,0.0,0.0
12,7.193863,29,0.0,0.0
12,7.193863,30,0.0,0.0
12,7.193863,31,0.0,0.0
12,7.193863,32,0.0,0.0
12,7.193863,33,1.811765,0.0
12,7.193863,34,0.0,0.0
12,7.193863,35,0.0,0.0
12,7.193863,36,1.824706,0.0
12,7.193863,37,0.0,0.0
12,7.193863,38,0.0,0.0
12,7.193863,39,0.0,0.0
12,7.193863,40,1.824706,0.0
12,7.193863,41,1.785882,0.0
12,7.193863,42,0.0,0.0
12,7.193863,43,0.0,0.0
12,7.193863,44,1.824706,0.0
12,7.193863,45,0.0,0.0
12,7.193863,46,0.0,0.0
12,7.193863,47,0.0,0.0
12,7.193863,48,1.824706,0.0
12,7.193863,49,0.931765,0.0
12,7.193863,50,0.0,0.0
12,7.193863,51,0.0,0.0
12,7.193863,52,1.811765,0.0
12,7.193863,53,0.0,0.0
12,7.193863,54,0.0,0.0
12,7.193863,55,0.0,0.0
12,7.193863,56,0.763529,0.0
12,7.193863,57,1.811765,0.0
12,7.193863,58,0.0,0.0
12,7.193863,59,0.0,0.0
12,7.193863,60,1.811765,0.0
12,7.193863,61,0.0,0.0
12,7.193863,62,0.0,0.0
12,7.193863,63,0.0,0.0
12,7.193863,64,1.824706,0.0
12,7.193863,65,1.798823,0.0
12,7.193863,66,0.0,0.0
12,7.193863,67,0.0,0.0
12,7.193863,68,1.798823,0.0
12,7.193863,69,0.0,0.0
12,7.193863,70,0.0,0.0
12,7.193863,71,0.0,0.0
12,7.193863,72,1.824706,0.0
12,7.193863,73,0.0,0.0
12,7.193863,74,0.0,0.0
12,7.193863,75,0.0,0.0
12,7.193863,76,0.0,0.0
12,7.193863,77,0.0,0.0
12,7.193863,78,0.0,0.0
12,7.193863,79,0.0,0.0
12,7.193863,80,0.0,0.0
12,7.193863,81,1.837647,0.0
12,7.193863,82,0.0,0.0
12,7.193863,83,0.0,0.0
12,7.193863,84,1.824706,0.0
12,7.193863,85,0.0,0.0
12,7.193863,86,0.0,0.0
12,7.193863,87,0.0,0.0
12,7.193863,88,1.811765,0.0
12,7.193863,89,1.785882,0.0
12,7.193863,90,0.0,0.0
12,7.193863,91,0.0,0.0
12,7.193863,92,1.785882,0.0
12,7.193863,93,0.0,0.0
12,7.193863,94,0.0,0.0
12,7.193863,95,0.0,0.0
12,7.193863,96,1.837647,0.0
13,7.792939,1,1.824706,0.0
13,7.792939,2,0.0,0.0
13,7.792939,3,0.0,0.0
13,7.792939,4,1.811765,0.0
13,7.792939,5,0.0,0.0
13,7.792939,6,0.0,0.0
13,7.792939,7,0.0,0.0
13,7.792939,8,1.721177,0.0
13,7.792939,9,1.785882,0.0
13,7.792939,10,0.0,0.0
13,7.792939,11,0.0,0.0
13,7.792939,12,1.811765,0.0
13,7.792939,13,0.0,0.0
13,7.792939,14,0.0,0.0
13,7.792939,15,0.0,0.0
13,7.792939,16,1.785882,0.0
13,7.792939,17,1.798823,0.0
13,7.792939,18,0.0,0.0
13,7.792939,19,0.0,0.0
13,7.792939,20,1.811765,0.0
13,7.792939,21,0.0,0.0
13,7.792939,22,0.0,0.0
13,7.792939,23,0.0,0.0
13,7.792939,24,1.824706,0.0
13,7.792939,25,0.0,0.0
13,7.792939,26,0.0,0.0
13,7.792939,27,0.0,0.0
13,7.792939,28,0.0,0.0
13,7.792939,29,0.0,0.0
13,7.792939,30,0.0,0.0
13,7.792939,31,0.0,0.0
13,7.792939,32,0.0,0.0
13,7.792939,33,1.837647,0.0
13,7.792939,34,0.0,0.0
13,7.792939,35,0.0,0.0
13,7.792939,36,1.798823,0.0
13,7.792939,37,0.0,0.0
13,7.792939,38,0.0,0.0
13,7.792939,39,0.0,0.0
13,7.792939,40,1.837647,0.0
13,7.792939,41,1.785882,0.0
13,7.792939,42,0.0,0.0
13,7.792939,43,0.0,0.0
13,7.792939,44,1.837647,0.0
13,7.792939,45,0.0,0.0
13,7.792939,46,0.0,0.0
13,7.792939,47,0.0,0.0
13,7.792939,48,1.811765,0.0
13,7.792939,49,1.708235,0.0
13,7.792939,50,0.0,0.0
13,7.792939,51,0.0,0.0
13,7.792939,52,1.811765,0.0
13,7.792939,53,0.0,0.0
13,7.792939,54,0.0,0.0
13,7.792939,55,0.0,0.0
13,7.792939,56,1.747059,0.0
13,7.792939,57,1.811765,0.0
13,7.792939,58,0.0,0.0
13,7.792939,59,0.0,0.0
13,7.792939,60,1.798823,0.0
13,7.792939,61,0.0,0.0
13,7.792939,62,0.0,0.0
13,7.792939,63,0.0,0.0
13,7.792939,64,1.824706,0.0
13,7.792939,65,1.811765,0.0
13,7.792939,66,0.0,0.0
13,7.792939,67,0.0,0.0
13,7.792939,68,1.811765,0.0
13,7.792939,69,0.0,0.0
13,7.792939,70,0.0,0.0
13,7.792939,71,0.0,0.0
13,7.792939,72,1.811765,0.0
13,7.792939,73,0.0,0.0
13,7.792939,74,0.0,0.0
13,7.792939,75,0.0,0.0
13,7.792939,76,0.0,0.0
13,7.792939,77,0.0,0.0
13,7.792939,78,0.0,0.0
13,7.792939,79,0.0,0.0
13,7.792939,80,0.0,0.0
13,7.792939,81,1.798823,0.0
13,7.792939,82,0.0,0.0
13,7.792939,83,0.0,0.0
13,7.792939,84,1.798823,0.0
13,7.792939,85,0.0,0.0
13,7.792939,86,0.0,0.0
13,7.792939,87,0.0,0.0
13,7.792939,88,1.785882,0.0
13,7.792939,89,1.785882,0.0
13,7.792939,90,0.0,0.0
13,7.792939,91,0.0,0.0
13,7.792939,92,1.785882,0.0
13,7.792939,93,0.0,0.0
13,7.792939,94,0.0,0.0
13,7.792939,95,0.0,0.0
13,7.792939,96,1.798823,0.0
14,8.394012,1,1.811765,0.0
14,8.394012,2,0.0,0.0
14,8.394012,3,0.0,0.0
14,8.394012,4,1.798823,0.0
14,8.394012,5,0.0,0.0
14,8.394012,6,0.0,0.0
14,8.394012,7,0.0,0.0
14,8.394012,8,0.012941,0.0
14,8.394012,9,1.785882,0.0
14,8.394012,10,0.0,0.0
14,8.394012,11,0.0,0.0
14,8.394012,12,1.798823,0.0
14,8.394012,13,0.0,0.0
14,8.394012,14,0.0,0.0
14,8.394012,15,0.0,0.0
14,8.394012,16,1.785882,0.0
14,8.394012,17,1.798823,0.0
14,8.394012,18,0.0,0.0
14,8.394012,19,0.0,0.0
14,8.394012,20,1.798823,0.0
14,8.394012,21,0.0,0.0
14,8.394012,22,0.0,0.0
14,8.394012,23,0.0,0.0
14,8.394012,24,1.798823,0.0
14,8.394012,25,0.0,0.0
14,8.394012,26,0.0,0.0
14,8.394012,27,0.0,0.0
14,8.394012,28,0.0,0.0
14,8.394012,29,0.0,0.0
14,8.394012,30,0.0,0.0
14,8.394012,31,0.0,0.0
14,8.394012,32,0.0,0.0
14,8.394012,33,1.798823,0.0
14,8.394012,34,0.0,0.0
14,8.394012,35,0.0,0.0
14,8.394012,36,1.837647,0.0
14,8.394012,37,0.0,0.0
14,8.394012,38,0.0,0.0
14,8.394012,39,0.0,0.0
14,8.394012,40,1.824706,0.0
14,8.394012,41,1.785882,0.0
14,8.394012,42,0.0,0.0
14,8.394012,43,0.0,0.0
14,8.394012,44,1.824706,0.0
14,8.394012,45,0.0,0.0
14,8.394012,46,0.0,0.0
14,8.394012,47,0.0,0.0
14,8.394012,48,1.785882,0.0
14,8.394012,49,1.798823,0.0
14,8.394012,50,0.0,0.0
14,8.394012,51,0.0,0.0
14,8.394012,52,1.798823,0.0
14,8.394012,53,0.0,0.0
14,8.394012,54,0.0,0.0
14,8.394012,55,0.0,0.0
14,8.394012,56,1.785882,0.0
14,8.394012,57,1.798823,0.0
14,8.394012,58,0.0,0.0
14,8.394012,59,0.0,0.0
14,8.394012,60,1.811765,0.0
14,8.394012,61,0.0,0.0
14,8.394012,62,0.0,0.0
14,8.394012,63,0.0,0.0
14,8.394012,64,1.824706,0.0
14,8.394012,65,1.811765,0.0
14,8.394012,66,0.0,0.0
14,8.394012,67,0.0,0.0
14,8.394012,68,1.798823,0.0
14,8.394012,69,0.0,0.0
14,8.394012,70,0.0,0.0
14,8.394012,71,0.0,0.0
14,8.394012,72,1.837647,0.0
14,8.394012,73,0.0,0.0
14,8.394012,74,0.0,0.0
14,8.394012,75,0.0,0.0
14,8.394012,76,0.0,0.0
14,8.394012,77,0.0,0.0
14,8.394012,78,0.0,0.0
14,8.394012,79,0.0,0.0
14,8.394012,80,0.0,0.0
14,8.394012,81,1.785882,0.0
14,8.394012,82,0.0,0.0
14,8.394012,83,0.0,0.0
14,8.394012,84,1.798823,0.0
14,8.394012,85,0.0,0.0
14,8.394012,86,0.0,0.0
14,8.394012,87,0.0,0.0
14,8.394012,88,1.837647,0.0
14,8.394012,89,1.785882,0.0
14,8.394012,90,0.0,0.0
14,8.394012,91,0.0,0.0
14,8.394012,92,1.811765,0.0
14,8.394012,93,0.0,0.0
14,8.394012,94,0.0,0.0
14,8.394012,95,0.0,0.0
14,8.394012,96,1.785882,0.0
15,8.993899,1,1.798823,0.0
15,8.993899,2,0.0,0.0
15,8.993899,3,0.0,0.0
15,8.993899,4,1.837647,0.0
15,8.993899,5,0.0,0.0
15,8.993899,6,0.0,0.0
15,8.993899,7,0.0,0.0
15,8.993899,8,1.708235,0.0
15,8.993899,9,1.785882,0.0
15,8.993899,10,0.0,0.0
15,8.993899,11,0.0,0.0
15,8.993899,12,1.798823,0.0
15,8.993899,13,0.0,0.0
15,8.993899,14,0.0,0.0
15,8.993899,15,0.0,0.0
15,8.993899,16,1.798823,0.0
15,8.993899,17,1.798823,0.0
15,8.993899,18,0.0,0.0
15,8.993899,19,0.0,0.0
15,8.993899,20,1.850588,0.0
15,8.993899,21,0.0,0.0
15,8.993899,22,0.0,0.0
15,8.993899,23,0.0,0.0
15,8.993899,24,1.798823,0.0
15,8.993899,25,0.0,0.0
15,8.993899,26,0.0,0.0
15,8.993899,27,0.0,0.0
15,8.993899,28,0.0,0.0
15,8.993899,29,0.0,0.0
15,8.993899,30,0.0,0.0
15,8.993899,31,0.0,0.0
15,8.993899,32,0.0,0.0
15,8.993899,33,1.811765,0.0
15,8.993899,34,0.0,0.0
15,8.993899,35,0.0,0.0
15,8.993899,36,1.785882,0.0
15,8.993899,37,0.0,0.0
15,8.993899,38,0.0,0.0
15,8.993899,39,0.0,0.0
15,8.993899,40,1.824706,0.0
15,8.993899,41,1.785882,0.0
15,8.993899,42,0.0,0.0
15,8.993899,43,0.0,0.0
15,8.993899,44,1.824706,0.0
15,8.993899,45,0.0,0.0
15,8.993899,46,0.0,0.0
15,8.993899,47,0.0,0.0
15,8.993899,48,1.785882,0.0
15,8.993899,49,1.617647,0.0
15,8.993899,50,0.0,0.0
15,8.993899,51,0.0,0.0
15,8.993899,52,1.811765,0.0
15,8.993899,53,0.0,0.0
15,8.993899,54,0.0,0.0
15,8.993899,55,0.0,0.0
15,8.993899,56,1.630588,0.0
15,8.993899,57,1.811765,0.0
15,8.993899,58,0.0,0.0
15,8.993899,59,0.0,0.0
15,8.993899,60,1.811765,0.0
15,8.993899,61,0.0,0.0
15,8.993899,62,0.0,0.0
15,8.993899,63,0.0,0.0
15,8.993899,64,1.798823,0.0
15,8.993899,65,1.772941,0.0
15,8.993899,66,0.0,0.0
15,8.993899,67,0.0,0.0
15,8.993899,68,1.785882,0.0
15,8.993899,69,0.0,0.0
15,8.993899,70,0.0,0.0
15,8.993899,71,0.0,0.0
15,8.993899,72,1.785882,0.0
15,8.993899,73,0.0,0.0
15,8.993899,74,0.0,0.0
15,8.993899,75,0.0,0.0
15,8.993899,76,0.0,0.0
15,8.993899,77,0.0,0.0
15,8.993899,78,0.0,0.0
15,8.993899,79,0.0,0.0
15,8.993899,80,0.0,0.0
15,8.993899,81,1.811765,0.0
15,8.993899,82,0.0,0.0
15,8.993899,83,0.0,0.0
15,8.993899,84,1.811765,0.0
15,8.993899,85,0.0,0.0
15,8.993899,86,0.0,0.0
15,8.993899,87,0.0,0.0
15,8.993899,88,1.837647,0.0
15,8.993899,89,1.798823,0.0
15,8.993899,90,0.0,0.0
15,8.993899,91,0.0,0.0
15,8.993899,92,1.785882,0.0
15,8.993899,93,0.0,0.0
15,8.993899,94,0.0,0.0
15,8.993899,95,0.0,0.0
15,8.993899,96,1.837647,0.0
16,9.593793,1,1.824706,0.0
16,9.593793,2,0.0,0.0
16,9.593793,3,0.0,0.0
16,9.593793,4,1.824706,0.0
16,9.593793,5,0.0,0.0
16,9.593793,6,0.0,0.0
16,9.593793,7,0.0,0.0
16,9.593793,8,1.682353,0.0
16,9.593793,9,1.824706,0.0
16,9.593793,10,0.0,0.0
16,9.593793,11,0.0,0.0
16,9.593793,12,1.708235,0.0
16,9.593793,13,0.0,0.0
16,9.593793,14,0.0,0.0
16,9.593793,15,0.0,0.0
16,9.593793,16,2.264706,0.0
16,9.593793,17,1.785882,0.0
16,9.593793,18,0.0,0.0
16,9.593793,19,0.0,0.0
16,9.593793,20,1.798823,0.0
16,9.593793,21,0.0,0.0
16,9.593793,22,0.0,0.0
16,9.593793,23,0.0,0.0
16,9.593793,24,1.798823,0.0
16,9.593793,25,0.0,0.0
16,9.593793,26,0.0,0.0
16,9.593793,27,0.0,0.0
16,9.593793,28,0.0,0.0
16,9.593793,29,0.0,0.0
16,9.593793,30,0.0,0.0
16,9.593793,31,0.0,0.0
16,9.593793,32,0.0,0.0
16,9.593793,33,1.798823,0.0
16,9.593793,34,0.0,0.0
16,9.593793,35,0.0,0.0
16,9.593793,36,1.824706,0.0
16,9.593793,37,0.0,0.0
16,9.593793,38,0.0,0.0
16,9.593793,39,0.0,0.0
16,9.593793,40,1.824706,0.0
16,9.593793,41,1.785882,0.0
16,9.593793,42,0.0,0.0
16,9.593793,43,0.0,0.0
16,9.593793,44,1.837647,0.0
16,9.593793,45,0.0,0.0
16,9.593793,46,0.0,0.0
16,9.593793,47,0.0,0.0
16,9.593793,48,1.811765,0.0
16,9.593793,49,1.669412,0.0
16,9.593793,50,0.0,0.0
16,9.593793,51,0.0,0.0
16,9.593793,52,1.798823,0.0
16,9.593793,53,0.0,0.0
16,9.593793,54,0.0,0.0
16,9.593793,55,0.0,0.0
16,9.593793,56,1.682353,0.0
16,9.593793,57,1.798823,0.0
16,9.593793,58,0.0,0.0
16,9.593793,59,0.0,0.0
16,9.593793,60,1.811765,0.0
16,9.593793,61,0.0,0.0
16,9.593793,62,0.0,0.0
16,9.593793,63,0.0,0.0
16,9.593793,64,1.837647,0.0
16,9.593793,65,1.565882,0.0
16,9.593793,66,0.0,0.0
16,9.593793,67,0.0,0.0
16,9.593793,68,1.811765,0.0
16,9.593793,69,0.0,0.0
16,9.593793,70,0.0,0.0
16,9.593793,71,0.0,0.0
16,9.593793,72,1.837647,0.0
16,9.593793,73,0.0,0.0
16,9.593793,74,0.0,0.0
16,9.593793,75,0.0,0.0
16,9.593793,76,0.0,0.0
16,9.593793,77,0.0,0.0
16,9.593793,78,0.0,0.0
16,9.593793,79,0.0,0.0
16,9.593793,80,0.0,0.0
16,9.593793,81,1.811765,0.0
16,9.593793,82,0.0,0.0
16,9.593793,83,0.0,0.0
16,9.593793,84,1.785882,0.0
16,9.593793,85,0.0,0.0
16,9.593793,86,0.0,0.0
16,9.593793,87,0.0,0.0
16,9.593793,88,1.798823,0.0
16,9.593793,89,1.785882,0.0
16,9.593793,90,0.0,0.0
16,9.593793,91,0.0,0.0
16,9.593793,92,1.811765,0.0
16,9.593793,93,0.0,0.0
16,9.593793,94,0.0,0.0
16,9.593793,95,0.0,0.0
16,9.593793,96,1.798823,0.0
17,10.196445,1,1.902353,0.0
17,10.196445,2,0.0,0.0
17,10.196445,3,0.0,0.0
17,10.196445,4,1.941176,0.0
17,10.196445,5,0.0,0.0
17,10.196445,6,0.0,0.0
17,10.196445,7,0.0,0.0
17,10.196445,8,1.449412,0.004329
17,10.196445,9,2.264706,0.0
17,10.196445,10,0.0,0.0
17,10.196445,11,0.0,0.0
17,10.196445,12,2.251765,0.0
17,10.196445,13,0.0,0.0
17,10.196445,14,0.0,0.0
17,10.196445,15,0.0,0.0
17,10.196445,16,2.238823,0.0
17,10.196445,17,1.772941,0.0
17,10.196445,18,0.0,0.0
17,10.196445,19,0.0,0.0
17,10.196445,20,1.798823,0.0
17,10.196445,21,0.0,0.0
17,10.196445,22,0.0,0.0
17,10.196445,23,0.0,0.0
17,10.196445,24,1.811765,0.0
17,10.196445,25,0.0,0.0
17,10.196445,26,0.0,0.0
17,10.196445,27,0.0,0.0
17,10.196445,28,0.0,0.0
17,10.196445,29,0.0,0.0
17,10.196445,30,0.0,0.0
17,10.196445,31,0.0,0.0
17,10.196445,32,0.0,0.0
17,10.196445,33,1.811765,0.0
17,10.196445,34,0.0,0.0
17,10.196445,35,0.0,0.0
17,10.196445,36,1.824706,0.0
17,10.196445,37,0.0,0.0
17,10.196445,38,0.0,0.0
17,10.196445,39,0.0,0.0
17,10.196445,40,1.824706,0.0
17,10.196445,41,1.785882,0.0
17,10.196445,42,0.0,0.0
17,10.196445,43,0.0,0.0
17,10.196445,44,1.824706,0.0
17,10.196445,45,0.0,0.0
17,10.196445,46,0.0,0.0
17,10.196445,47,0.0,0.0
17,10.196445,48,1.798823,0.0
17,10.196445,49,1.76,0.0
17,10.196445,50,0.0,0.0
17,10.196445,51,0.0,0.0
17,10.196445,52,1.811765,0.0
17,10.196445,53,0.0,0.0
17,10.196445,54,0.0,0.0
17,10.196445,55,0.0,0.0
17,10.196445,56,1.708235,0.0
17,10.196445,57,1.798823,0.0
17,10.196445,58,0.0,0.0
17,10.196445,59,0.0,0.0
17,10.196445,60,1.811765,0.0
17,10.196445,61,0.0,0.0
17,10.196445,62,0.0,0.0
17,10.196445,63,0.0,0.0
17,10.196445,64,1.824706,0.0
17,10.196445,65,1.358824,0.270298
17,10.196445,66,0.0,0.0
17,10.196445,67,0.0,0.0
17,10.196445,68,2.083529,0.0
17,10.196445,69,0.0,0.0
17,10.196445,70,0.0,0.0
17,10.196445,71,0.0,0.0
17,10.196445,72,2.070588,0.0
17,10.196445,73,0.0,0.0
17,10.196445,74,0.0,0.0
17,10.196445,75,0.0,0.0
17,10.196445,76,0.0,0.0
17,10.196445,77,0.0,0.0
17,10.196445,78,0.0,0.0
17,10.196445,79,0.0,0.0
17,10.196445,80,0.0,0.0
17,10.196445,81,1.798823,0.0
17,10.196445,82,0.0,0.0
17,10.196445,83,0.0,0.0
17,10.196445,84,1.798823,0.0
17,10.196445,85,0.0,0.0
17,10.196445,86,0.0,0.0
17,10.196445,87,0.0,0.0
17,10.196445,88,1.837647,0.0
17,10.196445,89,1.798823,0.0
17,10.196445,90,0.0,0.0
17,10.196445,91,0.0,0.0
17,10.196445,92,1.798823,0.0
17,10.196445,93,0.0,0.0
17,10.196445,94,0.0,0.0
17,10.196445,95,0.0,0.0
17,10.196445,96,1.837647,0.0
18,10.794033,1,1.785882,0.0
18,10.794033,2,0.0,0.0
18,10.794033,3,0.0,0.0
18,10.794033,4,1.811765,0.0
18,10.794033,5,0.0,0.0
18,10.794033,6,0.0,0.0
18,10.794033,7,0.0,0.0
18,10.794033,8,1.695294,0.0
18,10.794033,9,2.225882,0.0
18,10.794033,10,0.0,0.0
18,10.794033,11,0.0,0.0
18,10.794033,12,2.225882,0.0
18,10.794033,13,0.0,0.0
18,10.794033,14,0.0,0.0
18,10.794033,15,0.0,0.0
18,10.794033,16,2.251765,0.0
18,10.794033,17,1.785882,0.0
18,10.794033,18,0.0,0.0
18,10.794033,19,0.0,0.0
18,10.794033,20,1.798823,0.0
18,10.794033,21,0.0,0.0
18,10.794033,22,0.0,0.0
18,10.794033,23,0.0,0.0
18,10.794033,24,1.811765,0.0
18,10.794033,25,0.0,0.0
18,10.794033,26,0.0,0.0
18,10.794033,27,0.0,0.0
18,10.794033,28,0.0,0.0
18,10.794033,29,0.0,0.0
18,10.794033,30,0.0,0.0
18,10.794033,31,0.0,0.0
18,10.794033,32,0.0,0.0
18,10.794033,33,1.785882,0.0
18,10.794033,34,0.0,0.0
18,10.794033,35,0.0,0.0
18,10.794033,36,1.798823,0.0
18,10.794033,37,0.0,0.0
18,10.794033,38,0.0,0.0
18,10.794033,39,0.0,0.0
18,10.794033,40,1.824706,0.0
18,10.794033,41,1.785882,0.0
18,10.794033,42,0.0,0.0
18,10.794033,43,0.0,0.0
18,10.794033,44,1.824706,0.0
18,10.794033,45,0.0,0.0
18,10.794033,46,0.0,0.0
18,10.794033,47,0.0,0.0
18,10.794033,48,1.837647,0.0
18,10.794033,49,1.708235,0.0
18,10.794033,50,0.0,0.0
18,10.794033,51,0.0,0.0
18,10.794033,52,1.811765,0.0
18,10.794033,53,0.0,0.0
18,10.794033,54,0.0,0.0
18,10.794033,55,0.0,0.0
18,10.794033,56,1.695294,0.0
18,10.794033,57,1.798823,0.0
18,10.794033,58,0.0,0.0
18,10.794033,59,0.0,0.0
18,10.794033,60,1.811765,0.0
18,10.794033,61,0.0,0.0
18,10.794033,62,0.0,0.0
18,10.794033,63,0.0,0.0
18,10.794033,64,1.811765,0.0
18,10.794033,65,1.695294,0.0
18,10.794033,66,0.0,0.0
18,10.794033,67,0.0,0.0
18,10.794033,68,1.837647,0.0
18,10.794033,69,0.0,0.0
18,10.794033,70,0.0,0.0
18,10.794033,71,0.0,0.0
18,10.794033,72,1.850588,0.0
18,10.794033,73,0.0,0.0
18,10.794033,74,0.0,0.0
18,10.794033,75,0.0,0.0
18,10.794033,76,0.0,0.0
18,10.794033,77,0.0,0.0
18,10.794033,78,0.0,0.0
18,10.794033,79,0.0,0.0
18,10.794033,80,0.0,0.0
18,10.794033,81,1.785882,0.0
18,10.794033,82,0.0,0.0
18,10.794033,83,0.0,0.0
18,10.794033,84,1.798823,0.0
18,10.794033,85,0.0,0.0
18,10.794033,86,0.0,0.0
18,10.794033,87,0.0,0.0
18,10.794033,88,1.798823,0.0
18,10.794033,89,1.785882,0.0
18,10.794033,90,0.0,0.0
18,10.794033,91,0.0,0.0
18,10.794033,92,1.785882,0.0
18,10.794033,93,0.0,0.0
18,10.794033,94,0.0,0.0
18,10.794033,95,0.0,0.0
18,10.794033,96,1.824706,0.0
19,11.393911,1,1.798823,0.0
19,11.393911,2,0.0,0.0
19,11.393911,3,0.0,0.0
19,11.393911,4,1.798823,0.0
19,11.393911,5,0.0,0.0
19,11.393911,6,0.0,0.0
19,11.393911,7,0.0,0.0
19,11.393911,8,1.591765,0.0
19,11.393911,9,1.772941,0.0
19,11.393911,10,0.0,0.0
19,11.393911,11,0.0,0.0
19,11.393911,12,1.811765,0.0
19,11.393911,13,0.0,0.0
19,11.393911,14,0.0,0.0
19,11.393911,15,0.0,0.0
19,11.393911,16,1.785882,0.0
19,11.393911,17,1.798823,0.0
19,11.393911,18,0.0,0.0
19,11.393911,19,0.0,0.0
19,11.393911,20,1.785882,0.0
19,11.393911,21,0.0,0.0
19,11.393911,22,0.0,0.0
19,11.393911,23,0.0,0.0
19,11.393911,24,1.798823,0.0
19,11.393911,25,0.0,0.0
19,11.393911,26,0.0,0.0
19,11.393911,27,0.0,0.0
19,11.393911,28,0.0,0.0
19,11.393911,29,0.0,0.0
19,11.393911,30,0.0,0.0
19,11.393911,31,0.0,0.0
19,11.393911,32,0.0,0.0
19,11.393911,33,1.811765,0.0
19,11.393911,34,0.0,0.0
19,11.393911,35,0.0,0.0
19,11.393911,36,1.811765,0.0
19,11.393911,37,0.0,0.0
19,11.393911,38,0.0,0.0
19,11.393911,39,0.0,0.0
19,11.393911,40,1.824706,0.0
19,11.393911,41,1.785882,0.0
19,11.393911,42,0.0,0.0
19,11.393911,43,0.0,0.0
19,11.393911,44,1.824706,0.0
19,11.393911,45,0.0,0.0
19,11.393911,46,0.0,0.0
19,11.393911,47,0.0,0.0
19,11.393911,48,1.811765,0.0
19,11.393911,49,1.798823,0.0
19,11.393911,50,0.0,0.0
19,11.393911,51,0.0,0.0
19,11.393911,52,1.798823,0.0
19,11.393911,53,0.0,0.0
19,11.393911,54,0.0,0.0
19,11.393911,55,0.0,0.0
19,11.393911,56,1.798823,0.0
19,11.393911,57,1.785882,0.0
19,11.393911,58,0.0,0.0
19,11.393911,59,0.0,0.0
19,11.393911,60,1.811765,0.0
19,11.393911,61,0.0,0.0
19,11.393911,62,0.0,0.0
19,11.393911,63,0.0,0.0
19,11.393911,64,1.850588,0.0
19,11.393911,65,1.798823,0.0
19,11.393911,66,0.0,0.0
19,11.393911,67,0.0,0.0
19,11.393911,68,1.837647,0.0
19,11.393911,69,0.0,0.0
19,11.393911,70,0.0,0.0
19,11.393911,71,0.0,0.0
19,11.393911,72,1.811765,0.0
19,11.393911,73,0.0,0.0
19,11.393911,74,0.0,0.0
19,11.393911,75,0.0,0.0
19,11.393911,76,0.0,0.0
19,11.393911,77,0.0,0.0
19,11.393911,78,0.0,0.0
19,11.393911,79,0.0,0.0
19,11.393911,80,0.0,0.0
19,11.393911,81,1.837647,0.0
19,11.393911,82,0.0,0.0
19,11.393911,83,0.0,0.0
19,11.393911,84,1.785882,0.0
19,11.393911,85,0.0,0.0
19,11.393911,86,0.0,0.0
19,11.393911,87,0.0,0.0
19,11.393911,88,1.798823,0.0
19,11.393911,89,1.811765,0.0
19,11.393911,90,0.0,0.0
19,11.393911,91,0.0,0.0
19,11.393911,92,1.785882,0.0
19,11.393911,93,0.0,0.0
19,11.393911,94,0.0,0.0
19,11.393911,95,0.0,0.0
19,11.393911,96,1.785882,0.0
20,11.993964,1,1.785882,0.0
20,11.993964,2,0.0,0.0
20,11.993964,3,0.0,0.0
20,11.993964,4,1.785882,0.0
20,11.993964,5,0.0,0.0
20,11.993964,6,0.0,0.0
20,11.993964,7,0.0,0.0
20,11.993964,8,1.798823,0.0
20,11.993964,9,1.785882,0.0
20,11.993964,10,0.0,0.0
20,11.993964,11,0.0,0.0
20,11.993964,12,1.798823,0.0
20,11.993964,13,0.0,0.0
20,11.993964,14,0.0,0.0
20,11.993964,15,0.0,0.0
20,11.993964,16,1.824706,0.0
20,11.993964,17,1.798823,0.0
20,11.993964,18,0.0,0.0
20,11.993964,19,0.0,0.0
20,11.993964,20,1.798823,0.0
20,11.993964,21,0.0,0.0
20,11.993964,22,0.0,0.0
20,11.993964,23,0.0,0.0
20,11.993964,24,1.824706,0.0
20,11.993964,25,0.0,0.0
20,11.993964,26,0.0,0.0
20,11.993964,27,0.0,0.0
20,11.993964,28,0.0,0.0
20,11.993964,29,0.0,0.0
20,11.993964,30,0.0,0.0
20,11.993964,31,0.0,0.0
20,11.993964,32,0.0,0.0
20,11.993964,33,1.785882,0.0
20,11.993964,34,0.0,0.0
20,11.993964,35,0.0,0.0
20,11.993964,36,1.811765,0.0
20,11.993964,37,0.0,0.0
20,11.993964,38,0.0,0.0
20,11.993964,39,0.0,0.0
20,11.993964,40,1.824706,0.0
20,11.993964,41,1.798823,0.0
20,11.993964,42,0.0,0.0
20,11.993964,43,0.0,0.0
20,11.993964,44,1.837647,0.0
20,11.993964,45,0.0,0.0
20,11.993964,46,0.0,0.0
20,11.993964,47,0.0,0.0
20,11.993964,48,1.798823,0.0
20,11.993964,49,1.734118,0.0
20,11.993964,50,0.0,0.0
20,11.993964,51,0.0,0.0
20,11.993964,52,1.811765,0.0
20,11.993964,53,0.0,0.0
20,11.993964,54,0.0,0.0
20,11.993964,55,0.0,0.0
20,11.993964,56,1.695294,0.0
20,11.993964,57,1.811765,0.0
20,11.993964,58,0.0,0.0
20,11.993964,59,0.0,0.0
20,11.993964,60,1.811765,0.0
20,11.993964,61,0.0,0.0
20,11.993964,62,0.0,0.0
20,11.993964,63,0.0,0.0
20,11.993964,64,1.824706,0.0
20,11.993964,65,1.785882,0.0
20,11.993964,66,0.0,0.0
20,11.993964,67,0.0,0.0
20,11.993964,68,1.811765,0.0
20,11.993964,69,0.0,0.0
20,11.993964,70,0.0,0.0
20,11.993964,71,0.0,0.0
20,11.993964,72,1.811765,0.0
20,11.993964,73,0.0,0.0
20,11.993964,74,0.0,0.0
20,11.993964,75,0.0,0.0
20,11.993964,76,0.0,0.0
20,11.993964,77,0.0,0.0
20,11.993964,78,0.0,0.0
20,11.993964,79,0.0,0.0
20,11.993964,80,0.0,0.0
20,11.993964,81,1.824706,0.0
20,11.993964,82,0.0,0.0
20,11.993964,83,0.0,0.0
20,11.993964,84,1.850588,0.0
20,11.993964,85,0.0,0.0
20,11.993964,86,0.0,0.0
20,11.993964,87,0.0,0.0
20,11.993964,88,1.811765,0.0
20,11.993964,89,1.785882,0.0
20,11.993964,90,0.0,0.0
20,11.993964,91,0.0,0.0
20,11.993964,92,1.837647,0.0
20,11.993964,93,0.0,0.0
20,11.993964,94,0.0,0.0
20,11.993964,95,0.0,0.0
20,11.993964,96,1.811765,0.0
21,12.593946,1,1.785882,0.0
21,12.593946,2,0.0,0.0
21,12.593946,3,0.0,0.0
21,12.593946,4,1.811765,0.0
21,12.593946,5,0.0,0.0
21,12.593946,6,0.0,0.0
21,12.593946,7,0.0,0.0
21,12.593946,8,1.527059,0.0
21,12.593946,9,1.785882,0.0
21,12.593946,10,0.0,0.0
21,12.593946,11,0.0,0.0
21,12.593946,12,1.798823,0.0
21,12.593946,13,0.0,0.0
21,12.593946,14,0.0,0.0
21,12.593946,15,0.0,0.0
21,12.593946,16,1.798823,0.0
21,12.593946,17,1.798823,0.0
21,12.593946,18,0.0,0.0
21,12.593946,19,0.0,0.0
21,12.593946,20,1.785882,0.0
21,12.593946,21,0.0,0.0
21,12.593946,22,0.0,0.0
21,12.593946,23,0.0,0.0
21,12.593946,24,1.811765,0.0
21,12.593946,25,0.0,0.0
21,12.593946,26,0.0,0.0
21,12.593946,27,0.0,0.0
21,12.593946,28,0.0,0.0
21,12.593946,29,0.0,0.0
21,12.593946,30,0.0,0.0
21,12.593946,31,0.0,0.0
21,12.593946,32,0.0,0.0
21,12.593946,33,1.837647,0.0
21,12.593946,34,0.0,0.0
21,12.593946,35,0.0,0.0
21,12.593946,36,1.837647,0.0
21,12.593946,37,0.0,0.0
21,12.593946,38,0.0,0.0
21,12.593946,39,0.0,0.0
21,12.593946,40,1.837647,0.0
21,12.593946,41,1.811765,0.0
21,12.593946,42,0.0,0.0
21,12.593946,43,0.0,0.0
21,12.593946,44,1.837647,0.0
21,12.593946,45,0.0,0.0
21,12.593946,46,0.0,0.0
21,12.593946,47,0.0,0.0
21,12.593946,48,1.811765,0.0
21,12.593946,49,1.708235,0.0
21,12.593946,50,0.0,0.0
21,12.593946,51,0.0,0.0
21,12.593946,52,1.837647,0.0
21,12.593946,53,0.0,0.0
21,12.593946,54,0.0,0.0
21,12.593946,55,0.0,0.0
21,12.593946,56,1.747059,0.0
21,12.593946,57,1.811765,0.0
21,12.593946,58,0.0,0.0
21,12.593946,59,0.0,0.0
21,12.593946,60,1.811765,0.0
21,12.593946,61,0.0,0.0
21,12.593946,62,0.0,0.0
21,12.593946,63,0.0,0.0
21,12.593946,64,1.850588,0.0
21,12.593946,65,1.785882,0.0
21,12.593946,66,0.0,0.0
21,12.593946,67,0.0,0.0
21,12.593946,68,1.915294,0.0
21,12.593946,69,0.0,0.0
21,12.593946,70,0.0,0.0
21,12.593946,71,0.0,0.0
21,12.593946,72,1.798823,0.0
21,12.593946,73,0.0,0.0
21,12.593946,74,0.0,0.0
21,12.593946,75,0.0,0.0
21,12.593946,76,0.0,0.0
21,12.593946,77,0.0,0.0
21,12.593946,78,0.0,0.0
21,12.593946,79,0.0,0.0
21,12.593946,80,0.0,0.0
21,12.593946,81,1.772941,0.0
21,12.593946,82,0.0,0.0
21,12.593946,83,0.0,0.0
21,12.593946,84,1.837647,0.0
21,12.593946,85,0.0,0.0
21,12.593946,86,0.0,0.0
21,12.593946,87,0.0,0.0
21,12.593946,88,1.785882,0.0
21,12.593946,89,1.798823,0.0
21,12.593946,90,0.0,0.0
21,12.593946,91,0.0,0.0
21,12.593946,92,1.811765,0.0
21,12.593946,93,0.0,0.0
21,12.593946,94,0.0,0.0
21,12.593946,95,0.0,0.0
21,12.593946,96,1.811765,0.0
22,13.193874,1,1.824706,0.0
22,13.193874,2,0.0,0.0
22,13.193874,3,0.0,0.0
22,13.193874,4,1.824706,0.0
22,13.193874,5,0.0,0.0
22,13.193874,6,0.0,0.0
22,13.193874,7,0.0,0.0
22,13.193874,8,1.785882,0.0
22,13.193874,9,1.785882,0.0
22,13.193874,10,0.0,0.0
22,13.193874,11,0.0,0.0
22,13.193874,12,1.811765,0.0
22,13.193874,13,0.0,0.0
22,13.193874,14,0.0,0.0
22,13.193874,15,0.0,0.0
22,13.193874,16,1.785882,0.0
22,13.193874,17,1.798823,0.0
22,13.193874,18,0.0,0.0
22,13.193874,19,0.0,0.0
22,13.193874,20,1.785882,0.0
22,13.193874,21,0.0,0.0
22,13.193874,22,0.0,0.0
22,13.193874,23,0.0,0.0
22,13.193874,24,1.798823,0.0
22,13.193874,25,0.0,0.0
22,13.193874,26,0.0,0.0
22,13.193874,27,0.0,0.0
22,13.193874,28,0.0,0.0
22,13.193874,29,0.0,0.0
22,13.193874,30,0.0,0.0
22,13.193874,31,0.0,0.0
22,13.193874,32,0.0,0.0
22,13.193874,33,1.811765,0.0
22,13.193874,34,0.0,0.0
22,13.193874,35,0.0,0.0
22,13.193874,36,1.785882,0.0
22,13.193874,37,0.0,0.0
22,13.193874,38,0.0,0.0
22,13.193874,39,0.0,0.0
22,13.193874,40,1.837647,0.0
22,13.193874,41,1.785882,0.0
22,13.193874,42,0.0,0.0
22,13.193874,43,0.0,0.0
22,13.193874,44,1.837647,0.0
22,13.193874,45,0.0,0.0
22,13.193874,46,0.0,0.0
22,13.193874,47,0.0,0.0
22,13.193874,48,1.837647,0.0
22,13.193874,49,1.669412,0.0
22,13.193874,50,0.0,0.0
22,13.193874,51,0.0,0.0
22,13.193874,52,1.824706,0.0
22,13.193874,53,0.0,0.0
22,13.193874,54,0.0,0.0
22,13.193874,55,0.0,0.0
22,13.193874,56,1.449412,0.0
22,13.193874,57,1.811765,0.0
22,13.193874,58,0.0,0.0
22,13.193874,59,0.0,0.0
22,13.193874,60,1.811765,0.0
22,13.193874,61,0.0,0.0
22,13.193874,62,0.0,0.0
22,13.193874,63,0.0,0.0
22,13.193874,64,1.811765,0.0
22,13.193874,65,1.811765,0.0
22,13.193874,66,0.0,0.0
22,13.193874,67,0.0,0.0
22,13.193874,68,1.837647,0.0
22,13.193874,69,0.0,0.0
22,13.193874,70,0.0,0.0
22,13.193874,71,0.0,0.0
22,13.193874,72,1.785882,0.0
22,13.193874,73,0.0,0.0
22,13.193874,74,0.0,0.0
22,13.193874,75,0.0,0.0
22,13.193874,76,0.0,0.0
22,13.193874,77,0.0,0.0
22,13.193874,78,0.0,0.0
22,13.193874,79,0.0,0.0
22,13.193874,80,0.0,0.0
22,13.193874,81,1.811765,0.0
22,13.193874,82,0.0,0.0
22,13.193874,83,0.0,0.0
22,13.193874,84,1.850588,0.0
22,13.193874,85,0.0,0.0
22,13.193874,86,0.0,0.0
22,13.193874,87,0.0,0.0
22,13.193874,88,1.785882,0.0
22,13.193874,89,1.785882,0.0
22,13.193874,90,0.0,0.0
22,13.193874,91,0.0,0.0
22,13.193874,92,1.785882,0.0
22,13.193874,93,0.0,0.0
22,13.193874,94,0.0,0.0
22,13.193874,95,0.0,0.0
22,13.193874,96,1.837647,0.0
23,13.793928,1,1.811765,0.0
23,13.793928,2,0.0,0.0
23,13.793928,3,0.0,0.0
23,13.793928,4,1.785882,0.0
23,13.793928,5,0.0,0.0
23,13.793928,6,0.0,0.0
23,13.793928,7,0.0,0.0
23,13.793928,8,0.0,1.0
23,13.793928,9,1.785882,0.0
23,13.793928,10,0.0,0.0
23,13.793928,11,0.0,0.0
23,13.793928,12,1.798823,0.0
23,13.793928,13,0.0,0.0
23,13.793928,14,0.0,0.0
23,13.793928,15,0.0,0.0
23,13.793928,16,1.798823,0.0
23,13.793928,17,1.798823,0.0
23,13.793928,18,0.0,0.0
23,13.793928,19,0.0,0.0
23,13.793928,20,1.785882,0.0
23,13.793928,21,0.0,0.0
23,13.793928,22,0.0,0.0
23,13.793928,23,0.0,0.0
23,13.793928,24,1.811765,0.0
23,13.793928,25,0.0,0.0
23,13.793928,26,0.0,0.0
23,13.793928,27,0.0,0.0
23,13.793928,28,0.0,0.0
23,13.793928,29,0.0,0.0
23,13.793928,30,0.0,0.0
23,13.793928,31,0.0,0.0
23,13.793928,32,0.0,0.0
23,13.793928,33,1.798823,0.0
23,13.793928,34,0.0,0.0
23,13.793928,35,0.0,0.0
23,13.793928,36,1.798823,0.0
23,13.793928,37,0.0,0.0
23,13.793928,38,0.0,0.0
23,13.793928,39,0.0,0.0
23,13.793928,40,1.824706,0.0
23,13.793928,41,1.785882,0.0
23,13.793928,42,0.0,0.0
23,13.793928,43,0.0,0.0
23,13.793928,44,1.824706,0.0
23,13.793928,45,0.0,0.0
23,13.793928,46,0.0,0.0
23,13.793928,47,0.0,0.0
23,13.793928,48,1.811765,0.0
23,13.793928,49,1.656471,0.0
23,13.793928,50,0.0,0.0
23,13.793928,51,0.0,0.0
23,13.793928,52,1.798823,0.0
23,13.793928,53,0.0,0.0
23,13.793928,54,0.0,0.0
23,13.793928,55,0.0,0.0
23,13.793928,56,1.268235,0.248745
23,13.793928,57,1.798823,0.0
23,13.793928,58,0.0,0.0
23,13.793928,59,0.0,0.0
23,13.793928,60,1.798823,0.0
23,13.793928,61,0.0,0.0
23,13.793928,62,0.0,0.0
23,13.793928,63,0.0,0.0
23,13.793928,64,1.811765,0.0
23,13.793928,65,1.747059,0.0
23,13.793928,66,0.0,0.0
23,13.793928,67,0.0,0.0
23,13.793928,68,1.824706,0.0
23,13.793928,69,0.0,0.0
23,13.793928,70,0.0,0.0
23,13.793928,71,0.0,0.0
23,13.793928,72,1.798823,0.0
23,13.793928,73,0.0,0.0
23,13.793928,74,0.0,0.0
23,13.793928,75,0.0,0.0
23,13.793928,76,0.0,0.0
23,13.793928,77,0.0,0.0
23,13.793928,78,0.0,0.0
23,13.793928,79,0.0,0.0
23,13.793928,80,0.0,0.0
23,13.793928,81,1.850588,0.0
23,13.793928,82,0.0,0.0
23,13.793928,83,0.0,0.0
23,13.793928,84,1.837647,0.0
23,13.793928,85,0.0,0.0
23,13.793928,86,0.0,0.0
23,13.793928,87,0.0,0.0
23,13.793928,88,1.785882,0.0
23,13.793928,89,1.850588,0.0
23,13.793928,90,0.0,0.0
23,13.793928,91,0.0,0.0
23,13.793928,92,1.837647,0.0
23,13.793928,93,0.0,0.0
23,13.793928,94,0.0,0.0
23,13.793928,95,0.0,0.0
23,13.793928,96,1.811765,0.0
24,14.393938,1,1.785882,0.0
24,14.393938,2,0.0,0.0
24,14.393938,3,0.0,0.0
24,14.393938,4,1.798823,0.0
24,14.393938,5,0.0,0.0
24,14.393938,6,0.0,0.0
24,14.393938,7,0.0,0.0
24,14.393938,8,1.449412,0.0
24,14.393938,9,1.811765,0.0
24,14.393938,10,0.0,0.0
24,14.393938,11,0.0,0.0
24,14.393938,12,1.798823,0.0
24,14.393938,13,0.0,0.0
24,14.393938,14,0.0,0.0
24,14.393938,15,0.0,0.0
24,14.393938,16,1.785882,0.0
24,14.393938,17,1.798823,0.0
24,14.393938,18,0.0,0.0
24,14.393938,19,0.0,0.0
24,14.393938,20,1.785882,0.0
24,14.393938,21,0.0,0.0
24,14.393938,22,0.0,0.0
24,14.393938,23,0.0,0.0
24,14.393938,24,1.798823,0.0
24,14.393938,25,0.0,0.0
24,14.393938,26,0.0,0.0
24,14.393938,27,0.0,0.0
24,14.393938,28,0.0,0.0
24,14.393938,29,0.0,0.0
24,14.393938,30,0.0,0.0
24,14.393938,31,0.0,0.0
24,14.393938,32,0.0,0.0
24,14.393938,33,1.798823,0.0
24,14.393938,34,0.0,0.0
24,14.393938,35,0.0,0.0
24,14.393938,36,1.824706,0.0
24,14.393938,37,0.0,0.0
24,14.393938,38,0.0,0.0
24,14.393938,39,0.0,0.0
24,14.393938,40,1.824706,0.0
24,14.393938,41,1.785882,0.0
24,14.393938,42,0.0,0.0
24,14.393938,43,0.0,0.0
24,14.393938,44,1.824706,0.0
24,14.393938,45,0.0,0.0
24,14.393938,46,0.0,0.0
24,14.393938,47,0.0,0.0
24,14.393938,48,1.824706,0.0
24,14.393938,49,1.216471,0.287772
24,14.393938,50,0.0,0.0
24,14.393938,51,0.0,0.0
24,14.393938,52,1.811765,0.0
24,14.393938,53,0.0,0.0
24,14.393938,54,0.0,0.0
24,14.393938,55,0.0,0.0
24,14.393938,56,1.255294,0.271861
24,14.393938,57,1.785882,0.0
24,14.393938,58,0.0,0.0
24,14.393938,59,0.0,0.0
24,14.393938,60,1.811765,0.0
24,14.393938,61,0.0,0.0
24,14.393938,62,0.0,0.0
24,14.393938,63,0.0,0.0
24,14.393938,64,1.824706,0.0
24,14.393938,65,1.811765,0.0
24,14.393938,66,0.0,0.0
24,14.393938,67,0.0,0.0
24,14.393938,68,1.811765,0.0
24,14.393938,69,0.0,0.0
24,14.393938,70,0.0,0.0
24,14.393938,71,0.0,0.0
24,14.393938,72,1.798823,0.0
24,14.393938,73,0.0,0.0
24,14.393938,74,0.0,0.0
24,14.393938,75,0.0,0.0
24,14.393938,76,0.0,0.0
24,14.393938,77,0.0,0.0
24,14.393938,78,0.0,0.0
24,14.393938,79,0.0,0.0
24,14.393938,80,0.0,0.0
24,14.393938,81,1.798823,0.0
24,14.393938,82,0.0,0.0
24,14.393938,83,0.0,0.0
24,14.393938,84,1.798823,0.0
24,14.393938,85,0.0,0.0
24,14.393938,86,0.0,0.0
24,14.393938,87,0.0,0.0
24,14.393938,88,1.785882,0.0
24,14.393938,89,1.785882,0.0
24,14.393938,90,0.0,0.0
24,14.393938,91,0.0,0.0
24,14.393938,92,1.785882,0.0
24,14.393938,93,0.0,0.0
24,14.393938,94,0.0,0.0
24,14.393938,95,0.0,0.0
24,14.393938,96,1.811765,0.0
25,14.994029,1,1.785882,0.0
25,14.994029,2,0.0,0.0
25,14.994029,3,0.0,0.0
25,14.994029,4,1.811765,0.0
25,14.994029,5,0.0,0.0
25,14.994029,6,0.0,0.0
25,14.994029,7,0.0,0.0
25,14.994029,8,1.604706,0.0
25,14.994029,9,1.785882,0.0
25,14.994029,10,0.0,0.0
25,14.994029,11,0.0,0.0
25,14.994029,12,1.798823,0.0
25,14.994029,13,0.0,0.0
25,14.994029,14,0.0,0.0
25,14.994029,15,0.0,0.0
25,14.994029,16,1.785882,0.0
25,14.994029,17,1.798823,0.0
25,14.994029,18,0.0,0.0
25,14.994029,19,0.0,0.0
25,14.994029,20,1.785882,0.0
25,14.994029,21,0.0,0.0
25,14.994029,22,0.0,0.0
25,14.994029,23,0.0,0.0
25,14.994029,24,1.798823,0.0
25,14.994029,25,0.0,0.0
25,14.994029,26,0.0,0.0
25,14.994029,27,0.0,0.0
25,14.994029,28,0.0,0.0
25,14.994029,29,0.0,0.0
25,14.994029,30,0.0,0.0
25,14.994029,31,0.0,0.0
25,14.994029,32,0.0,0.0
25,14.994029,33,1.824706,0.0
25,14.994029,34,0.0,0.0
25,14.994029,35,0.0,0.0
25,14.994029,36,1.798823,0.0
25,14.994029,37,0.0,0.0
25,14.994029,38,0.0,0.0
25,14.994029,39,0.0,0.0
25,14.994029,40,1.824706,0.0
25,14.994029,41,1.785882,0.0
25,14.994029,42,0.0,0.0
25,14.994029,43,0.0,0.0
25,14.994029,44,1.824706,0.0
25,14.994029,45,0.0,0.0
25,14.994029,46,0.0,0.0
25,14.994029,47,0.0,0.0
25,14.994029,48,1.785882,0.0
25,14.994029,49,0.012941,1.0
25,14.994029,50,0.0,0.0
25,14.994029,51,0.0,0.0
25,14.994029,52,1.928235,0.0
25,14.994029,53,0.0,0.0
25,14.994029,54,0.0,0.0
25,14.994029,55,0.0,0.0
25,14.994029,56,0.012941,1.0
25,14.994029,57,1.798823,0.0
25,14.994029,58,0.0,0.0
25,14.994029,59,0.0,0.0
25,14.994029,60,1.798823,0.0
25,14.994029,61,0.0,0.0
25,14.994029,62,0.0,0.0
25,14.994029,63,0.0,0.0
25,14.994029,64,1.798823,0.0
25,14.994029,65,1.76,0.0
25,14.994029,66,0.0,0.0
25,14.994029,67,0.0,0.0
25,14.994029,68,1.811765,0.0
25,14.994029,69,0.0,0.0
25,14.994029,70,0.0,0.0
25,14.994029,71,0.0,0.0
25,14.994029,72,1.811765,0.0
25,14.994029,73,0.0,0.0
25,14.994029,74,0.0,0.0
25,14.994029,75,0.0,0.0
25,14.994029,76,0.0,0.0
25,14.994029,77,0.0,0.0
25,14.994029,78,0.0,0.0
25,14.994029,79,0.0,0.0
25,14.994029,80,0.0,0.0
25,14.994029,81,1.850588,0.0
25,14.994029,82,0.0,0.0
25,14.994029,83,0.0,0.0
25,14.994029,84,1.798823,0.0
25,14.994029,85,0.0,0.0
25,14.994029,86,0.0,0.0
25,14.994029,87,0.0,0.0
25,14.994029,88,1.785882,0.0
25,14.994029,89,1.811765,0.0
25,14.994029,90,0.0,0.0
25,14.994029,91,0.0,0.0
25,14.994029,92,1.785882,0.0
25,14.994029,93,0.0,0.0
25,14.994029,94,0.0,0.0
25,14.994029,95,0.0,0.0
25,14.994029,96,1.811765,0.0
26,15.594479,1,1.837647,0.0
26,15.594479,2,0.0,0.0
26,15.594479,3,0.0,0.0
26,15.594479,4,1.837647,0.0
26,15.594479,5,0.0,0.0
26,15.594479,6,0.0,0.0
26,15.594479,7,0.0,0.0
26,15.594479,8,1.682353,0.0
26,15.594479,9,1.824706,0.0
26,15.594479,10,0.0,0.0
26,15.594479,11,0.0,0.0
26,15.594479,12,1.798823,0.0
26,15.594479,13,0.0,0.0
26,15.594479,14,0.0,0.0
26,15.594479,15,0.0,0.0
26,15.594479,16,1.785882,0.0
26,15.594479,17,1.798823,0.0
26,15.594479,18,0.0,0.0
26,15.594479,19,0.0,0.0
26,15.594479,20,1.811765,0.0
26,15.594479,21,0.0,0.0
26,15.594479,22,0.0,0.0
26,15.594479,23,0.0,0.0
26,15.594479,24,1.837647,0.0
26,15.594479,25,0.0,0.0
26,15.594479,26,0.0,0.0
26,15.594479,27,0.0,0.0
26,15.594479,28,0.0,0.0
26,15.594479,29,0.0,0.0
26,15.594479,30,0.0,0.0
26,15.594479,31,0.0,0.0
26,15.594479,32,0.0,0.0
26,15.594479,33,1.837647,0.0
26,15.594479,34,0.0,0.0
26,15.594479,35,0.0,0.0
26,15.594479,36,1.837647,0.0
26,15.594479,37,0.0,0.0
26,15.594479,38,0.0,0.0
26,15.594479,39,0.0,0.0
26,15.594479,40,1.824706,0.0
26,15.594479,41,1.785882,0.0
26,15.594479,42,0.0,0.0
26,15.594479,43,0.0,0.0
26,15.594479,44,1.837647,0.0
26,15.594479,45,0.0,0.0
26,15.594479,46,0.0,0.0
26,15.594479,47,0.0,0.0
26,15.594479,48,1.837647,0.0
26,15.594479,49,1.565882,0.0
26,15.594479,50,0.0,0.0
26,15.594479,51,0.0,0.0
26,15.594479,52,1.785882,0.0
26,15.594479,53,0.0,0.0
26,15.594479,54,0.0,0.0
26,15.594479,55,0.0,0.0
26,15.594479,56,1.578824,0.0
26,15.594479,57,1.785882,0.0
26,15.594479,58,0.0,0.0
26,15.594479,59,0.0,0.0
26,15.594479,60,1.811765,0.0
26,15.594479,61,0.0,0.0
26,15.594479,62,0.0,0.0
26,15.594479,63,0.0,0.0
26,15.594479,64,1.837647,0.0
26,15.594479,65,1.708235,0.0
26,15.594479,66,0.0,0.0
26,15.594479,67,0.0,0.0
26,15.594479,68,1.811765,0.0
26,15.594479,69,0.0,0.0
26,15.594479,70,0.0,0.0
26,15.594479,71,0.0,0.0
26,15.594479,72,1.798823,0.0
26,15.594479,73,0.0,0.0
26,15.594479,74,0.0,0.0
26,15.594479,75,0.0,0.0
26,15.594479,76,0.0,0.0
26,15.594479,77,0.0,0.0
26,15.594479,78,0.0,0.0
26,15.594479,79,0.0,0.0
26,15.594479,80,0.0,0.0
26,15.594479,81,1.798823,0.0
26,15.594479,82,0.0,0.0
26,15.594479,83,0.0,0.0
26,15.594479,84,1.811765,0.0
26,15.594479,85,0.0,0.0
26,15.594479,86,0.0,0.0
26,15.594479,87,0.0,0.0
26,15.594479,88,1.785882,0.0
26,15.594479,89,1.811765,0.0
26,15.594479,90,0.0,0.0
26,15.594479,91,0.0,0.0
26,15.594479,92,1.785882,0.0
26,15.594479,93,0.0,0.0
26,15.594479,94,0.0,0.0
26,15.594479,95,0.0,0.0
26,15.594479,96,1.824706,0.0
27,16.193969999999997,1,1.785882,0.0
27,16.193969999999997,2,0.0,0.0
27,16.193969999999997,3,0.0,0.0
27,16.193969999999997,4,1.811765,0.0
27,16.193969999999997,5,0.0,0.0
27,16.193969999999997,6,0.0,0.0
27,16.193969999999997,7,0.0,0.0
27,16.193969999999997,8,1.552941,0.0
27,16.193969999999997,9,1.785882,0.0
27,16.193969999999997,10,0.0,0.0
27,16.193969999999997,11,0.0,0.0
27,16.193969999999997,12,1.798823,0.0
27,16.193969999999997,13,0.0,0.0
27,16.193969999999997,14,0.0,0.0
27,16.193969999999997,15,0.0,0.0
27,16.193969999999997,16,1.785882,0.0
27,16.193969999999997,17,1.798823,0.0
27,16.193969999999997,18,0.0,0.0
27,16.193969999999997,19,0.0,0.0
27,16.193969999999997,20,1.811765,0.0
27,16.193969999999997,21,0.0,0.0
27,16.193969999999997,22,0.0,0.0
27,16.193969999999997,23,0.0,0.0
27,16.193969999999997,24,1.824706,0.0
27,16.193969999999997,25,0.0,0.0
27,16.193969999999997,26,0.0,0.0
27,16.193969999999997,27,0.0,0.0
27,16.193969999999997,28,0.0,0.0
27,16.193969999999997,29,0.0,0.0
27,16.193969999999997,30,0.0,0.0
27,16.193969999999997,31,0.0,0.0
27,16.193969999999997,32,0.0,0.0
27,16.193969999999997,33,1.824706,0.0
27,16.193969999999997,34,0.0,0.0
27,16.193969999999997,35,0.0,0.0
27,16.193969999999997,36,1.824706,0.0
27,16.193969999999997,37,0.0,0.0
27,16.193969999999997,38,0.0,0.0
27,16.193969999999997,39,0.0,0.0
27,16.193969999999997,40,1.824706,0.0
27,16.193969999999997,41,1.785882,0.0
27,16.193969999999997,42,0.0,0.0
27,16.193969999999997,43,0.0,0.0
27,16.193969999999997,44,1.824706,0.0
27,16.193969999999997,45,0.0,0.0
27,16.193969999999997,46,0.0,0.0
27,16.193969999999997,47,0.0,0.0
27,16.193969999999997,48,1.811765,0.0
27,16.193969999999997,49,0.0,1.0
27,16.193969999999997,50,0.0,0.0
27,16.193969999999997,51,0.0,0.0
27,16.193969999999997,52,0.090588,1.0
27,16.193969999999997,53,0.0,0.0
27,16.193969999999997,54,0.0,0.0
27,16.193969999999997,55,0.0,0.0
27,16.193969999999997,56,0.012941,1.0
27,16.193969999999997,57,1.785882,0.0
27,16.193969999999997,58,0.0,0.0
27,16.193969999999997,59,0.0,0.0
27,16.193969999999997,60,1.811765,0.0
27,16.193969999999997,61,0.0,0.0
27,16.193969999999997,62,0.0,0.0
27,16.193969999999997,63,0.0,0.0
27,16.193969999999997,64,1.824706,0.0
27,16.193969999999997,65,1.76,0.0
27,16.193969999999997,66,0.0,0.0
27,16.193969999999997,67,0.0,0.0
27,16.193969999999997,68,1.876471,0.0
27,16.193969999999997,69,0.0,0.0
27,16.193969999999997,70,0.0,0.0
27,16.193969999999997,71,0.0,0.0
27,16.193969999999997,72,0.0,1.0
27,16.193969999999997,73,0.0,0.0
27,16.193969999999997,74,0.0,0.0
27,16.193969999999997,75,0.0,0.0
27,16.193969999999997,76,0.0,0.0
27,16.193969999999997,77,0.0,0.0
27,16.193969999999997,78,0.0,0.0
27,16.193969999999997,79,0.0,0.0
27,16.193969999999997,80,0.0,0.0
27,16.193969999999997,81,1.785882,0.0
27,16.193969999999997,82,0.0,0.0
27,16.193969999999997,83,0.0,0.0
27,16.193969999999997,84,1.811765,0.0
27,16.193969999999997,85,0.0,0.0
27,16.193969999999997,86,0.0,0.0
27,16.193969999999997,87,0.0,0.0
27,16.193969999999997,88,1.798823,0.0
27,16.193969999999997,89,1.824706,0.0
27,16.193969999999997,90,0.0,0.0
27,16.193969999999997,91,0.0,0.0
27,16.193969999999997,92,1.785882,0.0
27,16.193969999999997,93,0.0,0.0
27,16.193969999999997,94,0.0,0.0
27,16.193969999999997,95,0.0,0.0
27,16.193969999999997,96,1.824706,0.0
28,16.793913999999997,1,1.798823,0.0
28,16.793913999999997,2,0.0,0.0
28,16.793913999999997,3,0.0,0.0
28,16.793913999999997,4,1.798823,0.0
28,16.793913999999997,5,0.0,0.0
28,16.793913999999997,6,0.0,0.0
28,16.793913999999997,7,0.0,0.0
28,16.793913999999997,8,1.721177,0.0
28,16.793913999999997,9,1.785882,0.0
28,16.793913999999997,10,0.0,0.0
28,16.793913999999997,11,0.0,0.0
28,16.793913999999997,12,1.798823,0.0
28,16.793913999999997,13,0.0,0.0
28,16.793913999999997,14,0.0,0.0
28,16.793913999999997,15,0.0,0.0
28,16.793913999999997,16,1.785882,0.0
28,16.793913999999997,17,1.798823,0.0
28,16.793913999999997,18,0.0,0.0
28,16.793913999999997,19,0.0,0.0
28,16.793913999999997,20,1.785882,0.0
28,16.793913999999997,21,0.0,0.0
28,16.793913999999997,22,0.0,0.0
28,16.793913999999997,23,0.0,0.0
28,16.793913999999997,24,1.824706,0.0
28,16.793913999999997,25,0.0,0.0
28,16.793913999999997,26,0.0,0.0
28,16.793913999999997,27,0.0,0.0
28,16.793913999999997,28,0.0,0.0
28,16.793913999999997,29,0.0,0.0
28,16.793913999999997,30,0.0,0.0
28,16.793913999999997,31,0.0,0.0
28,16.793913999999997,32,0.0,0.0
28,16.793913999999997,33,1.798823,0.0
28,16.793913999999997,34,0.0,0.0
28,16.793913999999997,35,0.0,0.0
28,16.793913999999997,36,1.824706,0.0
28,16.793913999999997,37,0.0,0.0
28,16.793913999999997,38,0.0,0.0
28,16.793913999999997,39,0.0,0.0
28,16.793913999999997,40,1.824706,0.0
28,16.793913999999997,41,1.785882,0.0
28,16.793913999999997,42,0.0,0.0
28,16.793913999999997,43,0.0,0.0
28,16.793913999999997,44,1.824706,0.0
28,16.793913999999997,45,0.0,0.0
28,16.793913999999997,46,0.0,0.0
28,16.793913999999997,47,0.0,0.0
28,16.793913999999997,48,1.811765,0.0
28,16.793913999999997,49,1.682353,0.0
28,16.793913999999997,50,0.0,0.0
28,16.793913999999997,51,0.0,0.0
28,16.793913999999997,52,1.837647,0.0
28,16.793913999999997,53,0.0,0.0
28,16.793913999999997,54,0.0,0.0
28,16.793913999999997,55,0.0,0.0
28,16.793913999999997,56,1.669412,0.0
28,16.793913999999997,57,1.785882,0.0
28,16.793913999999997,58,0.0,0.0
28,16.793913999999997,59,0.0,0.0
28,16.793913999999997,60,1.811765,0.0
28,16.793913999999997,61,0.0,0.0
28,16.793913999999997,62,0.0,0.0
28,16.793913999999997,63,0.0,0.0
28,16.793913999999997,64,1.824706,0.0
28,16.793913999999997,65,1.811765,0.0
28,16.793913999999997,66,0.0,0.0
28,16.793913999999997,67,0.0,0.0
28,16.793913999999997,68,1.811765,0.0
28,16.793913999999997,69,0.0,0.0
28,16.793913999999997,70,0.0,0.0
28,16.793913999999997,71,0.0,0.0
28,16.793913999999997,72,1.811765,0.0
28,16.793913999999997,73,0.0,0.0
28,16.793913999999997,74,0.0,0.0
28,16.793913999999997,75,0.0,0.0
28,16.793913999999997,76,0.0,0.0
28,16.793913999999997,77,0.0,0.0
28,16.793913999999997,78,0.0,0.0
28,16.793913999999997,79,0.0,0.0
28,16.793913999999997,80,0.0,0.0
28,16.793913999999997,81,1.798823,0.0
28,16.793913999999997,82,0.0,0.0
28,16.793913999999997,83,0.0,0.0
28,16.793913999999997,84,1.811765,0.0
28,16.793913999999997,85,0.0,0.0
28,16.793913999999997,86,0.0,0.0
28,16.793913999999997,87,0.0,0.0
28,16.793913999999997,88,1.811765,0.0
28,16.793913999999997,89,1.811765,0.0
28,16.793913999999997,90,0.0,0.0
28,16.793913999999997,91,0.0,0.0
28,16.793913999999997,92,1.785882,0.0
28,16.793913999999997,93,0.0,0.0
28,16.793913999999997,94,0.0,0.0
28,16.793913999999997,95,0.0,0.0
28,16.793913999999997,96,1.811765,0.0
29,17.393863,1,1.837647,0.0
29,17.393863,2,0.0,0.0
29,17.393863,3,0.0,0.0
29,17.393863,4,1.824706,0.0
29,17.393863,5,0.0,0.0
29,17.393863,6,0.0,0.0
29,17.393863,7,0.0,0.0
29,17.393863,8,1.384706,0.0
29,17.393863,9,1.785882,0.0
29,17.393863,10,0.0,0.0
29,17.393863,11,0.0,0.0
29,17.393863,12,1.798823,0.0
29,17.393863,13,0.0,0.0
29,17.393863,14,0.0,0.0
29,17.393863,15,0.0,0.0
29,17.393863,16,1.785882,0.0
29,17.393863,17,1.798823,0.0
29,17.393863,18,0.0,0.0
29,17.393863,19,0.0,0.0
29,17.393863,20,1.785882,0.0
29,17.393863,21,0.0,0.0
29,17.393863,22,0.0,0.0
29,17.393863,23,0.0,0.0
29,17.393863,24,1.785882,0.0
29,17.393863,25,0.0,0.0
29,17.393863,26,0.0,0.0
29,17.393863,27,0.0,0.0
29,17.393863,28,0.0,0.0
29,17.393863,29,0.0,0.0
29,17.393863,30,0.0,0.0
29,17.393863,31,0.0,0.0
29,17.393863,32,0.0,0.0
29,17.393863,33,1.837647,0.0
29,17.393863,34,0.0,0.0
29,17.393863,35,0.0,0.0
29,17.393863,36,1.824706,0.0
29,17.393863,37,0.0,0.0
29,17.393863,38,0.0,0.0
29,17.393863,39,0.0,0.0
29,17.393863,40,1.837647,0.0
29,17.393863,41,1.785882,0.0
29,17.393863,42,0.0,0.0
29,17.393863,43,0.0,0.0
29,17.393863,44,1.824706,0.0
29,17.393863,45,0.0,0.0
29,17.393863,46,0.0,0.0
29,17.393863,47,0.0,0.0
29,17.393863,48,1.785882,0.0
29,17.393863,49,1.798823,0.0
29,17.393863,50,0.0,0.0
29,17.393863,51,0.0,0.0
29,17.393863,52,1.785882,0.0
29,17.393863,53,0.0,0.0
29,17.393863,54,0.0,0.0
29,17.393863,55,0.0,0.0
29,17.393863,56,1.669412,0.0
29,17.393863,57,1.785882,0.0
29,17.393863,58,0.0,0.0
29,17.393863,59,0.0,0.0
29,17.393863,60,1.811765,0.0
29,17.393863,61,0.0,0.0
29,17.393863,62,0.0,0.0
29,17.393863,63,0.0,0.0
29,17.393863,64,1.798823,0.0
29,17.393863,65,1.604706,0.0
29,17.393863,66,0.0,0.0
29,17.393863,67,0.0,0.0
29,17.393863,68,1.850588,0.0
29,17.393863,69,0.0,0.0
29,17.393863,70,0.0,0.0
29,17.393863,71,0.0,0.0
29,17.393863,72,1.798823,0.0
29,17.393863,73,0.0,0.0
29,17.393863,74,0.0,0.0
29,17.393863,75,0.0,0.0
29,17.393863,76,0.0,0.0
29,17.393863,77,0.0,0.0
29,17.393863,78,0.0,0.0
29,17.393863,79,0.0,0.0
29,17.393863,80,0.0,0.0
29,17.393863,81,1.785882,0.0
29,17.393863,82,0.0,0.0
29,17.393863,83,0.0,0.0
29,17.393863,84,1.811765,0.0
29,17.393863,85,0.0,0.0
29,17.393863,86,0.0,0.0
29,17.393863,87,0.0,0.0
29,17.393863,88,1.798823,0.0
29,17.393863,89,1.811765,0.0
29,17.393863,90,0.0,0.0
29,17.393863,91,0.0,0.0
29,17.393863,92,1.785882,0.0
29,17.393863,93,0.0,0.0
29,17.393863,94,0.0,0.0
29,17.393863,95,0.0,0.0
29,17.393863,96,1.798823,0.0
30,17.993968,1,1.785882,0.0
30,17.993968,2,0.0,0.0
30,17.993968,3,0.0,0.0
30,17.993968,4,1.785882,0.0
30,17.993968,5,0.0,0.0
30,17.993968,6,0.0,0.0
30,17.993968,7,0.0,0.0
30,17.993968,8,1.514118,0.0
30,17.993968,9,2.225882,0.0
30,17.993968,10,0.0,0.0
30,17.993968,11,0.0,0.0
30,17.993968,12,2.264706,0.0
30,17.993968,13,0.0,0.0
30,17.993968,14,0.0,0.0
30,17.993968,15,0.0,0.0
30,17.993968,16,2.2,0.0
30,17.993968,17,1.785882,0.0
30,17.993968,18,0.0,0.0
30,17.993968,19,0.0,0.0
30,17.993968,20,1.785882,0.0
30,17.993968,21,0.0,0.0
30,17.993968,22,0.0,0.0
30,17.993968,23,0.0,0.0
30,17.993968,24,1.811765,0.0
30,17.993968,25,0.0,0.0
30,17.993968,26,0.0,0.0
30,17.993968,27,0.0,0.0
30,17.993968,28,0.0,0.0
30,17.993968,29,0.0,0.0
30,17.993968,30,0.0,0.0
30,17.993968,31,0.0,0.0
30,17.993968,32,0.0,0.0
30,17.993968,33,1.811765,0.0
30,17.993968,34,0.0,0.0
30,17.993968,35,0.0,0.0
30,17.993968,36,1.824706,0.0
30,17.993968,37,0.0,0.0
30,17.993968,38,0.0,0.0
30,17.993968,39,0.0,0.0
30,17.993968,40,1.824706,0.0
30,17.993968,41,1.785882,0.0
30,17.993968,42,0.0,0.0
30,17.993968,43,0.0,0.0
30,17.993968,44,1.824706,0.0
30,17.993968,45,0.0,0.0
30,17.993968,46,0.0,0.0
30,17.993968,47,0.0,0.0
30,17.993968,48,1.772941,0.0
30,17.993968,49,1.656471,0.0
30,17.993968,50,0.0,0.0
30,17.993968,51,0.0,0.0
30,17.993968,52,1.798823,0.0
30,17.993968,53,0.0,0.0
30,17.993968,54,0.0,0.0
30,17.993968,55,0.0,0.0
30,17.993968,56,1.617647,0.0
30,17.993968,57,1.811765,0.0
30,17.993968,58,0.0,0.0
30,17.993968,59,0.0,0.0
30,17.993968,60,1.811765,0.0
30,17.993968,61,0.0,0.0
30,17.993968,62,0.0,0.0
30,17.993968,63,0.0,0.0
30,17.993968,64,1.824706,0.0
30,17.993968,65,1.578824,0.0
30,17.993968,66,0.0,0.0
30,17.993968,67,0.0,0.0
30,17.993968,68,1.824706,0.0
30,17.993968,69,0.0,0.0
30,17.993968,70,0.0,0.0
30,17.993968,71,0.0,0.0
30,17.993968,72,1.798823,0.0
30,17.993968,73,0.0,0.0
30,17.993968,74,0.0,0.0
30,17.993968,75,0.0,0.0
30,17.993968,76,0.0,0.0
30,17.993968,77,0.0,0.0
30,17.993968,78,0.0,0.0
30,17.993968,79,0.0,0.0
30,17.993968,80,0.0,0.0
30,17.993968,81,1.785882,0.0
30,17.993968,82,0.0,0.0
30,17.993968,83,0.0,0.0
30,17.993968,84,1.811765,0.0
30,17.993968,85,0.0,0.0
30,17.993968,86,0.0,0.0
30,17.993968,87,0.0,0.0
30,17.993968,88,1.785882,0.0
30,17.993968,89,1.811765,0.0
30,17.993968,90,0.0,0.0
30,17.993968,91,0.0,0.0
30,17.993968,92,1.785882,0.0
30,17.993968,93,0.0,0.0
30,17.993968,94,0.0,0.0
30,17.993968,95,0.0,0.0
30,17.993968,96,1.811765,0.0
31,18.594016999999997,1,1.785882,0.0
31,18.594016999999997,2,0.0,0.0
31,18.594016999999997,3,0.0,0.0
31,18.594016999999997,4,1.785882,0.0
31,18.594016999999997,5,0.0,0.0
31,18.594016999999997,6,0.0,0.0
31,18.594016999999997,7,0.0,0.0
31,18.594016999999997,8,1.54,0.0
31,18.594016999999997,9,2.225882,0.0
31,18.594016999999997,10,0.0,0.0
31,18.594016999999997,11,0.0,0.0
31,18.594016999999997,12,2.187059,0.0
31,18.594016999999997,13,0.0,0.0
31,18.594016999999997,14,0.0,0.0
31,18.594016999999997,15,0.0,0.0
31,18.594016999999997,16,2.212941,0.0
31,18.594016999999997,17,1.785882,0.0
31,18.594016999999997,18,0.0,0.0
31,18.594016999999997,19,0.0,0.0
31,18.594016999999997,20,1.785882,0.0
31,18.594016999999997,21,0.0,0.0
31,18.594016999999997,22,0.0,0.0
31,18.594016999999997,23,0.0,0.0
31,18.594016999999997,24,1.798823,0.0
31,18.594016999999997,25,0.0,0.0
31,18.594016999999997,26,0.0,0.0
31,18.594016999999997,27,0.0,0.0
31,18.594016999999997,28,0.0,0.0
31,18.594016999999997,29,0.0,0.0
31,18.594016999999997,30,0.0,0.0
31,18.594016999999997,31,0.0,0.0
31,18.594016999999997,32,0.0,0.0
31,18.594016999999997,33,1.824706,0.0
31,18.594016999999997,34,0.0,0.0
31,18.594016999999997,35,0.0,0.0
31,18.594016999999997,36,1.811765,0.0
31,18.594016999999997,37,0.0,0.0
31,18.594016999999997,38,0.0,0.0
31,18.594016999999997,39,0.0,0.0
31,18.594016999999997,40,1.837647,0.0
31,18.594016999999997,41,1.785882,0.0
31,18.594016999999997,42,0.0,0.0
31,18.594016999999997,43,0.0,0.0
31,18.594016999999997,44,1.837647,0.0
31,18.594016999999997,45,0.0,0.0
31,18.594016999999997,46,0.0,0.0
31,18.594016999999997,47,0.0,0.0
31,18.594016999999997,48,1.798823,0.0
31,18.594016999999997,49,1.734118,0.0
31,18.594016999999997,50,0.0,0.0
31,18.594016999999997,51,0.0,0.0
31,18.594016999999997,52,1.824706,0.0
31,18.594016999999997,53,0.0,0.0
31,18.594016999999997,54,0.0,0.0
31,18.594016999999997,55,0.0,0.0
31,18.594016999999997,56,1.591765,0.0
31,18.594016999999997,57,1.824706,0.0
31,18.594016999999997,58,0.0,0.0
31,18.594016999999997,59,0.0,0.0
31,18.594016999999997,60,1.811765,0.0
31,18.594016999999997,61,0.0,0.0
31,18.594016999999997,62,0.0,0.0
31,18.594016999999997,63,0.0,0.0
31,18.594016999999997,64,1.837647,0.0
31,18.594016999999997,65,1.734118,0.0
31,18.594016999999997,66,0.0,0.0
31,18.594016999999997,67,0.0,0.0
31,18.594016999999997,68,1.824706,0.0
31,18.594016999999997,69,0.0,0.0
31,18.594016999999997,70,0.0,0.0
31,18.594016999999997,71,0.0,0.0
31,18.594016999999997,72,1.785882,0.0
31,18.594016999999997,73,0.0,0.0
31,18.594016999999997,74,0.0,0.0
31,18.594016999999997,75,0.0,0.0
31,18.594016999999997,76,0.0,0.0
31,18.594016999999997,77,0.0,0.0
31,18.594016999999997,78,0.0,0.0
31,18.594016999999997,79,0.0,0.0
31,18.594016999999997,80,0.0,0.0
31,18.594016999999997,81,1.811765,0.0
31,18.594016999999997,82,0.0,0.0
31,18.594016999999997,83,0.0,0.0
31,18.594016999999997,84,1.785882,0.0
31,18.594016999999997,85,0.0,0.0
31,18.594016999999997,86,0.0,0.0
31,18.594016999999997,87,0.0,0.0
31,18.594016999999997,88,1.785882,0.0
31,18.594016999999997,89,1.798823,0.0
31,18.594016999999997,90,0.0,0.0
31,18.594016999999997,91,0.0,0.0
31,18.594016999999997,92,1.785882,0.0
31,18.594016999999997,93,0.0,0.0
31,18.594016999999997,94,0.0,0.0
31,18.594016999999997,95,0.0,0.0
31,18.594016999999997,96,1.811765,0.0
32,19.19467,1,1.785882,0.0
32,19.19467,2,0.0,0.0
32,19.19467,3,0.0,0.0
32,19.19467,4,1.824706,0.0
32,19.19467,5,0.0,0.0
32,19.19467,6,0.0,0.0
32,19.19467,7,0.0,0.0
32,19.19467,8,1.798823,0.0
32,19.19467,9,1.785882,0.0
32,19.19467,10,0.0,0.0
32,19.19467,11,0.0,0.0
32,19.19467,12,1.798823,0.0
32,19.19467,13,0.0,0.0
32,19.19467,14,0.0,0.0
32,19.19467,15,0.0,0.0
32,19.19467,16,1.798823,0.0
32,19.19467,17,1.798823,0.0
32,19.19467,18,0.0,0.0
32,19.19467,19,0.0,0.0
32,19.19467,20,1.785882,0.0
32,19.19467,21,0.0,0.0
32,19.19467,22,0.0,0.0
32,19.19467,23,0.0,0.0
32,19.19467,24,1.798823,0.0
32,19.19467,25,0.0,0.0
32,19.19467,26,0.0,0.0
32,19.19467,27,0.0,0.0
32,19.19467,28,0.0,0.0
32,19.19467,29,0.0,0.0
32,19.19467,30,0.0,0.0
32,19.19467,31,0.0,0.0
32,19.19467,32,0.0,0.0
32,19.19467,33,1.785882,0.0
32,19.19467,34,0.0,0.0
32,19.19467,35,0.0,0.0
32,19.19467,36,1.798823,0.0
32,19.19467,37,0.0,0.0
32,19.19467,38,0.0,0.0
32,19.19467,39,0.0,0.0
32,19.19467,40,1.824706,0.0
32,19.19467,41,1.785882,0.0
32,19.19467,42,0.0,0.0
32,19.19467,43,0.0,0.0
32,19.19467,44,1.824706,0.0
32,19.19467,45,0.0,0.0
32,19.19467,46,0.0,0.0
32,19.19467,47,0.0,0.0
32,19.19467,48,1.772941,0.0
32,19.19467,49,1.578824,0.0
32,19.19467,50,0.0,0.0
32,19.19467,51,0.0,0.0
32,19.19467,52,1.811765,0.0
32,19.19467,53,0.0,0.0
32,19.19467,54,0.0,0.0
32,19.19467,55,0.0,0.0
32,19.19467,56,1.307059,0.0
32,19.19467,57,1.785882,0.0
32,19.19467,58,0.0,0.0
32,19.19467,59,0.0,0.0
32,19.19467,60,1.811765,0.0
32,19.19467,61,0.0,0.0
32,19.19467,62,0.0,0.0
32,19.19467,63,0.0,0.0
32,19.19467,64,1.811765,0.0
32,19.19467,65,1.242353,0.107075
32,19.19467,66,0.0,0.0
32,19.19467,67,0.0,0.0
32,19.19467,68,1.824706,0.0
32,19.19467,69,0.0,0.0
32,19.19467,70,0.0,0.0
32,19.19467,71,0.0,0.0
32,19.19467,72,1.798823,0.0
32,19.19467,73,0.0,0.0
32,19.19467,74,0.0,0.0
32,19.19467,75,0.0,0.0
32,19.19467,76,0.0,0.0
32,19.19467,77,0.0,0.0
32,19.19467,78,0.0,0.0
32,19.19467,79,0.0,0.0
32,19.19467,80,0.0,0.0
32,19.19467,81,1.811765,0.0
32,19.19467,82,0.0,0.0
32,19.19467,83,0.0,0.0
32,19.19467,84,1.837647,0.0
32,19.19467,85,0.0,0.0
32,19.19467,86,0.0,0.0
32,19.19467,87,0.0,0.0
32,19.19467,88,1.824706,0.0
32,19.19467,89,1.824706,0.0
32,19.19467,90,0.0,0.0
32,19.19467,91,0.0,0.0
32,19.19467,92,1.824706,0.0
32,19.19467,93,0.0,0.0
32,19.19467,94,0.0,0.0
32,19.19467,95,0.0,0.0
32,19.19467,96,1.798823,0.0
33,19.794826999999998,1,1.785882,0.0
33,19.794826999999998,2,0.0,0.0
33,19.794826999999998,3,0.0,0.0
33,19.794826999999998,4,1.798823,0.0
33,19.794826999999998,5,0.0,0.0
33,19.794826999999998,6,0.0,0.0
33,19.794826999999998,7,0.0,0.0
33,19.794826999999998,8,1.734118,0.0
33,19.794826999999998,9,1.785882,0.0
33,19.794826999999998,10,0.0,0.0
33,19.794826999999998,11,0.0,0.0
33,19.794826999999998,12,1.798823,0.0
33,19.794826999999998,13,0.0,0.0
33,19.794826999999998,14,0.0,0.0
33,19.794826999999998,15,0.0,0.0
33,19.794826999999998,16,1.785882,0.0
33,19.794826999999998,17,1.798823,0.0
33,19.794826999999998,18,0.0,0.0
33,19.794826999999998,19,0.0,0.0
33,19.794826999999998,20,1.785882,0.0
33,19.794826999999998,21,0.0,0.0
33,19.794826999999998,22,0.0,0.0
33,19.794826999999998,23,0.0,0.0
33,19.794826999999998,24,1.837647,0.0
33,19.794826999999998,25,0.0,0.0
33,19.794826999999998,26,0.0,0.0
33,19.794826999999998,27,0.0,0.0
33,19.794826999999998,28,0.0,0.0
33,19.794826999999998,29,0.0,0.0
33,19.794826999999998,30,0.0,0.0
33,19.794826999999998,31,0.0,0.0
33,19.794826999999998,32,0.0,0.0
33,19.794826999999998,33,1.850588,0.0
33,19.794826999999998,34,0.0,0.0
33,19.794826999999998,35,0.0,0.0
33,19.794826999999998,36,1.798823,0.0
33,19.794826999999998,37,0.0,0.0
33,19.794826999999998,38,0.0,0.0
33,19.794826999999998,39,0.0,0.0
33,19.794826999999998,40,1.824706,0.0
33,19.794826999999998,41,1.785882,0.0
33,19.794826999999998,42,0.0,0.0
33,19.794826999999998,43,0.0,0.0
33,19.794826999999998,44,1.824706,0.0
33,19.794826999999998,45,0.0,0.0
33,19.794826999999998,46,0.0,0.0
33,19.794826999999998,47,0.0,0.0
33,19.794826999999998,48,1.824706,0.0
33,19.794826999999998,49,1.255294,0.0
33,19.794826999999998,50,0.0,0.0
33,19.794826999999998,51,0.0,0.0
33,19.794826999999998,52,1.798823,0.0
33,19.794826999999998,53,0.0,0.0
33,19.794826999999998,54,0.0,0.0
33,19.794826999999998,55,0.0,0.0
33,19.794826999999998,56,1.721177,0.0
33,19.794826999999998,57,1.772941,0.0
33,19.794826999999998,58,0.0,0.0
33,19.794826999999998,59,0.0,0.0
33,19.794826999999998,60,1.811765,0.0
33,19.794826999999998,61,0.0,0.0
33,19.794826999999998,62,0.0,0.0
33,19.794826999999998,63,0.0,0.0
33,19.794826999999998,64,1.824706,0.0
33,19.794826999999998,65,1.798823,0.0
33,19.794826999999998,66,0.0,0.0
33,19.794826999999998,67,0.0,0.0
33,19.794826999999998,68,1.811765,0.0
33,19.794826999999998,69,0.0,0.0
33,19.794826999999998,70,0.0,0.0
33,19.794826999999998,71,0.0,0.0
33,19.794826999999998,72,1.811765,0.0
33,19.794826999999998,73,0.0,0.0
33,19.794826999999998,74,0.0,0.0
33,19.794826999999998,75,0.0,0.0
33,19.794826999999998,76,0.0,0.0
33,19.794826999999998,77,0.0,0.0
33,19.794826999999998,78,0.0,0.0
33,19.794826999999998,79,0.0,0.0
33,19.794826999999998,80,0.0,0.0
33,19.794826999999998,81,1.798823,0.0
33,19.794826999999998,82,0.0,0.0
33,19.794826999999998,83,0.0,0.0
33,19.794826999999998,84,1.824706,0.0
33,19.794826999999998,85,0.0,0.0
33,19.794826999999998,86,0.0,0.0
33,19.794826999999998,87,0.0,0.0
33,19.794826999999998,88,1.811765,0.0
33,19.794826999999998,89,1.850588,0.0
33,19.794826999999998,90,0.0,0.0
33,19.794826999999998,91,0.0,0.0
33,19.794826999999998,92,1.785882,0.0
33,19.794826999999998,93,0.0,0.0
33,19.794826999999998,94,0.0,0.0
33,19.794826999999998,95,0.0,0.0
33,19.794826999999998,96,1.837647,0.0
34,20.393983,1,1.824706,0.0
34,20.393983,2,0.0,0.0
34,20.393983,3,0.0,0.0
34,20.393983,4,1.824706,0.0
34,20.393983,5,0.0,0.0
34,20.393983,6,0.0,0.0
34,20.393983,7,0.0,0.0
34,20.393983,8,1.785882,0.0
34,20.393983,9,1.785882,0.0
34,20.393983,10,0.0,0.0
34,20.393983,11,0.0,0.0
34,20.393983,12,1.798823,0.0
34,20.393983,13,0.0,0.0
34,20.393983,14,0.0,0.0
34,20.393983,15,0.0,0.0
34,20.393983,16,1.785882,0.0
34,20.393983,17,1.798823,0.0
34,20.393983,18,0.0,0.0
34,20.393983,19,0.0,0.0
34,20.393983,20,1.785882,0.0
34,20.393983,21,0.0,0.0
34,20.393983,22,0.0,0.0
34,20.393983,23,0.0,0.0
34,20.393983,24,1.824706,0.0
34,20.393983,25,0.0,0.0
34,20.393983,26,0.0,0.0
34,20.393983,27,0.0,0.0
34,20.393983,28,0.0,0.0
34,20.393983,29,0.0,0.0
34,20.393983,30,0.0,0.0
34,20.393983,31,0.0,0.0
34,20.393983,32,0.0,0.0
34,20.393983,33,1.798823,0.0
34,20.393983,34,0.0,0.0
34,20.393983,35,0.0,0.0
34,20.393983,36,1.811765,0.0
34,20.393983,37,0.0,0.0
34,20.393983,38,0.0,0.0
34,20.393983,39,0.0,0.0
34,20.393983,40,1.824706,0.0
34,20.393983,41,1.785882,0.0
34,20.393983,42,0.0,0.0
34,20.393983,43,0.0,0.0
34,20.393983,44,1.824706,0.0
34,20.393983,45,0.0,0.0
34,20.393983,46,0.0,0.0
34,20.393983,47,0.0,0.0
34,20.393983,48,1.811765,0.0
34,20.393983,49,1.798823,0.0
34,20.393983,50,0.0,0.0
34,20.393983,51,0.0,0.0
34,20.393983,52,1.798823,0.0
34,20.393983,53,0.0,0.0
34,20.393983,54,0.0,0.0
34,20.393983,55,0.0,0.0
34,20.393983,56,1.772941,0.0
34,20.393983,57,0.012941,1.0
34,20.393983,58,0.0,0.0
34,20.393983,59,0.0,0.0
34,20.393983,60,0.012941,1.0
34,20.393983,61,0.0,0.0
34,20.393983,62,0.0,0.0
34,20.393983,63,0.0,0.0
34,20.393983,64,2.070588,0.0
34,20.393983,65,1.76,0.0
34,20.393983,66,0.0,0.0
34,20.393983,67,0.0,0.0
34,20.393983,68,1.837647,0.0
34,20.393983,69,0.0,0.0
34,20.393983,70,0.0,0.0
34,20.393983,71,0.0,0.0
34,20.393983,72,1.785882,0.0
34,20.393983,73,0.0,0.0
34,20.393983,74,0.0,0.0
34,20.393983,75,0.0,0.0
34,20.393983,76,0.0,0.0
34,20.393983,77,0.0,0.0
34,20.393983,78,0.0,0.0
34,20.393983,79,0.0,0.0
34,20.393983,80,0.0,0.0
34,20.393983,81,1.811765,0.0
34,20.393983,82,0.0,0.0
34,20.393983,83,0.0,0.0
34,20.393983,84,1.811765,0.0
34,20.393983,85,0.0,0.0
34,20.393983,86,0.0,0.0
34,20.393983,87,0.0,0.0
34,20.393983,88,1.798823,0.0
34,20.393983,89,1.824706,0.0
34,20.393983,90,0.0,0.0
34,20.393983,91,0.0,0.0
34,20.393983,92,1.785882,0.0
34,20.393983,93,0.0,0.0
34,20.393983,94,0.0,0.0
34,20.393983,95,0.0,0.0
34,20.393983,96,1.798823,0.0
35,20.994463999999997,1,1.798823,0.0
35,20.994463999999997,2,0.0,0.0
35,20.994463999999997,3,0.0,0.0
35,20.994463999999997,4,1.785882,0.0
35,20.994463999999997,5,0.0,0.0
35,20.994463999999997,6,0.0,0.0
35,20.994463999999997,7,0.0,0.0
35,20.994463999999997,8,1.785882,0.0
35,20.994463999999997,9,1.798823,0.0
35,20.994463999999997,10,0.0,0.0
35,20.994463999999997,11,0.0,0.0
35,20.994463999999997,12,1.798823,0.0
35,20.994463999999997,13,0.0,0.0
35,20.994463999999997,14,0.0,0.0
35,20.994463999999997,15,0.0,0.0
35,20.994463999999997,16,1.785882,0.0
35,20.994463999999997,17,1.798823,0.0
35,20.994463999999997,18,0.0,0.0
35,20.994463999999997,19,0.0,0.0
35,20.994463999999997,20,1.811765,0.0
35,20.994463999999997,21,0.0,0.0
35,20.994463999999997,22,0.0,0.0
35,20.994463999999997,23,0.0,0.0
35,20.994463999999997,24,1.837647,0.0
35,20.994463999999997,25,0.0,0.0
35,20.994463999999997,26,0.0,0.0
35,20.994463999999997,27,0.0,0.0
35,20.994463999999997,28,0.0,0.0
35,20.994463999999997,29,0.0,0.0
35,20.994463999999997,30,0.0,0.0
35,20.994463999999997,31,0.0,0.0
35,20.994463999999997,32,0.0,0.0
35,20.994463999999997,33,1.811765,0.0
35,20.994463999999997,34,0.0,0.0
35,20.994463999999997,35,0.0,0.0
35,20.994463999999997,36,1.824706,0.0
35,20.994463999999997,37,0.0,0.0
35,20.994463999999997,38,0.0,0.0
35,20.994463999999997,39,0.0,0.0
35,20.994463999999997,40,1.811765,0.0
35,20.994463999999997,41,1.785882,0.0
35,20.994463999999997,42,0.0,0.0
35,20.994463999999997,43,0.0,0.0
35,20.994463999999997,44,1.824706,0.0
35,20.994463999999997,45,0.0,0.0
35,20.994463999999997,46,0.0,0.0
35,20.994463999999997,47,0.0,0.0
35,20.994463999999997,48,1.824706,0.0
35,20.994463999999997,49,1.449412,0.0
35,20.994463999999997,50,0.0,0.0
35,20.994463999999997,51,0.0,0.0
35,20.994463999999997,52,1.785882,0.0
35,20.994463999999997,53,0.0,0.0
35,20.994463999999997,54,0.0,0.0
35,20.994463999999997,55,0.0,0.0
35,20.994463999999997,56,1.397647,0.0
35,20.994463999999997,57,1.785882,0.0
35,20.994463999999997,58,0.0,0.0
35,20.994463999999997,59,0.0,0.0
35,20.994463999999997,60,1.785882,0.0
35,20.994463999999997,61,0.0,0.0
35,20.994463999999997,62,0.0,0.0
35,20.994463999999997,63,0.0,0.0
35,20.994463999999997,64,1.811765,0.0
35,20.994463999999997,65,1.811765,0.0
35,20.994463999999997,66,0.0,0.0
35,20.994463999999997,67,0.0,0.0
35,20.994463999999997,68,1.837647,0.0
35,20.994463999999997,69,0.0,0.0
35,20.994463999999997,70,0.0,0.0
35,20.994463999999997,71,0.0,0.0
35,20.994463999999997,72,1.811765,0.0
35,20.994463999999997,73,0.0,0.0
35,20.994463999999997,74,0.0,0.0
35,20.994463999999997,75,0.0,0.0
35,20.994463999999997,76,0.0,0.0
35,20.994463999999997,77,0.0,0.0
35,20.994463999999997,78,0.0,0.0
35,20.994463999999997,79,0.0,0.0
35,20.994463999999997,80,0.0,0.0
35,20.994463999999997,81,1.798823,0.0
35,20.994463999999997,82,0.0,0.0
35,20.994463999999997,83,0.0,0.0
35,20.994463999999997,84,1.811765,0.0
35,20.994463999999997,85,0.0,0.0
35,20.994463999999997,86,0.0,0.0
35,20.994463999999997,87,0.0,0.0
35,20.994463999999997,88,1.785882,0.0
35,20.994463999999997,89,1.824706,0.0
35,20.994463999999997,90,0.0,0.0
35,20.994463999999997,91,0.0,0.0
35,20.994463999999997,92,1.798823,0.0
35,20.994463999999997,93,0.0,0.0
35,20.994463999999997,94,0.0,0.0
35,20.994463999999997,95,0.0,0.0
35,20.994463999999997,96,1.811765,0.0
36,21.598025999999997,1,1.785882,0.0
36,21.598025999999997,2,0.0,0.0
36,21.598025999999997,3,0.0,0.0
36,21.598025999999997,4,1.785882,0.0
36,21.598025999999997,5,0.0,0.0
36,21.598025999999997,6,0.0,0.0
36,21.598025999999997,7,0.0,0.0
36,21.598025999999997,8,1.475294,0.0
36,21.598025999999997,9,1.785882,0.0
36,21.598025999999997,10,0.0,0.0
36,21.598025999999997,11,0.0,0.0
36,21.598025999999997,12,1.798823,0.0
36,21.598025999999997,13,0.0,0.0
36,21.598025999999997,14,0.0,0.0
36,21.598025999999997,15,0.0,0.0
36,21.598025999999997,16,1.785882,0.0
36,21.598025999999997,17,1.798823,0.0
36,21.598025999999997,18,0.0,0.0
36,21.598025999999997,19,0.0,0.0
36,21.598025999999997,20,1.785882,0.0
36,21.598025999999997,21,0.0,0.0
36,21.598025999999997,22,0.0,0.0
36,21.598025999999997,23,0.0,0.0
36,21.598025999999997,24,1.837647,0.0
36,21.598025999999997,25,0.0,0.0
36,21.598025999999997,26,0.0,0.0
36,21.598025999999997,27,0.0,0.0
36,21.598025999999997,28,0.0,0.0
36,21.598025999999997,29,0.0,0.0
36,21.598025999999997,30,0.0,0.0
36,21.598025999999997,31,0.0,0.0
36,21.598025999999997,32,0.0,0.0
36,21.598025999999997,33,1.785882,0.0
36,21.598025999999997,34,0.0,0.0
36,21.598025999999997,35,0.0,0.0
36,21.598025999999997,36,1.785882,0.0
36,21.598025999999997,37,0.0,0.0
36,21.598025999999997,38,0.0,0.0
36,21.598025999999997,39,0.0,0.0
36,21.598025999999997,40,1.824706,0.0
36,21.598025999999997,41,1.785882,0.0
36,21.598025999999997,42,0.0,0.0
36,21.598025999999997,43,0.0,0.0
36,21.598025999999997,44,1.824706,0.0
36,21.598025999999997,45,0.0,0.0
36,21.598025999999997,46,0.0,0.0
36,21.598025999999997,47,0.0,0.0
36,21.598025999999997,48,1.837647,0.0
36,21.598025999999997,49,1.527059,0.0
36,21.598025999999997,50,0.0,0.0
36,21.598025999999997,51,0.0,0.0
36,21.598025999999997,52,1.785882,0.0
36,21.598025999999997,53,0.0,0.0
36,21.598025999999997,54,0.0,0.0
36,21.598025999999997,55,0.0,0.0
36,21.598025999999997,56,1.501176,0.0
36,21.598025999999997,57,1.785882,0.0
36,21.598025999999997,58,0.0,0.0
36,21.598025999999997,59,0.0,0.0
36,21.598025999999997,60,1.811765,0.0
36,21.598025999999997,61,0.0,0.0
36,21.598025999999997,62,0.0,0.0
36,21.598025999999997,63,0.0,0.0
36,21.598025999999997,64,1.824706,0.0
36,21.598025999999997,65,1.798823,0.0
36,21.598025999999997,66,0.0,0.0
36,21.598025999999997,67,0.0,0.0
36,21.598025999999997,68,1.824706,0.0
36,21.598025999999997,69,0.0,0.0
36,21.598025999999997,70,0.0,0.0
36,21.598025999999997,71,0.0,0.0
36,21.598025999999997,72,1.785882,0.0
36,21.598025999999997,73,0.0,0.0
36,21.598025999999997,74,0.0,0.0
36,21.598025999999997,75,0.0,0.0
36,21.598025999999997,76,0.0,0.0
36,21.598025999999997,77,0.0,0.0
36,21.598025999999997,78,0.0,0.0
36,21.598025999999997,79,0.0,0.0
36,21.598025999999997,80,0.0,0.0
36,21.598025999999997,81,1.798823,0.0
36,21.598025999999997,82,0.0,0.0
36,21.598025999999997,83,0.0,0.0
36,21.598025999999997,84,1.811765,0.0
36,21.598025999999997,85,0.0,0.0
36,21.598025999999997,86,0.0,0.0
36,21.598025999999997,87,0.0,0.0
36,21.598025999999997,88,1.798823,0.0
36,21.598025999999997,89,1.785882,0.0
36,21.598025999999997,90,0.0,0.0
36,21.598025999999997,91,0.0,0.0
36,21.598025999999997,92,1.785882,0.0
36,21.598025999999997,93,0.0,0.0
36,21.598025999999997,94,0.0,0.0
36,21.598025999999997,95,0.0,0.0
36,21.598025999999997,96,1.785882,0.0
37,22.196983,1,1.785882,0.0
37,22.196983,2,0.0,0.0
37,22.196983,3,0.0,0.0
37,22.196983,4,1.811765,0.0
37,22.196983,5,0.0,0.0
37,22.196983,6,0.0,0.0
37,22.196983,7,0.0,0.0
37,22.196983,8,1.656471,0.0
37,22.196983,9,1.785882,0.0
37,22.196983,10,0.0,0.0
37,22.196983,11,0.0,0.0
37,22.196983,12,1.798823,0.0
37,22.196983,13,0.0,0.0
37,22.196983,14,0.0,0.0
37,22.196983,15,0.0,0.0
37,22.196983,16,1.785882,0.0
37,22.196983,17,1.798823,0.0
37,22.196983,18,0.0,0.0
37,22.196983,19,0.0,0.0
37,22.196983,20,1.785882,0.0
37,22.196983,21,0.0,0.0
37,22.196983,22,0.0,0.0
37,22.196983,23,0.0,0.0
37,22.196983,24,1.798823,0.0
37,22.196983,25,0.0,0.0
37,22.196983,26,0.0,0.0
37,22.196983,27,0.0,0.0
37,22.196983,28,0.0,0.0
37,22.196983,29,0.0,0.0
37,22.196983,30,0.0,0.0
37,22.196983,31,0.0,0.0
37,22.196983,32,0.0,0.0
37,22.196983,33,1.824706,0.0
37,22.196983,34,0.0,0.0
37,22.196983,35,0.0,0.0
37,22.196983,36,1.837647,0.0
37,22.196983,37,0.0,0.0
37,22.196983,38,0.0,0.0
37,22.196983,39,0.0,0.0
37,22.196983,40,1.824706,0.0
37,22.196983,41,1.785882,0.0
37,22.196983,42,0.0,0.0
37,22.196983,43,0.0,0.0
37,22.196983,44,1.837647,0.0
37,22.196983,45,0.0,0.0
37,22.196983,46,0.0,0.0
37,22.196983,47,0.0,0.0
37,22.196983,48,1.837647,0.0
37,22.196983,49,1.565882,0.0
37,22.196983,50,0.0,0.0
37,22.196983,51,0.0,0.0
37,22.196983,52,1.785882,0.0
37,22.196983,53,0.0,0.0
37,22.196983,54,0.0,0.0
37,22.196983,55,0.0,0.0
37,22.196983,56,1.811765,0.0
37,22.196983,57,1.785882,0.0
37,22.196983,58,0.0,0.0
37,22.196983,59,0.0,0.0
37,22.196983,60,1.811765,0.0
37,22.196983,61,0.0,0.0
37,22.196983,62,0.0,0.0
37,22.196983,63,0.0,0.0
37,22.196983,64,1.837647,0.0
37,22.196983,65,1.76,0.0
37,22.196983,66,0.0,0.0
37,22.196983,67,0.0,0.0
37,22.196983,68,1.824706,0.0
37,22.196983,69,0.0,0.0
37,22.196983,70,0.0,0.0
37,22.196983,71,0.0,0.0
37,22.196983,72,1.785882,0.0
37,22.196983,73,0.0,0.0
37,22.196983,74,0.0,0.0
37,22.196983,75,0.0,0.0
37,22.196983,76,0.0,0.0
37,22.196983,77,0.0,0.0
37,22.196983,78,0.0,0.0
37,22.196983,79,0.0,0.0
37,22.196983,80,0.0,0.0
37,22.196983,81,1.850588,0.0
37,22.196983,82,0.0,0.0
37,22.196983,83,0.0,0.0
37,22.196983,84,1.850588,0.0
37,22.196983,85,0.0,0.0
37,22.196983,86,0.0,0.0
37,22.196983,87,0.0,0.0
37,22.196983,88,1.837647,0.0
37,22.196983,89,1.785882,0.0
37,22.196983,90,0.0,0.0
37,22.196983,91,0.0,0.0
37,22.196983,92,1.785882,0.0
37,22.196983,93,0.0,0.0
37,22.196983,94,0.0,0.0
37,22.196983,95,0.0,0.0
37,22.196983,96,1.811765,0.0
38,22.794044999999997,1,1.824706,0.0
38,22.794044999999997,2,0.0,0.0
38,22.794044999999997,3,0.0,0.0
38,22.794044999999997,4,1.811765,0.0
38,22.794044999999997,5,0.0,0.0
38,22.794044999999997,6,0.0,0.0
38,22.794044999999997,7,0.0,0.0
38,22.794044999999997,8,1.785882,0.0
38,22.794044999999997,9,2.316471,0.0
38,22.794044999999997,10,0.0,0.0
38,22.794044999999997,11,0.0,0.0
38,22.794044999999997,12,1.798823,0.0
38,22.794044999999997,13,0.0,0.0
38,22.794044999999997,14,0.0,0.0
38,22.794044999999997,15,0.0,0.0
38,22.794044999999997,16,1.785882,0.0
38,22.794044999999997,17,1.798823,0.0
38,22.794044999999997,18,0.0,0.0
38,22.794044999999997,19,0.0,0.0
38,22.794044999999997,20,1.811765,0.0
38,22.794044999999997,21,0.0,0.0
38,22.794044999999997,22,0.0,0.0
38,22.794044999999997,23,0.0,0.0
38,22.794044999999997,24,1.837647,0.0
38,22.794044999999997,25,0.0,0.0
38,22.794044999999997,26,0.0,0.0
38,22.794044999999997,27,0.0,0.0
38,22.794044999999997,28,0.0,0.0
38,22.794044999999997,29,0.0,0.0
38,22.794044999999997,30,0.0,0.0
38,22.794044999999997,31,0.0,0.0
38,22.794044999999997,32,0.0,0.0
38,22.794044999999997,33,1.824706,0.0
38,22.794044999999997,34,0.0,0.0
38,22.794044999999997,35,0.0,0.0
38,22.794044999999997,36,1.785882,0.0
38,22.794044999999997,37,0.0,0.0
38,22.794044999999997,38,0.0,0.0
38,22.794044999999997,39,0.0,0.0
38,22.794044999999997,40,1.824706,0.0
38,22.794044999999997,41,1.785882,0.0
38,22.794044999999997,42,0.0,0.0
38,22.794044999999997,43,0.0,0.0
38,22.794044999999997,44,1.837647,0.0
38,22.794044999999997,45,0.0,0.0
38,22.794044999999997,46,0.0,0.0
38,22.794044999999997,47,0.0,0.0
38,22.794044999999997,48,1.811765,0.0
38,22.794044999999997,49,1.643529,0.0
38,22.794044999999997,50,0.0,0.0
38,22.794044999999997,51,0.0,0.0
38,22.794044999999997,52,1.824706,0.0
38,22.794044999999997,53,0.0,0.0
38,22.794044999999997,54,0.0,0.0
38,22.794044999999997,55,0.0,0.0
38,22.794044999999997,56,1.617647,0.0
38,22.794044999999997,57,1.837647,0.0
38,22.794044999999997,58,0.0,0.0
38,22.794044999999997,59,0.0,0.0
38,22.794044999999997,60,1.811765,0.0
38,22.794044999999997,61,0.0,0.0
38,22.794044999999997,62,0.0,0.0
38,22.794044999999997,63,0.0,0.0
38,22.794044999999997,64,1.811765,0.0
38,22.794044999999997,65,1.811765,0.0
38,22.794044999999997,66,0.0,0.0
38,22.794044999999997,67,0.0,0.0
38,22.794044999999997,68,1.837647,0.0
38,22.794044999999997,69,0.0,0.0
38,22.794044999999997,70,0.0,0.0
38,22.794044999999997,71,0.0,0.0
38,22.794044999999997,72,1.798823,0.0
38,22.794044999999997,73,0.0,0.0
38,22.794044999999997,74,0.0,0.0
38,22.794044999999997,75,0.0,0.0
38,22.794044999999997,76,0.0,0.0
38,22.794044999999997,77,0.0,0.0
38,22.794044999999997,78,0.0,0.0
38,22.794044999999997,79,0.0,0.0
38,22.794044999999997,80,0.0,0.0
38,22.794044999999997,81,1.798823,0.0
38,22.794044999999997,82,0.0,0.0
38,22.794044999999997,83,0.0,0.0
38,22.794044999999997,84,1.811765,0.0
38,22.794044999999997,85,0.0,0.0
38,22.794044999999997,86,0.0,0.0
38,22.794044999999997,87,0.0,0.0
38,22.794044999999997,88,1.785882,0.0
38,22.794044999999997,89,1.811765,0.0
38,22.794044999999997,90,0.0,0.0
38,22.794044999999997,91,0.0,0.0
38,22.794044999999997,92,1.785882,0.0
38,22.794044999999997,93,0.0,0.0
38,22.794044999999997,94,0.0,0.0
38,22.794044999999997,95,0.0,0.0
38,22.794044999999997,96,1.785882,0.0
39,23.394205999999997,1,1.798823,0.0
39,23.394205999999997,2,0.0,0.0
39,23.394205999999997,3,0.0,0.0
39,23.394205999999997,4,1.837647,0.0
39,23.394205999999997,5,0.0,0.0
39,23.394205999999997,6,0.0,0.0
39,23.394205999999997,7,0.0,0.0
39,23.394205999999997,8,1.734118,0.0
39,23.394205999999997,9,1.785882,0.0
39,23.394205999999997,10,0.0,0.0
39,23.394205999999997,11,0.0,0.0
39,23.394205999999997,12,1.798823,0.0
39,23.394205999999997,13,0.0,0.0
39,23.394205999999997,14,0.0,0.0
39,23.394205999999997,15,0.0,0.0
39,23.394205999999997,16,1.785882,0.0
39,23.394205999999997,17,1.811765,0.0
39,23.394205999999997,18,0.0,0.0
39,23.394205999999997,19,0.0,0.0
39,23.394205999999997,20,1.785882,0.0
39,23.394205999999997,21,0.0,0.0
39,23.394205999999997,22,0.0,0.0
39,23.394205999999997,23,0.0,0.0
39,23.394205999999997,24,1.798823,0.0
39,23.394205999999997,25,0.0,0.0
39,23.394205999999997,26,0.0,0.0
39,23.394205999999997,27,0.0,0.0
39,23.394205999999997,28,0.0,0.0
39,23.394205999999997,29,0.0,0.0
39,23.394205999999997,30,0.0,0.0
39,23.394205999999997,31,0.0,0.0
39,23.394205999999997,32,0.0,0.0
39,23.394205999999997,33,1.850588,0.0
39,23.394205999999997,34,0.0,0.0
39,23.394205999999997,35,0.0,0.0
39,23.394205999999997,36,1.785882,0.0
39,23.394205999999997,37,0.0,0.0
39,23.394205999999997,38,0.0,0.0
39,23.394205999999997,39,0.0,0.0
39,23.394205999999997,40,1.824706,0.0
39,23.394205999999997,41,1.785882,0.0
39,23.394205999999997,42,0.0,0.0
39,23.394205999999997,43,0.0,0.0
39,23.394205999999997,44,1.824706,0.0
39,23.394205999999997,45,0.0,0.0
39,23.394205999999997,46,0.0,0.0
39,23.394205999999997,47,0.0,0.0
39,23.394205999999997,48,1.772941,0.0
39,23.394205999999997,49,1.785882,0.0
39,23.394205999999997,50,0.0,0.0
39,23.394205999999997,51,0.0,0.0
39,23.394205999999997,52,1.785882,0.0
39,23.394205999999997,53,0.0,0.0
39,23.394205999999997,54,0.0,0.0
39,23.394205999999997,55,0.0,0.0
39,23.394205999999997,56,1.76,0.0
39,23.394205999999997,57,1.785882,0.0
39,23.394205999999997,58,0.0,0.0
39,23.394205999999997,59,0.0,0.0
39,23.394205999999997,60,1.811765,0.0
39,23.394205999999997,61,0.0,0.0
39,23.394205999999997,62,0.0,0.0
39,23.394205999999997,63,0.0,0.0
39,23.394205999999997,64,1.837647,0.0
39,23.394205999999997,65,1.811765,0.0
39,23.394205999999997,66,0.0,0.0
39,23.394205999999997,67,0.0,0.0
39,23.394205999999997,68,1.824706,0.0
39,23.394205999999997,69,0.0,0.0
39,23.394205999999997,70,0.0,0.0
39,23.394205999999997,71,0.0,0.0
39,23.394205999999997,72,1.824706,0.0
39,23.394205999999997,73,0.0,0.0
39,23.394205999999997,74,0.0,0.0
39,23.394205999999997,75,0.0,0.0
39,23.394205999999997,76,0.0,0.0
39,23.394205999999997,77,0.0,0.0
39,23.394205999999997,78,0.0,0.0
39,23.394205999999997,79,0.0,0.0
39,23.394205999999997,80,0.0,0.0
39,23.394205999999997,81,1.785882,0.0
39,23.394205999999997,82,0.0,0.0
39,23.394205999999997,83,0.0,0.0
39,23.394205999999997,84,1.824706,0.0
39,23.394205999999997,85,0.0,0.0
39,23.394205999999997,86,0.0,0.0
39,23.394205999999997,87,0.0,0.0
39,23.394205999999997,88,1.811765,0.0
39,23.394205999999997,89,1.824706,0.0
39,23.394205999999997,90,0.0,0.0
39,23.394205999999997,91,0.0,0.0
39,23.394205999999997,92,1.798823,0.0
39,23.394205999999997,93,0.0,0.0
39,23.394205999999997,94,0.0,0.0
39,23.394205999999997,95,0.0,0.0
39,23.394205999999997,96,1.824706,0.0
40,23.994023,1,1.798823,0.0
40,23.994023,2,0.0,0.0
40,23.994023,3,0.0,0.0
40,23.994023,4,1.798823,0.0
40,23.994023,5,0.0,0.0
40,23.994023,6,0.0,0.0
40,23.994023,7,0.0,0.0
40,23.994023,8,1.772941,0.0
40,23.994023,9,1.785882,0.0
40,23.994023,10,0.0,0.0
40,23.994023,11,0.0,0.0
40,23.994023,12,1.798823,0.0
40,23.994023,13,0.0,0.0
40,23.994023,14,0.0,0.0
40,23.994023,15,0.0,0.0
40,23.994023,16,1.785882,0.0
40,23.994023,17,1.811765,0.0
40,23.994023,18,0.0,0.0
40,23.994023,19,0.0,0.0
40,23.994023,20,1.837647,0.0
40,23.994023,21,0.0,0.0
40,23.994023,22,0.0,0.0
40,23.994023,23,0.0,0.0
40,23.994023,24,1.798823,0.0
40,23.994023,25,0.0,0.0
40,23.994023,26,0.0,0.0
40,23.994023,27,0.0,0.0
40,23.994023,28,0.0,0.0
40,23.994023,29,0.0,0.0
40,23.994023,30,0.0,0.0
40,23.994023,31,0.0,0.0
40,23.994023,32,0.0,0.0
40,23.994023,33,1.785882,0.0
40,23.994023,34,0.0,0.0
40,23.994023,35,0.0,0.0
40,23.994023,36,1.811765,0.0
40,23.994023,37,0.0,0.0
40,23.994023,38,0.0,0.0
40,23.994023,39,0.0,0.0
40,23.994023,40,1.824706,0.0
40,23.994023,41,1.785882,0.0
40,23.994023,42,0.0,0.0
40,23.994023,43,0.0,0.0
40,23.994023,44,1.837647,0.0
40,23.994023,45,0.0,0.0
40,23.994023,46,0.0,0.0
40,23.994023,47,0.0,0.0
40,23.994023,48,1.837647,0.0
40,23.994023,49,1.772941,0.0
40,23.994023,50,0.0,0.0
40,23.994023,51,0.0,0.0
40,23.994023,52,1.824706,0.0
40,23.994023,53,0.0,0.0
40,23.994023,54,0.0,0.0
40,23.994023,55,0.0,0.0
40,23.994023,56,1.747059,0.0
40,23.994023,57,1.772941,0.0
40,23.994023,58,0.0,0.0
40,23.994023,59,0.0,0.0
40,23.994023,60,1.811765,0.0
40,23.994023,61,0.0,0.0
40,23.994023,62,0.0,0.0
40,23.994023,63,0.0,0.0
40,23.994023,64,1.811765,0.0
40,23.994023,65,1.811765,0.0
40,23.994023,66,0.0,0.0
40,23.994023,67,0.0,0.0
40,23.994023,68,1.850588,0.0
40,23.994023,69,0.0,0.0
40,23.994023,70,0.0,0.0
40,23.994023,71,0.0,0.0
40,23.994023,72,1.811765,0.0
40,23.994023,73,0.0,0.0
40,23.994023,74,0.0,0.0
40,23.994023,75,0.0,0.0
40,23.994023,76,0.0,0.0
40,23.994023,77,0.0,0.0
40,23.994023,78,0.0,0.0
40,23.994023,79,0.0,0.0
40,23.994023,80,0.0,0.0
40,23.994023,81,1.798823,0.0
40,23.994023,82,0.0,0.0
40,23.994023,83,0.0,0.0
40,23.994023,84,1.824706,0.0
40,23.994023,85,0.0,0.0
40,23.994023,86,0.0,0.0
40,23.994023,87,0.0,0.0
40,23.994023,88,1.785882,0.0
40,23.994023,89,1.824706,0.0
40,23.994023,90,0.0,0.0
40,23.994023,91,0.0,0.0
40,23.994023,92,1.811765,0.0
40,23.994023,93,0.0,0.0
40,23.994023,94,0.0,0.0
40,23.994023,95,0.0,0.0
40,23.994023,96,1.837647,0.0
41,24.600126999999997,1,1.798823,0.0
41,24.600126999999997,2,0.0,0.0
41,24.600126999999997,3,0.0,0.0
41,24.600126999999997,4,1.824706,0.0
41,24.600126999999997,5,0.0,0.0
41,24.600126999999997,6,0.0,0.0
41,24.600126999999997,7,0.0,0.0
41,24.600126999999997,8,1.721177,0.0
41,24.600126999999997,9,1.824706,0.0
41,24.600126999999997,10,0.0,0.0
41,24.600126999999997,11,0.0,0.0
41,24.600126999999997,12,1.798823,0.0
41,24.600126999999997,13,0.0,0.0
41,24.600126999999997,14,0.0,0.0
41,24.600126999999997,15,0.0,0.0
41,24.600126999999997,16,1.785882,0.0
41,24.600126999999997,17,1.811765,0.0
41,24.600126999999997,18,0.0,0.0
41,24.600126999999997,19,0.0,0.0
41,24.600126999999997,20,1.785882,0.0
41,24.600126999999997,21,0.0,0.0
41,24.600126999999997,22,0.0,0.0
41,24.600126999999997,23,0.0,0.0
41,24.600126999999997,24,1.811765,0.0
41,24.600126999999997,25,0.0,0.0
41,24.600126999999997,26,0.0,0.0
41,24.600126999999997,27,0.0,0.0
41,24.600126999999997,28,0.0,0.0
41,24.600126999999997,29,0.0,0.0
41,24.600126999999997,30,0.0,0.0
41,24.600126999999997,31,0.0,0.0
41,24.600126999999997,32,0.0,0.0
41,24.600126999999997,33,1.798823,0.0
41,24.600126999999997,34,0.0,0.0
41,24.600126999999997,35,0.0,0.0
41,24.600126999999997,36,1.824706,0.0
41,24.600126999999997,37,0.0,0.0
41,24.600126999999997,38,0.0,0.0
41,24.600126999999997,39,0.0,0.0
41,24.600126999999997,40,1.837647,0.0
41,24.600126999999997,41,1.785882,0.0
41,24.600126999999997,42,0.0,0.0
41,24.600126999999997,43,0.0,0.0
41,24.600126999999997,44,1.811765,0.0
41,24.600126999999997,45,0.0,0.0
41,24.600126999999997,46,0.0,0.0
41,24.600126999999997,47,0.0,0.0
41,24.600126999999997,48,1.837647,0.0
41,24.600126999999997,49,1.747059,0.0
41,24.600126999999997,50,0.0,0.0
41,24.600126999999997,51,0.0,0.0
41,24.600126999999997,52,1.837647,0.0
41,24.600126999999997,53,0.0,0.0
41,24.600126999999997,54,0.0,0.0
41,24.600126999999997,55,0.0,0.0
41,24.600126999999997,56,1.734118,0.0
41,24.600126999999997,57,1.772941,0.0
41,24.600126999999997,58,0.0,0.0
41,24.600126999999997,59,0.0,0.0
41,24.600126999999997,60,1.811765,0.0
41,24.600126999999997,61,0.0,0.0
41,24.600126999999997,62,0.0,0.0
41,24.600126999999997,63,0.0,0.0
41,24.600126999999997,64,1.824706,0.0
41,24.600126999999997,65,1.811765,0.0
41,24.600126999999997,66,0.0,0.0
41,24.600126999999997,67,0.0,0.0
41,24.600126999999997,68,1.837647,0.0
41,24.600126999999997,69,0.0,0.0
41,24.600126999999997,70,0.0,0.0
41,24.600126999999997,71,0.0,0.0
41,24.600126999999997,72,1.811765,0.0
41,24.600126999999997,73,0.0,0.0
41,24.600126999999997,74,0.0,0.0
41,24.600126999999997,75,0.0,0.0
41,24.600126999999997,76,0.0,0.0
41,24.600126999999997,77,0.0,0.0
41,24.600126999999997,78,0.0,0.0
41,24.600126999999997,79,0.0,0.0
41,24.600126999999997,80,0.0,0.0
41,24.600126999999997,81,1.798823,0.0
41,24.600126999999997,82,0.0,0.0
41,24.600126999999997,83,0.0,0.0
41,24.600126999999997,84,1.824706,0.0
41,24.600126999999997,85,0.0,0.0
41,24.600126999999997,86,0.0,0.0
41,24.600126999999997,87,0.0,0.0
41,24.600126999999997,88,1.798823,0.0
41,24.600126999999997,89,1.824706,0.0
41,24.600126999999997,90,0.0,0.0
41,24.600126999999997,91,0.0,0.0
41,24.600126999999997,92,1.785882,0.0
41,24.600126999999997,93,0.0,0.0
41,24.600126999999997,94,0.0,0.0
41,24.600126999999997,95,0.0,0.0
41,24.600126999999997,96,1.811765,0.0
42,25.195912999999997,1,1.798823,0.0
42,25.195912999999997,2,0.0,0.0
42,25.195912999999997,3,0.0,0.0
42,25.195912999999997,4,1.824706,0.0
42,25.195912999999997,5,0.0,0.0
42,25.195912999999997,6,0.0,0.0
42,25.195912999999997,7,0.0,0.0
42,25.195912999999997,8,1.734118,0.0
42,25.195912999999997,9,1.837647,0.0
42,25.195912999999997,10,0.0,0.0
42,25.195912999999997,11,0.0,0.0
42,25.195912999999997,12,1.798823,0.0
42,25.195912999999997,13,0.0,0.0
42,25.195912999999997,14,0.0,0.0
42,25.195912999999997,15,0.0,0.0
42,25.195912999999997,16,1.798823,0.0
42,25.195912999999997,17,1.798823,0.0
42,25.195912999999997,18,0.0,0.0
42,25.195912999999997,19,0.0,0.0
42,25.195912999999997,20,1.798823,0.0
42,25.195912999999997,21,0.0,0.0
42,25.195912999999997,22,0.0,0.0
42,25.195912999999997,23,0.0,0.0
42,25.195912999999997,24,1.837647,0.0
42,25.195912999999997,25,0.0,0.0
42,25.195912999999997,26,0.0,0.0
42,25.195912999999997,27,0.0,0.0
42,25.195912999999997,28,0.0,0.0
42,25.195912999999997,29,0.0,0.0
42,25.195912999999997,30,0.0,0.0
42,25.195912999999997,31,0.0,0.0
42,25.195912999999997,32,0.0,0.0
42,25.195912999999997,33,1.785882,0.0
42,25.195912999999997,34,0.0,0.0
42,25.195912999999997,35,0.0,0.0
42,25.195912999999997,36,1.811765,0.0
42,25.195912999999997,37,0.0,0.0
42,25.195912999999997,38,0.0,0.0
42,25.195912999999997,39,0.0,0.0
42,25.195912999999997,40,1.824706,0.0
42,25.195912999999997,41,1.785882,0.0
42,25.195912999999997,42,0.0,0.0
42,25.195912999999997,43,0.0,0.0
42,25.195912999999997,44,1.824706,0.0
42,25.195912999999997,45,0.0,0.0
42,25.195912999999997,46,0.0,0.0
42,25.195912999999997,47,0.0,0.0
42,25.195912999999997,48,1.837647,0.0
42,25.195912999999997,49,1.734118,0.0
42,25.195912999999997,50,0.0,0.0
42,25.195912999999997,51,0.0,0.0
42,25.195912999999997,52,1.824706,0.0
42,25.195912999999997,53,0.0,0.0
42,25.195912999999997,54,0.0,0.0
42,25.195912999999997,55,0.0,0.0
42,25.195912999999997,56,1.721177,0.0
42,25.195912999999997,57,1.785882,0.0
42,25.195912999999997,58,0.0,0.0
42,25.195912999999997,59,0.0,0.0
42,25.195912999999997,60,1.811765,0.0
42,25.195912999999997,61,0.0,0.0
42,25.195912999999997,62,0.0,0.0
42,25.195912999999997,63,0.0,0.0
42,25.195912999999997,64,1.824706,0.0
42,25.195912999999997,65,1.811765,0.0
42,25.195912999999997,66,0.0,0.0
42,25.195912999999997,67,0.0,0.0
42,25.195912999999997,68,1.837647,0.0
42,25.195912999999997,69,0.0,0.0
42,25.195912999999997,70,0.0,0.0
42,25.195912999999997,71,0.0,0.0
42,25.195912999999997,72,1.811765,0.0
42,25.195912999999997,73,0.0,0.0
42,25.195912999999997,74,0.0,0.0
42,25.195912999999997,75,0.0,0.0
42,25.195912999999997,76,0.0,0.0
42,25.195912999999997,77,0.0,0.0
42,25.195912999999997,78,0.0,0.0
42,25.195912999999997,79,0.0,0.0
42,25.195912999999997,80,0.0,0.0
42,25.195912999999997,81,1.798823,0.0
42,25.195912999999997,82,0.0,0.0
42,25.195912999999997,83,0.0,0.0
42,25.195912999999997,84,1.824706,0.0
42,25.195912999999997,85,0.0,0.0
42,25.195912999999997,86,0.0,0.0
42,25.195912999999997,87,0.0,0.0
42,25.195912999999997,88,1.850588,0.0
42,25.195912999999997,89,1.824706,0.0
42,25.195912999999997,90,0.0,0.0
42,25.195912999999997,91,0.0,0.0
42,25.195912999999997,92,1.785882,0.0
42,25.195912999999997,93,0.0,0.0
42,25.195912999999997,94,0.0,0.0
42,25.195912999999997,95,0.0,0.0
42,25.195912999999997,96,1.824706,0.0
