timestamp,elapsed_s,round,scan_index,sensor_row,point_in_row,source_label,raw_voltage_v,signal_0_to_1,missing_filled_zero
2026-09-08T16:59:07.234,0.011467,29,1,1,1,R1C2,1.76,0.0,0
2026-09-08T16:59:07.234,0.011467,29,2,1,2,R1C3,1.604706,0.0,0
2026-09-08T16:59:07.234,0.011467,29,3,1,3,R1C4,1.811765,0.0,0
2026-09-08T16:59:07.234,0.011467,29,4,1,4,R1C5,1.527059,0.0,0
2026-09-08T16:59:07.234,0.011467,29,5,1,5,R1C6,1.798823,0.0,0
2026-09-08T16:59:07.234,0.011467,29,6,1,6,R1C7,0,0,1
2026-09-08T16:59:07.234,0.011467,29,7,1,7,R1C8,0,0,1
2026-09-08T16:59:07.234,0.011467,29,8,1,8,R1C9,0,0,1
2026-09-08T16:59:07.234,0.011467,29,9,2,1,R2C3,1.798823,0.0,0
2026-09-08T16:59:07.234,0.011467,29,10,2,2,R2C4,1.798823,0.0,0
2026-09-08T16:59:07.234,0.011467,29,11,2,3,R2C5,1.772941,0.0,0
2026-09-08T16:59:07.234,0.011467,29,12,2,4,R2C6,1.798823,0.0,0
2026-09-08T16:59:07.234,0.011467,29,13,2,5,R2C7,0,0,1
2026-09-08T16:59:07.234,0.011467,29,14,2,6,R2C8,0,0,1
2026-09-08T16:59:07.234,0.011467,29,15,2,7,R2C9,0,0,1
2026-09-08T16:59:07.234,0.011467,29,16,2,8,R2C10,0,0,1
2026-09-08T16:59:07.234,0.011467,29,17,3,1,R3C4,1.811765,0.0,0
2026-09-08T16:59:07.234,0.011467,29,18,3,2,R3C5,1.798823,0.0,0
2026-09-08T16:59:07.234,0.011467,29,19,3,3,R3C6,1.604706,0.0,0
2026-09-08T16:59:07.234,0.011467,29,20,3,4,R3C7,0,0,1
2026-09-08T16:59:07.234,0.011467,29,21,3,5,R3C8,0,0,1
2026-09-08T16:59:07.234,0.011467,29,22,3,6,R3C9,0,0,1
2026-09-08T16:59:07.234,0.011467,29,23,3,7,R3C10,0,0,1
2026-09-08T16:59:07.234,0.011467,29,24,3,8,R3C11,0,0,1
2026-09-08T16:59:07.234,0.011467,29,25,4,1,R4C5,1.630588,0.0,0
2026-09-08T16:59:07.234,0.011467,29,26,4,2,R4C6,1.76,0.0,0
2026-09-08T16:59:07.234,0.011467,29,27,4,3,R4C7,0,0,1
2026-09-08T16:59:07.234,0.011467,29,28,4,4,R4C8,0,0,1
2026-09-08T16:59:07.234,0.011467,29,29,4,5,R4C9,0,0,1
2026-09-08T16:59:07.234,0.011467,29,30,4,6,R4C10,0,0,1
2026-09-08T16:59:07.234,0.011467,29,31,4,7,R4C11,0,0,1
2026-09-08T16:59:07.234,0.011467,29,32,4,8,R4C12,0,0,1
2026-09-08T16:59:07.234,0.011467,29,33,5,1,R5C6,1.772941,0.0,0
2026-09-08T16:59:07.234,0.011467,29,34,5,2,R5C7,0,0,1
2026-09-08T16:59:07.234,0.011467,29,35,5,3,R5C8,0,0,1
2026-09-08T16:59:07.234,0.011467,29,36,5,4,R5C9,0,0,1
2026-09-08T16:59:07.234,0.011467,29,37,5,5,R5C10,0,0,1
2026-09-08T16:59:07.234,0.011467,29,38,5,6,R5C11,0,0,1
2026-09-08T16:59:07.234,0.011467,29,39,5,7,R5C12,0,0,1
2026-09-08T16:59:07.234,0.011467,29,40,5,8,R5C1,1.798823,0.0,0
2026-09-08T16:59:07.234,0.011467,29,41,6,1,R6C7,0,0,1
2026-09-08T16:59:07.234,0.011467,29,42,6,2,R6C8,0,0,1
2026-09-08T16:59:07.234,0.011467,29,43,6,3,R6C9,0,0,1
2026-09-08T16:59:07.234,0.011467,29,44,6,4,R6C10,0,0,1
2026-09-08T16:59:07.234,0.011467,29,45,6,5,R6C11,0,0,1
2026-09-08T16:59:07.234,0.011467,29,46,6,6,R6C12,0,0,1
2026-09-08T16:59:07.234,0.011467,29,47,6,7,R6C1,1.811765,0.0,0
2026-09-08T16:59:07.234,0.011467,29,48,6,8,R6C2,1.798823,0.0,0
2026-09-08T16:59:07.234,0.011467,29,49,7,1,R7C8,0,0,1
2026-09-08T16:59:07.234,0.011467,29,50,7,2,R7C9,0,0,1
2026-09-08T16:59:07.234,0.011467,29,51,7,3,R7C10,0,0,1
2026-09-08T16:59:07.234,0.011467,29,52,7,4,R7C11,0,0,1
2026-09-08T16:59:07.234,0.011467,29,53,7,5,R7C12,0,0,1
2026-09-08T16:59:07.234,0.011467,29,54,7,6,R7C1,1.811765,0.0,0
2026-09-08T16:59:07.234,0.011467,29,55,7,7,R7C2,1.125882,0.0,0
2026-09-08T16:59:07.234,0.011467,29,56,7,8,R7C3,1.785882,0.0,0
2026-09-08T16:59:07.234,0.011467,29,57,8,1,R8C9,0,0,1
2026-09-08T16:59:07.234,0.011467,29,58,8,2,R8C10,0,0,1
2026-09-08T16:59:07.234,0.011467,29,59,8,3,R8C11,0,0,1
2026-09-08T16:59:07.234,0.011467,29,60,8,4,R8C12,0,0,1
2026-09-08T16:59:07.234,0.011467,29,61,8,5,R8C1,1.772941,0.0,0
2026-09-08T16:59:07.234,0.011467,29,62,8,6,R8C2,1.798823,0.0,0
2026-09-08T16:59:07.234,0.011467,29,63,8,7,R8C3,1.798823,0.0,0
2026-09-08T16:59:07.234,0.011467,29,64,8,8,R8C4,1.798823,0.0,0
2026-09-08T16:59:07.234,0.011467,29,65,9,1,R9C10,0,0,1
2026-09-08T16:59:07.234,0.011467,29,66,9,2,R9C11,0,0,1
2026-09-08T16:59:07.234,0.011467,29,67,9,3,R9C12,0,0,1
2026-09-08T16:59:07.234,0.011467,29,68,9,4,R9C1,0,0,1
2026-09-08T16:59:07.234,0.011467,29,69,9,5,R9C2,0,0,1
2026-09-08T16:59:07.234,0.011467,29,70,9,6,R9C3,0,0,1
2026-09-08T16:59:07.234,0.011467,29,71,9,7,R9C4,0,0,1
2026-09-08T16:59:07.234,0.011467,29,72,9,8,R9C5,0,0,1
2026-09-08T16:59:07.234,0.011467,29,73,10,1,R10C11,0,0,1
2026-09-08T16:59:07.234,0.011467,29,74,10,2,R10C12,0,0,1
2026-09-08T16:59:07.234,0.011467,29,75,10,3,R10C1,0,0,1
2026-09-08T16:59:07.234,0.011467,29,76,10,4,R10C2,0,0,1
2026-09-08T16:59:07.234,0.011467,29,77,10,5,R10C3,0,0,1
2026-09-08T16:59:07.234,0.011467,29,78,10,6,R10C4,0,0,1
2026-09-08T16:59:07.234,0.011467,29,79,10,7,R10C5,0,0,1
2026-09-08T16:59:07.234,0.011467,29,80,10,8,R10C6,0,0,1
2026-09-08T16:59:07.234,0.011467,29,81,11,1,R11C12,0,0,1
2026-09-08T16:59:07.234,0.011467,29,82,11,2,R11C1,0,0,1
2026-09-08T16:59:07.234,0.011467,29,83,11,3,R11C2,0,0,1
2026-09-08T16:59:07.234,0.011467,29,84,11,4,R11C3,0,0,1
2026-09-08T16:59:07.234,0.011467,29,85,11,5,R11C4,0,0,1
2026-09-08T16:59:07.234,0.011467,29,86,11,6,R11C5,0,0,1
2026-09-08T16:59:07.234,0.011467,29,87,11,7,R11C6,0,0,1
2026-09-08T16:59:07.234,0.011467,29,88,11,8,R11C7,0,0,1
2026-09-08T16:59:07.234,0.011467,29,89,12,1,R12C1,0,0,1
2026-09-08T16:59:07.234,0.011467,29,90,12,2,R12C2,0,0,1
2026-09-08T16:59:07.234,0.011467,29,91,12,3,R12C3,0,0,1
2026-09-08T16:59:07.234,0.011467,29,92,12,4,R12C4,0,0,1
2026-09-08T16:59:07.234,0.011467,29,93,12,5,R12C5,0,0,1
2026-09-08T16:59:07.234,0.011467,29,94,12,6,R12C6,0,0,1
2026-09-08T16:59:07.234,0.011467,29,95,12,7,R12C7,0,0,1
2026-09-08T16:59:07.234,0.011467,29,96,12,8,R12C8,0,0,1
2026-09-08T16:59:07.606,0.504886,30,1,1,1,R1C2,1.747059,0.0,0
2026-09-08T16:59:07.606,0.504886,30,2,1,2,R1C3,1.591765,0.0,0
2026-09-08T16:59:07.606,0.504886,30,3,1,3,R1C4,1.811765,0.0,0
2026-09-08T16:59:07.606,0.504886,30,4,1,4,R1C5,1.514118,0.0,0
2026-09-08T16:59:07.606,0.504886,30,5,1,5,R1C6,1.785882,0.0,0
2026-09-08T16:59:07.606,0.504886,30,6,1,6,R1C7,0,0,1
2026-09-08T16:59:07.606,0.504886,30,7,1,7,R1C8,0,0,1
2026-09-08T16:59:07.606,0.504886,30,8,1,8,R1C9,0,0,1
2026-09-08T16:59:07.606,0.504886,30,9,2,1,R2C3,1.798823,0.0,0
2026-09-08T16:59:07.606,0.504886,30,10,2,2,R2C4,1.798823,0.0,0
2026-09-08T16:59:07.606,0.504886,30,11,2,3,R2C5,1.772941,0.0,0
2026-09-08T16:59:07.606,0.504886,30,12,2,4,R2C6,1.785882,0.0,0
2026-09-08T16:59:07.606,0.504886,30,13,2,5,R2C7,0,0,1
2026-09-08T16:59:07.606,0.504886,30,14,2,6,R2C8,0,0,1
2026-09-08T16:59:07.606,0.504886,30,15,2,7,R2C9,0,0,1
2026-09-08T16:59:07.606,0.504886,30,16,2,8,R2C10,0,0,1
2026-09-08T16:59:07.606,0.504886,30,17,3,1,R3C4,1.798823,0.0,0
2026-09-08T16:59:07.606,0.504886,30,18,3,2,R3C5,1.811765,0.0,0
2026-09-08T16:59:07.606,0.504886,30,19,3,3,R3C6,1.604706,0.0,0
2026-09-08T16:59:07.606,0.504886,30,20,3,4,R3C7,0,0,1
2026-09-08T16:59:07.606,0.504886,30,21,3,5,R3C8,0,0,1
2026-09-08T16:59:07.606,0.504886,30,22,3,6,R3C9,0,0,1
2026-09-08T16:59:07.606,0.504886,30,23,3,7,R3C10,0,0,1
2026-09-08T16:59:07.606,0.504886,30,24,3,8,R3C11,0,0,1
2026-09-08T16:59:07.606,0.504886,30,25,4,1,R4C5,1.630588,0.0,0
2026-09-08T16:59:07.606,0.504886,30,26,4,2,R4C6,1.76,0.0,0
2026-09-08T16:59:07.606,0.504886,30,27,4,3,R4C7,0,0,1
2026-09-08T16:59:07.606,0.504886,30,28,4,4,R4C8,0,0,1
2026-09-08T16:59:07.606,0.504886,30,29,4,5,R4C9,0,0,1
2026-09-08T16:59:07.606,0.504886,30,30,4,6,R4C10,0,0,1
2026-09-08T16:59:07.606,0.504886,30,31,4,7,R4C11,0,0,1
2026-09-08T16:59:07.606,0.504886,30,32,4,8,R4C12,0,0,1
2026-09-08T16:59:07.606,0.504886,30,33,5,1,R5C6,1.772941,0.0,0
2026-09-08T16:59:07.606,0.504886,30,34,5,2,R5C7,0,0,1
2026-09-08T16:59:07.606,0.504886,30,35,5,3,R5C8,0,0,1
2026-09-08T16:59:07.606,0.504886,30,36,5,4,R5C9,0,0,1
2026-09-08T16:59:07.606,0.504886,30,37,5,5,R5C10,0,0,1
2026-09-08T16:59:07.606,0.504886,30,38,5,6,R5C11,0,0,1
2026-09-08T16:59:07.606,0.504886,30,39,5,7,R5C12,0,0,1
2026-09-08T16:59:07.606,0.504886,30,40,5,8,R5C1,1.798823,0.0,0
2026-09-08T16:59:07.606,0.504886,30,41,6,1,R6C7,0,0,1
2026-09-08T16:59:07.606,0.504886,30,42,6,2,R6C8,0,0,1
2026-09-08T16:59:07.606,0.504886,30,43,6,3,R6C9,0,0,1
2026-09-08T16:59:07.606,0.504886,30,44,6,4,R6C10,0,0,1
2026-09-08T16:59:07.606,0.504886,30,45,6,5,R6C11,0,0,1
2026-09-08T16:59:07.606,0.504886,30,46,6,6,R6C12,0,0,1
2026-09-08T16:59:07.606,0.504886,30,47,6,7,R6C1,1.811765,0.0,0
2026-09-08T16:59:07.606,0.504886,30,48,6,8,R6C2,1.798823,0.0,0
2026-09-08T16:59:07.606,0.504886,30,49,7,1,R7C8,0,0,1
2026-09-08T16:59:07.606,0.504886,30,50,7,2,R7C9,0,0,1
2026-09-08T16:59:07.606,0.504886,30,51,7,3,R7C10,0,0,1
2026-09-08T16:59:07.606,0.504886,30,52,7,4,R7C11,0,0,1
2026-09-08T16:59:07.606,0.504886,30,53,7,5,R7C12,0,0,1
2026-09-08T16:59:07.606,0.504886,30,54,7,6,R7C1,1.811765,0.0,0
2026-09-08T16:59:07.606,0.504886,30,55,7,7,R7C2,1.125882,0.0,0
2026-09-08T16:59:07.606,0.504886,30,56,7,8,R7C3,1.785882,0.0,0
2026-09-08T16:59:07.606,0.504886,30,57,8,1,R8C9,0,0,1
2026-09-08T16:59:07.606,0.504886,30,58,8,2,R8C10,0,0,1
2026-09-08T16:59:07.606,0.504886,30,59,8,3,R8C11,0,0,1
2026-09-08T16:59:07.606,0.504886,30,60,8,4,R8C12,0,0,1
2026-09-08T16:59:07.606,0.504886,30,61,8,5,R8C1,1.772941,0.0,0
2026-09-08T16:59:07.606,0.504886,30,62,8,6,R8C2,1.798823,0.0,0
2026-09-08T16:59:07.606,0.504886,30,63,8,7,R8C3,1.798823,0.0,0
2026-09-08T16:59:07.606,0.504886,30,64,8,8,R8C4,1.798823,0.0,0
2026-09-08T16:59:07.606,0.504886,30,65,9,1,R9C10,0,0,1
2026-09-08T16:59:07.606,0.504886,30,66,9,2,R9C11,0,0,1
2026-09-08T16:59:07.606,0.504886,30,67,9,3,R9C12,0,0,1
2026-09-08T16:59:07.606,0.504886,30,68,9,4,R9C1,0,0,1
2026-09-08T16:59:07.606,0.504886,30,69,9,5,R9C2,0,0,1
2026-09-08T16:59:07.606,0.504886,30,70,9,6,R9C3,0,0,1
2026-09-08T16:59:07.606,0.504886,30,71,9,7,R9C4,0,0,1
2026-09-08T16:59:07.606,0.504886,30,72,9,8,R9C5,0,0,1
2026-09-08T16:59:07.606,0.504886,30,73,10,1,R10C11,0,0,1
2026-09-08T16:59:07.606,0.504886,30,74,10,2,R10C12,0,0,1
2026-09-08T16:59:07.606,0.504886,30,75,10,3,R10C1,0,0,1
2026-09-08T16:59:07.606,0.504886,30,76,10,4,R10C2,0,0,1
2026-09-08T16:59:07.606,0.504886,30,77,10,5,R10C3,0,0,1
2026-09-08T16:59:07.606,0.504886,30,78,10,6,R10C4,0,0,1
2026-09-08T16:59:07.606,0.504886,30,79,10,7,R10C5,0,0,1
2026-09-08T16:59:07.606,0.504886,30,80,10,8,R10C6,0,0,1
2026-09-08T16:59:07.606,0.504886,30,81,11,1,R11C12,0,0,1
2026-09-08T16:59:07.606,0.504886,30,82,11,2,R11C1,0,0,1
2026-09-08T16:59:07.606,0.504886,30,83,11,3,R11C2,0,0,1
2026-09-08T16:59:07.606,0.504886,30,84,11,4,R11C3,0,0,1
2026-09-08T16:59:07.606,0.504886,30,85,11,5,R11C4,0,0,1
2026-09-08T16:59:07.606,0.504886,30,86,11,6,R11C5,0,0,1
2026-09-08T16:59:07.606,0.504886,30,87,11,7,R11C6,0,0,1
2026-09-08T16:59:07.606,0.504886,30,88,11,8,R11C7,0,0,1
2026-09-08T16:59:07.606,0.504886,30,89,12,1,R12C1,0,0,1
2026-09-08T16:59:07.606,0.504886,30,90,12,2,R12C2,0,0,1
2026-09-08T16:59:07.606,0.504886,30,91,12,3,R12C3,0,0,1
2026-09-08T16:59:07.606,0.504886,30,92,12,4,R12C4,0,0,1
2026-09-08T16:59:07.606,0.504886,30,93,12,5,R12C5,0,0,1
2026-09-08T16:59:07.606,0.504886,30,94,12,6,R12C6,0,0,1
2026-09-08T16:59:07.606,0.504886,30,95,12,7,R12C7,0,0,1
2026-09-08T16:59:07.606,0.504886,30,96,12,8,R12C8,0,0,1
2026-09-08T16:59:08.221,1.003914,31,1,1,1,R1C2,1.747059,0.0,0
2026-09-08T16:59:08.221,1.003914,31,2,1,2,R1C3,1.591765,0.0,0
2026-09-08T16:59:08.221,1.003914,31,3,1,3,R1C4,1.811765,0.0,0
2026-09-08T16:59:08.221,1.003914,31,4,1,4,R1C5,1.501176,0.0,0
2026-09-08T16:59:08.221,1.003914,31,5,1,5,R1C6,1.785882,0.0,0
2026-09-08T16:59:08.221,1.003914,31,6,1,6,R1C7,0,0,1
2026-09-08T16:59:08.221,1.003914,31,7,1,7,R1C8,0,0,1
2026-09-08T16:59:08.221,1.003914,31,8,1,8,R1C9,0,0,1
2026-09-08T16:59:08.221,1.003914,31,9,2,1,R2C3,1.798823,0.0,0
2026-09-08T16:59:08.221,1.003914,31,10,2,2,R2C4,1.798823,0.0,0
2026-09-08T16:59:08.221,1.003914,31,11,2,3,R2C5,1.772941,0.0,0
2026-09-08T16:59:08.221,1.003914,31,12,2,4,R2C6,1.785882,0.0,0
2026-09-08T16:59:08.221,1.003914,31,13,2,5,R2C7,0,0,1
2026-09-08T16:59:08.221,1.003914,31,14,2,6,R2C8,0,0,1
2026-09-08T16:59:08.221,1.003914,31,15,2,7,R2C9,0,0,1
2026-09-08T16:59:08.221,1.003914,31,16,2,8,R2C10,0,0,1
2026-09-08T16:59:08.221,1.003914,31,17,3,1,R3C4,1.811765,0.0,0
2026-09-08T16:59:08.221,1.003914,31,18,3,2,R3C5,1.798823,0.0,0
2026-09-08T16:59:08.221,1.003914,31,19,3,3,R3C6,1.604706,0.0,0
2026-09-08T16:59:08.221,1.003914,31,20,3,4,R3C7,0,0,1
2026-09-08T16:59:08.221,1.003914,31,21,3,5,R3C8,0,0,1
2026-09-08T16:59:08.221,1.003914,31,22,3,6,R3C9,0,0,1
2026-09-08T16:59:08.221,1.003914,31,23,3,7,R3C10,0,0,1
2026-09-08T16:59:08.221,1.003914,31,24,3,8,R3C11,0,0,1
2026-09-08T16:59:08.221,1.003914,31,25,4,1,R4C5,1.617647,0.0,0
2026-09-08T16:59:08.221,1.003914,31,26,4,2,R4C6,1.747059,0.0,0
2026-09-08T16:59:08.221,1.003914,31,27,4,3,R4C7,0,0,1
2026-09-08T16:59:08.221,1.003914,31,28,4,4,R4C8,0,0,1
2026-09-08T16:59:08.221,1.003914,31,29,4,5,R4C9,0,0,1
2026-09-08T16:59:08.221,1.003914,31,30,4,6,R4C10,0,0,1
2026-09-08T16:59:08.221,1.003914,31,31,4,7,R4C11,0,0,1
2026-09-08T16:59:08.221,1.003914,31,32,4,8,R4C12,0,0,1
2026-09-08T16:59:08.221,1.003914,31,33,5,1,R5C6,1.772941,0.0,0
2026-09-08T16:59:08.221,1.003914,31,34,5,2,R5C7,0,0,1
2026-09-08T16:59:08.221,1.003914,31,35,5,3,R5C8,0,0,1
2026-09-08T16:59:08.221,1.003914,31,36,5,4,R5C9,0,0,1
2026-09-08T16:59:08.221,1.003914,31,37,5,5,R5C10,0,0,1
2026-09-08T16:59:08.221,1.003914,31,38,5,6,R5C11,0,0,1
2026-09-08T16:59:08.221,1.003914,31,39,5,7,R5C12,0,0,1
2026-09-08T16:59:08.221,1.003914,31,40,5,8,R5C1,1.798823,0.0,0
2026-09-08T16:59:08.221,1.003914,31,41,6,1,R6C7,0,0,1
2026-09-08T16:59:08.221,1.003914,31,42,6,2,R6C8,0,0,1
2026-09-08T16:59:08.221,1.003914,31,43,6,3,R6C9,0,0,1
2026-09-08T16:59:08.221,1.003914,31,44,6,4,R6C10,0,0,1
2026-09-08T16:59:08.221,1.003914,31,45,6,5,R6C11,0,0,1
2026-09-08T16:59:08.221,1.003914,31,46,6,6,R6C12,0,0,1
2026-09-08T16:59:08.221,1.003914,31,47,6,7,R6C1,1.811765,0.0,0
2026-09-08T16:59:08.221,1.003914,31,48,6,8,R6C2,1.798823,0.0,0
2026-09-08T16:59:08.221,1.003914,31,49,7,1,R7C8,0,0,1
2026-09-08T16:59:08.221,1.003914,31,50,7,2,R7C9,0,0,1
2026-09-08T16:59:08.221,1.003914,31,51,7,3,R7C10,0,0,1
2026-09-08T16:59:08.221,1.003914,31,52,7,4,R7C11,0,0,1
2026-09-08T16:59:08.221,1.003914,31,53,7,5,R7C12,0,0,1
2026-09-08T16:59:08.221,1.003914,31,54,7,6,R7C1,1.811765,0.0,0
2026-09-08T16:59:08.221,1.003914,31,55,7,7,R7C2,1.125882,0.0,0
2026-09-08T16:59:08.221,1.003914,31,56,7,8,R7C3,1.785882,0.0,0
2026-09-08T16:59:08.221,1.003914,31,57,8,1,R8C9,0,0,1
2026-09-08T16:59:08.221,1.003914,31,58,8,2,R8C10,0,0,1
2026-09-08T16:59:08.221,1.003914,31,59,8,3,R8C11,0,0,1
2026-09-08T16:59:08.221,1.003914,31,60,8,4,R8C12,0,0,1
2026-09-08T16:59:08.221,1.003914,31,61,8,5,R8C1,1.772941,0.0,0
2026-09-08T16:59:08.221,1.003914,31,62,8,6,R8C2,1.798823,0.0,0
2026-09-08T16:59:08.221,1.003914,31,63,8,7,R8C3,1.798823,0.0,0
2026-09-08T16:59:08.221,1.003914,31,64,8,8,R8C4,1.798823,0.0,0
2026-09-08T16:59:08.221,1.003914,31,65,9,1,R9C10,0,0,1
2026-09-08T16:59:08.221,1.003914,31,66,9,2,R9C11,0,0,1
2026-09-08T16:59:08.221,1.003914,31,67,9,3,R9C12,0,0,1
2026-09-08T16:59:08.221,1.003914,31,68,9,4,R9C1,0,0,1
2026-09-08T16:59:08.221,1.003914,31,69,9,5,R9C2,0,0,1
2026-09-08T16:59:08.221,1.003914,31,70,9,6,R9C3,0,0,1
2026-09-08T16:59:08.221,1.003914,31,71,9,7,R9C4,0,0,1
2026-09-08T16:59:08.221,1.003914,31,72,9,8,R9C5,0,0,1
2026-09-08T16:59:08.221,1.003914,31,73,10,1,R10C11,0,0,1
2026-09-08T16:59:08.221,1.003914,31,74,10,2,R10C12,0,0,1
2026-09-08T16:59:08.221,1.003914,31,75,10,3,R10C1,0,0,1
2026-09-08T16:59:08.221,1.003914,31,76,10,4,R10C2,0,0,1
2026-09-08T16:59:08.221,1.003914,31,77,10,5,R10C3,0,0,1
2026-09-08T16:59:08.221,1.003914,31,78,10,6,R10C4,0,0,1
2026-09-08T16:59:08.221,1.003914,31,79,10,7,R10C5,0,0,1
2026-09-08T16:59:08.221,1.003914,31,80,10,8,R10C6,0,0,1
2026-09-08T16:59:08.221,1.003914,31,81,11,1,R11C12,0,0,1
2026-09-08T16:59:08.221,1.003914,31,82,11,2,R11C1,0,0,1
2026-09-08T16:59:08.221,1.003914,31,83,11,3,R11C2,0,0,1
2026-09-08T16:59:08.221,1.003914,31,84,11,4,R11C3,0,0,1
2026-09-08T16:59:08.221,1.003914,31,85,11,5,R11C4,0,0,1
2026-09-08T16:59:08.221,1.003914,31,86,11,6,R11C5,0,0,1
2026-09-08T16:59:08.221,1.003914,31,87,11,7,R11C6,0,0,1
2026-09-08T16:59:08.221,1.003914,31,88,11,8,R11C7,0,0,1
2026-09-08T16:59:08.221,1.003914,31,89,12,1,R12C1,0,0,1
2026-09-08T16:59:08.221,1.003914,31,90,12,2,R12C2,0,0,1
2026-09-08T16:59:08.221,1.003914,31,91,12,3,R12C3,0,0,1
2026-09-08T16:59:08.221,1.003914,31,92,12,4,R12C4,0,0,1
2026-09-08T16:59:08.221,1.003914,31,93,12,5,R12C5,0,0,1
2026-09-08T16:59:08.221,1.003914,31,94,12,6,R12C6,0,0,1
2026-09-08T16:59:08.221,1.003914,31,95,12,7,R12C7,0,0,1
2026-09-08T16:59:08.221,1.003914,31,96,12,8,R12C8,0,0,1
2026-09-08T16:59:08.631,1.504931,32,1,1,1,R1C2,1.747059,0.0,0
2026-09-08T16:59:08.631,1.504931,32,2,1,2,R1C3,1.591765,0.0,0
2026-09-08T16:59:08.631,1.504931,32,3,1,3,R1C4,1.811765,0.0,0
2026-09-08T16:59:08.631,1.504931,32,4,1,4,R1C5,1.501176,0.0,0
2026-09-08T16:59:08.631,1.504931,32,5,1,5,R1C6,1.798823,0.0,0
2026-09-08T16:59:08.631,1.504931,32,6,1,6,R1C7,0,0,1
2026-09-08T16:59:08.631,1.504931,32,7,1,7,R1C8,0,0,1
2026-09-08T16:59:08.631,1.504931,32,8,1,8,R1C9,0,0,1
2026-09-08T16:59:08.631,1.504931,32,9,2,1,R2C3,1.798823,0.0,0
2026-09-08T16:59:08.631,1.504931,32,10,2,2,R2C4,1.798823,0.0,0
2026-09-08T16:59:08.631,1.504931,32,11,2,3,R2C5,1.772941,0.0,0
2026-09-08T16:59:08.631,1.504931,32,12,2,4,R2C6,1.785882,0.0,0
2026-09-08T16:59:08.631,1.504931,32,13,2,5,R2C7,0,0,1
2026-09-08T16:59:08.631,1.504931,32,14,2,6,R2C8,0,0,1
2026-09-08T16:59:08.631,1.504931,32,15,2,7,R2C9,0,0,1
2026-09-08T16:59:08.631,1.504931,32,16,2,8,R2C10,0,0,1
2026-09-08T16:59:08.631,1.504931,32,17,3,1,R3C4,1.811765,0.0,0
2026-09-08T16:59:08.631,1.504931,32,18,3,2,R3C5,1.798823,0.0,0
2026-09-08T16:59:08.631,1.504931,32,19,3,3,R3C6,1.604706,0.0,0
2026-09-08T16:59:08.631,1.504931,32,20,3,4,R3C7,0,0,1
2026-09-08T16:59:08.631,1.504931,32,21,3,5,R3C8,0,0,1
2026-09-08T16:59:08.631,1.504931,32,22,3,6,R3C9,0,0,1
2026-09-08T16:59:08.631,1.504931,32,23,3,7,R3C10,0,0,1
2026-09-08T16:59:08.631,1.504931,32,24,3,8,R3C11,0,0,1
2026-09-08T16:59:08.631,1.504931,32,25,4,1,R4C5,1.617647,0.0,0
2026-09-08T16:59:08.631,1.504931,32,26,4,2,R4C6,1.76,0.0,0
2026-09-08T16:59:08.631,1.504931,32,27,4,3,R4C7,0,0,1
2026-09-08T16:59:08.631,1.504931,32,28,4,4,R4C8,0,0,1
2026-09-08T16:59:08.631,1.504931,32,29,4,5,R4C9,0,0,1
2026-09-08T16:59:08.631,1.504931,32,30,4,6,R4C10,0,0,1
2026-09-08T16:59:08.631,1.504931,32,31,4,7,R4C11,0,0,1
2026-09-08T16:59:08.631,1.504931,32,32,4,8,R4C12,0,0,1
2026-09-08T16:59:08.631,1.504931,32,33,5,1,R5C6,1.772941,0.0,0
2026-09-08T16:59:08.631,1.504931,32,34,5,2,R5C7,0,0,1
2026-09-08T16:59:08.631,1.504931,32,35,5,3,R5C8,0,0,1
2026-09-08T16:59:08.631,1.504931,32,36,5,4,R5C9,0,0,1
2026-09-08T16:59:08.631,1.504931,32,37,5,5,R5C10,0,0,1
2026-09-08T16:59:08.631,1.504931,32,38,5,6,R5C11,0,0,1
2026-09-08T16:59:08.631,1.504931,32,39,5,7,R5C12,0,0,1
2026-09-08T16:59:08.631,1.504931,32,40,5,8,R5C1,1.798823,0.0,0
2026-09-08T16:59:08.631,1.504931,32,41,6,1,R6C7,0,0,1
2026-09-08T16:59:08.631,1.504931,32,42,6,2,R6C8,0,0,1
2026-09-08T16:59:08.631,1.504931,32,43,6,3,R6C9,0,0,1
2026-09-08T16:59:08.631,1.504931,32,44,6,4,R6C10,0,0,1
2026-09-08T16:59:08.631,1.504931,32,45,6,5,R6C11,0,0,1
2026-09-08T16:59:08.631,1.504931,32,46,6,6,R6C12,0,0,1
2026-09-08T16:59:08.631,1.504931,32,47,6,7,R6C1,1.811765,0.0,0
2026-09-08T16:59:08.631,1.504931,32,48,6,8,R6C2,1.798823,0.0,0
2026-09-08T16:59:08.631,1.504931,32,49,7,1,R7C8,0,0,1
2026-09-08T16:59:08.631,1.504931,32,50,7,2,R7C9,0,0,1
2026-09-08T16:59:08.631,1.504931,32,51,7,3,R7C10,0,0,1
2026-09-08T16:59:08.631,1.504931,32,52,7,4,R7C11,0,0,1
2026-09-08T16:59:08.631,1.504931,32,53,7,5,R7C12,0,0,1
2026-09-08T16:59:08.631,1.504931,32,54,7,6,R7C1,1.811765,0.0,0
2026-09-08T16:59:08.631,1.504931,32,55,7,7,R7C2,1.112941,0.0,0
2026-09-08T16:59:08.631,1.504931,32,56,7,8,R7C3,1.785882,0.0,0
2026-09-08T16:59:08.631,1.504931,32,57,8,1,R8C9,0,0,1
2026-09-08T16:59:08.631,1.504931,32,58,8,2,R8C10,0,0,1
2026-09-08T16:59:08.631,1.504931,32,59,8,3,R8C11,0,0,1
2026-09-08T16:59:08.631,1.504931,32,60,8,4,R8C12,0,0,1
2026-09-08T16:59:08.631,1.504931,32,61,8,5,R8C1,1.772941,0.0,0
2026-09-08T16:59:08.631,1.504931,32,62,8,6,R8C2,1.798823,0.0,0
2026-09-08T16:59:08.631,1.504931,32,63,8,7,R8C3,1.798823,0.0,0
2026-09-08T16:59:08.631,1.504931,32,64,8,8,R8C4,1.798823,0.0,0
2026-09-08T16:59:08.631,1.504931,32,65,9,1,R9C10,0,0,1
2026-09-08T16:59:08.631,1.504931,32,66,9,2,R9C11,0,0,1
2026-09-08T16:59:08.631,1.504931,32,67,9,3,R9C12,0,0,1
2026-09-08T16:59:08.631,1.504931,32,68,9,4,R9C1,0,0,1
2026-09-08T16:59:08.631,1.504931,32,69,9,5,R9C2,0,0,1
2026-09-08T16:59:08.631,1.504931,32,70,9,6,R9C3,0,0,1
2026-09-08T16:59:08.631,1.504931,32,71,9,7,R9C4,0,0,1
2026-09-08T16:59:08.631,1.504931,32,72,9,8,R9C5,0,0,1
2026-09-08T16:59:08.631,1.504931,32,73,10,1,R10C11,0,0,1
2026-09-08T16:59:08.631,1.504931,32,74,10,2,R10C12,0,0,1
2026-09-08T16:59:08.631,1.504931,32,75,10,3,R10C1,0,0,1
2026-09-08T16:59:08.631,1.504931,32,76,10,4,R10C2,0,0,1
2026-09-08T16:59:08.631,1.504931,32,77,10,5,R10C3,0,0,1
2026-09-08T16:59:08.631,1.504931,32,78,10,6,R10C4,0,0,1
2026-09-08T16:59:08.631,1.504931,32,79,10,7,R10C5,0,0,1
2026-09-08T16:59:08.631,1.504931,32,80,10,8,R10C6,0,0,1
2026-09-08T16:59:08.631,1.504931,32,81,11,1,R11C12,0,0,1
2026-09-08T16:59:08.631,1.504931,32,82,11,2,R11C1,0,0,1
2026-09-08T16:59:08.631,1.504931,32,83,11,3,R11C2,0,0,1
2026-09-08T16:59:08.631,1.504931,32,84,11,4,R11C3,0,0,1
2026-09-08T16:59:08.631,1.504931,32,85,11,5,R11C4,0,0,1
2026-09-08T16:59:08.631,1.504931,32,86,11,6,R11C5,0,0,1
2026-09-08T16:59:08.631,1.504931,32,87,11,7,R11C6,0,0,1
2026-09-08T16:59:08.631,1.504931,32,88,11,8,R11C7,0,0,1
2026-09-08T16:59:08.631,1.504931,32,89,12,1,R12C1,0,0,1
2026-09-08T16:59:08.631,1.504931,32,90,12,2,R12C2,0,0,1
2026-09-08T16:59:08.631,1.504931,32,91,12,3,R12C3,0,0,1
2026-09-08T16:59:08.631,1.504931,32,92,12,4,R12C4,0,0,1
2026-09-08T16:59:08.631,1.504931,32,93,12,5,R12C5,0,0,1
2026-09-08T16:59:08.631,1.504931,32,94,12,6,R12C6,0,0,1
2026-09-08T16:59:08.631,1.504931,32,95,12,7,R12C7,0,0,1
2026-09-08T16:59:08.631,1.504931,32,96,12,8,R12C8,0,0,1
2026-09-08T16:59:09.153,2.007473,33,1,1,1,R1C2,1.747059,0.0,0
2026-09-08T16:59:09.153,2.007473,33,2,1,2,R1C3,1.578824,0.0,0
2026-09-08T16:59:09.153,2.007473,33,3,1,3,R1C4,1.811765,0.0,0
2026-09-08T16:59:09.153,2.007473,33,4,1,4,R1C5,1.501176,0.0,0
2026-09-08T16:59:09.153,2.007473,33,5,1,5,R1C6,1.785882,0.0,0
2026-09-08T16:59:09.153,2.007473,33,6,1,6,R1C7,0,0,1
2026-09-08T16:59:09.153,2.007473,33,7,1,7,R1C8,0,0,1
2026-09-08T16:59:09.153,2.007473,33,8,1,8,R1C9,0,0,1
2026-09-08T16:59:09.153,2.007473,33,9,2,1,R2C3,1.798823,0.0,0
2026-09-08T16:59:09.153,2.007473,33,10,2,2,R2C4,1.798823,0.0,0
2026-09-08T16:59:09.153,2.007473,33,11,2,3,R2C5,1.772941,0.0,0
2026-09-08T16:59:09.153,2.007473,33,12,2,4,R2C6,1.785882,0.0,0
2026-09-08T16:59:09.153,2.007473,33,13,2,5,R2C7,0,0,1
2026-09-08T16:59:09.153,2.007473,33,14,2,6,R2C8,0,0,1
2026-09-08T16:59:09.153,2.007473,33,15,2,7,R2C9,0,0,1
2026-09-08T16:59:09.153,2.007473,33,16,2,8,R2C10,0,0,1
2026-09-08T16:59:09.153,2.007473,33,17,3,1,R3C4,1.798823,0.0,0
2026-09-08T16:59:09.153,2.007473,33,18,3,2,R3C5,1.798823,0.0,0
2026-09-08T16:59:09.153,2.007473,33,19,3,3,R3C6,1.591765,0.0,0
2026-09-08T16:59:09.153,2.007473,33,20,3,4,R3C7,0,0,1
2026-09-08T16:59:09.153,2.007473,33,21,3,5,R3C8,0,0,1
2026-09-08T16:59:09.153,2.007473,33,22,3,6,R3C9,0,0,1
2026-09-08T16:59:09.153,2.007473,33,23,3,7,R3C10,0,0,1
2026-09-08T16:59:09.153,2.007473,33,24,3,8,R3C11,0,0,1
2026-09-08T16:59:09.153,2.007473,33,25,4,1,R4C5,1.604706,0.0,0
2026-09-08T16:59:09.153,2.007473,33,26,4,2,R4C6,1.76,0.0,0
2026-09-08T16:59:09.153,2.007473,33,27,4,3,R4C7,0,0,1
2026-09-08T16:59:09.153,2.007473,33,28,4,4,R4C8,0,0,1
2026-09-08T16:59:09.153,2.007473,33,29,4,5,R4C9,0,0,1
2026-09-08T16:59:09.153,2.007473,33,30,4,6,R4C10,0,0,1
2026-09-08T16:59:09.153,2.007473,33,31,4,7,R4C11,0,0,1
2026-09-08T16:59:09.153,2.007473,33,32,4,8,R4C12,0,0,1
2026-09-08T16:59:09.153,2.007473,33,33,5,1,R5C6,1.772941,0.0,0
2026-09-08T16:59:09.153,2.007473,33,34,5,2,R5C7,0,0,1
2026-09-08T16:59:09.153,2.007473,33,35,5,3,R5C8,0,0,1
2026-09-08T16:59:09.153,2.007473,33,36,5,4,R5C9,0,0,1
2026-09-08T16:59:09.153,2.007473,33,37,5,5,R5C10,0,0,1
2026-09-08T16:59:09.153,2.007473,33,38,5,6,R5C11,0,0,1
2026-09-08T16:59:09.153,2.007473,33,39,5,7,R5C12,0,0,1
2026-09-08T16:59:09.153,2.007473,33,40,5,8,R5C1,1.798823,0.0,0
2026-09-08T16:59:09.153,2.007473,33,41,6,1,R6C7,0,0,1
2026-09-08T16:59:09.153,2.007473,33,42,6,2,R6C8,0,0,1
2026-09-08T16:59:09.153,2.007473,33,43,6,3,R6C9,0,0,1
2026-09-08T16:59:09.153,2.007473,33,44,6,4,R6C10,0,0,1
2026-09-08T16:59:09.153,2.007473,33,45,6,5,R6C11,0,0,1
2026-09-08T16:59:09.153,2.007473,33,46,6,6,R6C12,0,0,1
2026-09-08T16:59:09.153,2.007473,33,47,6,7,R6C1,1.811765,0.0,0
2026-09-08T16:59:09.153,2.007473,33,48,6,8,R6C2,1.798823,0.0,0
2026-09-08T16:59:09.153,2.007473,33,49,7,1,R7C8,0,0,1
2026-09-08T16:59:09.153,2.007473,33,50,7,2,R7C9,0,0,1
2026-09-08T16:59:09.153,2.007473,33,51,7,3,R7C10,0,0,1
2026-09-08T16:59:09.153,2.007473,33,52,7,4,R7C11,0,0,1
2026-09-08T16:59:09.153,2.007473,33,53,7,5,R7C12,0,0,1
2026-09-08T16:59:09.153,2.007473,33,54,7,6,R7C1,1.824706,0.0,0
2026-09-08T16:59:09.153,2.007473,33,55,7,7,R7C2,1.177647,0.0,0
2026-09-08T16:59:09.153,2.007473,33,56,7,8,R7C3,1.811765,0.0,0
2026-09-08T16:59:09.153,2.007473,33,57,8,1,R8C9,0,0,1
2026-09-08T16:59:09.153,2.007473,33,58,8,2,R8C10,0,0,1
2026-09-08T16:59:09.153,2.007473,33,59,8,3,R8C11,0,0,1
2026-09-08T16:59:09.153,2.007473,33,60,8,4,R8C12,0,0,1
2026-09-08T16:59:09.153,2.007473,33,61,8,5,R8C1,1.772941,0.0,0
2026-09-08T16:59:09.153,2.007473,33,62,8,6,R8C2,1.967059,0.0,0
2026-09-08T16:59:09.153,2.007473,33,63,8,7,R8C3,1.798823,0.0,0
2026-09-08T16:59:09.153,2.007473,33,64,8,8,R8C4,1.811765,0.0,0
2026-09-08T16:59:09.153,2.007473,33,65,9,1,R9C10,0,0,1
2026-09-08T16:59:09.153,2.007473,33,66,9,2,R9C11,0,0,1
2026-09-08T16:59:09.153,2.007473,33,67,9,3,R9C12,0,0,1
2026-09-08T16:59:09.153,2.007473,33,68,9,4,R9C1,0,0,1
2026-09-08T16:59:09.153,2.007473,33,69,9,5,R9C2,0,0,1
2026-09-08T16:59:09.153,2.007473,33,70,9,6,R9C3,0,0,1
2026-09-08T16:59:09.153,2.007473,33,71,9,7,R9C4,0,0,1
2026-09-08T16:59:09.153,2.007473,33,72,9,8,R9C5,0,0,1
2026-09-08T16:59:09.153,2.007473,33,73,10,1,R10C11,0,0,1
2026-09-08T16:59:09.153,2.007473,33,74,10,2,R10C12,0,0,1
2026-09-08T16:59:09.153,2.007473,33,75,10,3,R10C1,0,0,1
2026-09-08T16:59:09.153,2.007473,33,76,10,4,R10C2,0,0,1
2026-09-08T16:59:09.153,2.007473,33,77,10,5,R10C3,0,0,1
2026-09-08T16:59:09.153,2.007473,33,78,10,6,R10C4,0,0,1
2026-09-08T16:59:09.153,2.007473,33,79,10,7,R10C5,0,0,1
2026-09-08T16:59:09.153,2.007473,33,80,10,8,R10C6,0,0,1
2026-09-08T16:59:09.153,2.007473,33,81,11,1,R11C12,0,0,1
2026-09-08T16:59:09.153,2.007473,33,82,11,2,R11C1,0,0,1
2026-09-08T16:59:09.153,2.007473,33,83,11,3,R11C2,0,0,1
2026-09-08T16:59:09.153,2.007473,33,84,11,4,R11C3,0,0,1
2026-09-08T16:59:09.153,2.007473,33,85,11,5,R11C4,0,0,1
2026-09-08T16:59:09.153,2.007473,33,86,11,6,R11C5,0,0,1
2026-09-08T16:59:09.153,2.007473,33,87,11,7,R11C6,0,0,1
2026-09-08T16:59:09.153,2.007473,33,88,11,8,R11C7,0,0,1
2026-09-08T16:59:09.153,2.007473,33,89,12,1,R12C1,0,0,1
2026-09-08T16:59:09.153,2.007473,33,90,12,2,R12C2,0,0,1
2026-09-08T16:59:09.153,2.007473,33,91,12,3,R12C3,0,0,1
2026-09-08T16:59:09.153,2.007473,33,92,12,4,R12C4,0,0,1
2026-09-08T16:59:09.153,2.007473,33,93,12,5,R12C5,0,0,1
2026-09-08T16:59:09.153,2.007473,33,94,12,6,R12C6,0,0,1
2026-09-08T16:59:09.153,2.007473,33,95,12,7,R12C7,0,0,1
2026-09-08T16:59:09.153,2.007473,33,96,12,8,R12C8,0,0,1
2026-09-08T16:59:09.734,2.505032,34,1,1,1,R1C2,1.811765,0.0,0
2026-09-08T16:59:09.734,2.505032,34,2,1,2,R1C3,0.284706,1.0,0
2026-09-08T16:59:09.734,2.505032,34,3,1,3,R1C4,1.811765,0.0,0
2026-09-08T16:59:09.734,2.505032,34,4,1,4,R1C5,1.384706,0.0,0
2026-09-08T16:59:09.734,2.505032,34,5,1,5,R1C6,1.604706,0.0,0
2026-09-08T16:59:09.734,2.505032,34,6,1,6,R1C7,0,0,1
2026-09-08T16:59:09.734,2.505032,34,7,1,7,R1C8,0,0,1
2026-09-08T16:59:09.734,2.505032,34,8,1,8,R1C9,0,0,1
2026-09-08T16:59:09.734,2.505032,34,9,2,1,R2C3,0.155294,1.0,0
2026-09-08T16:59:09.734,2.505032,34,10,2,2,R2C4,1.643529,0.0,0
2026-09-08T16:59:09.734,2.505032,34,11,2,3,R2C5,1.630588,0.0,0
2026-09-08T16:59:09.734,2.505032,34,12,2,4,R2C6,1.798823,0.0,0
2026-09-08T16:59:09.734,2.505032,34,13,2,5,R2C7,0,0,1
2026-09-08T16:59:09.734,2.505032,34,14,2,6,R2C8,0,0,1
2026-09-08T16:59:09.734,2.505032,34,15,2,7,R2C9,0,0,1
2026-09-08T16:59:09.734,2.505032,34,16,2,8,R2C10,0,0,1
2026-09-08T16:59:09.734,2.505032,34,17,3,1,R3C4,1.695294,0.0,0
2026-09-08T16:59:09.734,2.505032,34,18,3,2,R3C5,1.772941,0.0,0
2026-09-08T16:59:09.734,2.505032,34,19,3,3,R3C6,1.656471,0.0,0
2026-09-08T16:59:09.734,2.505032,34,20,3,4,R3C7,0,0,1
2026-09-08T16:59:09.734,2.505032,34,21,3,5,R3C8,0,0,1
2026-09-08T16:59:09.734,2.505032,34,22,3,6,R3C9,0,0,1
2026-09-08T16:59:09.734,2.505032,34,23,3,7,R3C10,0,0,1
2026-09-08T16:59:09.734,2.505032,34,24,3,8,R3C11,0,0,1
2026-09-08T16:59:09.734,2.505032,34,25,4,1,R4C5,1.514118,0.0,0
2026-09-08T16:59:09.734,2.505032,34,26,4,2,R4C6,1.384706,0.180672,0
2026-09-08T16:59:09.734,2.505032,34,27,4,3,R4C7,0,0,1
2026-09-08T16:59:09.734,2.505032,34,28,4,4,R4C8,0,0,1
2026-09-08T16:59:09.734,2.505032,34,29,4,5,R4C9,0,0,1
2026-09-08T16:59:09.734,2.505032,34,30,4,6,R4C10,0,0,1
2026-09-08T16:59:09.734,2.505032,34,31,4,7,R4C11,0,0,1
2026-09-08T16:59:09.734,2.505032,34,32,4,8,R4C12,0,0,1
2026-09-08T16:59:09.734,2.505032,34,33,5,1,R5C6,1.617647,0.0,0
2026-09-08T16:59:09.734,2.505032,34,34,5,2,R5C7,0,0,1
2026-09-08T16:59:09.734,2.505032,34,35,5,3,R5C8,0,0,1
2026-09-08T16:59:09.734,2.505032,34,36,5,4,R5C9,0,0,1
2026-09-08T16:59:09.734,2.505032,34,37,5,5,R5C10,0,0,1
2026-09-08T16:59:09.734,2.505032,34,38,5,6,R5C11,0,0,1
2026-09-08T16:59:09.734,2.505032,34,39,5,7,R5C12,0,0,1
2026-09-08T16:59:09.734,2.505032,34,40,5,8,R5C1,1.591765,0.0,0
2026-09-08T16:59:09.734,2.505032,34,41,6,1,R6C7,0,0,1
2026-09-08T16:59:09.734,2.505032,34,42,6,2,R6C8,0,0,1
2026-09-08T16:59:09.734,2.505032,34,43,6,3,R6C9,0,0,1
2026-09-08T16:59:09.734,2.505032,34,44,6,4,R6C10,0,0,1
2026-09-08T16:59:09.734,2.505032,34,45,6,5,R6C11,0,0,1
2026-09-08T16:59:09.734,2.505032,34,46,6,6,R6C12,0,0,1
2026-09-08T16:59:09.734,2.505032,34,47,6,7,R6C1,1.785882,0.0,0
2026-09-08T16:59:09.734,2.505032,34,48,6,8,R6C2,1.798823,0.0,0
2026-09-08T16:59:09.734,2.505032,34,49,7,1,R7C8,0,0,1
2026-09-08T16:59:09.734,2.505032,34,50,7,2,R7C9,0,0,1
2026-09-08T16:59:09.734,2.505032,34,51,7,3,R7C10,0,0,1
2026-09-08T16:59:09.734,2.505032,34,52,7,4,R7C11,0,0,1
2026-09-08T16:59:09.734,2.505032,34,53,7,5,R7C12,0,0,1
2026-09-08T16:59:09.734,2.505032,34,54,7,6,R7C1,1.747059,0.0,0
2026-09-08T16:59:09.734,2.505032,34,55,7,7,R7C2,1.268235,0.0,0
2026-09-08T16:59:09.734,2.505032,34,56,7,8,R7C3,1.772941,0.0,0
2026-09-08T16:59:09.734,2.505032,34,57,8,1,R8C9,0,0,1
2026-09-08T16:59:09.734,2.505032,34,58,8,2,R8C10,0,0,1
2026-09-08T16:59:09.734,2.505032,34,59,8,3,R8C11,0,0,1
2026-09-08T16:59:09.734,2.505032,34,60,8,4,R8C12,0,0,1
2026-09-08T16:59:09.734,2.505032,34,61,8,5,R8C1,1.747059,0.0,0
2026-09-08T16:59:09.734,2.505032,34,62,8,6,R8C2,1.811765,0.0,0
2026-09-08T16:59:09.734,2.505032,34,63,8,7,R8C3,1.811765,0.0,0
2026-09-08T16:59:09.734,2.505032,34,64,8,8,R8C4,1.798823,0.0,0
2026-09-08T16:59:09.734,2.505032,34,65,9,1,R9C10,0,0,1
2026-09-08T16:59:09.734,2.505032,34,66,9,2,R9C11,0,0,1
2026-09-08T16:59:09.734,2.505032,34,67,9,3,R9C12,0,0,1
2026-09-08T16:59:09.734,2.505032,34,68,9,4,R9C1,0,0,1
2026-09-08T16:59:09.734,2.505032,34,69,9,5,R9C2,0,0,1
2026-09-08T16:59:09.734,2.505032,34,70,9,6,R9C3,0,0,1
2026-09-08T16:59:09.734,2.505032,34,71,9,7,R9C4,0,0,1
2026-09-08T16:59:09.734,2.505032,34,72,9,8,R9C5,0,0,1
2026-09-08T16:59:09.734,2.505032,34,73,10,1,R10C11,0,0,1
2026-09-08T16:59:09.734,2.505032,34,74,10,2,R10C12,0,0,1
2026-09-08T16:59:09.734,2.505032,34,75,10,3,R10C1,0,0,1
2026-09-08T16:59:09.734,2.505032,34,76,10,4,R10C2,0,0,1
2026-09-08T16:59:09.734,2.505032,34,77,10,5,R10C3,0,0,1
2026-09-08T16:59:09.734,2.505032,34,78,10,6,R10C4,0,0,1
2026-09-08T16:59:09.734,2.505032,34,79,10,7,R10C5,0,0,1
2026-09-08T16:59:09.734,2.505032,34,80,10,8,R10C6,0,0,1
2026-09-08T16:59:09.734,2.505032,34,81,11,1,R11C12,0,0,1
2026-09-08T16:59:09.734,2.505032,34,82,11,2,R11C1,0,0,1
2026-09-08T16:59:09.734,2.505032,34,83,11,3,R11C2,0,0,1
2026-09-08T16:59:09.734,2.505032,34,84,11,4,R11C3,0,0,1
2026-09-08T16:59:09.734,2.505032,34,85,11,5,R11C4,0,0,1
2026-09-08T16:59:09.734,2.505032,34,86,11,6,R11C5,0,0,1
2026-09-08T16:59:09.734,2.505032,34,87,11,7,R11C6,0,0,1
2026-09-08T16:59:09.734,2.505032,34,88,11,8,R11C7,0,0,1
2026-09-08T16:59:09.734,2.505032,34,89,12,1,R12C1,0,0,1
2026-09-08T16:59:09.734,2.505032,34,90,12,2,R12C2,0,0,1
2026-09-08T16:59:09.734,2.505032,34,91,12,3,R12C3,0,0,1
2026-09-08T16:59:09.734,2.505032,34,92,12,4,R12C4,0,0,1
2026-09-08T16:59:09.734,2.505032,34,93,12,5,R12C5,0,0,1
2026-09-08T16:59:09.734,2.505032,34,94,12,6,R12C6,0,0,1
2026-09-08T16:59:09.734,2.505032,34,95,12,7,R12C7,0,0,1
2026-09-08T16:59:09.734,2.505032,34,96,12,8,R12C8,0,0,1
2026-09-08T16:59:10.108,3.00497,35,1,1,1,R1C2,1.785882,0.0,0
2026-09-08T16:59:10.108,3.00497,35,2,1,2,R1C3,0.038824,1.0,0
2026-09-08T16:59:10.108,3.00497,35,3,1,3,R1C4,1.617647,0.0,0
2026-09-08T16:59:10.108,3.00497,35,4,1,4,R1C5,0.970588,0.59707,0
2026-09-08T16:59:10.108,3.00497,35,5,1,5,R1C6,1.345882,0.290853,0
2026-09-08T16:59:10.108,3.00497,35,6,1,6,R1C7,0,0,1
2026-09-08T16:59:10.108,3.00497,35,7,1,7,R1C8,0,0,1
2026-09-08T16:59:10.108,3.00497,35,8,1,8,R1C9,0,0,1
2026-09-08T16:59:10.108,3.00497,35,9,2,1,R2C3,0.038824,1.0,0
2026-09-08T16:59:10.108,3.00497,35,10,2,2,R2C4,1.501176,0.044193,0
2026-09-08T16:59:10.108,3.00497,35,11,2,3,R2C5,0.478824,1.0,0
2026-09-08T16:59:10.108,3.00497,35,12,2,4,R2C6,1.604706,0.0,0
2026-09-08T16:59:10.108,3.00497,35,13,2,5,R2C7,0,0,1
2026-09-08T16:59:10.108,3.00497,35,14,2,6,R2C8,0,0,1
2026-09-08T16:59:10.108,3.00497,35,15,2,7,R2C9,0,0,1
2026-09-08T16:59:10.108,3.00497,35,16,2,8,R2C10,0,0,1
2026-09-08T16:59:10.108,3.00497,35,17,3,1,R3C4,1.604706,0.0,0
2026-09-08T16:59:10.108,3.00497,35,18,3,2,R3C5,1.747059,0.0,0
2026-09-08T16:59:10.108,3.00497,35,19,3,3,R3C6,1.630588,0.0,0
2026-09-08T16:59:10.108,3.00497,35,20,3,4,R3C7,0,0,1
2026-09-08T16:59:10.108,3.00497,35,21,3,5,R3C8,0,0,1
2026-09-08T16:59:10.108,3.00497,35,22,3,6,R3C9,0,0,1
2026-09-08T16:59:10.108,3.00497,35,23,3,7,R3C10,0,0,1
2026-09-08T16:59:10.108,3.00497,35,24,3,8,R3C11,0,0,1
2026-09-08T16:59:10.108,3.00497,35,25,4,1,R4C5,1.501176,0.0,0
2026-09-08T16:59:10.108,3.00497,35,26,4,2,R4C6,1.332941,0.264706,0
2026-09-08T16:59:10.108,3.00497,35,27,4,3,R4C7,0,0,1
2026-09-08T16:59:10.108,3.00497,35,28,4,4,R4C8,0,0,1
2026-09-08T16:59:10.108,3.00497,35,29,4,5,R4C9,0,0,1
2026-09-08T16:59:10.108,3.00497,35,30,4,6,R4C10,0,0,1
2026-09-08T16:59:10.108,3.00497,35,31,4,7,R4C11,0,0,1
2026-09-08T16:59:10.108,3.00497,35,32,4,8,R4C12,0,0,1
2026-09-08T16:59:10.108,3.00497,35,33,5,1,R5C6,1.591765,0.0,0
2026-09-08T16:59:10.108,3.00497,35,34,5,2,R5C7,0,0,1
2026-09-08T16:59:10.108,3.00497,35,35,5,3,R5C8,0,0,1
2026-09-08T16:59:10.108,3.00497,35,36,5,4,R5C9,0,0,1
2026-09-08T16:59:10.108,3.00497,35,37,5,5,R5C10,0,0,1
2026-09-08T16:59:10.108,3.00497,35,38,5,6,R5C11,0,0,1
2026-09-08T16:59:10.108,3.00497,35,39,5,7,R5C12,0,0,1
2026-09-08T16:59:10.108,3.00497,35,40,5,8,R5C1,1.501176,0.044193,0
2026-09-08T16:59:10.108,3.00497,35,41,6,1,R6C7,0,0,1
2026-09-08T16:59:10.108,3.00497,35,42,6,2,R6C8,0,0,1
2026-09-08T16:59:10.108,3.00497,35,43,6,3,R6C9,0,0,1
2026-09-08T16:59:10.108,3.00497,35,44,6,4,R6C10,0,0,1
2026-09-08T16:59:10.108,3.00497,35,45,6,5,R6C11,0,0,1
2026-09-08T16:59:10.108,3.00497,35,46,6,6,R6C12,0,0,1
2026-09-08T16:59:10.108,3.00497,35,47,6,7,R6C1,1.785882,0.0,0
2026-09-08T16:59:10.108,3.00497,35,48,6,8,R6C2,1.798823,0.0,0
2026-09-08T16:59:10.108,3.00497,35,49,7,1,R7C8,0,0,1
2026-09-08T16:59:10.108,3.00497,35,50,7,2,R7C9,0,0,1
2026-09-08T16:59:10.108,3.00497,35,51,7,3,R7C10,0,0,1
2026-09-08T16:59:10.108,3.00497,35,52,7,4,R7C11,0,0,1
2026-09-08T16:59:10.108,3.00497,35,53,7,5,R7C12,0,0,1
2026-09-08T16:59:10.108,3.00497,35,54,7,6,R7C1,1.695294,0.0,0
2026-09-08T16:59:10.108,3.00497,35,55,7,7,R7C2,1.255294,0.0,0
2026-09-08T16:59:10.108,3.00497,35,56,7,8,R7C3,1.772941,0.0,0
2026-09-08T16:59:10.108,3.00497,35,57,8,1,R8C9,0,0,1
2026-09-08T16:59:10.108,3.00497,35,58,8,2,R8C10,0,0,1
2026-09-08T16:59:10.108,3.00497,35,59,8,3,R8C11,0,0,1
2026-09-08T16:59:10.108,3.00497,35,60,8,4,R8C12,0,0,1
2026-09-08T16:59:10.108,3.00497,35,61,8,5,R8C1,1.747059,0.0,0
2026-09-08T16:59:10.108,3.00497,35,62,8,6,R8C2,1.811765,0.0,0
2026-09-08T16:59:10.108,3.00497,35,63,8,7,R8C3,1.811765,0.0,0
2026-09-08T16:59:10.108,3.00497,35,64,8,8,R8C4,1.798823,0.0,0
2026-09-08T16:59:10.108,3.00497,35,65,9,1,R9C10,0,0,1
2026-09-08T16:59:10.108,3.00497,35,66,9,2,R9C11,0,0,1
2026-09-08T16:59:10.108,3.00497,35,67,9,3,R9C12,0,0,1
2026-09-08T16:59:10.108,3.00497,35,68,9,4,R9C1,0,0,1
2026-09-08T16:59:10.108,3.00497,35,69,9,5,R9C2,0,0,1
2026-09-08T16:59:10.108,3.00497,35,70,9,6,R9C3,0,0,1
2026-09-08T16:59:10.108,3.00497,35,71,9,7,R9C4,0,0,1
2026-09-08T16:59:10.108,3.00497,35,72,9,8,R9C5,0,0,1
2026-09-08T16:59:10.108,3.00497,35,73,10,1,R10C11,0,0,1
2026-09-08T16:59:10.108,3.00497,35,74,10,2,R10C12,0,0,1
2026-09-08T16:59:10.108,3.00497,35,75,10,3,R10C1,0,0,1
2026-09-08T16:59:10.108,3.00497,35,76,10,4,R10C2,0,0,1
2026-09-08T16:59:10.108,3.00497,35,77,10,5,R10C3,0,0,1
2026-09-08T16:59:10.108,3.00497,35,78,10,6,R10C4,0,0,1
2026-09-08T16:59:10.108,3.00497,35,79,10,7,R10C5,0,0,1
2026-09-08T16:59:10.108,3.00497,35,80,10,8,R10C6,0,0,1
2026-09-08T16:59:10.108,3.00497,35,81,11,1,R11C12,0,0,1
2026-09-08T16:59:10.108,3.00497,35,82,11,2,R11C1,0,0,1
2026-09-08T16:59:10.108,3.00497,35,83,11,3,R11C2,0,0,1
2026-09-08T16:59:10.108,3.00497,35,84,11,4,R11C3,0,0,1
2026-09-08T16:59:10.108,3.00497,35,85,11,5,R11C4,0,0,1
2026-09-08T16:59:10.108,3.00497,35,86,11,6,R11C5,0,0,1
2026-09-08T16:59:10.108,3.00497,35,87,11,7,R11C6,0,0,1
2026-09-08T16:59:10.108,3.00497,35,88,11,8,R11C7,0,0,1
2026-09-08T16:59:10.108,3.00497,35,89,12,1,R12C1,0,0,1
2026-09-08T16:59:10.108,3.00497,35,90,12,2,R12C2,0,0,1
2026-09-08T16:59:10.108,3.00497,35,91,12,3,R12C3,0,0,1
2026-09-08T16:59:10.108,3.00497,35,92,12,4,R12C4,0,0,1
2026-09-08T16:59:10.108,3.00497,35,93,12,5,R12C5,0,0,1
2026-09-08T16:59:10.108,3.00497,35,94,12,6,R12C6,0,0,1
2026-09-08T16:59:10.108,3.00497,35,95,12,7,R12C7,0,0,1
2026-09-08T16:59:10.108,3.00497,35,96,12,8,R12C8,0,0,1
2026-09-08T16:59:10.628,3.50627,36,1,1,1,R1C2,1.785882,0.0,0
2026-09-08T16:59:10.628,3.50627,36,2,1,2,R1C3,0.297647,1.0,0
2026-09-08T16:59:10.628,3.50627,36,3,1,3,R1C4,1.643529,0.0,0
2026-09-08T16:59:10.628,3.50627,36,4,1,4,R1C5,0.737647,1.0,0
2026-09-08T16:59:10.628,3.50627,36,5,1,5,R1C6,0.892941,1.0,0
2026-09-08T16:59:10.628,3.50627,36,6,1,6,R1C7,0,0,1
2026-09-08T16:59:10.628,3.50627,36,7,1,7,R1C8,0,0,1
2026-09-08T16:59:10.628,3.50627,36,8,1,8,R1C9,0,0,1
2026-09-08T16:59:10.628,3.50627,36,9,2,1,R2C3,0.155294,1.0,0
2026-09-08T16:59:10.628,3.50627,36,10,2,2,R2C4,1.488235,0.064748,0
2026-09-08T16:59:10.628,3.50627,36,11,2,3,R2C5,0.038824,1.0,0
2026-09-08T16:59:10.628,3.50627,36,12,2,4,R2C6,1.565882,0.0,0
2026-09-08T16:59:10.628,3.50627,36,13,2,5,R2C7,0,0,1
2026-09-08T16:59:10.628,3.50627,36,14,2,6,R2C8,0,0,1
2026-09-08T16:59:10.628,3.50627,36,15,2,7,R2C9,0,0,1
2026-09-08T16:59:10.628,3.50627,36,16,2,8,R2C10,0,0,1
2026-09-08T16:59:10.628,3.50627,36,17,3,1,R3C4,1.565882,0.0,0
2026-09-08T16:59:10.628,3.50627,36,18,3,2,R3C5,1.747059,0.0,0
2026-09-08T16:59:10.628,3.50627,36,19,3,3,R3C6,1.630588,0.0,0
2026-09-08T16:59:10.628,3.50627,36,20,3,4,R3C7,0,0,1
2026-09-08T16:59:10.628,3.50627,36,21,3,5,R3C8,0,0,1
2026-09-08T16:59:10.628,3.50627,36,22,3,6,R3C9,0,0,1
2026-09-08T16:59:10.628,3.50627,36,23,3,7,R3C10,0,0,1
2026-09-08T16:59:10.628,3.50627,36,24,3,8,R3C11,0,0,1
2026-09-08T16:59:10.628,3.50627,36,25,4,1,R4C5,1.514118,0.0,0
2026-09-08T16:59:10.628,3.50627,36,26,4,2,R4C6,1.345882,0.243698,0
2026-09-08T16:59:10.628,3.50627,36,27,4,3,R4C7,0,0,1
2026-09-08T16:59:10.628,3.50627,36,28,4,4,R4C8,0,0,1
2026-09-08T16:59:10.628,3.50627,36,29,4,5,R4C9,0,0,1
2026-09-08T16:59:10.628,3.50627,36,30,4,6,R4C10,0,0,1
2026-09-08T16:59:10.628,3.50627,36,31,4,7,R4C11,0,0,1
2026-09-08T16:59:10.628,3.50627,36,32,4,8,R4C12,0,0,1
2026-09-08T16:59:10.628,3.50627,36,33,5,1,R5C6,1.578824,0.0,0
2026-09-08T16:59:10.628,3.50627,36,34,5,2,R5C7,0,0,1
2026-09-08T16:59:10.628,3.50627,36,35,5,3,R5C8,0,0,1
2026-09-08T16:59:10.628,3.50627,36,36,5,4,R5C9,0,0,1
2026-09-08T16:59:10.628,3.50627,36,37,5,5,R5C10,0,0,1
2026-09-08T16:59:10.628,3.50627,36,38,5,6,R5C11,0,0,1
2026-09-08T16:59:10.628,3.50627,36,39,5,7,R5C12,0,0,1
2026-09-08T16:59:10.628,3.50627,36,40,5,8,R5C1,0.038824,1.0,0
2026-09-08T16:59:10.628,3.50627,36,41,6,1,R6C7,0,0,1
2026-09-08T16:59:10.628,3.50627,36,42,6,2,R6C8,0,0,1
2026-09-08T16:59:10.628,3.50627,36,43,6,3,R6C9,0,0,1
2026-09-08T16:59:10.628,3.50627,36,44,6,4,R6C10,0,0,1
2026-09-08T16:59:10.628,3.50627,36,45,6,5,R6C11,0,0,1
2026-09-08T16:59:10.628,3.50627,36,46,6,6,R6C12,0,0,1
2026-09-08T16:59:10.628,3.50627,36,47,6,7,R6C1,1.785882,0.0,0
2026-09-08T16:59:10.628,3.50627,36,48,6,8,R6C2,1.811765,0.0,0
2026-09-08T16:59:10.628,3.50627,36,49,7,1,R7C8,0,0,1
2026-09-08T16:59:10.628,3.50627,36,50,7,2,R7C9,0,0,1
2026-09-08T16:59:10.628,3.50627,36,51,7,3,R7C10,0,0,1
2026-09-08T16:59:10.628,3.50627,36,52,7,4,R7C11,0,0,1
2026-09-08T16:59:10.628,3.50627,36,53,7,5,R7C12,0,0,1
2026-09-08T16:59:10.628,3.50627,36,54,7,6,R7C1,1.76,0.0,0
2026-09-08T16:59:10.628,3.50627,36,55,7,7,R7C2,1.268235,0.0,0
2026-09-08T16:59:10.628,3.50627,36,56,7,8,R7C3,1.682353,0.0,0
2026-09-08T16:59:10.628,3.50627,36,57,8,1,R8C9,0,0,1
2026-09-08T16:59:10.628,3.50627,36,58,8,2,R8C10,0,0,1
2026-09-08T16:59:10.628,3.50627,36,59,8,3,R8C11,0,0,1
2026-09-08T16:59:10.628,3.50627,36,60,8,4,R8C12,0,0,1
2026-09-08T16:59:10.628,3.50627,36,61,8,5,R8C1,1.281176,0.363921,0
2026-09-08T16:59:10.628,3.50627,36,62,8,6,R8C2,1.811765,0.0,0
2026-09-08T16:59:10.628,3.50627,36,63,8,7,R8C3,1.811765,0.0,0
2026-09-08T16:59:10.628,3.50627,36,64,8,8,R8C4,1.811765,0.0,0
2026-09-08T16:59:10.628,3.50627,36,65,9,1,R9C10,0,0,1
2026-09-08T16:59:10.628,3.50627,36,66,9,2,R9C11,0,0,1
2026-09-08T16:59:10.628,3.50627,36,67,9,3,R9C12,0,0,1
2026-09-08T16:59:10.628,3.50627,36,68,9,4,R9C1,0,0,1
2026-09-08T16:59:10.628,3.50627,36,69,9,5,R9C2,0,0,1
2026-09-08T16:59:10.628,3.50627,36,70,9,6,R9C3,0,0,1
2026-09-08T16:59:10.628,3.50627,36,71,9,7,R9C4,0,0,1
2026-09-08T16:59:10.628,3.50627,36,72,9,8,R9C5,0,0,1
2026-09-08T16:59:10.628,3.50627,36,73,10,1,R10C11,0,0,1
2026-09-08T16:59:10.628,3.50627,36,74,10,2,R10C12,0,0,1
2026-09-08T16:59:10.628,3.50627,36,75,10,3,R10C1,0,0,1
2026-09-08T16:59:10.628,3.50627,36,76,10,4,R10C2,0,0,1
2026-09-08T16:59:10.628,3.50627,36,77,10,5,R10C3,0,0,1
2026-09-08T16:59:10.628,3.50627,36,78,10,6,R10C4,0,0,1
2026-09-08T16:59:10.628,3.50627,36,79,10,7,R10C5,0,0,1
2026-09-08T16:59:10.628,3.50627,36,80,10,8,R10C6,0,0,1
2026-09-08T16:59:10.628,3.50627,36,81,11,1,R11C12,0,0,1
2026-09-08T16:59:10.628,3.50627,36,82,11,2,R11C1,0,0,1
2026-09-08T16:59:10.628,3.50627,36,83,11,3,R11C2,0,0,1
2026-09-08T16:59:10.628,3.50627,36,84,11,4,R11C3,0,0,1
2026-09-08T16:59:10.628,3.50627,36,85,11,5,R11C4,0,0,1
2026-09-08T16:59:10.628,3.50627,36,86,11,6,R11C5,0,0,1
2026-09-08T16:59:10.628,3.50627,36,87,11,7,R11C6,0,0,1
2026-09-08T16:59:10.628,3.50627,36,88,11,8,R11C7,0,0,1
2026-09-08T16:59:10.628,3.50627,36,89,12,1,R12C1,0,0,1
2026-09-08T16:59:10.628,3.50627,36,90,12,2,R12C2,0,0,1
2026-09-08T16:59:10.628,3.50627,36,91,12,3,R12C3,0,0,1
2026-09-08T16:59:10.628,3.50627,36,92,12,4,R12C4,0,0,1
2026-09-08T16:59:10.628,3.50627,36,93,12,5,R12C5,0,0,1
2026-09-08T16:59:10.628,3.50627,36,94,12,6,R12C6,0,0,1
2026-09-08T16:59:10.628,3.50627,36,95,12,7,R12C7,0,0,1
2026-09-08T16:59:10.628,3.50627,36,96,12,8,R12C8,0,0,1
2026-09-08T16:59:11.215,4.00494,37,1,1,1,R1C2,1.345882,0.243698,0
2026-09-08T16:59:11.215,4.00494,37,2,1,2,R1C3,0.194118,1.0,0
2026-09-08T16:59:11.215,4.00494,37,3,1,3,R1C4,1.604706,0.0,0
2026-09-08T16:59:11.215,4.00494,37,4,1,4,R1C5,0.789412,0.93895,0
2026-09-08T16:59:11.215,4.00494,37,5,1,5,R1C6,1.475294,0.085303,0
2026-09-08T16:59:11.215,4.00494,37,6,1,6,R1C7,0,0,1
2026-09-08T16:59:11.215,4.00494,37,7,1,7,R1C8,0,0,1
2026-09-08T16:59:11.215,4.00494,37,8,1,8,R1C9,0,0,1
2026-09-08T16:59:11.215,4.00494,37,9,2,1,R2C3,0.038824,1.0,0
2026-09-08T16:59:11.215,4.00494,37,10,2,2,R2C4,1.501176,0.044193,0
2026-09-08T16:59:11.215,4.00494,37,11,2,3,R2C5,0.194118,1.0,0
2026-09-08T16:59:11.215,4.00494,37,12,2,4,R2C6,1.527059,0.0,0
2026-09-08T16:59:11.215,4.00494,37,13,2,5,R2C7,0,0,1
2026-09-08T16:59:11.215,4.00494,37,14,2,6,R2C8,0,0,1
2026-09-08T16:59:11.215,4.00494,37,15,2,7,R2C9,0,0,1
2026-09-08T16:59:11.215,4.00494,37,16,2,8,R2C10,0,0,1
2026-09-08T16:59:11.215,4.00494,37,17,3,1,R3C4,1.604706,0.0,0
2026-09-08T16:59:11.215,4.00494,37,18,3,2,R3C5,1.488235,0.064748,0
2026-09-08T16:59:11.215,4.00494,37,19,3,3,R3C6,1.216471,0.262673,0
2026-09-08T16:59:11.215,4.00494,37,20,3,4,R3C7,0,0,1
2026-09-08T16:59:11.215,4.00494,37,21,3,5,R3C8,0,0,1
2026-09-08T16:59:11.215,4.00494,37,22,3,6,R3C9,0,0,1
2026-09-08T16:59:11.215,4.00494,37,23,3,7,R3C10,0,0,1
2026-09-08T16:59:11.215,4.00494,37,24,3,8,R3C11,0,0,1
2026-09-08T16:59:11.215,4.00494,37,25,4,1,R4C5,1.708235,0.0,0
2026-09-08T16:59:11.215,4.00494,37,26,4,2,R4C6,1.747059,0.0,0
2026-09-08T16:59:11.215,4.00494,37,27,4,3,R4C7,0,0,1
2026-09-08T16:59:11.215,4.00494,37,28,4,4,R4C8,0,0,1
2026-09-08T16:59:11.215,4.00494,37,29,4,5,R4C9,0,0,1
2026-09-08T16:59:11.215,4.00494,37,30,4,6,R4C10,0,0,1
2026-09-08T16:59:11.215,4.00494,37,31,4,7,R4C11,0,0,1
2026-09-08T16:59:11.215,4.00494,37,32,4,8,R4C12,0,0,1
2026-09-08T16:59:11.215,4.00494,37,33,5,1,R5C6,1.721177,0.0,0
2026-09-08T16:59:11.215,4.00494,37,34,5,2,R5C7,0,0,1
2026-09-08T16:59:11.215,4.00494,37,35,5,3,R5C8,0,0,1
2026-09-08T16:59:11.215,4.00494,37,36,5,4,R5C9,0,0,1
2026-09-08T16:59:11.215,4.00494,37,37,5,5,R5C10,0,0,1
2026-09-08T16:59:11.215,4.00494,37,38,5,6,R5C11,0,0,1
2026-09-08T16:59:11.215,4.00494,37,39,5,7,R5C12,0,0,1
2026-09-08T16:59:11.215,4.00494,37,40,5,8,R5C1,0.038824,1.0,0
2026-09-08T16:59:11.215,4.00494,37,41,6,1,R6C7,0,0,1
2026-09-08T16:59:11.215,4.00494,37,42,6,2,R6C8,0,0,1
2026-09-08T16:59:11.215,4.00494,37,43,6,3,R6C9,0,0,1
2026-09-08T16:59:11.215,4.00494,37,44,6,4,R6C10,0,0,1
2026-09-08T16:59:11.215,4.00494,37,45,6,5,R6C11,0,0,1
2026-09-08T16:59:11.215,4.00494,37,46,6,6,R6C12,0,0,1
2026-09-08T16:59:11.215,4.00494,37,47,6,7,R6C1,1.721177,0.0,0
2026-09-08T16:59:11.215,4.00494,37,48,6,8,R6C2,1.798823,0.0,0
2026-09-08T16:59:11.215,4.00494,37,49,7,1,R7C8,0,0,1
2026-09-08T16:59:11.215,4.00494,37,50,7,2,R7C9,0,0,1
2026-09-08T16:59:11.215,4.00494,37,51,7,3,R7C10,0,0,1
2026-09-08T16:59:11.215,4.00494,37,52,7,4,R7C11,0,0,1
2026-09-08T16:59:11.215,4.00494,37,53,7,5,R7C12,0,0,1
2026-09-08T16:59:11.215,4.00494,37,54,7,6,R7C1,1.785882,0.0,0
2026-09-08T16:59:11.215,4.00494,37,55,7,7,R7C2,1.268235,0.0,0
2026-09-08T16:59:11.215,4.00494,37,56,7,8,R7C3,1.695294,0.0,0
2026-09-08T16:59:11.215,4.00494,37,57,8,1,R8C9,0,0,1
2026-09-08T16:59:11.215,4.00494,37,58,8,2,R8C10,0,0,1
2026-09-08T16:59:11.215,4.00494,37,59,8,3,R8C11,0,0,1
2026-09-08T16:59:11.215,4.00494,37,60,8,4,R8C12,0,0,1
2026-09-08T16:59:11.215,4.00494,37,61,8,5,R8C1,1.332941,0.280501,0
2026-09-08T16:59:11.215,4.00494,37,62,8,6,R8C2,1.811765,0.0,0
2026-09-08T16:59:11.215,4.00494,37,63,8,7,R8C3,1.811765,0.0,0
2026-09-08T16:59:11.215,4.00494,37,64,8,8,R8C4,1.811765,0.0,0
2026-09-08T16:59:11.215,4.00494,37,65,9,1,R9C10,0,0,1
2026-09-08T16:59:11.215,4.00494,37,66,9,2,R9C11,0,0,1
2026-09-08T16:59:11.215,4.00494,37,67,9,3,R9C12,0,0,1
2026-09-08T16:59:11.215,4.00494,37,68,9,4,R9C1,0,0,1
2026-09-08T16:59:11.215,4.00494,37,69,9,5,R9C2,0,0,1
2026-09-08T16:59:11.215,4.00494,37,70,9,6,R9C3,0,0,1
2026-09-08T16:59:11.215,4.00494,37,71,9,7,R9C4,0,0,1
2026-09-08T16:59:11.215,4.00494,37,72,9,8,R9C5,0,0,1
2026-09-08T16:59:11.215,4.00494,37,73,10,1,R10C11,0,0,1
2026-09-08T16:59:11.215,4.00494,37,74,10,2,R10C12,0,0,1
2026-09-08T16:59:11.215,4.00494,37,75,10,3,R10C1,0,0,1
2026-09-08T16:59:11.215,4.00494,37,76,10,4,R10C2,0,0,1
2026-09-08T16:59:11.215,4.00494,37,77,10,5,R10C3,0,0,1
2026-09-08T16:59:11.215,4.00494,37,78,10,6,R10C4,0,0,1
2026-09-08T16:59:11.215,4.00494,37,79,10,7,R10C5,0,0,1
2026-09-08T16:59:11.215,4.00494,37,80,10,8,R10C6,0,0,1
2026-09-08T16:59:11.215,4.00494,37,81,11,1,R11C12,0,0,1
2026-09-08T16:59:11.215,4.00494,37,82,11,2,R11C1,0,0,1
2026-09-08T16:59:11.215,4.00494,37,83,11,3,R11C2,0,0,1
2026-09-08T16:59:11.215,4.00494,37,84,11,4,R11C3,0,0,1
2026-09-08T16:59:11.215,4.00494,37,85,11,5,R11C4,0,0,1
2026-09-08T16:59:11.215,4.00494,37,86,11,6,R11C5,0,0,1
2026-09-08T16:59:11.215,4.00494,37,87,11,7,R11C6,0,0,1
2026-09-08T16:59:11.215,4.00494,37,88,11,8,R11C7,0,0,1
2026-09-08T16:59:11.215,4.00494,37,89,12,1,R12C1,0,0,1
2026-09-08T16:59:11.215,4.00494,37,90,12,2,R12C2,0,0,1
2026-09-08T16:59:11.215,4.00494,37,91,12,3,R12C3,0,0,1
2026-09-08T16:59:11.215,4.00494,37,92,12,4,R12C4,0,0,1
2026-09-08T16:59:11.215,4.00494,37,93,12,5,R12C5,0,0,1
2026-09-08T16:59:11.215,4.00494,37,94,12,6,R12C6,0,0,1
2026-09-08T16:59:11.215,4.00494,37,95,12,7,R12C7,0,0,1
2026-09-08T16:59:11.215,4.00494,37,96,12,8,R12C8,0,0,1
2026-09-08T16:59:11.734,4.507679,38,1,1,1,R1C2,1.203529,0.47479,0
2026-09-08T16:59:11.734,4.507679,38,2,1,2,R1C3,0.491765,1.0,0
2026-09-08T16:59:11.734,4.507679,38,3,1,3,R1C4,1.591765,0.0,0
2026-09-08T16:59:11.734,4.507679,38,4,1,4,R1C5,0.672941,1.0,0
2026-09-08T16:59:11.734,4.507679,38,5,1,5,R1C6,0.608235,1.0,0
2026-09-08T16:59:11.734,4.507679,38,6,1,6,R1C7,0,0,1
2026-09-08T16:59:11.734,4.507679,38,7,1,7,R1C8,0,0,1
2026-09-08T16:59:11.734,4.507679,38,8,1,8,R1C9,0,0,1
2026-09-08T16:59:11.734,4.507679,38,9,2,1,R2C3,0.038824,1.0,0
2026-09-08T16:59:11.734,4.507679,38,10,2,2,R2C4,1.475294,0.085303,0
2026-09-08T16:59:11.734,4.507679,38,11,2,3,R2C5,0.414118,1.0,0
2026-09-08T16:59:11.734,4.507679,38,12,2,4,R2C6,1.565882,0.0,0
2026-09-08T16:59:11.734,4.507679,38,13,2,5,R2C7,0,0,1
2026-09-08T16:59:11.734,4.507679,38,14,2,6,R2C8,0,0,1
2026-09-08T16:59:11.734,4.507679,38,15,2,7,R2C9,0,0,1
2026-09-08T16:59:11.734,4.507679,38,16,2,8,R2C10,0,0,1
2026-09-08T16:59:11.734,4.507679,38,17,3,1,R3C4,1.604706,0.0,0
2026-09-08T16:59:11.734,4.507679,38,18,3,2,R3C5,1.54,0.0,0
2026-09-08T16:59:11.734,4.507679,38,19,3,3,R3C6,1.695294,0.0,0
2026-09-08T16:59:11.734,4.507679,38,20,3,4,R3C7,0,0,1
2026-09-08T16:59:11.734,4.507679,38,21,3,5,R3C8,0,0,1
2026-09-08T16:59:11.734,4.507679,38,22,3,6,R3C9,0,0,1
2026-09-08T16:59:11.734,4.507679,38,23,3,7,R3C10,0,0,1
2026-09-08T16:59:11.734,4.507679,38,24,3,8,R3C11,0,0,1
2026-09-08T16:59:11.734,4.507679,38,25,4,1,R4C5,1.565882,0.0,0
2026-09-08T16:59:11.734,4.507679,38,26,4,2,R4C6,1.410588,0.138655,0
2026-09-08T16:59:11.734,4.507679,38,27,4,3,R4C7,0,0,1
2026-09-08T16:59:11.734,4.507679,38,28,4,4,R4C8,0,0,1
2026-09-08T16:59:11.734,4.507679,38,29,4,5,R4C9,0,0,1
2026-09-08T16:59:11.734,4.507679,38,30,4,6,R4C10,0,0,1
2026-09-08T16:59:11.734,4.507679,38,31,4,7,R4C11,0,0,1
2026-09-08T16:59:11.734,4.507679,38,32,4,8,R4C12,0,0,1
2026-09-08T16:59:11.734,4.507679,38,33,5,1,R5C6,1.604706,0.0,0
2026-09-08T16:59:11.734,4.507679,38,34,5,2,R5C7,0,0,1
2026-09-08T16:59:11.734,4.507679,38,35,5,3,R5C8,0,0,1
2026-09-08T16:59:11.734,4.507679,38,36,5,4,R5C9,0,0,1
2026-09-08T16:59:11.734,4.507679,38,37,5,5,R5C10,0,0,1
2026-09-08T16:59:11.734,4.507679,38,38,5,6,R5C11,0,0,1
2026-09-08T16:59:11.734,4.507679,38,39,5,7,R5C12,0,0,1
2026-09-08T16:59:11.734,4.507679,38,40,5,8,R5C1,0.038824,1.0,0
2026-09-08T16:59:11.734,4.507679,38,41,6,1,R6C7,0,0,1
2026-09-08T16:59:11.734,4.507679,38,42,6,2,R6C8,0,0,1
2026-09-08T16:59:11.734,4.507679,38,43,6,3,R6C9,0,0,1
2026-09-08T16:59:11.734,4.507679,38,44,6,4,R6C10,0,0,1
2026-09-08T16:59:11.734,4.507679,38,45,6,5,R6C11,0,0,1
2026-09-08T16:59:11.734,4.507679,38,46,6,6,R6C12,0,0,1
2026-09-08T16:59:11.734,4.507679,38,47,6,7,R6C1,1.785882,0.0,0
2026-09-08T16:59:11.734,4.507679,38,48,6,8,R6C2,1.798823,0.0,0
2026-09-08T16:59:11.734,4.507679,38,49,7,1,R7C8,0,0,1
2026-09-08T16:59:11.734,4.507679,38,50,7,2,R7C9,0,0,1
2026-09-08T16:59:11.734,4.507679,38,51,7,3,R7C10,0,0,1
2026-09-08T16:59:11.734,4.507679,38,52,7,4,R7C11,0,0,1
2026-09-08T16:59:11.734,4.507679,38,53,7,5,R7C12,0,0,1
2026-09-08T16:59:11.734,4.507679,38,54,7,6,R7C1,1.747059,0.0,0
2026-09-08T16:59:11.734,4.507679,38,55,7,7,R7C2,1.294118,0.0,0
2026-09-08T16:59:11.734,4.507679,38,56,7,8,R7C3,1.669412,0.0,0
2026-09-08T16:59:11.734,4.507679,38,57,8,1,R8C9,0,0,1
2026-09-08T16:59:11.734,4.507679,38,58,8,2,R8C10,0,0,1
2026-09-08T16:59:11.734,4.507679,38,59,8,3,R8C11,0,0,1
2026-09-08T16:59:11.734,4.507679,38,60,8,4,R8C12,0,0,1
2026-09-08T16:59:11.734,4.507679,38,61,8,5,R8C1,1.501176,0.009385,0
2026-09-08T16:59:11.734,4.507679,38,62,8,6,R8C2,1.811765,0.0,0
2026-09-08T16:59:11.734,4.507679,38,63,8,7,R8C3,1.798823,0.0,0
2026-09-08T16:59:11.734,4.507679,38,64,8,8,R8C4,1.811765,0.0,0
2026-09-08T16:59:11.734,4.507679,38,65,9,1,R9C10,0,0,1
2026-09-08T16:59:11.734,4.507679,38,66,9,2,R9C11,0,0,1
2026-09-08T16:59:11.734,4.507679,38,67,9,3,R9C12,0,0,1
2026-09-08T16:59:11.734,4.507679,38,68,9,4,R9C1,0,0,1
2026-09-08T16:59:11.734,4.507679,38,69,9,5,R9C2,0,0,1
2026-09-08T16:59:11.734,4.507679,38,70,9,6,R9C3,0,0,1
2026-09-08T16:59:11.734,4.507679,38,71,9,7,R9C4,0,0,1
2026-09-08T16:59:11.734,4.507679,38,72,9,8,R9C5,0,0,1
2026-09-08T16:59:11.734,4.507679,38,73,10,1,R10C11,0,0,1
2026-09-08T16:59:11.734,4.507679,38,74,10,2,R10C12,0,0,1
2026-09-08T16:59:11.734,4.507679,38,75,10,3,R10C1,0,0,1
2026-09-08T16:59:11.734,4.507679,38,76,10,4,R10C2,0,0,1
2026-09-08T16:59:11.734,4.507679,38,77,10,5,R10C3,0,0,1
2026-09-08T16:59:11.734,4.507679,38,78,10,6,R10C4,0,0,1
2026-09-08T16:59:11.734,4.507679,38,79,10,7,R10C5,0,0,1
2026-09-08T16:59:11.734,4.507679,38,80,10,8,R10C6,0,0,1
2026-09-08T16:59:11.734,4.507679,38,81,11,1,R11C12,0,0,1
2026-09-08T16:59:11.734,4.507679,38,82,11,2,R11C1,0,0,1
2026-09-08T16:59:11.734,4.507679,38,83,11,3,R11C2,0,0,1
2026-09-08T16:59:11.734,4.507679,38,84,11,4,R11C3,0,0,1
2026-09-08T16:59:11.734,4.507679,38,85,11,5,R11C4,0,0,1
2026-09-08T16:59:11.734,4.507679,38,86,11,6,R11C5,0,0,1
2026-09-08T16:59:11.734,4.507679,38,87,11,7,R11C6,0,0,1
2026-09-08T16:59:11.734,4.507679,38,88,11,8,R11C7,0,0,1
2026-09-08T16:59:11.734,4.507679,38,89,12,1,R12C1,0,0,1
2026-09-08T16:59:11.734,4.507679,38,90,12,2,R12C2,0,0,1
2026-09-08T16:59:11.734,4.507679,38,91,12,3,R12C3,0,0,1
2026-09-08T16:59:11.734,4.507679,38,92,12,4,R12C4,0,0,1
2026-09-08T16:59:11.734,4.507679,38,93,12,5,R12C5,0,0,1
2026-09-08T16:59:11.734,4.507679,38,94,12,6,R12C6,0,0,1
2026-09-08T16:59:11.734,4.507679,38,95,12,7,R12C7,0,0,1
2026-09-08T16:59:11.734,4.507679,38,96,12,8,R12C8,0,0,1
2026-09-08T16:59:12.105,5.00498,39,1,1,1,R1C2,1.138824,0.579832,0
2026-09-08T16:59:12.105,5.00498,39,2,1,2,R1C3,0.22,1.0,0
2026-09-08T16:59:12.105,5.00498,39,3,1,3,R1C4,1.552941,0.0,0
2026-09-08T16:59:12.105,5.00498,39,4,1,4,R1C5,0.427059,1.0,0
2026-09-08T16:59:12.105,5.00498,39,5,1,5,R1C6,0.336471,1.0,0
2026-09-08T16:59:12.105,5.00498,39,6,1,6,R1C7,0,0,1
2026-09-08T16:59:12.105,5.00498,39,7,1,7,R1C8,0,0,1
2026-09-08T16:59:12.105,5.00498,39,8,1,8,R1C9,0,0,1
2026-09-08T16:59:12.105,5.00498,39,9,2,1,R2C3,0.038824,1.0,0
2026-09-08T16:59:12.105,5.00498,39,10,2,2,R2C4,1.552941,0.0,0
2026-09-08T16:59:12.105,5.00498,39,11,2,3,R2C5,0.129412,1.0,0
2026-09-08T16:59:12.105,5.00498,39,12,2,4,R2C6,1.54,0.0,0
2026-09-08T16:59:12.105,5.00498,39,13,2,5,R2C7,0,0,1
2026-09-08T16:59:12.105,5.00498,39,14,2,6,R2C8,0,0,1
2026-09-08T16:59:12.105,5.00498,39,15,2,7,R2C9,0,0,1
2026-09-08T16:59:12.105,5.00498,39,16,2,8,R2C10,0,0,1
2026-09-08T16:59:12.105,5.00498,39,17,3,1,R3C4,1.656471,0.0,0
2026-09-08T16:59:12.105,5.00498,39,18,3,2,R3C5,1.54,0.0,0
2026-09-08T16:59:12.105,5.00498,39,19,3,3,R3C6,1.643529,0.0,0
2026-09-08T16:59:12.105,5.00498,39,20,3,4,R3C7,0,0,1
2026-09-08T16:59:12.105,5.00498,39,21,3,5,R3C8,0,0,1
2026-09-08T16:59:12.105,5.00498,39,22,3,6,R3C9,0,0,1
2026-09-08T16:59:12.105,5.00498,39,23,3,7,R3C10,0,0,1
2026-09-08T16:59:12.105,5.00498,39,24,3,8,R3C11,0,0,1
2026-09-08T16:59:12.105,5.00498,39,25,4,1,R4C5,1.514118,0.0,0
2026-09-08T16:59:12.105,5.00498,39,26,4,2,R4C6,1.436471,0.096639,0
2026-09-08T16:59:12.105,5.00498,39,27,4,3,R4C7,0,0,1
2026-09-08T16:59:12.105,5.00498,39,28,4,4,R4C8,0,0,1
2026-09-08T16:59:12.105,5.00498,39,29,4,5,R4C9,0,0,1
2026-09-08T16:59:12.105,5.00498,39,30,4,6,R4C10,0,0,1
2026-09-08T16:59:12.105,5.00498,39,31,4,7,R4C11,0,0,1
2026-09-08T16:59:12.105,5.00498,39,32,4,8,R4C12,0,0,1
2026-09-08T16:59:12.105,5.00498,39,33,5,1,R5C6,1.578824,0.0,0
2026-09-08T16:59:12.105,5.00498,39,34,5,2,R5C7,0,0,1
2026-09-08T16:59:12.105,5.00498,39,35,5,3,R5C8,0,0,1
2026-09-08T16:59:12.105,5.00498,39,36,5,4,R5C9,0,0,1
2026-09-08T16:59:12.105,5.00498,39,37,5,5,R5C10,0,0,1
2026-09-08T16:59:12.105,5.00498,39,38,5,6,R5C11,0,0,1
2026-09-08T16:59:12.105,5.00498,39,39,5,7,R5C12,0,0,1
2026-09-08T16:59:12.105,5.00498,39,40,5,8,R5C1,0.038824,1.0,0
2026-09-08T16:59:12.105,5.00498,39,41,6,1,R6C7,0,0,1
2026-09-08T16:59:12.105,5.00498,39,42,6,2,R6C8,0,0,1
2026-09-08T16:59:12.105,5.00498,39,43,6,3,R6C9,0,0,1
2026-09-08T16:59:12.105,5.00498,39,44,6,4,R6C10,0,0,1
2026-09-08T16:59:12.105,5.00498,39,45,6,5,R6C11,0,0,1
2026-09-08T16:59:12.105,5.00498,39,46,6,6,R6C12,0,0,1
2026-09-08T16:59:12.105,5.00498,39,47,6,7,R6C1,1.785882,0.0,0
2026-09-08T16:59:12.105,5.00498,39,48,6,8,R6C2,1.798823,0.0,0
2026-09-08T16:59:12.105,5.00498,39,49,7,1,R7C8,0,0,1
2026-09-08T16:59:12.105,5.00498,39,50,7,2,R7C9,0,0,1
2026-09-08T16:59:12.105,5.00498,39,51,7,3,R7C10,0,0,1
2026-09-08T16:59:12.105,5.00498,39,52,7,4,R7C11,0,0,1
2026-09-08T16:59:12.105,5.00498,39,53,7,5,R7C12,0,0,1
2026-09-08T16:59:12.105,5.00498,39,54,7,6,R7C1,1.734118,0.0,0
2026-09-08T16:59:12.105,5.00498,39,55,7,7,R7C2,1.255294,0.0,0
2026-09-08T16:59:12.105,5.00498,39,56,7,8,R7C3,1.643529,0.0,0
2026-09-08T16:59:12.105,5.00498,39,57,8,1,R8C9,0,0,1
2026-09-08T16:59:12.105,5.00498,39,58,8,2,R8C10,0,0,1
2026-09-08T16:59:12.105,5.00498,39,59,8,3,R8C11,0,0,1
2026-09-08T16:59:12.105,5.00498,39,60,8,4,R8C12,0,0,1
2026-09-08T16:59:12.105,5.00498,39,61,8,5,R8C1,1.397647,0.176225,0
2026-09-08T16:59:12.105,5.00498,39,62,8,6,R8C2,1.811765,0.0,0
2026-09-08T16:59:12.105,5.00498,39,63,8,7,R8C3,1.798823,0.0,0
2026-09-08T16:59:12.105,5.00498,39,64,8,8,R8C4,1.798823,0.0,0
2026-09-08T16:59:12.105,5.00498,39,65,9,1,R9C10,0,0,1
2026-09-08T16:59:12.105,5.00498,39,66,9,2,R9C11,0,0,1
2026-09-08T16:59:12.105,5.00498,39,67,9,3,R9C12,0,0,1
2026-09-08T16:59:12.105,5.00498,39,68,9,4,R9C1,0,0,1
2026-09-08T16:59:12.105,5.00498,39,69,9,5,R9C2,0,0,1
2026-09-08T16:59:12.105,5.00498,39,70,9,6,R9C3,0,0,1
2026-09-08T16:59:12.105,5.00498,39,71,9,7,R9C4,0,0,1
2026-09-08T16:59:12.105,5.00498,39,72,9,8,R9C5,0,0,1
2026-09-08T16:59:12.105,5.00498,39,73,10,1,R10C11,0,0,1
2026-09-08T16:59:12.105,5.00498,39,74,10,2,R10C12,0,0,1
2026-09-08T16:59:12.105,5.00498,39,75,10,3,R10C1,0,0,1
2026-09-08T16:59:12.105,5.00498,39,76,10,4,R10C2,0,0,1
2026-09-08T16:59:12.105,5.00498,39,77,10,5,R10C3,0,0,1
2026-09-08T16:59:12.105,5.00498,39,78,10,6,R10C4,0,0,1
2026-09-08T16:59:12.105,5.00498,39,79,10,7,R10C5,0,0,1
2026-09-08T16:59:12.105,5.00498,39,80,10,8,R10C6,0,0,1
2026-09-08T16:59:12.105,5.00498,39,81,11,1,R11C12,0,0,1
2026-09-08T16:59:12.105,5.00498,39,82,11,2,R11C1,0,0,1
2026-09-08T16:59:12.105,5.00498,39,83,11,3,R11C2,0,0,1
2026-09-08T16:59:12.105,5.00498,39,84,11,4,R11C3,0,0,1
2026-09-08T16:59:12.105,5.00498,39,85,11,5,R11C4,0,0,1
2026-09-08T16:59:12.105,5.00498,39,86,11,6,R11C5,0,0,1
2026-09-08T16:59:12.105,5.00498,39,87,11,7,R11C6,0,0,1
2026-09-08T16:59:12.105,5.00498,39,88,11,8,R11C7,0,0,1
2026-09-08T16:59:12.105,5.00498,39,89,12,1,R12C1,0,0,1
2026-09-08T16:59:12.105,5.00498,39,90,12,2,R12C2,0,0,1
2026-09-08T16:59:12.105,5.00498,39,91,12,3,R12C3,0,0,1
2026-09-08T16:59:12.105,5.00498,39,92,12,4,R12C4,0,0,1
2026-09-08T16:59:12.105,5.00498,39,93,12,5,R12C5,0,0,1
2026-09-08T16:59:12.105,5.00498,39,94,12,6,R12C6,0,0,1
2026-09-08T16:59:12.105,5.00498,39,95,12,7,R12C7,0,0,1
2026-09-08T16:59:12.105,5.00498,39,96,12,8,R12C8,0,0,1
2026-09-08T16:59:12.698,5.505078,40,1,1,1,R1C2,1.151765,0.558823,0
2026-09-08T16:59:12.698,5.505078,40,2,1,2,R1C3,0.038824,1.0,0
2026-09-08T16:59:12.698,5.505078,40,3,1,3,R1C4,1.527059,0.0,0
2026-09-08T16:59:12.698,5.505078,40,4,1,4,R1C5,0.815294,0.89011,0
2026-09-08T16:59:12.698,5.505078,40,5,1,5,R1C6,0.970588,0.886948,0
2026-09-08T16:59:12.698,5.505078,40,6,1,6,R1C7,0,0,1
2026-09-08T16:59:12.698,5.505078,40,7,1,7,R1C8,0,0,1
2026-09-08T16:59:12.698,5.505078,40,8,1,8,R1C9,0,0,1
2026-09-08T16:59:12.698,5.505078,40,9,2,1,R2C3,0.038824,1.0,0
2026-09-08T16:59:12.698,5.505078,40,10,2,2,R2C4,1.475294,0.085303,0
2026-09-08T16:59:12.698,5.505078,40,11,2,3,R2C5,0.181176,1.0,0
2026-09-08T16:59:12.698,5.505078,40,12,2,4,R2C6,1.527059,0.0,0
2026-09-08T16:59:12.698,5.505078,40,13,2,5,R2C7,0,0,1
2026-09-08T16:59:12.698,5.505078,40,14,2,6,R2C8,0,0,1
2026-09-08T16:59:12.698,5.505078,40,15,2,7,R2C9,0,0,1
2026-09-08T16:59:12.698,5.505078,40,16,2,8,R2C10,0,0,1
2026-09-08T16:59:12.698,5.505078,40,17,3,1,R3C4,1.591765,0.0,0
2026-09-08T16:59:12.698,5.505078,40,18,3,2,R3C5,1.501176,0.009385,0
2026-09-08T16:59:12.698,5.505078,40,19,3,3,R3C6,1.604706,0.0,0
2026-09-08T16:59:12.698,5.505078,40,20,3,4,R3C7,0,0,1
2026-09-08T16:59:12.698,5.505078,40,21,3,5,R3C8,0,0,1
2026-09-08T16:59:12.698,5.505078,40,22,3,6,R3C9,0,0,1
2026-09-08T16:59:12.698,5.505078,40,23,3,7,R3C10,0,0,1
2026-09-08T16:59:12.698,5.505078,40,24,3,8,R3C11,0,0,1
2026-09-08T16:59:12.698,5.505078,40,25,4,1,R4C5,1.501176,0.0,0
2026-09-08T16:59:12.698,5.505078,40,26,4,2,R4C6,1.371765,0.201681,0
2026-09-08T16:59:12.698,5.505078,40,27,4,3,R4C7,0,0,1
2026-09-08T16:59:12.698,5.505078,40,28,4,4,R4C8,0,0,1
2026-09-08T16:59:12.698,5.505078,40,29,4,5,R4C9,0,0,1
2026-09-08T16:59:12.698,5.505078,40,30,4,6,R4C10,0,0,1
2026-09-08T16:59:12.698,5.505078,40,31,4,7,R4C11,0,0,1
2026-09-08T16:59:12.698,5.505078,40,32,4,8,R4C12,0,0,1
2026-09-08T16:59:12.698,5.505078,40,33,5,1,R5C6,1.591765,0.0,0
2026-09-08T16:59:12.698,5.505078,40,34,5,2,R5C7,0,0,1
2026-09-08T16:59:12.698,5.505078,40,35,5,3,R5C8,0,0,1
2026-09-08T16:59:12.698,5.505078,40,36,5,4,R5C9,0,0,1
2026-09-08T16:59:12.698,5.505078,40,37,5,5,R5C10,0,0,1
2026-09-08T16:59:12.698,5.505078,40,38,5,6,R5C11,0,0,1
2026-09-08T16:59:12.698,5.505078,40,39,5,7,R5C12,0,0,1
2026-09-08T16:59:12.698,5.505078,40,40,5,8,R5C1,0.038824,1.0,0
2026-09-08T16:59:12.698,5.505078,40,41,6,1,R6C7,0,0,1
2026-09-08T16:59:12.698,5.505078,40,42,6,2,R6C8,0,0,1
2026-09-08T16:59:12.698,5.505078,40,43,6,3,R6C9,0,0,1
2026-09-08T16:59:12.698,5.505078,40,44,6,4,R6C10,0,0,1
2026-09-08T16:59:12.698,5.505078,40,45,6,5,R6C11,0,0,1
2026-09-08T16:59:12.698,5.505078,40,46,6,6,R6C12,0,0,1
2026-09-08T16:59:12.698,5.505078,40,47,6,7,R6C1,1.785882,0.0,0
2026-09-08T16:59:12.698,5.505078,40,48,6,8,R6C2,1.798823,0.0,0
2026-09-08T16:59:12.698,5.505078,40,49,7,1,R7C8,0,0,1
2026-09-08T16:59:12.698,5.505078,40,50,7,2,R7C9,0,0,1
2026-09-08T16:59:12.698,5.505078,40,51,7,3,R7C10,0,0,1
2026-09-08T16:59:12.698,5.505078,40,52,7,4,R7C11,0,0,1
2026-09-08T16:59:12.698,5.505078,40,53,7,5,R7C12,0,0,1
2026-09-08T16:59:12.698,5.505078,40,54,7,6,R7C1,1.734118,0.0,0
2026-09-08T16:59:12.698,5.505078,40,55,7,7,R7C2,1.242353,0.0,0
2026-09-08T16:59:12.698,5.505078,40,56,7,8,R7C3,1.617647,0.0,0
2026-09-08T16:59:12.698,5.505078,40,57,8,1,R8C9,0,0,1
2026-09-08T16:59:12.698,5.505078,40,58,8,2,R8C10,0,0,1
2026-09-08T16:59:12.698,5.505078,40,59,8,3,R8C11,0,0,1
2026-09-08T16:59:12.698,5.505078,40,60,8,4,R8C12,0,0,1
2026-09-08T16:59:12.698,5.505078,40,61,8,5,R8C1,1.488235,0.03024,0
2026-09-08T16:59:12.698,5.505078,40,62,8,6,R8C2,1.811765,0.0,0
2026-09-08T16:59:12.698,5.505078,40,63,8,7,R8C3,1.798823,0.0,0
2026-09-08T16:59:12.698,5.505078,40,64,8,8,R8C4,1.798823,0.0,0
2026-09-08T16:59:12.698,5.505078,40,65,9,1,R9C10,0,0,1
2026-09-08T16:59:12.698,5.505078,40,66,9,2,R9C11,0,0,1
2026-09-08T16:59:12.698,5.505078,40,67,9,3,R9C12,0,0,1
2026-09-08T16:59:12.698,5.505078,40,68,9,4,R9C1,0,0,1
2026-09-08T16:59:12.698,5.505078,40,69,9,5,R9C2,0,0,1
2026-09-08T16:59:12.698,5.505078,40,70,9,6,R9C3,0,0,1
2026-09-08T16:59:12.698,5.505078,40,71,9,7,R9C4,0,0,1
2026-09-08T16:59:12.698,5.505078,40,72,9,8,R9C5,0,0,1
2026-09-08T16:59:12.698,5.505078,40,73,10,1,R10C11,0,0,1
2026-09-08T16:59:12.698,5.505078,40,74,10,2,R10C12,0,0,1
2026-09-08T16:59:12.698,5.505078,40,75,10,3,R10C1,0,0,1
2026-09-08T16:59:12.698,5.505078,40,76,10,4,R10C2,0,0,1
2026-09-08T16:59:12.698,5.505078,40,77,10,5,R10C3,0,0,1
2026-09-08T16:59:12.698,5.505078,40,78,10,6,R10C4,0,0,1
2026-09-08T16:59:12.698,5.505078,40,79,10,7,R10C5,0,0,1
2026-09-08T16:59:12.698,5.505078,40,80,10,8,R10C6,0,0,1
2026-09-08T16:59:12.698,5.505078,40,81,11,1,R11C12,0,0,1
2026-09-08T16:59:12.698,5.505078,40,82,11,2,R11C1,0,0,1
2026-09-08T16:59:12.698,5.505078,40,83,11,3,R11C2,0,0,1
2026-09-08T16:59:12.698,5.505078,40,84,11,4,R11C3,0,0,1
2026-09-08T16:59:12.698,5.505078,40,85,11,5,R11C4,0,0,1
2026-09-08T16:59:12.698,5.505078,40,86,11,6,R11C5,0,0,1
2026-09-08T16:59:12.698,5.505078,40,87,11,7,R11C6,0,0,1
2026-09-08T16:59:12.698,5.505078,40,88,11,8,R11C7,0,0,1
2026-09-08T16:59:12.698,5.505078,40,89,12,1,R12C1,0,0,1
2026-09-08T16:59:12.698,5.505078,40,90,12,2,R12C2,0,0,1
2026-09-08T16:59:12.698,5.505078,40,91,12,3,R12C3,0,0,1
2026-09-08T16:59:12.698,5.505078,40,92,12,4,R12C4,0,0,1
2026-09-08T16:59:12.698,5.505078,40,93,12,5,R12C5,0,0,1
2026-09-08T16:59:12.698,5.505078,40,94,12,6,R12C6,0,0,1
2026-09-08T16:59:12.698,5.505078,40,95,12,7,R12C7,0,0,1
2026-09-08T16:59:12.698,5.505078,40,96,12,8,R12C8,0,0,1
2026-09-08T16:59:13.221,6.004977,41,1,1,1,R1C2,1.1,0.642857,0
2026-09-08T16:59:13.221,6.004977,41,2,1,2,R1C3,0.038824,1.0,0
2026-09-08T16:59:13.221,6.004977,41,3,1,3,R1C4,1.501176,0.0,0
2026-09-08T16:59:13.221,6.004977,41,4,1,4,R1C5,0.841176,0.84127,0
2026-09-08T16:59:13.221,6.004977,41,5,1,5,R1C6,0.996471,0.845838,0
2026-09-08T16:59:13.221,6.004977,41,6,1,6,R1C7,0,0,1
2026-09-08T16:59:13.221,6.004977,41,7,1,7,R1C8,0,0,1
2026-09-08T16:59:13.221,6.004977,41,8,1,8,R1C9,0,0,1
2026-09-08T16:59:13.221,6.004977,41,9,2,1,R2C3,0.038824,1.0,0
2026-09-08T16:59:13.221,6.004977,41,10,2,2,R2C4,1.475294,0.085303,0
2026-09-08T16:59:13.221,6.004977,41,11,2,3,R2C5,0.038824,1.0,0
2026-09-08T16:59:13.221,6.004977,41,12,2,4,R2C6,1.449412,0.0,0
2026-09-08T16:59:13.221,6.004977,41,13,2,5,R2C7,0,0,1
2026-09-08T16:59:13.221,6.004977,41,14,2,6,R2C8,0,0,1
2026-09-08T16:59:13.221,6.004977,41,15,2,7,R2C9,0,0,1
2026-09-08T16:59:13.221,6.004977,41,16,2,8,R2C10,0,0,1
2026-09-08T16:59:13.221,6.004977,41,17,3,1,R3C4,1.591765,0.0,0
2026-09-08T16:59:13.221,6.004977,41,18,3,2,R3C5,1.32,0.301356,0
2026-09-08T16:59:13.221,6.004977,41,19,3,3,R3C6,1.734118,0.0,0
2026-09-08T16:59:13.221,6.004977,41,20,3,4,R3C7,0,0,1
2026-09-08T16:59:13.221,6.004977,41,21,3,5,R3C8,0,0,1
2026-09-08T16:59:13.221,6.004977,41,22,3,6,R3C9,0,0,1
2026-09-08T16:59:13.221,6.004977,41,23,3,7,R3C10,0,0,1
2026-09-08T16:59:13.221,6.004977,41,24,3,8,R3C11,0,0,1
2026-09-08T16:59:13.221,6.004977,41,25,4,1,R4C5,1.501176,0.0,0
2026-09-08T16:59:13.221,6.004977,41,26,4,2,R4C6,1.332941,0.264706,0
2026-09-08T16:59:13.221,6.004977,41,27,4,3,R4C7,0,0,1
2026-09-08T16:59:13.221,6.004977,41,28,4,4,R4C8,0,0,1
2026-09-08T16:59:13.221,6.004977,41,29,4,5,R4C9,0,0,1
2026-09-08T16:59:13.221,6.004977,41,30,4,6,R4C10,0,0,1
2026-09-08T16:59:13.221,6.004977,41,31,4,7,R4C11,0,0,1
2026-09-08T16:59:13.221,6.004977,41,32,4,8,R4C12,0,0,1
2026-09-08T16:59:13.221,6.004977,41,33,5,1,R5C6,1.578824,0.0,0
2026-09-08T16:59:13.221,6.004977,41,34,5,2,R5C7,0,0,1
2026-09-08T16:59:13.221,6.004977,41,35,5,3,R5C8,0,0,1
2026-09-08T16:59:13.221,6.004977,41,36,5,4,R5C9,0,0,1
2026-09-08T16:59:13.221,6.004977,41,37,5,5,R5C10,0,0,1
2026-09-08T16:59:13.221,6.004977,41,38,5,6,R5C11,0,0,1
2026-09-08T16:59:13.221,6.004977,41,39,5,7,R5C12,0,0,1
2026-09-08T16:59:13.221,6.004977,41,40,5,8,R5C1,0.038824,1.0,0
2026-09-08T16:59:13.221,6.004977,41,41,6,1,R6C7,0,0,1
2026-09-08T16:59:13.221,6.004977,41,42,6,2,R6C8,0,0,1
2026-09-08T16:59:13.221,6.004977,41,43,6,3,R6C9,0,0,1
2026-09-08T16:59:13.221,6.004977,41,44,6,4,R6C10,0,0,1
2026-09-08T16:59:13.221,6.004977,41,45,6,5,R6C11,0,0,1
2026-09-08T16:59:13.221,6.004977,41,46,6,6,R6C12,0,0,1
2026-09-08T16:59:13.221,6.004977,41,47,6,7,R6C1,1.772941,0.0,0
2026-09-08T16:59:13.221,6.004977,41,48,6,8,R6C2,1.798823,0.0,0
2026-09-08T16:59:13.221,6.004977,41,49,7,1,R7C8,0,0,1
2026-09-08T16:59:13.221,6.004977,41,50,7,2,R7C9,0,0,1
2026-09-08T16:59:13.221,6.004977,41,51,7,3,R7C10,0,0,1
2026-09-08T16:59:13.221,6.004977,41,52,7,4,R7C11,0,0,1
2026-09-08T16:59:13.221,6.004977,41,53,7,5,R7C12,0,0,1
2026-09-08T16:59:13.221,6.004977,41,54,7,6,R7C1,1.734118,0.0,0
2026-09-08T16:59:13.221,6.004977,41,55,7,7,R7C2,1.229412,0.0,0
2026-09-08T16:59:13.221,6.004977,41,56,7,8,R7C3,1.617647,0.0,0
2026-09-08T16:59:13.221,6.004977,41,57,8,1,R8C9,0,0,1
2026-09-08T16:59:13.221,6.004977,41,58,8,2,R8C10,0,0,1
2026-09-08T16:59:13.221,6.004977,41,59,8,3,R8C11,0,0,1
2026-09-08T16:59:13.221,6.004977,41,60,8,4,R8C12,0,0,1
2026-09-08T16:59:13.221,6.004977,41,61,8,5,R8C1,1.423529,0.134515,0
2026-09-08T16:59:13.221,6.004977,41,62,8,6,R8C2,1.811765,0.0,0
2026-09-08T16:59:13.221,6.004977,41,63,8,7,R8C3,1.798823,0.0,0
2026-09-08T16:59:13.221,6.004977,41,64,8,8,R8C4,1.798823,0.0,0
2026-09-08T16:59:13.221,6.004977,41,65,9,1,R9C10,0,0,1
2026-09-08T16:59:13.221,6.004977,41,66,9,2,R9C11,0,0,1
2026-09-08T16:59:13.221,6.004977,41,67,9,3,R9C12,0,0,1
2026-09-08T16:59:13.221,6.004977,41,68,9,4,R9C1,0,0,1
2026-09-08T16:59:13.221,6.004977,41,69,9,5,R9C2,0,0,1
2026-09-08T16:59:13.221,6.004977,41,70,9,6,R9C3,0,0,1
2026-09-08T16:59:13.221,6.004977,41,71,9,7,R9C4,0,0,1
2026-09-08T16:59:13.221,6.004977,41,72,9,8,R9C5,0,0,1
2026-09-08T16:59:13.221,6.004977,41,73,10,1,R10C11,0,0,1
2026-09-08T16:59:13.221,6.004977,41,74,10,2,R10C12,0,0,1
2026-09-08T16:59:13.221,6.004977,41,75,10,3,R10C1,0,0,1
2026-09-08T16:59:13.221,6.004977,41,76,10,4,R10C2,0,0,1
2026-09-08T16:59:13.221,6.004977,41,77,10,5,R10C3,0,0,1
2026-09-08T16:59:13.221,6.004977,41,78,10,6,R10C4,0,0,1
2026-09-08T16:59:13.221,6.004977,41,79,10,7,R10C5,0,0,1
2026-09-08T16:59:13.221,6.004977,41,80,10,8,R10C6,0,0,1
2026-09-08T16:59:13.221,6.004977,41,81,11,1,R11C12,0,0,1
2026-09-08T16:59:13.221,6.004977,41,82,11,2,R11C1,0,0,1
2026-09-08T16:59:13.221,6.004977,41,83,11,3,R11C2,0,0,1
2026-09-08T16:59:13.221,6.004977,41,84,11,4,R11C3,0,0,1
2026-09-08T16:59:13.221,6.004977,41,85,11,5,R11C4,0,0,1
2026-09-08T16:59:13.221,6.004977,41,86,11,6,R11C5,0,0,1
2026-09-08T16:59:13.221,6.004977,41,87,11,7,R11C6,0,0,1
2026-09-08T16:59:13.221,6.004977,41,88,11,8,R11C7,0,0,1
2026-09-08T16:59:13.221,6.004977,41,89,12,1,R12C1,0,0,1
2026-09-08T16:59:13.221,6.004977,41,90,12,2,R12C2,0,0,1
2026-09-08T16:59:13.221,6.004977,41,91,12,3,R12C3,0,0,1
2026-09-08T16:59:13.221,6.004977,41,92,12,4,R12C4,0,0,1
2026-09-08T16:59:13.221,6.004977,41,93,12,5,R12C5,0,0,1
2026-09-08T16:59:13.221,6.004977,41,94,12,6,R12C6,0,0,1
2026-09-08T16:59:13.221,6.004977,41,95,12,7,R12C7,0,0,1
2026-09-08T16:59:13.221,6.004977,41,96,12,8,R12C8,0,0,1
2026-09-08T16:59:13.592,6.505034,42,1,1,1,R1C2,1.294118,0.327731,0
2026-09-08T16:59:13.592,6.505034,42,2,1,2,R1C3,0.038824,1.0,0
2026-09-08T16:59:13.592,6.505034,42,3,1,3,R1C4,1.514118,0.0,0
2026-09-08T16:59:13.592,6.505034,42,4,1,4,R1C5,0.724706,1.0,0
2026-09-08T16:59:13.592,6.505034,42,5,1,5,R1C6,1.527059,0.003083,0
2026-09-08T16:59:13.592,6.505034,42,6,1,6,R1C7,0,0,1
2026-09-08T16:59:13.592,6.505034,42,7,1,7,R1C8,0,0,1
2026-09-08T16:59:13.592,6.505034,42,8,1,8,R1C9,0,0,1
2026-09-08T16:59:13.592,6.505034,42,9,2,1,R2C3,0.038824,1.0,0
2026-09-08T16:59:13.592,6.505034,42,10,2,2,R2C4,1.462353,0.105858,0
2026-09-08T16:59:13.592,6.505034,42,11,2,3,R2C5,0.310588,1.0,0
2026-09-08T16:59:13.592,6.505034,42,12,2,4,R2C6,1.501176,0.0,0
2026-09-08T16:59:13.592,6.505034,42,13,2,5,R2C7,0,0,1
2026-09-08T16:59:13.592,6.505034,42,14,2,6,R2C8,0,0,1
2026-09-08T16:59:13.592,6.505034,42,15,2,7,R2C9,0,0,1
2026-09-08T16:59:13.592,6.505034,42,16,2,8,R2C10,0,0,1
2026-09-08T16:59:13.592,6.505034,42,17,3,1,R3C4,1.578824,0.0,0
2026-09-08T16:59:13.592,6.505034,42,18,3,2,R3C5,1.410588,0.15537,0
2026-09-08T16:59:13.592,6.505034,42,19,3,3,R3C6,1.397647,0.0,0
2026-09-08T16:59:13.592,6.505034,42,20,3,4,R3C7,0,0,1
2026-09-08T16:59:13.592,6.505034,42,21,3,5,R3C8,0,0,1
2026-09-08T16:59:13.592,6.505034,42,22,3,6,R3C9,0,0,1
2026-09-08T16:59:13.592,6.505034,42,23,3,7,R3C10,0,0,1
2026-09-08T16:59:13.592,6.505034,42,24,3,8,R3C11,0,0,1
2026-09-08T16:59:13.592,6.505034,42,25,4,1,R4C5,1.501176,0.0,0
2026-09-08T16:59:13.592,6.505034,42,26,4,2,R4C6,1.345882,0.243698,0
2026-09-08T16:59:13.592,6.505034,42,27,4,3,R4C7,0,0,1
2026-09-08T16:59:13.592,6.505034,42,28,4,4,R4C8,0,0,1
2026-09-08T16:59:13.592,6.505034,42,29,4,5,R4C9,0,0,1
2026-09-08T16:59:13.592,6.505034,42,30,4,6,R4C10,0,0,1
2026-09-08T16:59:13.592,6.505034,42,31,4,7,R4C11,0,0,1
2026-09-08T16:59:13.592,6.505034,42,32,4,8,R4C12,0,0,1
2026-09-08T16:59:13.592,6.505034,42,33,5,1,R5C6,1.578824,0.0,0
2026-09-08T16:59:13.592,6.505034,42,34,5,2,R5C7,0,0,1
2026-09-08T16:59:13.592,6.505034,42,35,5,3,R5C8,0,0,1
2026-09-08T16:59:13.592,6.505034,42,36,5,4,R5C9,0,0,1
2026-09-08T16:59:13.592,6.505034,42,37,5,5,R5C10,0,0,1
2026-09-08T16:59:13.592,6.505034,42,38,5,6,R5C11,0,0,1
2026-09-08T16:59:13.592,6.505034,42,39,5,7,R5C12,0,0,1
2026-09-08T16:59:13.592,6.505034,42,40,5,8,R5C1,0.038824,1.0,0
2026-09-08T16:59:13.592,6.505034,42,41,6,1,R6C7,0,0,1
2026-09-08T16:59:13.592,6.505034,42,42,6,2,R6C8,0,0,1
2026-09-08T16:59:13.592,6.505034,42,43,6,3,R6C9,0,0,1
2026-09-08T16:59:13.592,6.505034,42,44,6,4,R6C10,0,0,1
2026-09-08T16:59:13.592,6.505034,42,45,6,5,R6C11,0,0,1
2026-09-08T16:59:13.592,6.505034,42,46,6,6,R6C12,0,0,1
2026-09-08T16:59:13.592,6.505034,42,47,6,7,R6C1,1.785882,0.0,0
2026-09-08T16:59:13.592,6.505034,42,48,6,8,R6C2,1.798823,0.0,0
2026-09-08T16:59:13.592,6.505034,42,49,7,1,R7C8,0,0,1
2026-09-08T16:59:13.592,6.505034,42,50,7,2,R7C9,0,0,1
2026-09-08T16:59:13.592,6.505034,42,51,7,3,R7C10,0,0,1
2026-09-08T16:59:13.592,6.505034,42,52,7,4,R7C11,0,0,1
2026-09-08T16:59:13.592,6.505034,42,53,7,5,R7C12,0,0,1
2026-09-08T16:59:13.592,6.505034,42,54,7,6,R7C1,1.734118,0.0,0
2026-09-08T16:59:13.592,6.505034,42,55,7,7,R7C2,1.216471,0.0,0
2026-09-08T16:59:13.592,6.505034,42,56,7,8,R7C3,1.630588,0.0,0
2026-09-08T16:59:13.592,6.505034,42,57,8,1,R8C9,0,0,1
2026-09-08T16:59:13.592,6.505034,42,58,8,2,R8C10,0,0,1
2026-09-08T16:59:13.592,6.505034,42,59,8,3,R8C11,0,0,1
2026-09-08T16:59:13.592,6.505034,42,60,8,4,R8C12,0,0,1
2026-09-08T16:59:13.592,6.505034,42,61,8,5,R8C1,1.475294,0.051095,0
2026-09-08T16:59:13.592,6.505034,42,62,8,6,R8C2,1.811765,0.0,0
2026-09-08T16:59:13.592,6.505034,42,63,8,7,R8C3,1.798823,0.0,0
2026-09-08T16:59:13.592,6.505034,42,64,8,8,R8C4,1.798823,0.0,0
2026-09-08T16:59:13.592,6.505034,42,65,9,1,R9C10,0,0,1
2026-09-08T16:59:13.592,6.505034,42,66,9,2,R9C11,0,0,1
2026-09-08T16:59:13.592,6.505034,42,67,9,3,R9C12,0,0,1
2026-09-08T16:59:13.592,6.505034,42,68,9,4,R9C1,0,0,1
2026-09-08T16:59:13.592,6.505034,42,69,9,5,R9C2,0,0,1
2026-09-08T16:59:13.592,6.505034,42,70,9,6,R9C3,0,0,1
2026-09-08T16:59:13.592,6.505034,42,71,9,7,R9C4,0,0,1
2026-09-08T16:59:13.592,6.505034,42,72,9,8,R9C5,0,0,1
2026-09-08T16:59:13.592,6.505034,42,73,10,1,R10C11,0,0,1
2026-09-08T16:59:13.592,6.505034,42,74,10,2,R10C12,0,0,1
2026-09-08T16:59:13.592,6.505034,42,75,10,3,R10C1,0,0,1
2026-09-08T16:59:13.592,6.505034,42,76,10,4,R10C2,0,0,1
2026-09-08T16:59:13.592,6.505034,42,77,10,5,R10C3,0,0,1
2026-09-08T16:59:13.592,6.505034,42,78,10,6,R10C4,0,0,1
2026-09-08T16:59:13.592,6.505034,42,79,10,7,R10C5,0,0,1
2026-09-08T16:59:13.592,6.505034,42,80,10,8,R10C6,0,0,1
2026-09-08T16:59:13.592,6.505034,42,81,11,1,R11C12,0,0,1
2026-09-08T16:59:13.592,6.505034,42,82,11,2,R11C1,0,0,1
2026-09-08T16:59:13.592,6.505034,42,83,11,3,R11C2,0,0,1
2026-09-08T16:59:13.592,6.505034,42,84,11,4,R11C3,0,0,1
2026-09-08T16:59:13.592,6.505034,42,85,11,5,R11C4,0,0,1
2026-09-08T16:59:13.592,6.505034,42,86,11,6,R11C5,0,0,1
2026-09-08T16:59:13.592,6.505034,42,87,11,7,R11C6,0,0,1
2026-09-08T16:59:13.592,6.505034,42,88,11,8,R11C7,0,0,1
2026-09-08T16:59:13.592,6.505034,42,89,12,1,R12C1,0,0,1
2026-09-08T16:59:13.592,6.505034,42,90,12,2,R12C2,0,0,1
2026-09-08T16:59:13.592,6.505034,42,91,12,3,R12C3,0,0,1
2026-09-08T16:59:13.592,6.505034,42,92,12,4,R12C4,0,0,1
2026-09-08T16:59:13.592,6.505034,42,93,12,5,R12C5,0,0,1
2026-09-08T16:59:13.592,6.505034,42,94,12,6,R12C6,0,0,1
2026-09-08T16:59:13.592,6.505034,42,95,12,7,R12C7,0,0,1
2026-09-08T16:59:13.592,6.505034,42,96,12,8,R12C8,0,0,1
2026-09-08T16:59:14.189,7.004947,43,1,1,1,R1C2,1.203529,0.47479,0
2026-09-08T16:59:14.189,7.004947,43,2,1,2,R1C3,0.038824,1.0,0
2026-09-08T16:59:14.189,7.004947,43,3,1,3,R1C4,1.552941,0.0,0
2026-09-08T16:59:14.189,7.004947,43,4,1,4,R1C5,0.672941,1.0,0
2026-09-08T16:59:14.189,7.004947,43,5,1,5,R1C6,0.310588,1.0,0
2026-09-08T16:59:14.189,7.004947,43,6,1,6,R1C7,0,0,1
2026-09-08T16:59:14.189,7.004947,43,7,1,7,R1C8,0,0,1
2026-09-08T16:59:14.189,7.004947,43,8,1,8,R1C9,0,0,1
2026-09-08T16:59:14.189,7.004947,43,9,2,1,R2C3,0.038824,1.0,0
2026-09-08T16:59:14.189,7.004947,43,10,2,2,R2C4,1.578824,0.0,0
2026-09-08T16:59:14.189,7.004947,43,11,2,3,R2C5,0.038824,1.0,0
2026-09-08T16:59:14.189,7.004947,43,12,2,4,R2C6,1.488235,0.0,0
2026-09-08T16:59:14.189,7.004947,43,13,2,5,R2C7,0,0,1
2026-09-08T16:59:14.189,7.004947,43,14,2,6,R2C8,0,0,1
2026-09-08T16:59:14.189,7.004947,43,15,2,7,R2C9,0,0,1
2026-09-08T16:59:14.189,7.004947,43,16,2,8,R2C10,0,0,1
2026-09-08T16:59:14.189,7.004947,43,17,3,1,R3C4,1.617647,0.0,0
2026-09-08T16:59:14.189,7.004947,43,18,3,2,R3C5,0.931765,0.927007,0
2026-09-08T16:59:14.189,7.004947,43,19,3,3,R3C6,1.307059,0.138322,0
2026-09-08T16:59:14.189,7.004947,43,20,3,4,R3C7,0,0,1
2026-09-08T16:59:14.189,7.004947,43,21,3,5,R3C8,0,0,1
2026-09-08T16:59:14.189,7.004947,43,22,3,6,R3C9,0,0,1
2026-09-08T16:59:14.189,7.004947,43,23,3,7,R3C10,0,0,1
2026-09-08T16:59:14.189,7.004947,43,24,3,8,R3C11,0,0,1
2026-09-08T16:59:14.189,7.004947,43,25,4,1,R4C5,1.501176,0.0,0
2026-09-08T16:59:14.189,7.004947,43,26,4,2,R4C6,1.371765,0.201681,0
2026-09-08T16:59:14.189,7.004947,43,27,4,3,R4C7,0,0,1
2026-09-08T16:59:14.189,7.004947,43,28,4,4,R4C8,0,0,1
2026-09-08T16:59:14.189,7.004947,43,29,4,5,R4C9,0,0,1
2026-09-08T16:59:14.189,7.004947,43,30,4,6,R4C10,0,0,1
2026-09-08T16:59:14.189,7.004947,43,31,4,7,R4C11,0,0,1
2026-09-08T16:59:14.189,7.004947,43,32,4,8,R4C12,0,0,1
2026-09-08T16:59:14.189,7.004947,43,33,5,1,R5C6,1.578824,0.0,0
2026-09-08T16:59:14.189,7.004947,43,34,5,2,R5C7,0,0,1
2026-09-08T16:59:14.189,7.004947,43,35,5,3,R5C8,0,0,1
2026-09-08T16:59:14.189,7.004947,43,36,5,4,R5C9,0,0,1
2026-09-08T16:59:14.189,7.004947,43,37,5,5,R5C10,0,0,1
2026-09-08T16:59:14.189,7.004947,43,38,5,6,R5C11,0,0,1
2026-09-08T16:59:14.189,7.004947,43,39,5,7,R5C12,0,0,1
2026-09-08T16:59:14.189,7.004947,43,40,5,8,R5C1,0.038824,1.0,0
2026-09-08T16:59:14.189,7.004947,43,41,6,1,R6C7,0,0,1
2026-09-08T16:59:14.189,7.004947,43,42,6,2,R6C8,0,0,1
2026-09-08T16:59:14.189,7.004947,43,43,6,3,R6C9,0,0,1
2026-09-08T16:59:14.189,7.004947,43,44,6,4,R6C10,0,0,1
2026-09-08T16:59:14.189,7.004947,43,45,6,5,R6C11,0,0,1
2026-09-08T16:59:14.189,7.004947,43,46,6,6,R6C12,0,0,1
2026-09-08T16:59:14.189,7.004947,43,47,6,7,R6C1,1.772941,0.0,0
2026-09-08T16:59:14.189,7.004947,43,48,6,8,R6C2,1.798823,0.0,0
2026-09-08T16:59:14.189,7.004947,43,49,7,1,R7C8,0,0,1
2026-09-08T16:59:14.189,7.004947,43,50,7,2,R7C9,0,0,1
2026-09-08T16:59:14.189,7.004947,43,51,7,3,R7C10,0,0,1
2026-09-08T16:59:14.189,7.004947,43,52,7,4,R7C11,0,0,1
2026-09-08T16:59:14.189,7.004947,43,53,7,5,R7C12,0,0,1
2026-09-08T16:59:14.189,7.004947,43,54,7,6,R7C1,1.747059,0.0,0
2026-09-08T16:59:14.189,7.004947,43,55,7,7,R7C2,1.216471,0.0,0
2026-09-08T16:59:14.189,7.004947,43,56,7,8,R7C3,1.617647,0.0,0
2026-09-08T16:59:14.189,7.004947,43,57,8,1,R8C9,0,0,1
2026-09-08T16:59:14.189,7.004947,43,58,8,2,R8C10,0,0,1
2026-09-08T16:59:14.189,7.004947,43,59,8,3,R8C11,0,0,1
2026-09-08T16:59:14.189,7.004947,43,60,8,4,R8C12,0,0,1
2026-09-08T16:59:14.189,7.004947,43,61,8,5,R8C1,1.462353,0.07195,0
2026-09-08T16:59:14.189,7.004947,43,62,8,6,R8C2,1.811765,0.0,0
2026-09-08T16:59:14.189,7.004947,43,63,8,7,R8C3,1.798823,0.0,0
2026-09-08T16:59:14.189,7.004947,43,64,8,8,R8C4,1.798823,0.0,0
2026-09-08T16:59:14.189,7.004947,43,65,9,1,R9C10,0,0,1
2026-09-08T16:59:14.189,7.004947,43,66,9,2,R9C11,0,0,1
2026-09-08T16:59:14.189,7.004947,43,67,9,3,R9C12,0,0,1
2026-09-08T16:59:14.189,7.004947,43,68,9,4,R9C1,0,0,1
2026-09-08T16:59:14.189,7.004947,43,69,9,5,R9C2,0,0,1
2026-09-08T16:59:14.189,7.004947,43,70,9,6,R9C3,0,0,1
2026-09-08T16:59:14.189,7.004947,43,71,9,7,R9C4,0,0,1
2026-09-08T16:59:14.189,7.004947,43,72,9,8,R9C5,0,0,1
2026-09-08T16:59:14.189,7.004947,43,73,10,1,R10C11,0,0,1
2026-09-08T16:59:14.189,7.004947,43,74,10,2,R10C12,0,0,1
2026-09-08T16:59:14.189,7.004947,43,75,10,3,R10C1,0,0,1
2026-09-08T16:59:14.189,7.004947,43,76,10,4,R10C2,0,0,1
2026-09-08T16:59:14.189,7.004947,43,77,10,5,R10C3,0,0,1
2026-09-08T16:59:14.189,7.004947,43,78,10,6,R10C4,0,0,1
2026-09-08T16:59:14.189,7.004947,43,79,10,7,R10C5,0,0,1
2026-09-08T16:59:14.189,7.004947,43,80,10,8,R10C6,0,0,1
2026-09-08T16:59:14.189,7.004947,43,81,11,1,R11C12,0,0,1
2026-09-08T16:59:14.189,7.004947,43,82,11,2,R11C1,0,0,1
2026-09-08T16:59:14.189,7.004947,43,83,11,3,R11C2,0,0,1
2026-09-08T16:59:14.189,7.004947,43,84,11,4,R11C3,0,0,1
2026-09-08T16:59:14.189,7.004947,43,85,11,5,R11C4,0,0,1
2026-09-08T16:59:14.189,7.004947,43,86,11,6,R11C5,0,0,1
2026-09-08T16:59:14.189,7.004947,43,87,11,7,R11C6,0,0,1
2026-09-08T16:59:14.189,7.004947,43,88,11,8,R11C7,0,0,1
2026-09-08T16:59:14.189,7.004947,43,89,12,1,R12C1,0,0,1
2026-09-08T16:59:14.189,7.004947,43,90,12,2,R12C2,0,0,1
2026-09-08T16:59:14.189,7.004947,43,91,12,3,R12C3,0,0,1
2026-09-08T16:59:14.189,7.004947,43,92,12,4,R12C4,0,0,1
2026-09-08T16:59:14.189,7.004947,43,93,12,5,R12C5,0,0,1
2026-09-08T16:59:14.189,7.004947,43,94,12,6,R12C6,0,0,1
2026-09-08T16:59:14.189,7.004947,43,95,12,7,R12C7,0,0,1
2026-09-08T16:59:14.189,7.004947,43,96,12,8,R12C8,0,0,1
2026-09-08T16:59:14.707,7.506142,44,1,1,1,R1C2,1.112941,0.621849,0
2026-09-08T16:59:14.707,7.506142,44,2,1,2,R1C3,0.038824,1.0,0
2026-09-08T16:59:14.707,7.506142,44,3,1,3,R1C4,1.552941,0.0,0
2026-09-08T16:59:14.707,7.506142,44,4,1,4,R1C5,0.698824,1.0,0
2026-09-08T16:59:14.707,7.506142,44,5,1,5,R1C6,0.867059,1.0,0
2026-09-08T16:59:14.707,7.506142,44,6,1,6,R1C7,0,0,1
2026-09-08T16:59:14.707,7.506142,44,7,1,7,R1C8,0,0,1
2026-09-08T16:59:14.707,7.506142,44,8,1,8,R1C9,0,0,1
2026-09-08T16:59:14.707,7.506142,44,9,2,1,R2C3,0.038824,1.0,0
2026-09-08T16:59:14.707,7.506142,44,10,2,2,R2C4,1.617647,0.0,0
2026-09-08T16:59:14.707,7.506142,44,11,2,3,R2C5,1.708235,0.0,0
2026-09-08T16:59:14.707,7.506142,44,12,2,4,R2C6,1.772941,0.0,0
2026-09-08T16:59:14.707,7.506142,44,13,2,5,R2C7,0,0,1
2026-09-08T16:59:14.707,7.506142,44,14,2,6,R2C8,0,0,1
2026-09-08T16:59:14.707,7.506142,44,15,2,7,R2C9,0,0,1
2026-09-08T16:59:14.707,7.506142,44,16,2,8,R2C10,0,0,1
2026-09-08T16:59:14.707,7.506142,44,17,3,1,R3C4,1.76,0.0,0
2026-09-08T16:59:14.707,7.506142,44,18,3,2,R3C5,1.798823,0.0,0
2026-09-08T16:59:14.707,7.506142,44,19,3,3,R3C6,1.798823,0.0,0
2026-09-08T16:59:14.707,7.506142,44,20,3,4,R3C7,0,0,1
2026-09-08T16:59:14.707,7.506142,44,21,3,5,R3C8,0,0,1
2026-09-08T16:59:14.707,7.506142,44,22,3,6,R3C9,0,0,1
2026-09-08T16:59:14.707,7.506142,44,23,3,7,R3C10,0,0,1
2026-09-08T16:59:14.707,7.506142,44,24,3,8,R3C11,0,0,1
2026-09-08T16:59:14.707,7.506142,44,25,4,1,R4C5,1.669412,0.0,0
2026-09-08T16:59:14.707,7.506142,44,26,4,2,R4C6,1.772941,0.0,0
2026-09-08T16:59:14.707,7.506142,44,27,4,3,R4C7,0,0,1
2026-09-08T16:59:14.707,7.506142,44,28,4,4,R4C8,0,0,1
2026-09-08T16:59:14.707,7.506142,44,29,4,5,R4C9,0,0,1
2026-09-08T16:59:14.707,7.506142,44,30,4,6,R4C10,0,0,1
2026-09-08T16:59:14.707,7.506142,44,31,4,7,R4C11,0,0,1
2026-09-08T16:59:14.707,7.506142,44,32,4,8,R4C12,0,0,1
2026-09-08T16:59:14.707,7.506142,44,33,5,1,R5C6,1.798823,0.0,0
2026-09-08T16:59:14.707,7.506142,44,34,5,2,R5C7,0,0,1
2026-09-08T16:59:14.707,7.506142,44,35,5,3,R5C8,0,0,1
2026-09-08T16:59:14.707,7.506142,44,36,5,4,R5C9,0,0,1
2026-09-08T16:59:14.707,7.506142,44,37,5,5,R5C10,0,0,1
2026-09-08T16:59:14.707,7.506142,44,38,5,6,R5C11,0,0,1
2026-09-08T16:59:14.707,7.506142,44,39,5,7,R5C12,0,0,1
2026-09-08T16:59:14.707,7.506142,44,40,5,8,R5C1,1.798823,0.0,0
2026-09-08T16:59:14.707,7.506142,44,41,6,1,R6C7,0,0,1
2026-09-08T16:59:14.707,7.506142,44,42,6,2,R6C8,0,0,1
2026-09-08T16:59:14.707,7.506142,44,43,6,3,R6C9,0,0,1
2026-09-08T16:59:14.707,7.506142,44,44,6,4,R6C10,0,0,1
2026-09-08T16:59:14.707,7.506142,44,45,6,5,R6C11,0,0,1
2026-09-08T16:59:14.707,7.506142,44,46,6,6,R6C12,0,0,1
2026-09-08T16:59:14.707,7.506142,44,47,6,7,R6C1,1.798823,0.0,0
2026-09-08T16:59:14.707,7.506142,44,48,6,8,R6C2,1.798823,0.0,0
2026-09-08T16:59:14.707,7.506142,44,49,7,1,R7C8,0,0,1
2026-09-08T16:59:14.707,7.506142,44,50,7,2,R7C9,0,0,1
2026-09-08T16:59:14.707,7.506142,44,51,7,3,R7C10,0,0,1
2026-09-08T16:59:14.707,7.506142,44,52,7,4,R7C11,0,0,1
2026-09-08T16:59:14.707,7.506142,44,53,7,5,R7C12,0,0,1
2026-09-08T16:59:14.707,7.506142,44,54,7,6,R7C1,1.695294,0.0,0
2026-09-08T16:59:14.707,7.506142,44,55,7,7,R7C2,1.164706,0.0,0
2026-09-08T16:59:14.707,7.506142,44,56,7,8,R7C3,1.785882,0.0,0
2026-09-08T16:59:14.707,7.506142,44,57,8,1,R8C9,0,0,1
2026-09-08T16:59:14.707,7.506142,44,58,8,2,R8C10,0,0,1
2026-09-08T16:59:14.707,7.506142,44,59,8,3,R8C11,0,0,1
2026-09-08T16:59:14.707,7.506142,44,60,8,4,R8C12,0,0,1
2026-09-08T16:59:14.707,7.506142,44,61,8,5,R8C1,1.436471,0.11366,0
2026-09-08T16:59:14.707,7.506142,44,62,8,6,R8C2,1.798823,0.0,0
2026-09-08T16:59:14.707,7.506142,44,63,8,7,R8C3,1.798823,0.0,0
2026-09-08T16:59:14.707,7.506142,44,64,8,8,R8C4,1.811765,0.0,0
2026-09-08T16:59:14.707,7.506142,44,65,9,1,R9C10,0,0,1
2026-09-08T16:59:14.707,7.506142,44,66,9,2,R9C11,0,0,1
2026-09-08T16:59:14.707,7.506142,44,67,9,3,R9C12,0,0,1
2026-09-08T16:59:14.707,7.506142,44,68,9,4,R9C1,0,0,1
2026-09-08T16:59:14.707,7.506142,44,69,9,5,R9C2,0,0,1
2026-09-08T16:59:14.707,7.506142,44,70,9,6,R9C3,0,0,1
2026-09-08T16:59:14.707,7.506142,44,71,9,7,R9C4,0,0,1
2026-09-08T16:59:14.707,7.506142,44,72,9,8,R9C5,0,0,1
2026-09-08T16:59:14.707,7.506142,44,73,10,1,R10C11,0,0,1
2026-09-08T16:59:14.707,7.506142,44,74,10,2,R10C12,0,0,1
2026-09-08T16:59:14.707,7.506142,44,75,10,3,R10C1,0,0,1
2026-09-08T16:59:14.707,7.506142,44,76,10,4,R10C2,0,0,1
2026-09-08T16:59:14.707,7.506142,44,77,10,5,R10C3,0,0,1
2026-09-08T16:59:14.707,7.506142,44,78,10,6,R10C4,0,0,1
2026-09-08T16:59:14.707,7.506142,44,79,10,7,R10C5,0,0,1
2026-09-08T16:59:14.707,7.506142,44,80,10,8,R10C6,0,0,1
2026-09-08T16:59:14.707,7.506142,44,81,11,1,R11C12,0,0,1
2026-09-08T16:59:14.707,7.506142,44,82,11,2,R11C1,0,0,1
2026-09-08T16:59:14.707,7.506142,44,83,11,3,R11C2,0,0,1
2026-09-08T16:59:14.707,7.506142,44,84,11,4,R11C3,0,0,1
2026-09-08T16:59:14.707,7.506142,44,85,11,5,R11C4,0,0,1
2026-09-08T16:59:14.707,7.506142,44,86,11,6,R11C5,0,0,1
2026-09-08T16:59:14.707,7.506142,44,87,11,7,R11C6,0,0,1
2026-09-08T16:59:14.707,7.506142,44,88,11,8,R11C7,0,0,1
2026-09-08T16:59:14.707,7.506142,44,89,12,1,R12C1,0,0,1
2026-09-08T16:59:14.707,7.506142,44,90,12,2,R12C2,0,0,1
2026-09-08T16:59:14.707,7.506142,44,91,12,3,R12C3,0,0,1
2026-09-08T16:59:14.707,7.506142,44,92,12,4,R12C4,0,0,1
2026-09-08T16:59:14.707,7.506142,44,93,12,5,R12C5,0,0,1
2026-09-08T16:59:14.707,7.506142,44,94,12,6,R12C6,0,0,1
2026-09-08T16:59:14.707,7.506142,44,95,12,7,R12C7,0,0,1
2026-09-08T16:59:14.707,7.506142,44,96,12,8,R12C8,0,0,1
2026-09-08T16:59:15.290,8.005962,45,1,1,1,R1C2,1.747059,0.0,0
2026-09-08T16:59:15.290,8.005962,45,2,1,2,R1C3,1.721177,0.0,0
2026-09-08T16:59:15.290,8.005962,45,3,1,3,R1C4,1.798823,0.0,0
2026-09-08T16:59:15.290,8.005962,45,4,1,4,R1C5,1.591765,0.0,0
2026-09-08T16:59:15.290,8.005962,45,5,1,5,R1C6,1.785882,0.0,0
2026-09-08T16:59:15.290,8.005962,45,6,1,6,R1C7,0,0,1
2026-09-08T16:59:15.290,8.005962,45,7,1,7,R1C8,0,0,1
2026-09-08T16:59:15.290,8.005962,45,8,1,8,R1C9,0,0,1
2026-09-08T16:59:15.290,8.005962,45,9,2,1,R2C3,1.785882,0.0,0
2026-09-08T16:59:15.290,8.005962,45,10,2,2,R2C4,1.798823,0.0,0
2026-09-08T16:59:15.290,8.005962,45,11,2,3,R2C5,1.785882,0.0,0
2026-09-08T16:59:15.290,8.005962,45,12,2,4,R2C6,1.772941,0.0,0
2026-09-08T16:59:15.290,8.005962,45,13,2,5,R2C7,0,0,1
2026-09-08T16:59:15.290,8.005962,45,14,2,6,R2C8,0,0,1
2026-09-08T16:59:15.290,8.005962,45,15,2,7,R2C9,0,0,1
2026-09-08T16:59:15.290,8.005962,45,16,2,8,R2C10,0,0,1
2026-09-08T16:59:15.290,8.005962,45,17,3,1,R3C4,1.798823,0.0,0
2026-09-08T16:59:15.290,8.005962,45,18,3,2,R3C5,1.798823,0.0,0
2026-09-08T16:59:15.290,8.005962,45,19,3,3,R3C6,1.785882,0.0,0
2026-09-08T16:59:15.290,8.005962,45,20,3,4,R3C7,0,0,1
2026-09-08T16:59:15.290,8.005962,45,21,3,5,R3C8,0,0,1
2026-09-08T16:59:15.290,8.005962,45,22,3,6,R3C9,0,0,1
2026-09-08T16:59:15.290,8.005962,45,23,3,7,R3C10,0,0,1
2026-09-08T16:59:15.290,8.005962,45,24,3,8,R3C11,0,0,1
2026-09-08T16:59:15.290,8.005962,45,25,4,1,R4C5,1.708235,0.0,0
2026-09-08T16:59:15.290,8.005962,45,26,4,2,R4C6,1.76,0.0,0
2026-09-08T16:59:15.290,8.005962,45,27,4,3,R4C7,0,0,1
2026-09-08T16:59:15.290,8.005962,45,28,4,4,R4C8,0,0,1
2026-09-08T16:59:15.290,8.005962,45,29,4,5,R4C9,0,0,1
2026-09-08T16:59:15.290,8.005962,45,30,4,6,R4C10,0,0,1
2026-09-08T16:59:15.290,8.005962,45,31,4,7,R4C11,0,0,1
2026-09-08T16:59:15.290,8.005962,45,32,4,8,R4C12,0,0,1
2026-09-08T16:59:15.290,8.005962,45,33,5,1,R5C6,1.785882,0.0,0
2026-09-08T16:59:15.290,8.005962,45,34,5,2,R5C7,0,0,1
2026-09-08T16:59:15.290,8.005962,45,35,5,3,R5C8,0,0,1
2026-09-08T16:59:15.290,8.005962,45,36,5,4,R5C9,0,0,1
2026-09-08T16:59:15.290,8.005962,45,37,5,5,R5C10,0,0,1
2026-09-08T16:59:15.290,8.005962,45,38,5,6,R5C11,0,0,1
2026-09-08T16:59:15.290,8.005962,45,39,5,7,R5C12,0,0,1
2026-09-08T16:59:15.290,8.005962,45,40,5,8,R5C1,1.798823,0.0,0
2026-09-08T16:59:15.290,8.005962,45,41,6,1,R6C7,0,0,1
2026-09-08T16:59:15.290,8.005962,45,42,6,2,R6C8,0,0,1
2026-09-08T16:59:15.290,8.005962,45,43,6,3,R6C9,0,0,1
2026-09-08T16:59:15.290,8.005962,45,44,6,4,R6C10,0,0,1
2026-09-08T16:59:15.290,8.005962,45,45,6,5,R6C11,0,0,1
2026-09-08T16:59:15.290,8.005962,45,46,6,6,R6C12,0,0,1
2026-09-08T16:59:15.290,8.005962,45,47,6,7,R6C1,1.811765,0.0,0
2026-09-08T16:59:15.290,8.005962,45,48,6,8,R6C2,1.798823,0.0,0
2026-09-08T16:59:15.290,8.005962,45,49,7,1,R7C8,0,0,1
2026-09-08T16:59:15.290,8.005962,45,50,7,2,R7C9,0,0,1
2026-09-08T16:59:15.290,8.005962,45,51,7,3,R7C10,0,0,1
2026-09-08T16:59:15.290,8.005962,45,52,7,4,R7C11,0,0,1
2026-09-08T16:59:15.290,8.005962,45,53,7,5,R7C12,0,0,1
2026-09-08T16:59:15.290,8.005962,45,54,7,6,R7C1,1.682353,0.0,0
2026-09-08T16:59:15.290,8.005962,45,55,7,7,R7C2,1.177647,0.0,0
2026-09-08T16:59:15.290,8.005962,45,56,7,8,R7C3,1.798823,0.0,0
2026-09-08T16:59:15.290,8.005962,45,57,8,1,R8C9,0,0,1
2026-09-08T16:59:15.290,8.005962,45,58,8,2,R8C10,0,0,1
2026-09-08T16:59:15.290,8.005962,45,59,8,3,R8C11,0,0,1
2026-09-08T16:59:15.290,8.005962,45,60,8,4,R8C12,0,0,1
2026-09-08T16:59:15.290,8.005962,45,61,8,5,R8C1,1.565882,0.0,0
2026-09-08T16:59:15.290,8.005962,45,62,8,6,R8C2,1.798823,0.0,0
2026-09-08T16:59:15.290,8.005962,45,63,8,7,R8C3,1.798823,0.0,0
2026-09-08T16:59:15.290,8.005962,45,64,8,8,R8C4,1.798823,0.0,0
2026-09-08T16:59:15.290,8.005962,45,65,9,1,R9C10,0,0,1
2026-09-08T16:59:15.290,8.005962,45,66,9,2,R9C11,0,0,1
2026-09-08T16:59:15.290,8.005962,45,67,9,3,R9C12,0,0,1
2026-09-08T16:59:15.290,8.005962,45,68,9,4,R9C1,0,0,1
2026-09-08T16:59:15.290,8.005962,45,69,9,5,R9C2,0,0,1
2026-09-08T16:59:15.290,8.005962,45,70,9,6,R9C3,0,0,1
2026-09-08T16:59:15.290,8.005962,45,71,9,7,R9C4,0,0,1
2026-09-08T16:59:15.290,8.005962,45,72,9,8,R9C5,0,0,1
2026-09-08T16:59:15.290,8.005962,45,73,10,1,R10C11,0,0,1
2026-09-08T16:59:15.290,8.005962,45,74,10,2,R10C12,0,0,1
2026-09-08T16:59:15.290,8.005962,45,75,10,3,R10C1,0,0,1
2026-09-08T16:59:15.290,8.005962,45,76,10,4,R10C2,0,0,1
2026-09-08T16:59:15.290,8.005962,45,77,10,5,R10C3,0,0,1
2026-09-08T16:59:15.290,8.005962,45,78,10,6,R10C4,0,0,1
2026-09-08T16:59:15.290,8.005962,45,79,10,7,R10C5,0,0,1
2026-09-08T16:59:15.290,8.005962,45,80,10,8,R10C6,0,0,1
2026-09-08T16:59:15.290,8.005962,45,81,11,1,R11C12,0,0,1
2026-09-08T16:59:15.290,8.005962,45,82,11,2,R11C1,0,0,1
2026-09-08T16:59:15.290,8.005962,45,83,11,3,R11C2,0,0,1
2026-09-08T16:59:15.290,8.005962,45,84,11,4,R11C3,0,0,1
2026-09-08T16:59:15.290,8.005962,45,85,11,5,R11C4,0,0,1
2026-09-08T16:59:15.290,8.005962,45,86,11,6,R11C5,0,0,1
2026-09-08T16:59:15.290,8.005962,45,87,11,7,R11C6,0,0,1
2026-09-08T16:59:15.290,8.005962,45,88,11,8,R11C7,0,0,1
2026-09-08T16:59:15.290,8.005962,45,89,12,1,R12C1,0,0,1
2026-09-08T16:59:15.290,8.005962,45,90,12,2,R12C2,0,0,1
2026-09-08T16:59:15.290,8.005962,45,91,12,3,R12C3,0,0,1
2026-09-08T16:59:15.290,8.005962,45,92,12,4,R12C4,0,0,1
2026-09-08T16:59:15.290,8.005962,45,93,12,5,R12C5,0,0,1
2026-09-08T16:59:15.290,8.005962,45,94,12,6,R12C6,0,0,1
2026-09-08T16:59:15.290,8.005962,45,95,12,7,R12C7,0,0,1
2026-09-08T16:59:15.290,8.005962,45,96,12,8,R12C8,0,0,1
2026-09-08T16:59:15.663,8.505013,46,1,1,1,R1C2,1.747059,0.0,0
2026-09-08T16:59:15.663,8.505013,46,2,1,2,R1C3,1.837647,0.0,0
2026-09-08T16:59:15.663,8.505013,46,3,1,3,R1C4,1.798823,0.0,0
2026-09-08T16:59:15.663,8.505013,46,4,1,4,R1C5,1.151765,0.0,0
2026-09-08T16:59:15.663,8.505013,46,5,1,5,R1C6,1.708235,0.0,0
2026-09-08T16:59:15.663,8.505013,46,6,1,6,R1C7,0,0,1
2026-09-08T16:59:15.663,8.505013,46,7,1,7,R1C8,0,0,1
2026-09-08T16:59:15.663,8.505013,46,8,1,8,R1C9,0,0,1
2026-09-08T16:59:15.663,8.505013,46,9,2,1,R2C3,1.798823,0.0,0
2026-09-08T16:59:15.663,8.505013,46,10,2,2,R2C4,1.565882,0.0,0
2026-09-08T16:59:15.663,8.505013,46,11,2,3,R2C5,0.038824,1.0,0
2026-09-08T16:59:15.663,8.505013,46,12,2,4,R2C6,1.449412,0.0,0
2026-09-08T16:59:15.663,8.505013,46,13,2,5,R2C7,0,0,1
2026-09-08T16:59:15.663,8.505013,46,14,2,6,R2C8,0,0,1
2026-09-08T16:59:15.663,8.505013,46,15,2,7,R2C9,0,0,1
2026-09-08T16:59:15.663,8.505013,46,16,2,8,R2C10,0,0,1
2026-09-08T16:59:15.663,8.505013,46,17,3,1,R3C4,1.488235,0.0,0
2026-09-08T16:59:15.663,8.505013,46,18,3,2,R3C5,0.181176,1.0,0
2026-09-08T16:59:15.663,8.505013,46,19,3,3,R3C6,0.737647,1.0,0
2026-09-08T16:59:15.663,8.505013,46,20,3,4,R3C7,0,0,1
2026-09-08T16:59:15.663,8.505013,46,21,3,5,R3C8,0,0,1
2026-09-08T16:59:15.663,8.505013,46,22,3,6,R3C9,0,0,1
2026-09-08T16:59:15.663,8.505013,46,23,3,7,R3C10,0,0,1
2026-09-08T16:59:15.663,8.505013,46,24,3,8,R3C11,0,0,1
2026-09-08T16:59:15.663,8.505013,46,25,4,1,R4C5,1.734118,0.0,0
2026-09-08T16:59:15.663,8.505013,46,26,4,2,R4C6,1.798823,0.0,0
2026-09-08T16:59:15.663,8.505013,46,27,4,3,R4C7,0,0,1
2026-09-08T16:59:15.663,8.505013,46,28,4,4,R4C8,0,0,1
2026-09-08T16:59:15.663,8.505013,46,29,4,5,R4C9,0,0,1
2026-09-08T16:59:15.663,8.505013,46,30,4,6,R4C10,0,0,1
2026-09-08T16:59:15.663,8.505013,46,31,4,7,R4C11,0,0,1
2026-09-08T16:59:15.663,8.505013,46,32,4,8,R4C12,0,0,1
2026-09-08T16:59:15.663,8.505013,46,33,5,1,R5C6,1.811765,0.0,0
2026-09-08T16:59:15.663,8.505013,46,34,5,2,R5C7,0,0,1
2026-09-08T16:59:15.663,8.505013,46,35,5,3,R5C8,0,0,1
2026-09-08T16:59:15.663,8.505013,46,36,5,4,R5C9,0,0,1
2026-09-08T16:59:15.663,8.505013,46,37,5,5,R5C10,0,0,1
2026-09-08T16:59:15.663,8.505013,46,38,5,6,R5C11,0,0,1
2026-09-08T16:59:15.663,8.505013,46,39,5,7,R5C12,0,0,1
2026-09-08T16:59:15.663,8.505013,46,40,5,8,R5C1,1.811765,0.0,0
2026-09-08T16:59:15.663,8.505013,46,41,6,1,R6C7,0,0,1
2026-09-08T16:59:15.663,8.505013,46,42,6,2,R6C8,0,0,1
2026-09-08T16:59:15.663,8.505013,46,43,6,3,R6C9,0,0,1
2026-09-08T16:59:15.663,8.505013,46,44,6,4,R6C10,0,0,1
2026-09-08T16:59:15.663,8.505013,46,45,6,5,R6C11,0,0,1
2026-09-08T16:59:15.663,8.505013,46,46,6,6,R6C12,0,0,1
2026-09-08T16:59:15.663,8.505013,46,47,6,7,R6C1,1.54,0.0,0
2026-09-08T16:59:15.663,8.505013,46,48,6,8,R6C2,1.772941,0.0,0
2026-09-08T16:59:15.663,8.505013,46,49,7,1,R7C8,0,0,1
2026-09-08T16:59:15.663,8.505013,46,50,7,2,R7C9,0,0,1
2026-09-08T16:59:15.663,8.505013,46,51,7,3,R7C10,0,0,1
2026-09-08T16:59:15.663,8.505013,46,52,7,4,R7C11,0,0,1
2026-09-08T16:59:15.663,8.505013,46,53,7,5,R7C12,0,0,1
2026-09-08T16:59:15.663,8.505013,46,54,7,6,R7C1,1.811765,0.0,0
2026-09-08T16:59:15.663,8.505013,46,55,7,7,R7C2,1.281176,0.0,0
2026-09-08T16:59:15.663,8.505013,46,56,7,8,R7C3,1.811765,0.0,0
2026-09-08T16:59:15.663,8.505013,46,57,8,1,R8C9,0,0,1
2026-09-08T16:59:15.663,8.505013,46,58,8,2,R8C10,0,0,1
2026-09-08T16:59:15.663,8.505013,46,59,8,3,R8C11,0,0,1
2026-09-08T16:59:15.663,8.505013,46,60,8,4,R8C12,0,0,1
2026-09-08T16:59:15.663,8.505013,46,61,8,5,R8C1,1.772941,0.0,0
2026-09-08T16:59:15.663,8.505013,46,62,8,6,R8C2,1.811765,0.0,0
2026-09-08T16:59:15.663,8.505013,46,63,8,7,R8C3,1.811765,0.0,0
2026-09-08T16:59:15.663,8.505013,46,64,8,8,R8C4,1.798823,0.0,0
2026-09-08T16:59:15.663,8.505013,46,65,9,1,R9C10,0,0,1
2026-09-08T16:59:15.663,8.505013,46,66,9,2,R9C11,0,0,1
2026-09-08T16:59:15.663,8.505013,46,67,9,3,R9C12,0,0,1
2026-09-08T16:59:15.663,8.505013,46,68,9,4,R9C1,0,0,1
2026-09-08T16:59:15.663,8.505013,46,69,9,5,R9C2,0,0,1
2026-09-08T16:59:15.663,8.505013,46,70,9,6,R9C3,0,0,1
2026-09-08T16:59:15.663,8.505013,46,71,9,7,R9C4,0,0,1
2026-09-08T16:59:15.663,8.505013,46,72,9,8,R9C5,0,0,1
2026-09-08T16:59:15.663,8.505013,46,73,10,1,R10C11,0,0,1
2026-09-08T16:59:15.663,8.505013,46,74,10,2,R10C12,0,0,1
2026-09-08T16:59:15.663,8.505013,46,75,10,3,R10C1,0,0,1
2026-09-08T16:59:15.663,8.505013,46,76,10,4,R10C2,0,0,1
2026-09-08T16:59:15.663,8.505013,46,77,10,5,R10C3,0,0,1
2026-09-08T16:59:15.663,8.505013,46,78,10,6,R10C4,0,0,1
2026-09-08T16:59:15.663,8.505013,46,79,10,7,R10C5,0,0,1
2026-09-08T16:59:15.663,8.505013,46,80,10,8,R10C6,0,0,1
2026-09-08T16:59:15.663,8.505013,46,81,11,1,R11C12,0,0,1
2026-09-08T16:59:15.663,8.505013,46,82,11,2,R11C1,0,0,1
2026-09-08T16:59:15.663,8.505013,46,83,11,3,R11C2,0,0,1
2026-09-08T16:59:15.663,8.505013,46,84,11,4,R11C3,0,0,1
2026-09-08T16:59:15.663,8.505013,46,85,11,5,R11C4,0,0,1
2026-09-08T16:59:15.663,8.505013,46,86,11,6,R11C5,0,0,1
2026-09-08T16:59:15.663,8.505013,46,87,11,7,R11C6,0,0,1
2026-09-08T16:59:15.663,8.505013,46,88,11,8,R11C7,0,0,1
2026-09-08T16:59:15.663,8.505013,46,89,12,1,R12C1,0,0,1
2026-09-08T16:59:15.663,8.505013,46,90,12,2,R12C2,0,0,1
2026-09-08T16:59:15.663,8.505013,46,91,12,3,R12C3,0,0,1
2026-09-08T16:59:15.663,8.505013,46,92,12,4,R12C4,0,0,1
2026-09-08T16:59:15.663,8.505013,46,93,12,5,R12C5,0,0,1
2026-09-08T16:59:15.663,8.505013,46,94,12,6,R12C6,0,0,1
2026-09-08T16:59:15.663,8.505013,46,95,12,7,R12C7,0,0,1
2026-09-08T16:59:15.663,8.505013,46,96,12,8,R12C8,0,0,1
2026-09-08T16:59:16.173,9.005017,47,1,1,1,R1C2,1.772941,0.0,0
2026-09-08T16:59:16.173,9.005017,47,2,1,2,R1C3,1.76,0.0,0
2026-09-08T16:59:16.173,9.005017,47,3,1,3,R1C4,1.798823,0.0,0
2026-09-08T16:59:16.173,9.005017,47,4,1,4,R1C5,0.038824,0.0,0
2026-09-08T16:59:16.173,9.005017,47,5,1,5,R1C6,0.323529,1.0,0
2026-09-08T16:59:16.173,9.005017,47,6,1,6,R1C7,0,0,1
2026-09-08T16:59:16.173,9.005017,47,7,1,7,R1C8,0,0,1
2026-09-08T16:59:16.173,9.005017,47,8,1,8,R1C9,0,0,1
2026-09-08T16:59:16.173,9.005017,47,9,2,1,R2C3,1.798823,0.0,0
2026-09-08T16:59:16.173,9.005017,47,10,2,2,R2C4,1.488235,0.0,0
2026-09-08T16:59:16.173,9.005017,47,11,2,3,R2C5,0.038824,1.0,0
2026-09-08T16:59:16.173,9.005017,47,12,2,4,R2C6,0.867059,0.752423,0
2026-09-08T16:59:16.173,9.005017,47,13,2,5,R2C7,0,0,1
2026-09-08T16:59:16.173,9.005017,47,14,2,6,R2C8,0,0,1
2026-09-08T16:59:16.173,9.005017,47,15,2,7,R2C9,0,0,1
2026-09-08T16:59:16.173,9.005017,47,16,2,8,R2C10,0,0,1
2026-09-08T16:59:16.173,9.005017,47,17,3,1,R3C4,1.423529,0.0,0
2026-09-08T16:59:16.173,9.005017,47,18,3,2,R3C5,0.245882,1.0,0
2026-09-08T16:59:16.173,9.005017,47,19,3,3,R3C6,0.944706,0.575467,0
2026-09-08T16:59:16.173,9.005017,47,20,3,4,R3C7,0,0,1
2026-09-08T16:59:16.173,9.005017,47,21,3,5,R3C8,0,0,1
2026-09-08T16:59:16.173,9.005017,47,22,3,6,R3C9,0,0,1
2026-09-08T16:59:16.173,9.005017,47,23,3,7,R3C10,0,0,1
2026-09-08T16:59:16.173,9.005017,47,24,3,8,R3C11,0,0,1
2026-09-08T16:59:16.173,9.005017,47,25,4,1,R4C5,1.721177,0.0,0
2026-09-08T16:59:16.173,9.005017,47,26,4,2,R4C6,1.798823,0.0,0
2026-09-08T16:59:16.173,9.005017,47,27,4,3,R4C7,0,0,1
2026-09-08T16:59:16.173,9.005017,47,28,4,4,R4C8,0,0,1
2026-09-08T16:59:16.173,9.005017,47,29,4,5,R4C9,0,0,1
2026-09-08T16:59:16.173,9.005017,47,30,4,6,R4C10,0,0,1
2026-09-08T16:59:16.173,9.005017,47,31,4,7,R4C11,0,0,1
2026-09-08T16:59:16.173,9.005017,47,32,4,8,R4C12,0,0,1
2026-09-08T16:59:16.173,9.005017,47,33,5,1,R5C6,1.811765,0.0,0
2026-09-08T16:59:16.173,9.005017,47,34,5,2,R5C7,0,0,1
2026-09-08T16:59:16.173,9.005017,47,35,5,3,R5C8,0,0,1
2026-09-08T16:59:16.173,9.005017,47,36,5,4,R5C9,0,0,1
2026-09-08T16:59:16.173,9.005017,47,37,5,5,R5C10,0,0,1
2026-09-08T16:59:16.173,9.005017,47,38,5,6,R5C11,0,0,1
2026-09-08T16:59:16.173,9.005017,47,39,5,7,R5C12,0,0,1
2026-09-08T16:59:16.173,9.005017,47,40,5,8,R5C1,1.811765,0.0,0
2026-09-08T16:59:16.173,9.005017,47,41,6,1,R6C7,0,0,1
2026-09-08T16:59:16.173,9.005017,47,42,6,2,R6C8,0,0,1
2026-09-08T16:59:16.173,9.005017,47,43,6,3,R6C9,0,0,1
2026-09-08T16:59:16.173,9.005017,47,44,6,4,R6C10,0,0,1
2026-09-08T16:59:16.173,9.005017,47,45,6,5,R6C11,0,0,1
2026-09-08T16:59:16.173,9.005017,47,46,6,6,R6C12,0,0,1
2026-09-08T16:59:16.173,9.005017,47,47,6,7,R6C1,1.514118,0.006211,0
2026-09-08T16:59:16.173,9.005017,47,48,6,8,R6C2,1.811765,0.0,0
2026-09-08T16:59:16.173,9.005017,47,49,7,1,R7C8,0,0,1
2026-09-08T16:59:16.173,9.005017,47,50,7,2,R7C9,0,0,1
2026-09-08T16:59:16.173,9.005017,47,51,7,3,R7C10,0,0,1
2026-09-08T16:59:16.173,9.005017,47,52,7,4,R7C11,0,0,1
2026-09-08T16:59:16.173,9.005017,47,53,7,5,R7C12,0,0,1
2026-09-08T16:59:16.173,9.005017,47,54,7,6,R7C1,1.811765,0.0,0
2026-09-08T16:59:16.173,9.005017,47,55,7,7,R7C2,1.294118,0.0,0
2026-09-08T16:59:16.173,9.005017,47,56,7,8,R7C3,1.785882,0.0,0
2026-09-08T16:59:16.173,9.005017,47,57,8,1,R8C9,0,0,1
2026-09-08T16:59:16.173,9.005017,47,58,8,2,R8C10,0,0,1
2026-09-08T16:59:16.173,9.005017,47,59,8,3,R8C11,0,0,1
2026-09-08T16:59:16.173,9.005017,47,60,8,4,R8C12,0,0,1
2026-09-08T16:59:16.173,9.005017,47,61,8,5,R8C1,1.772941,0.0,0
2026-09-08T16:59:16.173,9.005017,47,62,8,6,R8C2,1.811765,0.0,0
2026-09-08T16:59:16.173,9.005017,47,63,8,7,R8C3,1.811765,0.0,0
2026-09-08T16:59:16.173,9.005017,47,64,8,8,R8C4,1.811765,0.0,0
2026-09-08T16:59:16.173,9.005017,47,65,9,1,R9C10,0,0,1
2026-09-08T16:59:16.173,9.005017,47,66,9,2,R9C11,0,0,1
2026-09-08T16:59:16.173,9.005017,47,67,9,3,R9C12,0,0,1
2026-09-08T16:59:16.173,9.005017,47,68,9,4,R9C1,0,0,1
2026-09-08T16:59:16.173,9.005017,47,69,9,5,R9C2,0,0,1
2026-09-08T16:59:16.173,9.005017,47,70,9,6,R9C3,0,0,1
2026-09-08T16:59:16.173,9.005017,47,71,9,7,R9C4,0,0,1
2026-09-08T16:59:16.173,9.005017,47,72,9,8,R9C5,0,0,1
2026-09-08T16:59:16.173,9.005017,47,73,10,1,R10C11,0,0,1
2026-09-08T16:59:16.173,9.005017,47,74,10,2,R10C12,0,0,1
2026-09-08T16:59:16.173,9.005017,47,75,10,3,R10C1,0,0,1
2026-09-08T16:59:16.173,9.005017,47,76,10,4,R10C2,0,0,1
2026-09-08T16:59:16.173,9.005017,47,77,10,5,R10C3,0,0,1
2026-09-08T16:59:16.173,9.005017,47,78,10,6,R10C4,0,0,1
2026-09-08T16:59:16.173,9.005017,47,79,10,7,R10C5,0,0,1
2026-09-08T16:59:16.173,9.005017,47,80,10,8,R10C6,0,0,1
2026-09-08T16:59:16.173,9.005017,47,81,11,1,R11C12,0,0,1
2026-09-08T16:59:16.173,9.005017,47,82,11,2,R11C1,0,0,1
2026-09-08T16:59:16.173,9.005017,47,83,11,3,R11C2,0,0,1
2026-09-08T16:59:16.173,9.005017,47,84,11,4,R11C3,0,0,1
2026-09-08T16:59:16.173,9.005017,47,85,11,5,R11C4,0,0,1
2026-09-08T16:59:16.173,9.005017,47,86,11,6,R11C5,0,0,1
2026-09-08T16:59:16.173,9.005017,47,87,11,7,R11C6,0,0,1
2026-09-08T16:59:16.173,9.005017,47,88,11,8,R11C7,0,0,1
2026-09-08T16:59:16.173,9.005017,47,89,12,1,R12C1,0,0,1
2026-09-08T16:59:16.173,9.005017,47,90,12,2,R12C2,0,0,1
2026-09-08T16:59:16.173,9.005017,47,91,12,3,R12C3,0,0,1
2026-09-08T16:59:16.173,9.005017,47,92,12,4,R12C4,0,0,1
2026-09-08T16:59:16.173,9.005017,47,93,12,5,R12C5,0,0,1
2026-09-08T16:59:16.173,9.005017,47,94,12,6,R12C6,0,0,1
2026-09-08T16:59:16.173,9.005017,47,95,12,7,R12C7,0,0,1
2026-09-08T16:59:16.173,9.005017,47,96,12,8,R12C8,0,0,1
2026-09-08T16:59:16.765,9.505111,48,1,1,1,R1C2,1.643529,0.0,0
2026-09-08T16:59:16.765,9.505111,48,2,1,2,R1C3,1.747059,0.0,0
2026-09-08T16:59:16.765,9.505111,48,3,1,3,R1C4,1.798823,0.0,0
2026-09-08T16:59:16.765,9.505111,48,4,1,4,R1C5,0.038824,0.0,0
2026-09-08T16:59:16.765,9.505111,48,5,1,5,R1C6,0.271765,1.0,0
2026-09-08T16:59:16.765,9.505111,48,6,1,6,R1C7,0,0,1
2026-09-08T16:59:16.765,9.505111,48,7,1,7,R1C8,0,0,1
2026-09-08T16:59:16.765,9.505111,48,8,1,8,R1C9,0,0,1
2026-09-08T16:59:16.765,9.505111,48,9,2,1,R2C3,1.811765,0.0,0
2026-09-08T16:59:16.765,9.505111,48,10,2,2,R2C4,1.475294,0.0,0
2026-09-08T16:59:16.765,9.505111,48,11,2,3,R2C5,0.038824,1.0,0
2026-09-08T16:59:16.765,9.505111,48,12,2,4,R2C6,0.737647,1.0,0
2026-09-08T16:59:16.765,9.505111,48,13,2,5,R2C7,0,0,1
2026-09-08T16:59:16.765,9.505111,48,14,2,6,R2C8,0,0,1
2026-09-08T16:59:16.765,9.505111,48,15,2,7,R2C9,0,0,1
2026-09-08T16:59:16.765,9.505111,48,16,2,8,R2C10,0,0,1
2026-09-08T16:59:16.765,9.505111,48,17,3,1,R3C4,1.54,0.0,0
2026-09-08T16:59:16.765,9.505111,48,18,3,2,R3C5,0.776471,1.0,0
2026-09-08T16:59:16.765,9.505111,48,19,3,3,R3C6,1.772941,0.0,0
2026-09-08T16:59:16.765,9.505111,48,20,3,4,R3C7,0,0,1
2026-09-08T16:59:16.765,9.505111,48,21,3,5,R3C8,0,0,1
2026-09-08T16:59:16.765,9.505111,48,22,3,6,R3C9,0,0,1
2026-09-08T16:59:16.765,9.505111,48,23,3,7,R3C10,0,0,1
2026-09-08T16:59:16.765,9.505111,48,24,3,8,R3C11,0,0,1
2026-09-08T16:59:16.765,9.505111,48,25,4,1,R4C5,1.708235,0.0,0
2026-09-08T16:59:16.765,9.505111,48,26,4,2,R4C6,1.630588,0.0,0
2026-09-08T16:59:16.765,9.505111,48,27,4,3,R4C7,0,0,1
2026-09-08T16:59:16.765,9.505111,48,28,4,4,R4C8,0,0,1
2026-09-08T16:59:16.765,9.505111,48,29,4,5,R4C9,0,0,1
2026-09-08T16:59:16.765,9.505111,48,30,4,6,R4C10,0,0,1
2026-09-08T16:59:16.765,9.505111,48,31,4,7,R4C11,0,0,1
2026-09-08T16:59:16.765,9.505111,48,32,4,8,R4C12,0,0,1
2026-09-08T16:59:16.765,9.505111,48,33,5,1,R5C6,1.76,0.0,0
2026-09-08T16:59:16.765,9.505111,48,34,5,2,R5C7,0,0,1
2026-09-08T16:59:16.765,9.505111,48,35,5,3,R5C8,0,0,1
2026-09-08T16:59:16.765,9.505111,48,36,5,4,R5C9,0,0,1
2026-09-08T16:59:16.765,9.505111,48,37,5,5,R5C10,0,0,1
2026-09-08T16:59:16.765,9.505111,48,38,5,6,R5C11,0,0,1
2026-09-08T16:59:16.765,9.505111,48,39,5,7,R5C12,0,0,1
2026-09-08T16:59:16.765,9.505111,48,40,5,8,R5C1,1.798823,0.0,0
2026-09-08T16:59:16.765,9.505111,48,41,6,1,R6C7,0,0,1
2026-09-08T16:59:16.765,9.505111,48,42,6,2,R6C8,0,0,1
2026-09-08T16:59:16.765,9.505111,48,43,6,3,R6C9,0,0,1
2026-09-08T16:59:16.765,9.505111,48,44,6,4,R6C10,0,0,1
2026-09-08T16:59:16.765,9.505111,48,45,6,5,R6C11,0,0,1
2026-09-08T16:59:16.765,9.505111,48,46,6,6,R6C12,0,0,1
2026-09-08T16:59:16.765,9.505111,48,47,6,7,R6C1,1.591765,0.0,0
2026-09-08T16:59:16.765,9.505111,48,48,6,8,R6C2,1.811765,0.0,0
2026-09-08T16:59:16.765,9.505111,48,49,7,1,R7C8,0,0,1
2026-09-08T16:59:16.765,9.505111,48,50,7,2,R7C9,0,0,1
2026-09-08T16:59:16.765,9.505111,48,51,7,3,R7C10,0,0,1
2026-09-08T16:59:16.765,9.505111,48,52,7,4,R7C11,0,0,1
2026-09-08T16:59:16.765,9.505111,48,53,7,5,R7C12,0,0,1
2026-09-08T16:59:16.765,9.505111,48,54,7,6,R7C1,1.798823,0.0,0
2026-09-08T16:59:16.765,9.505111,48,55,7,7,R7C2,1.281176,0.0,0
2026-09-08T16:59:16.765,9.505111,48,56,7,8,R7C3,1.798823,0.0,0
2026-09-08T16:59:16.765,9.505111,48,57,8,1,R8C9,0,0,1
2026-09-08T16:59:16.765,9.505111,48,58,8,2,R8C10,0,0,1
2026-09-08T16:59:16.765,9.505111,48,59,8,3,R8C11,0,0,1
2026-09-08T16:59:16.765,9.505111,48,60,8,4,R8C12,0,0,1
2026-09-08T16:59:16.765,9.505111,48,61,8,5,R8C1,1.785882,0.0,0
2026-09-08T16:59:16.765,9.505111,48,62,8,6,R8C2,1.798823,0.0,0
2026-09-08T16:59:16.765,9.505111,48,63,8,7,R8C3,1.811765,0.0,0
2026-09-08T16:59:16.765,9.505111,48,64,8,8,R8C4,1.811765,0.0,0
2026-09-08T16:59:16.765,9.505111,48,65,9,1,R9C10,0,0,1
2026-09-08T16:59:16.765,9.505111,48,66,9,2,R9C11,0,0,1
2026-09-08T16:59:16.765,9.505111,48,67,9,3,R9C12,0,0,1
2026-09-08T16:59:16.765,9.505111,48,68,9,4,R9C1,0,0,1
2026-09-08T16:59:16.765,9.505111,48,69,9,5,R9C2,0,0,1
2026-09-08T16:59:16.765,9.505111,48,70,9,6,R9C3,0,0,1
2026-09-08T16:59:16.765,9.505111,48,71,9,7,R9C4,0,0,1
2026-09-08T16:59:16.765,9.505111,48,72,9,8,R9C5,0,0,1
2026-09-08T16:59:16.765,9.505111,48,73,10,1,R10C11,0,0,1
2026-09-08T16:59:16.765,9.505111,48,74,10,2,R10C12,0,0,1
2026-09-08T16:59:16.765,9.505111,48,75,10,3,R10C1,0,0,1
2026-09-08T16:59:16.765,9.505111,48,76,10,4,R10C2,0,0,1
2026-09-08T16:59:16.765,9.505111,48,77,10,5,R10C3,0,0,1
2026-09-08T16:59:16.765,9.505111,48,78,10,6,R10C4,0,0,1
2026-09-08T16:59:16.765,9.505111,48,79,10,7,R10C5,0,0,1
2026-09-08T16:59:16.765,9.505111,48,80,10,8,R10C6,0,0,1
2026-09-08T16:59:16.765,9.505111,48,81,11,1,R11C12,0,0,1
2026-09-08T16:59:16.765,9.505111,48,82,11,2,R11C1,0,0,1
2026-09-08T16:59:16.765,9.505111,48,83,11,3,R11C2,0,0,1
2026-09-08T16:59:16.765,9.505111,48,84,11,4,R11C3,0,0,1
2026-09-08T16:59:16.765,9.505111,48,85,11,5,R11C4,0,0,1
2026-09-08T16:59:16.765,9.505111,48,86,11,6,R11C5,0,0,1
2026-09-08T16:59:16.765,9.505111,48,87,11,7,R11C6,0,0,1
2026-09-08T16:59:16.765,9.505111,48,88,11,8,R11C7,0,0,1
2026-09-08T16:59:16.765,9.505111,48,89,12,1,R12C1,0,0,1
2026-09-08T16:59:16.765,9.505111,48,90,12,2,R12C2,0,0,1
2026-09-08T16:59:16.765,9.505111,48,91,12,3,R12C3,0,0,1
2026-09-08T16:59:16.765,9.505111,48,92,12,4,R12C4,0,0,1
2026-09-08T16:59:16.765,9.505111,48,93,12,5,R12C5,0,0,1
2026-09-08T16:59:16.765,9.505111,48,94,12,6,R12C6,0,0,1
2026-09-08T16:59:16.765,9.505111,48,95,12,7,R12C7,0,0,1
2026-09-08T16:59:16.765,9.505111,48,96,12,8,R12C8,0,0,1
2026-09-08T16:59:17.134,10.005076,49,1,1,1,R1C2,1.76,0.0,0
2026-09-08T16:59:17.134,10.005076,49,2,1,2,R1C3,1.76,0.0,0
2026-09-08T16:59:17.134,10.005076,49,3,1,3,R1C4,1.811765,0.0,0
2026-09-08T16:59:17.134,10.005076,49,4,1,4,R1C5,1.747059,0.0,0
2026-09-08T16:59:17.134,10.005076,49,5,1,5,R1C6,1.734118,0.0,0
2026-09-08T16:59:17.134,10.005076,49,6,1,6,R1C7,0,0,1
2026-09-08T16:59:17.134,10.005076,49,7,1,7,R1C8,0,0,1
2026-09-08T16:59:17.134,10.005076,49,8,1,8,R1C9,0,0,1
2026-09-08T16:59:17.134,10.005076,49,9,2,1,R2C3,1.798823,0.0,0
2026-09-08T16:59:17.134,10.005076,49,10,2,2,R2C4,1.785882,0.0,0
2026-09-08T16:59:17.134,10.005076,49,11,2,3,R2C5,1.798823,0.0,0
2026-09-08T16:59:17.134,10.005076,49,12,2,4,R2C6,1.772941,0.0,0
2026-09-08T16:59:17.134,10.005076,49,13,2,5,R2C7,0,0,1
2026-09-08T16:59:17.134,10.005076,49,14,2,6,R2C8,0,0,1
2026-09-08T16:59:17.134,10.005076,49,15,2,7,R2C9,0,0,1
2026-09-08T16:59:17.134,10.005076,49,16,2,8,R2C10,0,0,1
2026-09-08T16:59:17.134,10.005076,49,17,3,1,R3C4,1.798823,0.0,0
2026-09-08T16:59:17.134,10.005076,49,18,3,2,R3C5,1.811765,0.0,0
2026-09-08T16:59:17.134,10.005076,49,19,3,3,R3C6,1.565882,0.0,0
2026-09-08T16:59:17.134,10.005076,49,20,3,4,R3C7,0,0,1
2026-09-08T16:59:17.134,10.005076,49,21,3,5,R3C8,0,0,1
2026-09-08T16:59:17.134,10.005076,49,22,3,6,R3C9,0,0,1
2026-09-08T16:59:17.134,10.005076,49,23,3,7,R3C10,0,0,1
2026-09-08T16:59:17.134,10.005076,49,24,3,8,R3C11,0,0,1
2026-09-08T16:59:17.134,10.005076,49,25,4,1,R4C5,1.747059,0.0,0
2026-09-08T16:59:17.134,10.005076,49,26,4,2,R4C6,1.76,0.0,0
2026-09-08T16:59:17.134,10.005076,49,27,4,3,R4C7,0,0,1
2026-09-08T16:59:17.134,10.005076,49,28,4,4,R4C8,0,0,1
2026-09-08T16:59:17.134,10.005076,49,29,4,5,R4C9,0,0,1
2026-09-08T16:59:17.134,10.005076,49,30,4,6,R4C10,0,0,1
2026-09-08T16:59:17.134,10.005076,49,31,4,7,R4C11,0,0,1
2026-09-08T16:59:17.134,10.005076,49,32,4,8,R4C12,0,0,1
2026-09-08T16:59:17.134,10.005076,49,33,5,1,R5C6,1.785882,0.0,0
2026-09-08T16:59:17.134,10.005076,49,34,5,2,R5C7,0,0,1
2026-09-08T16:59:17.134,10.005076,49,35,5,3,R5C8,0,0,1
2026-09-08T16:59:17.134,10.005076,49,36,5,4,R5C9,0,0,1
2026-09-08T16:59:17.134,10.005076,49,37,5,5,R5C10,0,0,1
2026-09-08T16:59:17.134,10.005076,49,38,5,6,R5C11,0,0,1
2026-09-08T16:59:17.134,10.005076,49,39,5,7,R5C12,0,0,1
2026-09-08T16:59:17.134,10.005076,49,40,5,8,R5C1,1.811765,0.0,0
2026-09-08T16:59:17.134,10.005076,49,41,6,1,R6C7,0,0,1
2026-09-08T16:59:17.134,10.005076,49,42,6,2,R6C8,0,0,1
2026-09-08T16:59:17.134,10.005076,49,43,6,3,R6C9,0,0,1
2026-09-08T16:59:17.134,10.005076,49,44,6,4,R6C10,0,0,1
2026-09-08T16:59:17.134,10.005076,49,45,6,5,R6C11,0,0,1
2026-09-08T16:59:17.134,10.005076,49,46,6,6,R6C12,0,0,1
2026-09-08T16:59:17.134,10.005076,49,47,6,7,R6C1,1.811765,0.0,0
2026-09-08T16:59:17.134,10.005076,49,48,6,8,R6C2,1.798823,0.0,0
2026-09-08T16:59:17.134,10.005076,49,49,7,1,R7C8,0,0,1
2026-09-08T16:59:17.134,10.005076,49,50,7,2,R7C9,0,0,1
2026-09-08T16:59:17.134,10.005076,49,51,7,3,R7C10,0,0,1
2026-09-08T16:59:17.134,10.005076,49,52,7,4,R7C11,0,0,1
2026-09-08T16:59:17.134,10.005076,49,53,7,5,R7C12,0,0,1
2026-09-08T16:59:17.134,10.005076,49,54,7,6,R7C1,1.798823,0.0,0
2026-09-08T16:59:17.134,10.005076,49,55,7,7,R7C2,1.164706,0.0,0
2026-09-08T16:59:17.134,10.005076,49,56,7,8,R7C3,1.798823,0.0,0
2026-09-08T16:59:17.134,10.005076,49,57,8,1,R8C9,0,0,1
2026-09-08T16:59:17.134,10.005076,49,58,8,2,R8C10,0,0,1
2026-09-08T16:59:17.134,10.005076,49,59,8,3,R8C11,0,0,1
2026-09-08T16:59:17.134,10.005076,49,60,8,4,R8C12,0,0,1
2026-09-08T16:59:17.134,10.005076,49,61,8,5,R8C1,1.76,0.0,0
2026-09-08T16:59:17.134,10.005076,49,62,8,6,R8C2,1.798823,0.0,0
2026-09-08T16:59:17.134,10.005076,49,63,8,7,R8C3,1.798823,0.0,0
2026-09-08T16:59:17.134,10.005076,49,64,8,8,R8C4,1.811765,0.0,0
2026-09-08T16:59:17.134,10.005076,49,65,9,1,R9C10,0,0,1
2026-09-08T16:59:17.134,10.005076,49,66,9,2,R9C11,0,0,1
2026-09-08T16:59:17.134,10.005076,49,67,9,3,R9C12,0,0,1
2026-09-08T16:59:17.134,10.005076,49,68,9,4,R9C1,0,0,1
2026-09-08T16:59:17.134,10.005076,49,69,9,5,R9C2,0,0,1
2026-09-08T16:59:17.134,10.005076,49,70,9,6,R9C3,0,0,1
2026-09-08T16:59:17.134,10.005076,49,71,9,7,R9C4,0,0,1
2026-09-08T16:59:17.134,10.005076,49,72,9,8,R9C5,0,0,1
2026-09-08T16:59:17.134,10.005076,49,73,10,1,R10C11,0,0,1
2026-09-08T16:59:17.134,10.005076,49,74,10,2,R10C12,0,0,1
2026-09-08T16:59:17.134,10.005076,49,75,10,3,R10C1,0,0,1
2026-09-08T16:59:17.134,10.005076,49,76,10,4,R10C2,0,0,1
2026-09-08T16:59:17.134,10.005076,49,77,10,5,R10C3,0,0,1
2026-09-08T16:59:17.134,10.005076,49,78,10,6,R10C4,0,0,1
2026-09-08T16:59:17.134,10.005076,49,79,10,7,R10C5,0,0,1
2026-09-08T16:59:17.134,10.005076,49,80,10,8,R10C6,0,0,1
2026-09-08T16:59:17.134,10.005076,49,81,11,1,R11C12,0,0,1
2026-09-08T16:59:17.134,10.005076,49,82,11,2,R11C1,0,0,1
2026-09-08T16:59:17.134,10.005076,49,83,11,3,R11C2,0,0,1
2026-09-08T16:59:17.134,10.005076,49,84,11,4,R11C3,0,0,1
2026-09-08T16:59:17.134,10.005076,49,85,11,5,R11C4,0,0,1
2026-09-08T16:59:17.134,10.005076,49,86,11,6,R11C5,0,0,1
2026-09-08T16:59:17.134,10.005076,49,87,11,7,R11C6,0,0,1
2026-09-08T16:59:17.134,10.005076,49,88,11,8,R11C7,0,0,1
2026-09-08T16:59:17.134,10.005076,49,89,12,1,R12C1,0,0,1
2026-09-08T16:59:17.134,10.005076,49,90,12,2,R12C2,0,0,1
2026-09-08T16:59:17.134,10.005076,49,91,12,3,R12C3,0,0,1
2026-09-08T16:59:17.134,10.005076,49,92,12,4,R12C4,0,0,1
2026-09-08T16:59:17.134,10.005076,49,93,12,5,R12C5,0,0,1
2026-09-08T16:59:17.134,10.005076,49,94,12,6,R12C6,0,0,1
2026-09-08T16:59:17.134,10.005076,49,95,12,7,R12C7,0,0,1
2026-09-08T16:59:17.134,10.005076,49,96,12,8,R12C8,0,0,1
