timestamp,elapsed_s,round,scan_index,sensor_row,point_in_row,logical_node,physical_row_pin,physical_column_pin,raw_voltage_v,baseline_v,delta_v,signal_0_to_1,baseline_ready,short_below_0_2v,persistent_short_ignored
2026-08-20T16:43:34.965,-0.431532,133,63,8,7,R8C3,8,5,1.022353,1.294118,-0.271765,0.171429,1,0,0
2026-08-20T16:43:34.965,-0.294659,133,64,8,8,R8C4,8,7,1.798823,1.798823,0.000000,0.000000,1,0,0
2026-08-20T16:43:34.966,-0.292830,133,65,9,1,R9C10,10,12,1.785882,1.798823,-0.012941,0.000000,1,0,0
2026-08-20T16:43:34.966,-0.291874,133,66,9,2,R9C11,10,14,1.785882,1.785882,0.000000,0.000000,1,0,0
2026-08-20T16:43:34.966,-0.286854,133,67,9,3,R9C12,10,16,1.798823,1.837647,-0.038824,0.000000,1,0,0
2026-08-20T16:43:34.966,-0.281884,133,68,9,4,R9C1,10,1,1.643529,1.734118,-0.090588,0.000000,1,0,0
2026-08-20T16:43:34.966,-0.275434,133,69,9,5,R9C2,10,3,1.798823,1.811765,-0.012941,0.000000,1,0,0
2026-08-20T16:43:34.966,-0.271910,133,70,9,6,R9C3,10,5,1.371765,1.397647,-0.025882,0.000000,1,0,0
2026-08-20T16:43:34.966,-0.265838,133,71,9,7,R9C4,10,7,1.578824,1.591765,-0.012941,0.000000,1,0,0
2026-08-20T16:43:34.966,-0.260766,133,72,9,8,R9C5,10,2,1.785882,1.798823,-0.012941,0.000000,1,0,0
2026-08-20T16:43:34.966,-0.255846,133,73,10,1,R10C11,12,14,1.798823,1.785882,0.012941,0.000000,1,0,0
2026-08-20T16:43:34.966,-0.250842,133,74,10,2,R10C12,12,16,1.798823,1.811765,-0.012941,0.000000,1,0,0
2026-08-20T16:43:34.966,-0.244763,133,75,10,3,R10C1,12,1,1.837647,1.798823,0.038824,0.000000,1,0,0
2026-08-20T16:43:34.966,-0.240756,133,76,10,4,R10C2,12,3,1.811765,1.811765,0.000000,0.000000,1,0,0
2026-08-20T16:43:34.966,-0.234792,133,77,10,5,R10C3,12,5,1.798823,1.798823,0.000000,0.000000,1,0,0
2026-08-20T16:43:34.966,-0.229771,133,78,10,6,R10C4,12,7,1.811765,1.798823,0.012941,0.000000,1,0,0
2026-08-20T16:43:34.966,-0.224874,133,79,10,7,R10C5,12,2,1.785882,1.785882,0.000000,0.000000,1,0,0
2026-08-20T16:43:35.170,0.002891,133,80,10,8,R10C6,12,4,1.837647,1.811765,0.025882,0.000000,1,0,0
2026-08-20T16:43:35.170,0.010550,133,81,11,1,R11C12,14,16,1.811765,1.811765,0.000000,0.000000,1,0,0
2026-08-20T16:43:35.170,0.012069,133,82,11,2,R11C1,14,1,1.811765,1.824706,-0.012941,0.000000,1,0,0
2026-08-20T16:43:35.171,0.013074,133,83,11,3,R11C2,14,3,0.000000,1.332941,-1.332941,1.000000,1,1,0
2026-08-20T16:43:35.171,0.018050,133,84,11,4,R11C3,14,5,1.682353,1.708235,-0.025882,0.000000,1,0,0
2026-08-20T16:43:35.171,0.025119,133,85,11,5,R11C4,14,7,1.798823,1.811765,-0.012941,0.000000,1,0,0
2026-08-20T16:43:35.171,0.031229,133,86,11,6,R11C5,14,2,1.837647,1.798823,0.038824,0.000000,1,0,0
2026-08-20T16:43:35.171,0.033154,133,87,11,7,R11C6,14,4,1.837647,1.798823,0.038824,0.000000,1,0,0
2026-08-20T16:43:35.171,0.039122,133,88,11,8,R11C7,14,6,1.747059,1.785882,-0.038823,0.000000,1,0,0
2026-08-20T16:43:35.171,0.044091,133,89,12,1,R12C1,16,1,1.682353,1.721177,-0.038824,0.000000,1,0,0
2026-08-20T16:43:35.171,0.049100,133,90,12,2,R12C2,16,3,1.708235,1.708235,0.000000,0.000000,1,0,0
2026-08-20T16:43:35.171,0.053995,133,91,12,3,R12C3,16,5,1.747059,1.772941,-0.025882,0.000000,1,0,0
2026-08-20T16:43:35.171,0.060052,133,92,12,4,R12C4,16,7,1.772941,1.785882,-0.012941,0.000000,1,0,0
2026-08-20T16:43:35.171,0.065020,133,93,12,5,R12C5,16,2,1.798823,1.824706,-0.025882,0.000000,1,0,0
2026-08-20T16:43:35.171,0.070120,133,94,12,6,R12C6,16,4,1.449412,1.514118,-0.064706,0.000000,1,0,0
2026-08-20T16:43:35.171,0.076198,133,95,12,7,R12C7,16,6,1.682353,1.695294,-0.012941,0.000000,1,0,0
2026-08-20T16:43:35.171,0.080039,134,96,12,8,R12C8,16,8,1.772941,1.798823,-0.025882,0.000000,1,0,0
2026-08-20T16:43:35.441,0.207466,134,1,1,1,R1C2,1,3,1.811765,1.811765,0.000000,0.000000,1,0,0
2026-08-20T16:43:35.441,0.214415,134,2,1,2,R1C3,1,5,1.798823,1.798823,0.000000,0.000000,1,0,0
2026-08-20T16:43:35.441,0.216027,134,3,1,3,R1C4,1,7,1.811765,1.811765,0.000000,0.000000,1,0,0
2026-08-20T16:43:35.441,0.217004,134,4,1,4,R1C5,1,2,1.785882,1.785882,0.000000,0.000000,1,0,0
2026-08-20T16:43:35.441,0.224008,134,5,1,5,R1C6,1,4,1.785882,1.811765,-0.025882,0.000000,1,0,0
2026-08-20T16:43:35.441,0.230523,134,6,1,6,R1C7,1,6,1.798823,1.785882,0.012941,0.000000,1,0,0
2026-08-20T16:43:35.441,0.234198,134,7,1,7,R1C8,1,8,1.772941,1.811765,-0.038823,0.000000,1,0,0
2026-08-20T16:43:35.441,0.239023,134,8,1,8,R1C9,1,10,1.850588,1.837647,0.012941,0.000000,1,0,0
2026-08-20T16:43:35.441,0.244070,134,9,2,1,R2C3,3,5,1.785882,1.785882,0.000000,0.000000,1,0,0
2026-08-20T16:43:35.441,0.250074,134,10,2,2,R2C4,3,7,1.811765,1.811765,0.000000,0.000000,1,0,0
2026-08-20T16:43:35.441,0.255090,134,11,2,3,R2C5,3,2,1.785882,1.785882,0.000000,0.000000,1,0,0
2026-08-20T16:43:35.441,0.260166,134,12,2,4,R2C6,3,4,1.811765,1.785882,0.025882,0.000000,1,0,0
2026-08-20T16:43:35.441,0.265070,134,13,2,5,R2C7,3,6,1.772941,1.785882,-0.012941,0.000000,1,0,0
2026-08-20T16:43:35.441,0.270079,134,14,2,6,R2C8,3,8,1.837647,1.772941,0.064706,0.000000,1,0,0
2026-08-20T16:43:35.441,0.276069,134,15,2,7,R2C9,3,10,1.850588,1.824706,0.025882,0.000000,1,0,0
2026-08-20T16:43:35.442,0.281070,134,16,2,8,R2C10,3,12,1.785882,1.785882,0.000000,0.000000,1,0,0
2026-08-20T16:43:35.630,0.286076,134,17,3,1,R3C4,5,7,1.811765,1.811765,0.000000,0.000000,1,0,0
2026-08-20T16:43:35.630,0.484711,134,18,3,2,R3C5,5,2,1.824706,1.785882,0.038823,0.000000,1,0,0
2026-08-20T16:43:35.630,0.485999,134,19,3,3,R3C6,5,4,1.798823,1.772941,0.025882,0.000000,1,0,0
2026-08-20T16:43:35.630,0.486935,134,20,3,4,R3C7,5,6,1.850588,1.811765,0.038823,0.000000,1,0,0
2026-08-20T16:43:35.630,0.492025,134,21,3,5,R3C8,5,8,1.824706,1.798823,0.025882,0.000000,1,0,0
2026-08-20T16:43:35.630,0.497300,134,22,3,6,R3C9,5,10,1.798823,1.811765,-0.012941,0.000000,1,0,0
2026-08-20T16:43:35.630,0.502795,134,23,3,7,R3C10,5,12,1.837647,1.811765,0.025882,0.000000,1,0,0
2026-08-20T16:43:35.630,0.509184,134,24,3,8,R3C11,5,14,1.785882,1.850588,-0.064706,0.000000,1,0,0
2026-08-20T16:43:35.630,0.512987,134,25,4,1,R4C5,7,2,1.811765,1.798823,0.012941,0.000000,1,0,0
2026-08-20T16:43:35.631,0.518082,134,26,4,2,R4C6,7,4,1.798823,1.798823,0.000000,0.000000,1,0,0
2026-08-20T16:43:35.631,0.522947,134,27,4,3,R4C7,7,6,1.785882,1.772941,0.012941,0.000000,1,0,0
2026-08-20T16:43:35.631,0.529051,134,28,4,4,R4C8,7,8,1.798823,1.811765,-0.012941,0.000000,1,0,0
2026-08-20T16:43:35.631,0.534042,134,29,4,5,R4C9,7,10,1.824706,1.837647,-0.012941,0.000000,1,0,0
2026-08-20T16:43:35.631,0.539065,134,30,4,6,R4C10,7,12,1.811765,1.824706,-0.012941,0.000000,1,0,0
2026-08-20T16:43:35.631,0.544030,134,31,4,7,R4C11,7,14,1.798823,1.837647,-0.038824,0.000000,1,0,0
2026-08-20T16:43:35.631,0.548959,134,32,4,8,R4C12,7,16,1.850588,1.798823,0.051765,0.000000,1,0,0
2026-08-20T16:43:35.924,0.555405,134,33,5,1,R5C6,2,4,1.824706,1.811765,0.012941,0.000000,1,0,0
2026-08-20T16:43:35.924,0.674927,134,34,5,2,R5C7,2,6,1.837647,1.811765,0.025882,0.000000,1,0,0
2026-08-20T16:43:35.924,0.676055,134,35,5,3,R5C8,2,8,1.850588,1.785882,0.064706,0.000000,1,0,0
2026-08-20T16:43:35.924,0.676988,134,36,5,4,R5C9,2,10,1.824706,1.837647,-0.012941,0.000000,1,0,0
2026-08-20T16:43:35.924,0.682034,134,37,5,5,R5C10,2,12,1.798823,1.811765,-0.012941,0.000000,1,0,0
2026-08-20T16:43:35.924,0.688136,134,38,5,6,R5C11,2,14,1.798823,1.798823,0.000000,0.000000,1,0,0
2026-08-20T16:43:35.925,0.693187,134,39,5,7,R5C12,2,16,1.811765,1.785882,0.025882,0.000000,1,0,0
2026-08-20T16:43:35.925,0.699288,134,40,5,8,R5C1,2,1,1.811765,1.837647,-0.025882,0.000000,1,0,0
2026-08-20T16:43:35.925,0.704033,134,41,6,1,R6C7,4,6,1.798823,1.811765,-0.012941,0.000000,1,0,0
2026-08-20T16:43:35.925,0.708120,134,42,6,2,R6C8,4,8,1.824706,1.785882,0.038823,0.000000,1,0,0
2026-08-20T16:43:35.925,0.714094,134,43,6,3,R6C9,4,10,1.785882,1.811765,-0.025882,0.000000,1,0,0
2026-08-20T16:43:35.925,0.719062,134,44,6,4,R6C10,4,12,1.837647,1.785882,0.051765,0.000000,1,0,0
2026-08-20T16:43:35.925,0.724191,134,45,6,5,R6C11,4,14,1.811765,1.798823,0.012941,0.000000,1,0,0
2026-08-20T16:43:35.925,0.729019,134,46,6,6,R6C12,4,16,1.837647,1.798823,0.038824,0.000000,1,0,0
2026-08-20T16:43:35.925,0.734042,134,47,6,7,R6C1,4,1,1.824706,1.824706,0.000000,0.000000,1,0,0
2026-08-20T16:43:35.925,0.740062,134,48,6,8,R6C2,4,3,1.785882,1.785882,0.000000,0.000000,1,0,0
2026-08-20T16:43:35.925,0.745114,134,49,7,1,R7C8,6,8,1.824706,1.811765,0.012941,0.000000,1,0,0
2026-08-20T16:43:36.165,0.970605,134,50,7,2,R7C9,6,10,1.798823,1.837647,-0.038824,0.000000,1,0,0
2026-08-20T16:43:36.165,0.972095,134,51,7,3,R7C10,6,12,1.785882,1.785882,0.000000,0.000000,1,0,0
2026-08-20T16:43:36.166,0.972996,134,52,7,4,R7C11,6,14,1.785882,1.811765,-0.025882,0.000000,1,0,0
2026-08-20T16:43:36.166,0.978098,134,53,7,5,R7C12,6,16,1.811765,1.824706,-0.012941,0.000000,1,0,0
2026-08-20T16:43:36.166,0.983103,134,54,7,6,R7C1,6,1,1.798823,1.837647,-0.038824,0.000000,1,0,0
2026-08-20T16:43:36.166,0.989304,134,55,7,7,R7C2,6,3,1.811765,1.811765,0.000000,0.000000,1,0,0
2026-08-20T16:43:36.166,0.995850,134,56,7,8,R7C3,6,5,1.281176,1.565882,-0.284706,0.090909,1,0,0
2026-08-20T16:43:36.166,0.998521,134,57,8,1,R8C9,8,10,1.850588,1.811765,0.038823,0.000000,1,0,0
2026-08-20T16:43:36.166,1.004094,134,58,8,2,R8C10,8,12,1.785882,1.798823,-0.012941,0.000000,1,0,0
2026-08-20T16:43:36.166,1.009282,134,59,8,3,R8C11,8,14,1.837647,1.785882,0.051765,0.000000,1,0,0
2026-08-20T16:43:36.166,1.014259,134,60,8,4,R8C12,8,16,1.850588,1.798823,0.051765,0.000000,1,0,0
2026-08-20T16:43:36.166,1.020549,134,61,8,5,R8C1,8,1,1.837647,1.785882,0.051765,0.000000,1,0,0
2026-08-20T16:43:36.166,1.025132,134,62,8,6,R8C2,8,3,1.747059,1.785882,-0.038823,0.000000,1,0,0
2026-08-20T16:43:36.166,1.029116,134,63,8,7,R8C3,8,5,0.931765,1.294118,-0.362353,0.371429,1,0,0
2026-08-20T16:43:36.166,1.035133,134,64,8,8,R8C4,8,7,1.811765,1.798823,0.012941,0.000000,1,0,0
2026-08-20T16:43:36.167,1.041076,134,65,9,1,R9C10,10,12,1.798823,1.798823,0.000000,0.000000,1,0,0
2026-08-20T16:43:36.167,1.046065,134,66,9,2,R9C11,10,14,1.798823,1.785882,0.012941,0.000000,1,0,0
2026-08-20T16:43:36.473,1.202994,134,67,9,3,R9C12,10,16,1.850588,1.837647,0.012941,0.000000,1,0,0
2026-08-20T16:43:36.473,1.211803,134,68,9,4,R9C1,10,1,1.824706,1.643529,0.181176,0.000000,1,0,0
2026-08-20T16:43:36.474,1.213033,134,69,9,5,R9C2,10,3,1.811765,1.811765,0.000000,0.000000,1,0,0
2026-08-20T16:43:36.474,1.214027,134,70,9,6,R9C3,10,5,1.320000,1.384706,-0.064706,0.000000,1,0,0
2026-08-20T16:43:36.474,1.219089,134,71,9,7,R9C4,10,7,1.785882,1.591765,0.194118,0.000000,1,0,0
2026-08-20T16:43:36.474,1.224230,134,72,9,8,R9C5,10,2,1.785882,1.785882,0.000000,0.000000,1,0,0
2026-08-20T16:43:36.474,1.232461,134,73,10,1,R10C11,12,14,1.785882,1.785882,0.000000,0.000000,1,0,0
2026-08-20T16:43:36.474,1.234779,134,74,10,2,R10C12,12,16,1.798823,1.811765,-0.012941,0.000000,1,0,0
2026-08-20T16:43:36.474,1.242479,134,75,10,3,R10C1,12,1,1.824706,1.798823,0.025882,0.000000,1,0,0
2026-08-20T16:43:36.474,1.245279,134,76,10,4,R10C2,12,3,1.811765,1.811765,0.000000,0.000000,1,0,0
2026-08-20T16:43:36.474,1.250391,134,77,10,5,R10C3,12,5,1.811765,1.798823,0.012941,0.000000,1,0,0
2026-08-20T16:43:36.474,1.255384,134,78,10,6,R10C4,12,7,1.811765,1.798823,0.012941,0.000000,1,0,0
2026-08-20T16:43:36.474,1.261173,134,79,10,7,R10C5,12,2,1.785882,1.785882,0.000000,0.000000,1,0,0
2026-08-20T16:43:36.474,1.266660,134,80,10,8,R10C6,12,4,1.837647,1.811765,0.025882,0.000000,1,0,0
2026-08-20T16:43:36.474,1.271224,134,81,11,1,R11C12,14,16,1.824706,1.811765,0.012941,0.000000,1,0,0
2026-08-20T16:43:36.475,1.276311,134,82,11,2,R11C1,14,1,1.837647,1.811765,0.025882,0.000000,1,0,0
2026-08-20T16:43:36.475,1.281257,134,83,11,3,R11C2,14,3,0.000000,1.332941,-1.332941,1.000000,1,1,0
2026-08-20T16:43:36.752,1.511064,134,84,11,4,R11C3,14,5,1.695294,1.695294,0.000000,0.000000,1,0,0
2026-08-20T16:43:36.752,1.518400,134,85,11,5,R11C4,14,7,1.811765,1.798823,0.012941,0.000000,1,0,0
2026-08-20T16:43:36.752,1.519992,134,86,11,6,R11C5,14,2,1.785882,1.811765,-0.025882,0.000000,1,0,0
2026-08-20T16:43:36.752,1.520942,134,87,11,7,R11C6,14,4,1.837647,1.798823,0.038824,0.000000,1,0,0
2026-08-20T16:43:36.752,1.526146,134,88,11,8,R11C7,14,6,1.785882,1.760000,0.025882,0.000000,1,0,0
2026-08-20T16:43:36.752,1.533012,134,89,12,1,R12C1,16,1,1.643529,1.695294,-0.051765,0.000000,1,0,0
2026-08-20T16:43:36.752,1.538227,134,90,12,2,R12C2,16,3,1.734118,1.708235,0.025882,0.000000,1,0,0
2026-08-20T16:43:36.752,1.543826,134,91,12,3,R12C3,16,5,1.772941,1.772941,0.000000,0.000000,1,0,0
2026-08-20T16:43:36.752,1.546988,134,92,12,4,R12C4,16,7,1.824706,1.785882,0.038823,0.000000,1,0,0
2026-08-20T16:43:36.753,1.552149,134,93,12,5,R12C5,16,2,1.772941,1.798823,-0.025882,0.000000,1,0,0
2026-08-20T16:43:36.753,1.557051,134,94,12,6,R12C6,16,4,1.384706,1.488235,-0.103529,0.000000,1,0,0
2026-08-20T16:43:36.753,1.563226,134,95,12,7,R12C7,16,6,1.695294,1.695294,0.000000,0.000000,1,0,0
2026-08-20T16:43:36.753,1.568084,135,96,12,8,R12C8,16,8,1.785882,1.772941,0.012941,0.000000,1,0,0
2026-08-20T16:43:36.753,1.573001,135,1,1,1,R1C2,1,3,1.811765,1.811765,0.000000,0.000000,1,0,0
2026-08-20T16:43:36.753,1.579141,135,2,1,2,R1C3,1,5,1.811765,1.798823,0.012941,0.000000,1,0,0
2026-08-20T16:43:36.753,1.583996,135,3,1,3,R1C4,1,7,1.811765,1.811765,0.000000,0.000000,1,0,0
2026-08-20T16:43:36.966,1.589017,135,4,1,4,R1C5,1,2,1.798823,1.785882,0.012941,0.000000,1,0,0
2026-08-20T16:43:36.966,1.796685,135,5,1,5,R1C6,1,4,1.798823,1.811765,-0.012941,0.000000,1,0,0
2026-08-20T16:43:36.966,1.797972,135,6,1,6,R1C7,1,6,1.772941,1.798823,-0.025882,0.000000,1,0,0
2026-08-20T16:43:36.966,1.798942,135,7,1,7,R1C8,1,8,1.850588,1.811765,0.038823,0.000000,1,0,0
2026-08-20T16:43:36.966,1.804028,135,8,1,8,R1C9,1,10,1.850588,1.837647,0.012941,0.000000,1,0,0
2026-08-20T16:43:36.966,1.810190,135,9,2,1,R2C3,3,5,1.837647,1.785882,0.051765,0.000000,1,0,0
2026-08-20T16:43:36.966,1.815059,135,10,2,2,R2C4,3,7,1.824706,1.811765,0.012941,0.000000,1,0,0
2026-08-20T16:43:36.966,1.821990,135,11,2,3,R2C5,3,2,1.824706,1.785882,0.038823,0.000000,1,0,0
2026-08-20T16:43:36.966,1.823970,135,12,2,4,R2C6,3,4,1.811765,1.811765,0.000000,0.000000,1,0,0
2026-08-20T16:43:36.966,1.830243,135,13,2,5,R2C7,3,6,1.824706,1.785882,0.038823,0.000000,1,0,0
2026-08-20T16:43:36.966,1.835007,135,14,2,6,R2C8,3,8,1.772941,1.824706,-0.051765,0.000000,1,0,0
2026-08-20T16:43:36.967,1.841057,135,15,2,7,R2C9,3,10,1.837647,1.850588,-0.012941,0.000000,1,0,0
2026-08-20T16:43:36.967,1.845025,135,16,2,8,R2C10,3,12,1.798823,1.785882,0.012941,0.000000,1,0,0
2026-08-20T16:43:36.967,1.851021,135,17,3,1,R3C4,5,7,1.824706,1.811765,0.012941,0.000000,1,0,0
2026-08-20T16:43:36.967,1.856060,135,18,3,2,R3C5,5,2,1.798823,1.785882,0.012941,0.000000,1,0,0
2026-08-20T16:43:36.967,1.861030,135,19,3,3,R3C6,5,4,1.850588,1.798823,0.051765,0.000000,1,0,0
2026-08-20T16:43:36.967,1.867131,135,20,3,4,R3C7,5,6,1.811765,1.811765,0.000000,0.000000,1,0,0
2026-08-20T16:43:37.232,2.003313,135,21,3,5,R3C8,5,8,1.772941,1.824706,-0.051765,0.000000,1,0,0
2026-08-20T16:43:37.232,2.010403,135,22,3,6,R3C9,5,10,1.837647,1.811765,0.025882,0.000000,1,0,0
2026-08-20T16:43:37.232,2.012037,135,23,3,7,R3C10,5,12,1.824706,1.811765,0.012941,0.000000,1,0,0
2026-08-20T16:43:37.232,2.012956,135,24,3,8,R3C11,5,14,1.850588,1.798823,0.051765,0.000000,1,0,0
2026-08-20T16:43:37.232,2.021970,135,25,4,1,R4C5,7,2,1.785882,1.798823,-0.012941,0.000000,1,0,0
2026-08-20T16:43:37.232,2.026353,135,26,4,2,R4C6,7,4,1.811765,1.798823,0.012941,0.000000,1,0,0
2026-08-20T16:43:37.232,2.030119,135,27,4,3,R4C7,7,6,1.785882,1.785882,0.000000,0.000000,1,0,0
2026-08-20T16:43:37.232,2.035129,135,28,4,4,R4C8,7,8,1.785882,1.798823,-0.012941,0.000000,1,0,0
2026-08-20T16:43:37.232,2.040061,135,29,4,5,R4C9,7,10,1.824706,1.824706,0.000000,0.000000,1,0,0
2026-08-20T16:43:37.232,2.045152,135,30,4,6,R4C10,7,12,1.785882,1.811765,-0.025882,0.000000,1,0,0
2026-08-20T16:43:37.232,2.051073,135,31,4,7,R4C11,7,14,1.824706,1.798823,0.025882,0.000000,1,0,0
2026-08-20T16:43:37.233,2.056134,135,32,4,8,R4C12,7,16,1.798823,1.798823,0.000000,0.000000,1,0,0
2026-08-20T16:43:37.233,2.061058,135,33,5,1,R5C6,2,4,1.850588,1.811765,0.038823,0.000000,1,0,0
2026-08-20T16:43:37.233,2.066054,135,34,5,2,R5C7,2,6,1.772941,1.837647,-0.064706,0.000000,1,0,0
2026-08-20T16:43:37.233,2.071038,135,35,5,3,R5C8,2,8,1.837647,1.785882,0.051765,0.000000,1,0,0
2026-08-20T16:43:37.233,2.077131,135,36,5,4,R5C9,2,10,1.785882,1.824706,-0.038823,0.000000,1,0,0
2026-08-20T16:43:37.422,2.082116,135,37,5,5,R5C10,2,12,1.811765,1.798823,0.012941,0.000000,1,0,0
2026-08-20T16:43:37.422,2.277298,135,38,5,6,R5C11,2,14,1.785882,1.798823,-0.012941,0.000000,1,0,0
2026-08-20T16:43:37.422,2.279118,135,39,5,7,R5C12,2,16,1.798823,1.811765,-0.012941,0.000000,1,0,0
2026-08-20T16:43:37.422,2.280101,135,40,5,8,R5C1,2,1,1.824706,1.811765,0.012941,0.000000,1,0,0
2026-08-20T16:43:37.422,2.285112,135,41,6,1,R6C7,4,6,1.772941,1.798823,-0.025882,0.000000,1,0,0
2026-08-20T16:43:37.423,2.291241,135,42,6,2,R6C8,4,8,1.798823,1.824706,-0.025882,0.000000,1,0,0
2026-08-20T16:43:37.423,2.296292,135,43,6,3,R6C9,4,10,1.824706,1.811765,0.012941,0.000000,1,0,0
2026-08-20T16:43:37.423,2.301655,135,44,6,4,R6C10,4,12,1.837647,1.837647,0.000000,0.000000,1,0,0
2026-08-20T16:43:37.423,2.305150,135,45,6,5,R6C11,4,14,1.798823,1.798823,0.000000,0.000000,1,0,0
2026-08-20T16:43:37.423,2.311132,135,46,6,6,R6C12,4,16,1.785882,1.798823,-0.012941,0.000000,1,0,0
2026-08-20T16:43:37.423,2.316150,135,47,6,7,R6C1,4,1,1.824706,1.824706,0.000000,0.000000,1,0,0
2026-08-20T16:43:37.423,2.321149,135,48,6,8,R6C2,4,3,1.669412,1.785882,-0.116471,0.000000,1,0,0
2026-08-20T16:43:37.423,2.326142,135,49,7,1,R7C8,6,8,1.798823,1.824706,-0.025882,0.000000,1,0,0
2026-08-20T16:43:37.423,2.332138,135,50,7,2,R7C9,6,10,1.837647,1.837647,0.000000,0.000000,1,0,0
2026-08-20T16:43:37.423,2.337109,135,51,7,3,R7C10,6,12,1.798823,1.785882,0.012941,0.000000,1,0,0
2026-08-20T16:43:37.423,2.342129,135,52,7,4,R7C11,6,14,1.785882,1.811765,-0.025882,0.000000,1,0,0
2026-08-20T16:43:37.690,2.347115,135,53,7,5,R7C12,6,16,1.785882,1.824706,-0.038823,0.000000,1,0,0
2026-08-20T16:43:37.690,2.466624,135,54,7,6,R7C1,6,1,1.449412,1.837647,-0.388235,0.175050,1,0,0
2026-08-20T16:43:37.690,2.468010,135,55,7,7,R7C2,6,3,1.307059,1.811765,-0.504706,0.367347,1,0,0
2026-08-20T16:43:37.690,2.469009,135,56,7,8,R7C3,6,5,1.255294,1.565882,-0.310588,0.138135,1,0,0
2026-08-20T16:43:37.690,2.474076,135,57,8,1,R8C9,8,10,1.850588,1.811765,0.038823,0.000000,1,0,0
2026-08-20T16:43:37.690,2.480130,135,58,8,2,R8C10,8,12,1.785882,1.785882,0.000000,0.000000,1,0,0
2026-08-20T16:43:37.690,2.485164,135,59,8,3,R8C11,8,14,1.824706,1.785882,0.038823,0.000000,1,0,0
2026-08-20T16:43:37.690,2.491090,135,60,8,4,R8C12,8,16,1.824706,1.850588,-0.025882,0.000000,1,0,0
2026-08-20T16:43:37.690,2.494173,135,61,8,5,R8C1,8,1,1.190588,1.837647,-0.647059,0.577465,1,0,0
2026-08-20T16:43:37.691,2.500391,135,62,8,6,R8C2,8,3,0.841176,1.785882,-0.944706,1.000000,1,0,0
2026-08-20T16:43:37.691,2.505066,135,63,8,7,R8C3,8,5,0.000000,1.294118,-1.294118,1.000000,1,1,0
2026-08-20T16:43:37.691,2.510036,135,64,8,8,R8C4,8,7,1.125882,1.798823,-0.672941,0.640288,1,0,0
2026-08-20T16:43:37.691,2.516048,135,65,9,1,R9C10,10,12,1.785882,1.798823,-0.012941,0.000000,1,0,0
2026-08-20T16:43:37.691,2.521048,135,66,9,2,R9C11,10,14,1.837647,1.785882,0.051765,0.000000,1,0,0
2026-08-20T16:43:37.691,2.526099,135,67,9,3,R9C12,10,16,1.824706,1.837647,-0.012941,0.000000,1,0,0
2026-08-20T16:43:37.691,2.531271,135,68,9,4,R9C1,10,1,0.854118,1.734118,-0.880000,0.427673,1,0,0
2026-08-20T16:43:37.691,2.536023,135,69,9,5,R9C2,10,3,1.229412,1.811765,-0.582353,0.489796,1,0,0
2026-08-20T16:43:37.885,2.727635,135,70,9,6,R9C3,10,5,0.194118,1.371765,-1.177647,1.000000,1,1,0
2026-08-20T16:43:37.885,2.735315,135,71,9,7,R9C4,10,7,0.595294,1.591765,-0.996471,1.000000,1,0,0
2026-08-20T16:43:37.885,2.737115,135,72,9,8,R9C5,10,2,1.798823,1.785882,0.012941,0.000000,1,0,0
2026-08-20T16:43:37.885,2.738048,135,73,10,1,R10C11,12,14,1.824706,1.785882,0.038823,0.000000,1,0,0
2026-08-20T16:43:37.885,2.744086,135,74,10,2,R10C12,12,16,1.811765,1.798823,0.012941,0.000000,1,0,0
2026-08-20T16:43:37.885,2.750127,135,75,10,3,R10C1,12,1,1.811765,1.824706,-0.012941,0.000000,1,0,0
2026-08-20T16:43:37.885,2.755317,135,76,10,4,R10C2,12,3,1.811765,1.811765,0.000000,0.000000,1,0,0
2026-08-20T16:43:37.885,2.760167,135,77,10,5,R10C3,12,5,1.811765,1.811765,0.000000,0.000000,1,0,0
2026-08-20T16:43:37.886,2.764175,135,78,10,6,R10C4,12,7,1.811765,1.811765,0.000000,0.000000,1,0,0
2026-08-20T16:43:37.886,2.770069,135,79,10,7,R10C5,12,2,1.798823,1.785882,0.012941,0.000000,1,0,0
2026-08-20T16:43:37.886,2.775136,135,80,10,8,R10C6,12,4,1.824706,1.837647,-0.012941,0.000000,1,0,0
2026-08-20T16:43:37.886,2.780194,135,81,11,1,R11C12,14,16,1.824706,1.824706,0.000000,0.000000,1,0,0
2026-08-20T16:43:37.886,2.785118,135,82,11,2,R11C1,14,1,1.760000,1.811765,-0.051765,0.000000,1,0,0
2026-08-20T16:43:37.886,2.790110,135,83,11,3,R11C2,14,3,0.000000,1.332941,-1.332941,1.000000,1,1,0
2026-08-20T16:43:37.886,2.796052,135,84,11,4,R11C3,14,5,1.669412,1.695294,-0.025882,0.000000,1,0,0
2026-08-20T16:43:37.886,2.801145,135,85,11,5,R11C4,14,7,0.220000,1.798823,-1.578823,1.000000,1,0,0
2026-08-20T16:43:38.152,2.806281,135,86,11,6,R11C5,14,2,1.798823,1.798823,0.000000,0.000000,1,0,0
2026-08-20T16:43:38.152,2.930673,135,87,11,7,R11C6,14,4,0.957647,1.837647,-0.880000,0.939638,1,0,0
2026-08-20T16:43:38.152,2.932085,135,88,11,8,R11C7,14,6,0.530588,1.760000,-1.229412,1.000000,1,0,0
2026-08-20T16:43:38.152,2.933086,135,89,12,1,R12C1,16,1,1.798823,1.682353,0.116471,0.000000,1,0,0
2026-08-20T16:43:38.153,2.938118,135,90,12,2,R12C2,16,3,1.747059,1.708235,0.038824,0.000000,1,0,0
2026-08-20T16:43:38.153,2.943228,135,91,12,3,R12C3,16,5,1.798823,1.772941,0.025882,0.000000,1,0,0
2026-08-20T16:43:38.153,2.949335,135,92,12,4,R12C4,16,7,1.785882,1.798823,-0.012941,0.000000,1,0,0
2026-08-20T16:43:38.153,2.956227,135,93,12,5,R12C5,16,2,1.837647,1.798823,0.038824,0.000000,1,0,0
2026-08-20T16:43:38.153,2.959171,135,94,12,6,R12C6,16,4,0.116471,1.449412,-1.332941,1.000000,1,1,0
2026-08-20T16:43:38.153,2.964244,135,95,12,7,R12C7,16,6,1.384706,1.695294,-0.310588,0.094875,1,0,0
2026-08-20T16:43:38.153,2.969071,136,96,12,8,R12C8,16,8,0.880000,1.772941,-0.892941,1.000000,1,0,0
2026-08-20T16:43:38.153,2.974289,136,1,1,1,R1C2,1,3,1.798823,1.811765,-0.012941,0.000000,1,0,0
2026-08-20T16:43:38.153,2.980142,136,2,1,2,R1C3,1,5,1.811765,1.798823,0.012941,0.000000,1,0,0
2026-08-20T16:43:38.153,2.985260,136,3,1,3,R1C4,1,7,1.811765,1.811765,0.000000,0.000000,1,0,0
2026-08-20T16:43:38.153,2.990312,136,4,1,4,R1C5,1,2,1.798823,1.785882,0.012941,0.000000,1,0,0
2026-08-20T16:43:38.153,2.995190,136,5,1,5,R1C6,1,4,1.811765,1.798823,0.012941,0.000000,1,0,0
2026-08-20T16:43:38.347,3.001379,136,6,1,6,R1C7,1,6,1.811765,1.798823,0.012941,0.000000,1,0,0
2026-08-20T16:43:38.347,3.197692,136,7,1,7,R1C8,1,8,1.811765,1.811765,0.000000,0.000000,1,0,0
2026-08-20T16:43:38.347,3.199051,136,8,1,8,R1C9,1,10,1.824706,1.850588,-0.025882,0.000000,1,0,0
2026-08-20T16:43:38.347,3.200040,136,9,2,1,R2C3,3,5,1.785882,1.785882,0.000000,0.000000,1,0,0
2026-08-20T16:43:38.348,3.205100,136,10,2,2,R2C4,3,7,1.785882,1.811765,-0.025882,0.000000,1,0,0
2026-08-20T16:43:38.348,3.212148,136,11,2,3,R2C5,3,2,1.785882,1.785882,0.000000,0.000000,1,0,0
2026-08-20T16:43:38.348,3.216744,136,12,2,4,R2C6,3,4,1.798823,1.811765,-0.012941,0.000000,1,0,0
2026-08-20T16:43:38.348,3.221991,136,13,2,5,R2C7,3,6,1.785882,1.824706,-0.038823,0.000000,1,0,0
2026-08-20T16:43:38.348,3.226153,136,14,2,6,R2C8,3,8,1.772941,1.772941,0.000000,0.000000,1,0,0
2026-08-20T16:43:38.348,3.231233,136,15,2,7,R2C9,3,10,1.798823,1.837647,-0.038824,0.000000,1,0,0
2026-08-20T16:43:38.348,3.237138,136,16,2,8,R2C10,3,12,1.785882,1.798823,-0.012941,0.000000,1,0,0
2026-08-20T16:43:38.348,3.241125,136,17,3,1,R3C4,5,7,1.824706,1.811765,0.012941,0.000000,1,0,0
2026-08-20T16:43:38.348,3.247069,136,18,3,2,R3C5,5,2,1.811765,1.798823,0.012941,0.000000,1,0,0
2026-08-20T16:43:38.348,3.252087,136,19,3,3,R3C6,5,4,1.811765,1.811765,0.000000,0.000000,1,0,0
2026-08-20T16:43:38.348,3.257230,136,20,3,4,R3C7,5,6,1.824706,1.811765,0.012941,0.000000,1,0,0
2026-08-20T16:43:38.348,3.262193,136,21,3,5,R3C8,5,8,1.811765,1.824706,-0.012941,0.000000,1,0,0
2026-08-20T16:43:38.616,3.268477,136,22,3,6,R3C9,5,10,1.837647,1.811765,0.025882,0.000000,1,0,0
2026-08-20T16:43:38.616,3.391386,136,23,3,7,R3C10,5,12,1.798823,1.824706,-0.025882,0.000000,1,0,0
2026-08-20T16:43:38.617,3.393123,136,24,3,8,R3C11,5,14,1.785882,1.850588,-0.064706,0.000000,1,0,0
2026-08-20T16:43:38.617,3.394029,136,25,4,1,R4C5,7,2,1.798823,1.798823,0.000000,0.000000,1,0,0
2026-08-20T16:43:38.617,3.399079,136,26,4,2,R4C6,7,4,1.785882,1.798823,-0.012941,0.000000,1,0,0
2026-08-20T16:43:38.617,3.405242,136,27,4,3,R4C7,7,6,1.772941,1.785882,-0.012941,0.000000,1,0,0
2026-08-20T16:43:38.617,3.409802,136,28,4,4,R4C8,7,8,1.798823,1.798823,0.000000,0.000000,1,0,0
2026-08-20T16:43:38.617,3.416131,136,29,4,5,R4C9,7,10,1.811765,1.824706,-0.012941,0.000000,1,0,0
2026-08-20T16:43:38.617,3.419095,136,30,4,6,R4C10,7,12,1.785882,1.798823,-0.012941,0.000000,1,0,0
2026-08-20T16:43:38.617,3.425250,136,31,4,7,R4C11,7,14,1.824706,1.798823,0.025882,0.000000,1,0,0
2026-08-20T16:43:38.617,3.430375,136,32,4,8,R4C12,7,16,1.824706,1.798823,0.025882,0.000000,1,0,0
2026-08-20T16:43:38.617,3.435139,136,33,5,1,R5C6,2,4,1.811765,1.824706,-0.012941,0.000000,1,0,0
2026-08-20T16:43:38.617,3.440137,136,34,5,2,R5C7,2,6,1.811765,1.837647,-0.025882,0.000000,1,0,0
2026-08-20T16:43:38.617,3.445247,136,35,5,3,R5C8,2,8,1.811765,1.837647,-0.025882,0.000000,1,0,0
2026-08-20T16:43:38.617,3.450112,136,36,5,4,R5C9,2,10,1.837647,1.824706,0.012941,0.000000,1,0,0
2026-08-20T16:43:38.617,3.456330,136,37,5,5,R5C10,2,12,1.785882,1.811765,-0.025882,0.000000,1,0,0
2026-08-20T16:43:38.805,3.461140,136,38,5,6,R5C11,2,14,1.785882,1.798823,-0.012941,0.000000,1,0,0
2026-08-20T16:43:38.805,3.661480,136,39,5,7,R5C12,2,16,1.824706,1.798823,0.025882,0.000000,1,0,0
2026-08-20T16:43:38.805,3.663030,136,40,5,8,R5C1,2,1,1.811765,1.811765,0.000000,0.000000,1,0,0
2026-08-20T16:43:38.806,3.664065,136,41,6,1,R6C7,4,6,1.708235,1.798823,-0.090588,0.000000,1,0,0
2026-08-20T16:43:38.806,3.669054,136,42,6,2,R6C8,4,8,1.760000,1.824706,-0.064706,0.000000,1,0,0
2026-08-20T16:43:38.806,3.676219,136,43,6,3,R6C9,4,10,1.824706,1.811765,0.012941,0.000000,1,0,0
2026-08-20T16:43:38.806,3.680595,136,44,6,4,R6C10,4,12,1.785882,1.837647,-0.051765,0.000000,1,0,0
2026-08-20T16:43:38.806,3.685528,136,45,6,5,R6C11,4,14,1.798823,1.798823,0.000000,0.000000,1,0,0
2026-08-20T16:43:38.806,3.689066,136,46,6,6,R6C12,4,16,1.798823,1.798823,0.000000,0.000000,1,0,0
2026-08-20T16:43:38.806,3.695097,136,47,6,7,R6C1,4,1,0.000000,1.824706,-1.824706,1.000000,1,1,0
2026-08-20T16:43:38.806,3.700232,136,48,6,8,R6C2,4,3,1.087059,1.785882,-0.698824,0.689441,1,0,0
2026-08-20T16:43:38.806,3.705104,136,49,7,1,R7C8,6,8,1.760000,1.811765,-0.051765,0.000000,1,0,0
2026-08-20T16:43:38.806,3.711167,136,50,7,2,R7C9,6,10,1.824706,1.837647,-0.012941,0.000000,1,0,0
2026-08-20T16:43:38.806,3.715058,136,51,7,3,R7C10,6,12,1.785882,1.785882,0.000000,0.000000,1,0,0
2026-08-20T16:43:38.806,3.721065,136,52,7,4,R7C11,6,14,1.798823,1.785882,0.012941,0.000000,1,0,0
2026-08-20T16:43:38.806,3.726157,136,53,7,5,R7C12,6,16,1.798823,1.811765,-0.012941,0.000000,1,0,0
2026-08-20T16:43:39.078,3.731100,136,54,7,6,R7C1,6,1,1.255294,1.837647,-0.582353,0.476861,1,0,0
2026-08-20T16:43:39.078,3.850315,136,55,7,7,R7C2,6,3,1.061176,1.811765,-0.750588,0.755102,1,0,0
2026-08-20T16:43:39.078,3.852064,136,56,7,8,R7C3,6,5,1.177647,1.565882,-0.388235,0.279811,1,0,0
2026-08-20T16:43:39.078,3.852969,136,57,8,1,R8C9,8,10,1.824706,1.850588,-0.025882,0.000000,1,0,0
2026-08-20T16:43:39.078,3.858093,136,58,8,2,R8C10,8,12,1.785882,1.785882,0.000000,0.000000,1,0,0
2026-08-20T16:43:39.078,3.864143,136,59,8,3,R8C11,8,14,1.811765,1.824706,-0.012941,0.000000,1,0,0
2026-08-20T16:43:39.078,3.868317,136,60,8,4,R8C12,8,16,1.811765,1.824706,-0.012941,0.000000,1,0,0
2026-08-20T16:43:39.078,3.875089,136,61,8,5,R8C1,8,1,1.022353,1.837647,-0.815294,0.839034,1,0,0
2026-08-20T16:43:39.078,3.877986,136,62,8,6,R8C2,8,3,0.957647,1.785882,-0.828235,0.896480,1,0,0
2026-08-20T16:43:39.079,3.884128,136,63,8,7,R8C3,8,5,0.000000,1.294118,-1.294118,1.000000,1,1,0
2026-08-20T16:43:39.079,3.889053,136,64,8,8,R8C4,8,7,0.440000,1.798823,-1.358823,1.000000,1,0,0
2026-08-20T16:43:39.079,3.894069,136,65,9,1,R9C10,10,12,1.811765,1.785882,0.025882,0.000000,1,0,0
2026-08-20T16:43:39.079,3.899076,136,66,9,2,R9C11,10,14,1.785882,1.798823,-0.012941,0.000000,1,0,0
2026-08-20T16:43:39.079,3.905049,136,67,9,3,R9C12,10,16,1.850588,1.824706,0.025882,0.000000,1,0,0
2026-08-20T16:43:39.079,3.910147,136,68,9,4,R9C1,10,1,0.621176,1.734118,-1.112941,1.000000,1,0,0
2026-08-20T16:43:39.079,3.915031,136,69,9,5,R9C2,10,3,1.177647,1.811765,-0.634118,0.571428,1,0,0
2026-08-20T16:43:39.079,3.920090,136,70,9,6,R9C3,10,5,0.064706,1.371765,-1.307059,1.000000,1,1,0
2026-08-20T16:43:39.267,4.115626,136,71,9,7,R9C4,10,7,0.271765,1.591765,-1.320000,1.000000,1,0,0
2026-08-20T16:43:39.267,4.123191,136,72,9,8,R9C5,10,2,1.785882,1.785882,0.000000,0.000000,1,0,0
2026-08-20T16:43:39.267,4.125121,136,73,10,1,R10C11,12,14,1.785882,1.798823,-0.012941,0.000000,1,0,0
2026-08-20T16:43:39.267,4.126003,136,74,10,2,R10C12,12,16,1.824706,1.798823,0.025882,0.000000,1,0,0
2026-08-20T16:43:39.267,4.130979,136,75,10,3,R10C1,12,1,1.811765,1.824706,-0.012941,0.000000,1,0,0
2026-08-20T16:43:39.267,4.138855,136,76,10,4,R10C2,12,3,1.811765,1.811765,0.000000,0.000000,1,0,0
2026-08-20T16:43:39.267,4.142214,136,77,10,5,R10C3,12,5,1.811765,1.811765,0.000000,0.000000,1,0,0
2026-08-20T16:43:39.267,4.147156,136,78,10,6,R10C4,12,7,1.824706,1.811765,0.012941,0.000000,1,0,0
2026-08-20T16:43:39.267,4.152066,136,79,10,7,R10C5,12,2,1.798823,1.785882,0.012941,0.000000,1,0,0
2026-08-20T16:43:39.267,4.158211,136,80,10,8,R10C6,12,4,1.811765,1.837647,-0.025882,0.000000,1,0,0
2026-08-20T16:43:39.268,4.163077,136,81,11,1,R11C12,14,16,1.837647,1.824706,0.012941,0.000000,1,0,0
2026-08-20T16:43:39.268,4.168314,136,82,11,2,R11C1,14,1,1.747059,1.811765,-0.064706,0.000000,1,0,0
2026-08-20T16:43:39.268,4.173141,136,83,11,3,R11C2,14,3,0.000000,1.332941,-1.332941,1.000000,1,1,0
2026-08-20T16:43:39.268,4.178025,136,84,11,4,R11C3,14,5,1.578824,1.682353,-0.103529,0.000000,1,0,0
2026-08-20T16:43:39.268,4.184226,136,85,11,5,R11C4,14,7,0.168235,1.798823,-1.630588,1.000000,1,1,0
2026-08-20T16:43:39.268,4.189112,136,86,11,6,R11C5,14,2,1.798823,1.798823,0.000000,0.000000,1,0,0
2026-08-20T16:43:39.539,4.194045,136,87,11,7,R11C6,14,4,0.957647,1.837647,-0.880000,0.939638,1,0,0
2026-08-20T16:43:39.539,4.312200,136,88,11,8,R11C7,14,6,0.388235,1.760000,-1.371765,1.000000,1,0,0
2026-08-20T16:43:39.539,4.314164,136,89,12,1,R12C1,16,1,1.798823,1.682353,0.116471,0.000000,1,0,0
2026-08-20T16:43:39.540,4.314980,136,90,12,2,R12C2,16,3,1.747059,1.734118,0.012941,0.000000,1,0,0
2026-08-20T16:43:39.540,4.319073,136,91,12,3,R12C3,16,5,1.798823,1.772941,0.025882,0.000000,1,0,0
2026-08-20T16:43:39.540,4.325663,136,92,12,4,R12C4,16,7,1.772941,1.785882,-0.012941,0.000000,1,0,0
2026-08-20T16:43:39.540,4.332151,136,93,12,5,R12C5,16,2,1.772941,1.798823,-0.025882,0.000000,1,0,0
2026-08-20T16:43:39.540,4.337470,136,94,12,6,R12C6,16,4,0.168235,1.449412,-1.281176,1.000000,1,1,0
2026-08-20T16:43:39.540,4.340149,136,95,12,7,R12C7,16,6,1.332941,1.695294,-0.362353,0.182116,1,0,0
2026-08-20T16:43:39.540,4.346145,137,96,12,8,R12C8,16,8,0.789412,1.772941,-0.983529,1.000000,1,0,0
2026-08-20T16:43:39.540,4.351219,137,1,1,1,R1C2,1,3,1.811765,1.811765,0.000000,0.000000,1,0,0
2026-08-20T16:43:39.540,4.356145,137,2,1,2,R1C3,1,5,1.798823,1.811765,-0.012941,0.000000,1,0,0
2026-08-20T16:43:39.540,4.361053,137,3,1,3,R1C4,1,7,1.811765,1.811765,0.000000,0.000000,1,0,0
2026-08-20T16:43:39.540,4.366066,137,4,1,4,R1C5,1,2,1.798823,1.798823,0.000000,0.000000,1,0,0
2026-08-20T16:43:39.540,4.372184,137,5,1,5,R1C6,1,4,1.811765,1.798823,0.012941,0.000000,1,0,0
2026-08-20T16:43:39.540,4.377122,137,6,1,6,R1C7,1,6,1.811765,1.798823,0.012941,0.000000,1,0,0
2026-08-20T16:43:39.744,4.382069,137,7,1,7,R1C8,1,8,1.811765,1.811765,0.000000,0.000000,1,0,0
2026-08-20T16:43:39.744,4.585457,137,8,1,8,R1C9,1,10,1.824706,1.850588,-0.025882,0.000000,1,0,0
2026-08-20T16:43:39.744,4.587207,137,9,2,1,R2C3,3,5,1.785882,1.785882,0.000000,0.000000,1,0,0
2026-08-20T16:43:39.744,4.588116,137,10,2,2,R2C4,3,7,1.772941,1.811765,-0.038823,0.000000,1,0,0
2026-08-20T16:43:39.744,4.592103,137,11,2,3,R2C5,3,2,1.837647,1.785882,0.051765,0.000000,1,0,0
2026-08-20T16:43:39.744,4.600653,137,12,2,4,R2C6,3,4,1.798823,1.811765,-0.012941,0.000000,1,0,0
2026-08-20T16:43:39.744,4.604606,137,13,2,5,R2C7,3,6,1.785882,1.785882,0.000000,0.000000,1,0,0
2026-08-20T16:43:39.744,4.608420,137,14,2,6,R2C8,3,8,1.772941,1.772941,0.000000,0.000000,1,0,0
2026-08-20T16:43:39.744,4.615168,137,15,2,7,R2C9,3,10,1.785882,1.837647,-0.051765,0.000000,1,0,0
2026-08-20T16:43:39.745,4.619290,137,16,2,8,R2C10,3,12,1.785882,1.785882,0.000000,0.000000,1,0,0
2026-08-20T16:43:39.745,4.624079,137,17,3,1,R3C4,5,7,1.811765,1.824706,-0.012941,0.000000,1,0,0
2026-08-20T16:43:39.745,4.629225,137,18,3,2,R3C5,5,2,1.785882,1.811765,-0.025882,0.000000,1,0,0
2026-08-20T16:43:39.745,4.634036,137,19,3,3,R3C6,5,4,1.811765,1.811765,0.000000,0.000000,1,0,0
2026-08-20T16:43:39.745,4.640155,137,20,3,4,R3C7,5,6,1.811765,1.824706,-0.012941,0.000000,1,0,0
2026-08-20T16:43:39.745,4.645274,137,21,3,5,R3C8,5,8,1.811765,1.811765,0.000000,0.000000,1,0,0
2026-08-20T16:43:39.745,4.650188,137,22,3,6,R3C9,5,10,1.798823,1.837647,-0.038824,0.000000,1,0,0
2026-08-20T16:43:39.745,4.655091,137,23,3,7,R3C10,5,12,1.785882,1.824706,-0.038823,0.000000,1,0,0
2026-08-20T16:43:40.024,4.781564,137,24,3,8,R3C11,5,14,1.798823,1.785882,0.012941,0.000000,1,0,0
2026-08-20T16:43:40.024,4.789052,137,25,4,1,R4C5,7,2,1.785882,1.798823,-0.012941,0.000000,1,0,0
2026-08-20T16:43:40.024,4.790270,137,26,4,2,R4C6,7,4,1.785882,1.798823,-0.012941,0.000000,1,0,0
2026-08-20T16:43:40.024,4.792108,137,27,4,3,R4C7,7,6,1.772941,1.785882,-0.012941,0.000000,1,0,0
2026-08-20T16:43:40.024,4.798156,137,28,4,4,R4C8,7,8,1.785882,1.798823,-0.012941,0.000000,1,0,0
2026-08-20T16:43:40.024,4.804968,137,29,4,5,R4C9,7,10,1.824706,1.824706,0.000000,0.000000,1,0,0
2026-08-20T16:43:40.024,4.809644,137,30,4,6,R4C10,7,12,1.785882,1.785882,0.000000,0.000000,1,0,0
2026-08-20T16:43:40.024,4.813320,137,31,4,7,R4C11,7,14,1.850588,1.824706,0.025882,0.000000,1,0,0
2026-08-20T16:43:40.024,4.819322,137,32,4,8,R4C12,7,16,1.837647,1.824706,0.012941,0.000000,1,0,0
2026-08-20T16:43:40.024,4.824091,137,33,5,1,R5C6,2,4,1.811765,1.824706,-0.012941,0.000000,1,0,0
2026-08-20T16:43:40.024,4.829289,137,34,5,2,R5C7,2,6,1.811765,1.811765,0.000000,0.000000,1,0,0
2026-08-20T16:43:40.024,4.834107,137,35,5,3,R5C8,2,8,1.811765,1.837647,-0.025882,0.000000,1,0,0
2026-08-20T16:43:40.024,4.839100,137,36,5,4,R5C9,2,10,1.837647,1.824706,0.012941,0.000000,1,0,0
2026-08-20T16:43:40.025,4.845261,137,37,5,5,R5C10,2,12,1.785882,1.798823,-0.012941,0.000000,1,0,0
2026-08-20T16:43:40.025,4.850311,137,38,5,6,R5C11,2,14,1.811765,1.785882,0.025882,0.000000,1,0,0
2026-08-20T16:43:40.025,4.855250,137,39,5,7,R5C12,2,16,1.837647,1.811765,0.025882,0.000000,1,0,0
2026-08-20T16:43:40.218,4.860112,137,40,5,8,R5C1,2,1,1.811765,1.811765,0.000000,0.000000,1,0,0
2026-08-20T16:43:40.218,5.068636,137,41,6,1,R6C7,4,6,1.695294,1.772941,-0.077647,0.000000,1,0,0
2026-08-20T16:43:40.218,5.070149,137,42,6,2,R6C8,4,8,1.747059,1.798823,-0.051765,0.000000,1,0,0
2026-08-20T16:43:40.218,5.071085,137,43,6,3,R6C9,4,10,1.785882,1.824706,-0.038823,0.000000,1,0,0
2026-08-20T16:43:40.218,5.076109,137,44,6,4,R6C10,4,12,1.798823,1.837647,-0.038824,0.000000,1,0,0
2026-08-20T16:43:40.218,5.082555,137,45,6,5,R6C11,4,14,1.824706,1.798823,0.025882,0.000000,1,0,0
2026-08-20T16:43:40.218,5.088553,137,46,6,6,R6C12,4,16,1.798823,1.798823,0.000000,0.000000,1,0,0
2026-08-20T16:43:40.218,5.091189,137,47,6,7,R6C1,4,1,0.000000,1.824706,-1.824706,1.000000,1,1,0
2026-08-20T16:43:40.218,5.097115,137,48,6,8,R6C2,4,3,1.035294,1.785882,-0.750588,0.772257,1,0,0
2026-08-20T16:43:40.219,5.102144,137,49,7,1,R7C8,6,8,1.747059,1.798823,-0.051765,0.000000,1,0,0
2026-08-20T16:43:40.219,5.107075,137,50,7,2,R7C9,6,10,1.798823,1.824706,-0.025882,0.000000,1,0,0
2026-08-20T16:43:40.219,5.112284,137,51,7,3,R7C10,6,12,1.824706,1.785882,0.038823,0.000000,1,0,0
2026-08-20T16:43:40.219,5.118199,137,52,7,4,R7C11,6,14,1.824706,1.785882,0.038823,0.000000,1,0,0
2026-08-20T16:43:40.219,5.123133,137,53,7,5,R7C12,6,16,1.837647,1.798823,0.038824,0.000000,1,0,0
2026-08-20T16:43:40.219,5.128176,137,54,7,6,R7C1,6,1,1.255294,1.837647,-0.582353,0.476861,1,0,0
2026-08-20T16:43:40.219,5.133088,137,55,7,7,R7C2,6,3,1.035294,1.811765,-0.776471,0.795918,1,0,0
2026-08-20T16:43:40.486,5.139094,137,56,7,8,R7C3,6,5,1.125882,1.565882,-0.440000,0.374262,1,0,0
2026-08-20T16:43:40.486,5.264471,137,57,8,1,R8C9,8,10,1.837647,1.850588,-0.012941,0.000000,1,0,0
2026-08-20T16:43:40.486,5.266170,137,58,8,2,R8C10,8,12,1.785882,1.785882,0.000000,0.000000,1,0,0
2026-08-20T16:43:40.486,5.267051,137,59,8,3,R8C11,8,14,1.824706,1.824706,0.000000,0.000000,1,0,0
2026-08-20T16:43:40.486,5.272177,137,60,8,4,R8C12,8,16,1.837647,1.824706,0.012941,0.000000,1,0,0
2026-08-20T16:43:40.486,5.279056,137,61,8,5,R8C1,8,1,0.724706,1.837647,-1.112941,1.000000,1,0,0
2026-08-20T16:43:40.486,5.283207,137,62,8,6,R8C2,8,3,0.880000,1.785882,-0.905882,1.000000,1,0,0
2026-08-20T16:43:40.487,5.290333,137,63,8,7,R8C3,8,5,0.000000,1.294118,-1.294118,1.000000,1,1,0
2026-08-20T16:43:40.487,5.292081,137,64,8,8,R8C4,8,7,0.375294,1.798823,-1.423529,1.000000,1,0,0
2026-08-20T16:43:40.487,5.298140,137,65,9,1,R9C10,10,12,1.837647,1.798823,0.038824,0.000000,1,0,0
2026-08-20T16:43:40.487,5.303097,137,66,9,2,R9C11,10,14,1.811765,1.798823,0.012941,0.000000,1,0,0
2026-08-20T16:43:40.487,5.308114,137,67,9,3,R9C12,10,16,1.824706,1.850588,-0.025882,0.000000,1,0,0
2026-08-20T16:43:40.487,5.313151,137,68,9,4,R9C1,10,1,0.621176,1.734118,-1.112941,1.000000,1,0,0
2026-08-20T16:43:40.487,5.319172,137,69,9,5,R9C2,10,3,1.125882,1.811765,-0.685882,0.653061,1,0,0
2026-08-20T16:43:40.487,5.324287,137,70,9,6,R9C3,10,5,0.012941,1.371765,-1.358823,1.000000,1,1,0
2026-08-20T16:43:40.487,5.329238,137,71,9,7,R9C4,10,7,0.194118,1.591765,-1.397647,1.000000,1,1,0
2026-08-20T16:43:40.487,5.334104,137,72,9,8,R9C5,10,2,1.798823,1.785882,0.012941,0.000000,1,0,0
2026-08-20T16:43:40.702,5.523674,137,73,10,1,R10C11,12,14,1.850588,1.785882,0.064706,0.000000,1,0,0
2026-08-20T16:43:40.702,5.531814,137,74,10,2,R10C12,12,16,1.850588,1.811765,0.038823,0.000000,1,0,0
2026-08-20T16:43:40.702,5.533020,137,75,10,3,R10C1,12,1,1.811765,1.811765,0.000000,0.000000,1,0,0
2026-08-20T16:43:40.702,5.534021,137,76,10,4,R10C2,12,3,1.811765,1.811765,0.000000,0.000000,1,0,0
2026-08-20T16:43:40.702,5.539117,137,77,10,5,R10C3,12,5,1.811765,1.811765,0.000000,0.000000,1,0,0
2026-08-20T16:43:40.702,5.546118,137,78,10,6,R10C4,12,7,1.811765,1.811765,0.000000,0.000000,1,0,0
2026-08-20T16:43:40.702,5.550583,137,79,10,7,R10C5,12,2,1.824706,1.798823,0.025882,0.000000,1,0,0
2026-08-20T16:43:40.702,5.557094,137,80,10,8,R10C6,12,4,1.811765,1.824706,-0.012941,0.000000,1,0,0
2026-08-20T16:43:40.703,5.560181,137,81,11,1,R11C12,14,16,1.798823,1.824706,-0.025882,0.000000,1,0,0
2026-08-20T16:43:40.703,5.566324,137,82,11,2,R11C1,14,1,1.734118,1.760000,-0.025882,0.000000,1,0,0
2026-08-20T16:43:40.703,5.571088,137,83,11,3,R11C2,14,3,0.000000,1.332941,-1.332941,1.000000,1,1,0
2026-08-20T16:43:40.703,5.576320,137,84,11,4,R11C3,14,5,1.565882,1.669412,-0.103529,0.000000,1,0,0
2026-08-20T16:43:40.703,5.581112,137,85,11,5,R11C4,14,7,0.000000,1.798823,-1.798823,1.000000,1,1,0
2026-08-20T16:43:40.703,5.586118,137,86,11,6,R11C5,14,2,1.811765,1.798823,0.012941,0.000000,1,0,0
2026-08-20T16:43:40.703,5.592122,137,87,11,7,R11C6,14,4,1.022353,1.837647,-0.815294,0.839034,1,0,0
2026-08-20T16:43:40.703,5.597238,137,88,11,8,R11C7,14,6,0.388235,1.760000,-1.371765,1.000000,1,0,0
2026-08-20T16:43:41.006,5.602116,137,89,12,1,R12C1,16,1,1.798823,1.798823,0.000000,0.000000,1,0,0
2026-08-20T16:43:41.007,5.749087,137,90,12,2,R12C2,16,3,1.747059,1.747059,0.000000,0.000000,1,0,0
2026-08-20T16:43:41.007,5.751401,137,91,12,3,R12C3,16,5,1.798823,1.798823,0.000000,0.000000,1,0,0
2026-08-20T16:43:41.007,5.753186,137,92,12,4,R12C4,16,7,1.772941,1.785882,-0.012941,0.000000,1,0,0
2026-08-20T16:43:41.007,5.756318,137,93,12,5,R12C5,16,2,1.785882,1.772941,0.012941,0.000000,1,0,0
2026-08-20T16:43:41.007,5.761327,137,94,12,6,R12C6,16,4,0.129412,1.449412,-1.320000,1.000000,1,1,0
2026-08-20T16:43:41.007,5.769672,137,95,12,7,R12C7,16,6,1.332941,1.695294,-0.362353,0.182116,1,0,0
2026-08-20T16:43:41.007,5.773587,138,96,12,8,R12C8,16,8,0.724706,1.772941,-1.048235,1.000000,1,0,0
2026-08-20T16:43:41.007,5.777300,138,1,1,1,R1C2,1,3,1.811765,1.811765,0.000000,0.000000,1,0,0
2026-08-20T16:43:41.007,5.783154,138,2,1,2,R1C3,1,5,1.811765,1.811765,0.000000,0.000000,1,0,0
2026-08-20T16:43:41.007,5.788138,138,3,1,3,R1C4,1,7,1.811765,1.811765,0.000000,0.000000,1,0,0
2026-08-20T16:43:41.007,5.793092,138,4,1,4,R1C5,1,2,1.772941,1.798823,-0.025882,0.000000,1,0,0
2026-08-20T16:43:41.007,5.798102,138,5,1,5,R1C6,1,4,1.811765,1.811765,0.000000,0.000000,1,0,0
2026-08-20T16:43:41.007,5.803278,138,6,1,6,R1C7,1,6,1.811765,1.811765,0.000000,0.000000,1,0,0
2026-08-20T16:43:41.007,5.809473,138,7,1,7,R1C8,1,8,1.811765,1.811765,0.000000,0.000000,1,0,0
2026-08-20T16:43:41.007,5.813114,138,8,1,8,R1C9,1,10,1.811765,1.824706,-0.012941,0.000000,1,0,0
2026-08-20T16:43:41.007,5.818269,138,9,2,1,R2C3,3,5,1.772941,1.785882,-0.012941,0.000000,1,0,0
2026-08-20T16:43:41.194,6.043610,138,10,2,2,R2C4,3,7,1.772941,1.785882,-0.012941,0.000000,1,0,0
2026-08-20T16:43:41.194,6.050683,138,11,2,3,R2C5,3,2,1.772941,1.824706,-0.051765,0.000000,1,0,0
2026-08-20T16:43:41.194,6.051992,138,12,2,4,R2C6,3,4,1.798823,1.798823,0.000000,0.000000,1,0,0
2026-08-20T16:43:41.194,6.052960,138,13,2,5,R2C7,3,6,1.785882,1.785882,0.000000,0.000000,1,0,0
2026-08-20T16:43:41.194,6.061208,138,14,2,6,R2C8,3,8,1.760000,1.772941,-0.012941,0.000000,1,0,0
2026-08-20T16:43:41.194,6.065195,138,15,2,7,R2C9,3,10,1.837647,1.798823,0.038824,0.000000,1,0,0
2026-08-20T16:43:41.194,6.072339,138,16,2,8,R2C10,3,12,1.798823,1.785882,0.012941,0.000000,1,0,0
2026-08-20T16:43:41.194,6.074044,138,17,3,1,R3C4,5,7,1.824706,1.824706,0.000000,0.000000,1,0,0
2026-08-20T16:43:41.194,6.080079,138,18,3,2,R3C5,5,2,1.772941,1.798823,-0.025882,0.000000,1,0,0
2026-08-20T16:43:41.194,6.085091,138,19,3,3,R3C6,5,4,1.811765,1.811765,0.000000,0.000000,1,0,0
2026-08-20T16:43:41.194,6.091030,138,20,3,4,R3C7,5,6,1.824706,1.811765,0.012941,0.000000,1,0,0
2026-08-20T16:43:41.194,6.096035,138,21,3,5,R3C8,5,8,1.811765,1.811765,0.000000,0.000000,1,0,0
2026-08-20T16:43:41.195,6.101031,138,22,3,6,R3C9,5,10,1.850588,1.837647,0.012941,0.000000,1,0,0
2026-08-20T16:43:41.195,6.106131,138,23,3,7,R3C10,5,12,1.785882,1.798823,-0.012941,0.000000,1,0,0
2026-08-20T16:43:41.195,6.111037,138,24,3,8,R3C11,5,14,1.837647,1.798823,0.038824,0.000000,1,0,0
2026-08-20T16:43:41.195,6.117168,138,25,4,1,R4C5,7,2,1.785882,1.785882,0.000000,0.000000,1,0,0
2026-08-20T16:43:41.195,6.122034,138,26,4,2,R4C6,7,4,1.785882,1.785882,0.000000,0.000000,1,0,0
2026-08-20T16:43:41.470,6.231157,138,27,4,3,R4C7,7,6,1.760000,1.772941,-0.012941,0.000000,1,0,0
2026-08-20T16:43:41.470,6.238360,138,28,4,4,R4C8,7,8,1.772941,1.785882,-0.012941,0.000000,1,0,0
2026-08-20T16:43:41.470,6.240150,138,29,4,5,R4C9,7,10,1.824706,1.824706,0.000000,0.000000,1,0,0
2026-08-20T16:43:41.470,6.241041,138,30,4,6,R4C10,7,12,1.785882,1.785882,0.000000,0.000000,1,0,0
2026-08-20T16:43:41.470,6.247075,138,31,4,7,R4C11,7,14,1.811765,1.824706,-0.012941,0.000000,1,0,0
2026-08-20T16:43:41.470,6.254403,138,32,4,8,R4C12,7,16,1.798823,1.824706,-0.025882,0.000000,1,0,0
2026-08-20T16:43:41.470,6.259365,138,33,5,1,R5C6,2,4,1.824706,1.811765,0.012941,0.000000,1,0,0
2026-08-20T16:43:41.470,6.264748,138,34,5,2,R5C7,2,6,1.824706,1.811765,0.012941,0.000000,1,0,0
2026-08-20T16:43:41.470,6.268465,138,35,5,3,R5C8,2,8,1.811765,1.811765,0.000000,0.000000,1,0,0
2026-08-20T16:43:41.470,6.273167,138,36,5,4,R5C9,2,10,1.850588,1.837647,0.012941,0.000000,1,0,0
2026-08-20T16:43:41.470,6.278017,138,37,5,5,R5C10,2,12,1.785882,1.785882,0.000000,0.000000,1,0,0
2026-08-20T16:43:41.470,6.284091,138,38,5,6,R5C11,2,14,1.811765,1.785882,0.025882,0.000000,1,0,0
2026-08-20T16:43:41.470,6.289012,138,39,5,7,R5C12,2,16,1.811765,1.824706,-0.012941,0.000000,1,0,0
2026-08-20T16:43:41.470,6.294275,138,40,5,8,R5C1,2,1,1.811765,1.811765,0.000000,0.000000,1,0,0
2026-08-20T16:43:41.471,6.299271,138,41,6,1,R6C7,4,6,1.682353,1.708235,-0.025882,0.000000,1,0,0
2026-08-20T16:43:41.471,6.304102,138,42,6,2,R6C8,4,8,1.747059,1.760000,-0.012941,0.000000,1,0,0
2026-08-20T16:43:41.656,6.310198,138,43,6,3,R6C9,4,10,1.824706,1.824706,0.000000,0.000000,1,0,0
2026-08-20T16:43:41.656,6.514558,138,44,6,4,R6C10,4,12,1.837647,1.798823,0.038824,0.000000,1,0,0
2026-08-20T16:43:41.656,6.516030,138,45,6,5,R6C11,4,14,1.811765,1.798823,0.012941,0.000000,1,0,0
2026-08-20T16:43:41.656,6.517015,138,46,6,6,R6C12,4,16,1.785882,1.798823,-0.012941,0.000000,1,0,0
2026-08-20T16:43:41.656,6.522043,138,47,6,7,R6C1,4,1,0.000000,1.824706,-1.824706,1.000000,1,1,0
2026-08-20T16:43:41.657,6.527191,138,48,6,8,R6C2,4,3,1.022353,1.785882,-0.763529,0.792961,1,0,0
2026-08-20T16:43:41.657,6.532033,138,49,7,1,R7C8,6,8,1.747059,1.760000,-0.012941,0.000000,1,0,0
2026-08-20T16:43:41.657,6.538165,138,50,7,2,R7C9,6,10,1.785882,1.824706,-0.038823,0.000000,1,0,0
2026-08-20T16:43:41.657,6.542064,138,51,7,3,R7C10,6,12,1.785882,1.798823,-0.012941,0.000000,1,0,0
2026-08-20T16:43:41.657,6.548101,138,52,7,4,R7C11,6,14,1.811765,1.798823,0.012941,0.000000,1,0,0
2026-08-20T16:43:41.657,6.553025,138,53,7,5,R7C12,6,16,1.824706,1.798823,0.025882,0.000000,1,0,0
2026-08-20T16:43:41.657,6.558141,138,54,7,6,R7C1,6,1,1.268235,1.837647,-0.569412,0.456740,1,0,0
2026-08-20T16:43:41.657,6.564171,138,55,7,7,R7C2,6,3,1.100000,1.811765,-0.711765,0.693878,1,0,0
2026-08-20T16:43:41.657,6.569097,138,56,7,8,R7C3,6,5,1.112941,1.565882,-0.452941,0.397875,1,0,0
2026-08-20T16:43:41.657,6.574060,138,57,8,1,R8C9,8,10,1.850588,1.837647,0.012941,0.000000,1,0,0
2026-08-20T16:43:41.657,6.579038,138,58,8,2,R8C10,8,12,1.785882,1.785882,0.000000,0.000000,1,0,0
2026-08-20T16:43:41.927,6.584068,138,59,8,3,R8C11,8,14,1.798823,1.824706,-0.025882,0.000000,1,0,0
2026-08-20T16:43:41.927,6.701328,138,60,8,4,R8C12,8,16,1.811765,1.824706,-0.012941,0.000000,1,0,0
2026-08-20T16:43:41.927,6.703143,138,61,8,5,R8C1,8,1,0.634118,1.837647,-1.203529,1.000000,1,0,0
2026-08-20T16:43:41.927,6.704109,138,62,8,6,R8C2,8,3,0.867059,1.785882,-0.918824,1.000000,1,0,0
2026-08-20T16:43:41.927,6.708083,138,63,8,7,R8C3,8,5,0.000000,1.294118,-1.294118,1.000000,1,1,0
2026-08-20T16:43:41.927,6.716143,138,64,8,8,R8C4,8,7,0.336471,1.798823,-1.462353,1.000000,1,0,0
2026-08-20T16:43:41.927,6.721352,138,65,9,1,R9C10,10,12,1.798823,1.811765,-0.012941,0.000000,1,0,0
2026-08-20T16:43:41.927,6.726670,138,66,9,2,R9C11,10,14,1.785882,1.811765,-0.025882,0.000000,1,0,0
2026-08-20T16:43:41.927,6.729301,138,67,9,3,R9C12,10,16,1.850588,1.824706,0.025882,0.000000,1,0,0
2026-08-20T16:43:41.928,6.735362,138,68,9,4,R9C1,10,1,0.595294,1.734118,-1.138824,1.000000,1,0,0
2026-08-20T16:43:41.928,6.740165,138,69,9,5,R9C2,10,3,1.100000,1.811765,-0.711765,0.693878,1,0,0
2026-08-20T16:43:41.928,6.745040,138,70,9,6,R9C3,10,5,0.000000,1.371765,-1.371765,1.000000,1,1,0
2026-08-20T16:43:41.928,6.750121,138,71,9,7,R9C4,10,7,0.168235,1.591765,-1.423529,1.000000,1,1,0
2026-08-20T16:43:41.928,6.756131,138,72,9,8,R9C5,10,2,1.772941,1.798823,-0.025882,0.000000,1,0,0
2026-08-20T16:43:41.928,6.761222,138,73,10,1,R10C11,12,14,1.811765,1.824706,-0.012941,0.000000,1,0,0
2026-08-20T16:43:41.928,6.766358,138,74,10,2,R10C12,12,16,1.811765,1.824706,-0.012941,0.000000,1,0,0
2026-08-20T16:43:41.928,6.771100,138,75,10,3,R10C1,12,1,1.811765,1.811765,0.000000,0.000000,1,0,0
2026-08-20T16:43:42.120,6.964614,138,76,10,4,R10C2,12,3,1.811765,1.811765,0.000000,0.000000,1,0,0
2026-08-20T16:43:42.121,6.972389,138,77,10,5,R10C3,12,5,1.811765,1.811765,0.000000,0.000000,1,0,0
2026-08-20T16:43:42.121,6.974199,138,78,10,6,R10C4,12,7,1.824706,1.811765,0.012941,0.000000,1,0,0
2026-08-20T16:43:42.121,6.975131,138,79,10,7,R10C5,12,2,1.798823,1.798823,0.000000,0.000000,1,0,0
2026-08-20T16:43:42.121,6.980226,138,80,10,8,R10C6,12,4,1.811765,1.811765,0.000000,0.000000,1,0,0
2026-08-20T16:43:42.121,6.985177,138,81,11,1,R11C12,14,16,1.798823,1.824706,-0.025882,0.000000,1,0,0
2026-08-20T16:43:42.121,6.991857,138,82,11,2,R11C1,14,1,1.721177,1.747059,-0.025882,0.000000,1,0,0
2026-08-20T16:43:42.121,6.995181,138,83,11,3,R11C2,14,3,0.000000,1.332941,-1.332941,1.000000,1,1,0
2026-08-20T16:43:42.121,7.001140,138,84,11,4,R11C3,14,5,1.552941,1.578824,-0.025882,0.000000,1,0,0
2026-08-20T16:43:42.121,7.006110,138,85,11,5,R11C4,14,7,0.000000,1.798823,-1.798823,1.000000,1,1,0
2026-08-20T16:43:42.121,7.011087,138,86,11,6,R11C5,14,2,1.798823,1.798823,0.000000,0.000000,1,0,0
2026-08-20T16:43:42.121,7.017100,138,87,11,7,R11C6,14,4,1.255294,1.837647,-0.582353,0.476861,1,0,0
2026-08-20T16:43:42.121,7.022142,138,88,11,8,R11C7,14,6,0.452941,1.760000,-1.307059,1.000000,1,0,0
2026-08-20T16:43:42.121,7.027134,138,89,12,1,R12C1,16,1,1.798823,1.798823,0.000000,0.000000,1,0,0
2026-08-20T16:43:42.121,7.032054,138,90,12,2,R12C2,16,3,1.747059,1.747059,0.000000,0.000000,1,0,0
2026-08-20T16:43:42.121,7.037050,138,91,12,3,R12C3,16,5,1.798823,1.798823,0.000000,0.000000,1,0,0
2026-08-20T16:43:42.379,7.043166,138,92,12,4,R12C4,16,7,1.772941,1.772941,0.000000,0.000000,1,0,0
2026-08-20T16:43:42.379,7.164370,138,93,12,5,R12C5,16,2,1.824706,1.785882,0.038823,0.000000,1,0,0
2026-08-20T16:43:42.379,7.166083,138,94,12,6,R12C6,16,4,0.375294,1.449412,-1.074118,1.000000,1,0,0
2026-08-20T16:43:42.379,7.166994,138,95,12,7,R12C7,16,6,1.307059,1.695294,-0.388235,0.225736,1,0,0
2026-08-20T16:43:42.379,7.171013,139,96,12,8,R12C8,16,8,0.711765,1.772941,-1.061177,1.000000,1,0,0
2026-08-20T16:43:42.379,7.177325,139,1,1,1,R1C2,1,3,1.798823,1.811765,-0.012941,0.000000,1,0,0
2026-08-20T16:43:42.379,7.183097,139,2,1,2,R1C3,1,5,1.798823,1.811765,-0.012941,0.000000,1,0,0
2026-08-20T16:43:42.379,7.188010,139,3,1,3,R1C4,1,7,1.811765,1.811765,0.000000,0.000000,1,0,0
2026-08-20T16:43:42.379,7.192010,139,4,1,4,R1C5,1,2,1.811765,1.798823,0.012941,0.000000,1,0,0
2026-08-20T16:43:42.379,7.198003,139,5,1,5,R1C6,1,4,1.811765,1.811765,0.000000,0.000000,1,0,0
2026-08-20T16:43:42.379,7.203073,139,6,1,6,R1C7,1,6,1.811765,1.811765,0.000000,0.000000,1,0,0
2026-08-20T16:43:42.379,7.208129,139,7,1,7,R1C8,1,8,1.811765,1.811765,0.000000,0.000000,1,0,0
2026-08-20T16:43:42.379,7.213082,139,8,1,8,R1C9,1,10,1.837647,1.824706,0.012941,0.000000,1,0,0
2026-08-20T16:43:42.380,7.219039,139,9,2,1,R2C3,3,5,1.760000,1.785882,-0.025882,0.000000,1,0,0
2026-08-20T16:43:42.380,7.224056,139,10,2,2,R2C4,3,7,1.747059,1.772941,-0.025882,0.000000,1,0,0
2026-08-20T16:43:42.380,7.229244,139,11,2,3,R2C5,3,2,1.811765,1.785882,0.025882,0.000000,1,0,0
2026-08-20T16:43:42.567,7.234022,139,12,2,4,R2C6,3,4,1.798823,1.798823,0.000000,0.000000,1,0,0
2026-08-20T16:43:42.567,7.423073,139,13,2,5,R2C7,3,6,1.760000,1.785882,-0.025882,0.000000,1,0,0
2026-08-20T16:43:42.567,7.424021,139,14,2,6,R2C8,3,8,1.682353,1.772941,-0.090588,0.000000,1,0,0
2026-08-20T16:43:42.567,7.425056,139,15,2,7,R2C9,3,10,1.785882,1.798823,-0.012941,0.000000,1,0,0
2026-08-20T16:43:42.567,7.430074,139,16,2,8,R2C10,3,12,1.785882,1.785882,0.000000,0.000000,1,0,0
2026-08-20T16:43:42.568,7.436213,139,17,3,1,R3C4,5,7,1.824706,1.824706,0.000000,0.000000,1,0,0
2026-08-20T16:43:42.568,7.442222,139,18,3,2,R3C5,5,2,1.772941,1.785882,-0.012941,0.000000,1,0,0
2026-08-20T16:43:42.568,7.447037,139,19,3,3,R3C6,5,4,1.811765,1.811765,0.000000,0.000000,1,0,0
2026-08-20T16:43:42.568,7.451070,139,20,3,4,R3C7,5,6,1.824706,1.824706,0.000000,0.000000,1,0,0
2026-08-20T16:43:42.568,7.456043,139,21,3,5,R3C8,5,8,1.811765,1.811765,0.000000,0.000000,1,0,0
2026-08-20T16:43:42.568,7.462011,139,22,3,6,R3C9,5,10,1.850588,1.837647,0.012941,0.000000,1,0,0
2026-08-20T16:43:42.568,7.467160,139,23,3,7,R3C10,5,12,1.824706,1.785882,0.038823,0.000000,1,0,0
2026-08-20T16:43:42.568,7.472083,139,24,3,8,R3C11,5,14,1.798823,1.798823,0.000000,0.000000,1,0,0
2026-08-20T16:43:42.568,7.476999,139,25,4,1,R4C5,7,2,1.798823,1.785882,0.012941,0.000000,1,0,0
2026-08-20T16:43:42.568,7.482146,139,26,4,2,R4C6,7,4,1.785882,1.785882,0.000000,0.000000,1,0,0
2026-08-20T16:43:42.568,7.488065,139,27,4,3,R4C7,7,6,1.760000,1.772941,-0.012941,0.000000,1,0,0
2026-08-20T16:43:42.832,7.493136,139,28,4,4,R4C8,7,8,1.772941,1.785882,-0.012941,0.000000,1,0,0
2026-08-20T16:43:42.832,7.611361,139,29,4,5,R4C9,7,10,1.850588,1.824706,0.025882,0.000000,1,0,0
2026-08-20T16:43:42.832,7.613045,139,30,4,6,R4C10,7,12,1.850588,1.785882,0.064706,0.000000,1,0,0
2026-08-20T16:43:42.832,7.614016,139,31,4,7,R4C11,7,14,1.798823,1.824706,-0.025882,0.000000,1,0,0
2026-08-20T16:43:42.832,7.618001,139,32,4,8,R4C12,7,16,1.785882,1.824706,-0.038823,0.000000,1,0,0
2026-08-20T16:43:42.832,7.624200,139,33,5,1,R5C6,2,4,1.811765,1.811765,0.000000,0.000000,1,0,0
2026-08-20T16:43:42.832,7.630148,139,34,5,2,R5C7,2,6,1.824706,1.811765,0.012941,0.000000,1,0,0
2026-08-20T16:43:42.832,7.635050,139,35,5,3,R5C8,2,8,1.811765,1.811765,0.000000,0.000000,1,0,0
2026-08-20T16:43:42.833,7.639064,139,36,5,4,R5C9,2,10,1.837647,1.837647,0.000000,0.000000,1,0,0
2026-08-20T16:43:42.833,7.645104,139,37,5,5,R5C10,2,12,1.785882,1.785882,0.000000,0.000000,1,0,0
2026-08-20T16:43:42.833,7.650236,139,38,5,6,R5C11,2,14,1.837647,1.811765,0.025882,0.000000,1,0,0
2026-08-20T16:43:42.833,7.655113,139,39,5,7,R5C12,2,16,1.798823,1.824706,-0.025882,0.000000,1,0,0
2026-08-20T16:43:42.833,7.660082,139,40,5,8,R5C1,2,1,1.811765,1.811765,0.000000,0.000000,1,0,0
2026-08-20T16:43:42.833,7.666071,139,41,6,1,R6C7,4,6,1.682353,1.695294,-0.012941,0.000000,1,0,0
2026-08-20T16:43:42.833,7.671092,139,42,6,2,R6C8,4,8,1.747059,1.747059,0.000000,0.000000,1,0,0
2026-08-20T16:43:42.833,7.676041,139,43,6,3,R6C9,4,10,1.850588,1.824706,0.025882,0.000000,1,0,0
2026-08-20T16:43:43.027,7.681011,139,44,6,4,R6C10,4,12,1.785882,1.798823,-0.012941,0.000000,1,0,0
2026-08-20T16:43:43.027,7.878011,139,45,6,5,R6C11,4,14,1.824706,1.811765,0.012941,0.000000,1,0,0
2026-08-20T16:43:43.027,7.879270,139,46,6,6,R6C12,4,16,1.798823,1.798823,0.000000,0.000000,1,0,0
2026-08-20T16:43:43.027,7.880062,139,47,6,7,R6C1,4,1,0.000000,1.824706,-1.824706,1.000000,1,1,0
2026-08-20T16:43:43.027,7.885089,139,48,6,8,R6C2,4,3,1.112941,1.785882,-0.672941,0.648033,1,0,0
2026-08-20T16:43:43.027,7.892461,139,49,7,1,R7C8,6,8,1.785882,1.747059,0.038823,0.000000,1,0,0
2026-08-20T16:43:43.027,7.896513,139,50,7,2,R7C9,6,10,1.798823,1.798823,0.000000,0.000000,1,0,0
2026-08-20T16:43:43.027,7.903513,139,51,7,3,R7C10,6,12,1.798823,1.785882,0.012941,0.000000,1,0,0
2026-08-20T16:43:43.027,7.906120,139,52,7,4,R7C11,6,14,1.785882,1.811765,-0.025882,0.000000,1,0,0
2026-08-20T16:43:43.028,7.912138,139,53,7,5,R7C12,6,16,1.811765,1.824706,-0.012941,0.000000,1,0,0
2026-08-20T16:43:43.028,7.916142,139,54,7,6,R7C1,6,1,1.397647,1.837647,-0.440000,0.255533,1,0,0
2026-08-20T16:43:43.028,7.922064,139,55,7,7,R7C2,6,3,1.203529,1.811765,-0.608235,0.530612,1,0,0
2026-08-20T16:43:43.028,7.927108,139,56,7,8,R7C3,6,5,1.229412,1.565882,-0.336471,0.185360,1,0,0
2026-08-20T16:43:43.028,7.932025,139,57,8,1,R8C9,8,10,1.824706,1.837647,-0.012941,0.000000,1,0,0
2026-08-20T16:43:43.028,7.937014,139,58,8,2,R8C10,8,12,1.798823,1.785882,0.012941,0.000000,1,0,0
2026-08-20T16:43:43.028,7.943162,139,59,8,3,R8C11,8,14,1.811765,1.811765,0.000000,0.000000,1,0,0
2026-08-20T16:43:43.294,7.948008,139,60,8,4,R8C12,8,16,1.811765,1.811765,0.000000,0.000000,1,0,0
2026-08-20T16:43:43.294,8.072640,139,61,8,5,R8C1,8,1,1.617647,1.837647,-0.220000,0.000000,1,0,0
2026-08-20T16:43:43.294,8.074149,139,62,8,6,R8C2,8,3,1.643529,1.785882,-0.142353,0.000000,1,0,0
2026-08-20T16:43:43.294,8.075075,139,63,8,7,R8C3,8,5,0.634118,1.294118,-0.660000,1.000000,1,0,0
2026-08-20T16:43:43.294,8.080220,139,64,8,8,R8C4,8,7,1.617647,1.798823,-0.181176,0.000000,1,0,0
2026-08-20T16:43:43.294,8.087253,139,65,9,1,R9C10,10,12,1.798823,1.811765,-0.012941,0.000000,1,0,0
2026-08-20T16:43:43.294,8.091998,139,66,9,2,R9C11,10,14,1.824706,1.785882,0.038823,0.000000,1,0,0
2026-08-20T16:43:43.294,8.095215,139,67,9,3,R9C12,10,16,1.837647,1.850588,-0.012941,0.000000,1,0,0
2026-08-20T16:43:43.294,8.101063,139,68,9,4,R9C1,10,1,1.345882,1.734118,-0.388235,0.000000,1,0,0
2026-08-20T16:43:43.294,8.106227,139,69,9,5,R9C2,10,3,1.747059,1.811765,-0.064706,0.000000,1,0,0
2026-08-20T16:43:43.294,8.111139,139,70,9,6,R9C3,10,5,0.854118,1.371765,-0.517647,0.649596,1,0,0
2026-08-20T16:43:43.294,8.116061,139,71,9,7,R9C4,10,7,1.527059,1.591765,-0.064706,0.000000,1,0,0
2026-08-20T16:43:43.294,8.122123,139,72,9,8,R9C5,10,2,1.772941,1.785882,-0.012941,0.000000,1,0,0
2026-08-20T16:43:43.295,8.127169,139,73,10,1,R10C11,12,14,1.798823,1.811765,-0.012941,0.000000,1,0,0
2026-08-20T16:43:43.295,8.132247,139,74,10,2,R10C12,12,16,1.824706,1.824706,0.000000,0.000000,1,0,0
2026-08-20T16:43:43.295,8.137061,139,75,10,3,R10C1,12,1,1.824706,1.811765,0.012941,0.000000,1,0,0
2026-08-20T16:43:43.295,8.142092,139,76,10,4,R10C2,12,3,1.811765,1.811765,0.000000,0.000000,1,0,0
2026-08-20T16:43:43.481,8.330965,139,77,10,5,R10C3,12,5,1.798823,1.811765,-0.012941,0.000000,1,0,0
2026-08-20T16:43:43.481,8.337920,139,78,10,6,R10C4,12,7,1.824706,1.824706,0.000000,0.000000,1,0,0
2026-08-20T16:43:43.481,8.339051,139,79,10,7,R10C5,12,2,1.824706,1.798823,0.025882,0.000000,1,0,0
2026-08-20T16:43:43.481,8.341034,139,80,10,8,R10C6,12,4,1.850588,1.811765,0.038823,0.000000,1,0,0
2026-08-20T16:43:43.481,8.347016,139,81,11,1,R11C12,14,16,1.798823,1.798823,0.000000,0.000000,1,0,0
2026-08-20T16:43:43.481,8.353921,139,82,11,2,R11C1,14,1,1.785882,1.734118,0.051765,0.000000,1,0,0
2026-08-20T16:43:43.481,8.357351,139,83,11,3,R11C2,14,3,0.000000,1.332941,-1.332941,1.000000,1,1,0
2026-08-20T16:43:43.481,8.363134,139,84,11,4,R11C3,14,5,1.798823,1.565882,0.232941,0.000000,1,0,0
2026-08-20T16:43:43.481,8.366997,139,85,11,5,R11C4,14,7,1.384706,1.798823,-0.414118,0.229188,1,0,0
2026-08-20T16:43:43.481,8.373010,139,86,11,6,R11C5,14,2,1.772941,1.798823,-0.025882,0.000000,1,0,0
2026-08-20T16:43:43.481,8.378019,139,87,11,7,R11C6,14,4,1.837647,1.837647,0.000000,0.000000,1,0,0
2026-08-20T16:43:43.481,8.383056,139,88,11,8,R11C7,14,6,1.824706,1.760000,0.064706,0.000000,1,0,0
2026-08-20T16:43:43.481,8.389102,139,89,12,1,R12C1,16,1,1.824706,1.798823,0.025882,0.000000,1,0,0
2026-08-20T16:43:43.481,8.394232,139,90,12,2,R12C2,16,3,1.747059,1.747059,0.000000,0.000000,1,0,0
2026-08-20T16:43:43.482,8.399115,139,91,12,3,R12C3,16,5,1.798823,1.798823,0.000000,0.000000,1,0,0
2026-08-20T16:43:43.482,8.404083,139,92,12,4,R12C4,16,7,1.811765,1.772941,0.038823,0.000000,1,0,0
2026-08-20T16:43:43.752,8.409164,139,93,12,5,R12C5,16,2,1.798823,1.785882,0.012941,0.000000,1,0,0
2026-08-20T16:43:43.752,8.526168,139,94,12,6,R12C6,16,4,1.048235,1.449412,-0.401176,0.147143,1,0,0
2026-08-20T16:43:43.752,8.527066,139,95,12,7,R12C7,16,6,1.656471,1.695294,-0.038824,0.000000,1,0,0
2026-08-20T16:43:43.752,8.528046,140,96,12,8,R12C8,16,8,1.410588,1.772941,-0.362353,0.155370,1,0,0
2026-08-20T16:43:43.752,8.534207,140,1,1,1,R1C2,1,3,1.811765,1.811765,0.000000,0.000000,1,0,0
2026-08-20T16:43:43.752,8.538122,140,2,1,2,R1C3,1,5,1.798823,1.798823,0.000000,0.000000,1,0,0
2026-08-20T16:43:43.752,8.546715,140,3,1,3,R1C4,1,7,1.824706,1.811765,0.012941,0.000000,1,0,0
2026-08-20T16:43:43.752,8.549247,140,4,1,4,R1C5,1,2,1.785882,1.798823,-0.012941,0.000000,1,0,0
2026-08-20T16:43:43.752,8.554135,140,5,1,5,R1C6,1,4,1.837647,1.811765,0.025882,0.000000,1,0,0
2026-08-20T16:43:43.752,8.559140,140,6,1,6,R1C7,1,6,1.824706,1.811765,0.012941,0.000000,1,0,0
2026-08-20T16:43:43.752,8.565367,140,7,1,7,R1C8,1,8,1.824706,1.811765,0.012941,0.000000,1,0,0
2026-08-20T16:43:43.752,8.570102,140,8,1,8,R1C9,1,10,1.824706,1.824706,0.000000,0.000000,1,0,0
2026-08-20T16:43:43.752,8.575071,140,9,2,1,R2C3,3,5,1.798823,1.772941,0.025882,0.000000,1,0,0
2026-08-20T16:43:43.752,8.580185,140,10,2,2,R2C4,3,7,1.811765,1.772941,0.038823,0.000000,1,0,0
2026-08-20T16:43:43.752,8.586180,140,11,2,3,R2C5,3,2,1.798823,1.811765,-0.012941,0.000000,1,0,0
2026-08-20T16:43:43.752,8.591109,140,12,2,4,R2C6,3,4,1.837647,1.798823,0.038824,0.000000,1,0,0
2026-08-20T16:43:43.939,8.596251,140,13,2,5,R2C7,3,6,1.850588,1.785882,0.064706,0.000000,1,0,0
2026-08-20T16:43:43.939,8.796242,140,14,2,6,R2C8,3,8,1.798823,1.760000,0.038823,0.000000,1,0,0
2026-08-20T16:43:43.939,8.797061,140,15,2,7,R2C9,3,10,1.798823,1.785882,0.012941,0.000000,1,0,0
2026-08-20T16:43:43.939,8.798030,140,16,2,8,R2C10,3,12,1.785882,1.785882,0.000000,0.000000,1,0,0
2026-08-20T16:43:43.940,8.804165,140,17,3,1,R3C4,5,7,1.824706,1.824706,0.000000,0.000000,1,0,0
2026-08-20T16:43:43.940,8.810842,140,18,3,2,R3C5,5,2,1.785882,1.772941,0.012941,0.000000,1,0,0
2026-08-20T16:43:43.940,8.814764,140,19,3,3,R3C6,5,4,1.798823,1.811765,-0.012941,0.000000,1,0,0
2026-08-20T16:43:43.940,8.819141,140,20,3,4,R3C7,5,6,1.798823,1.824706,-0.025882,0.000000,1,0,0
2026-08-20T16:43:43.940,8.824199,140,21,3,5,R3C8,5,8,1.772941,1.811765,-0.038823,0.000000,1,0,0
2026-08-20T16:43:43.940,8.830183,140,22,3,6,R3C9,5,10,1.850588,1.850588,0.000000,0.000000,1,0,0
2026-08-20T16:43:43.940,8.835182,140,23,3,7,R3C10,5,12,1.798823,1.785882,0.012941,0.000000,1,0,0
2026-08-20T16:43:43.940,8.840120,140,24,3,8,R3C11,5,14,1.811765,1.798823,0.012941,0.000000,1,0,0
2026-08-20T16:43:43.940,8.845088,140,25,4,1,R4C5,7,2,1.798823,1.785882,0.012941,0.000000,1,0,0
2026-08-20T16:43:43.940,8.850079,140,26,4,2,R4C6,7,4,1.837647,1.785882,0.051765,0.000000,1,0,0
2026-08-20T16:43:43.940,8.856131,140,27,4,3,R4C7,7,6,1.837647,1.760000,0.077647,0.000000,1,0,0
2026-08-20T16:43:43.940,8.861317,140,28,4,4,R4C8,7,8,1.837647,1.772941,0.064706,0.000000,1,0,0
2026-08-20T16:43:43.940,8.866209,140,29,4,5,R4C9,7,10,1.837647,1.824706,0.012941,0.000000,1,0,0
2026-08-20T16:43:44.211,8.984861,140,30,4,6,R4C10,7,12,1.785882,1.785882,0.000000,0.000000,1,0,0
2026-08-20T16:43:44.211,8.986183,140,31,4,7,R4C11,7,14,1.798823,1.811765,-0.012941,0.000000,1,0,0
2026-08-20T16:43:44.211,8.987043,140,32,4,8,R4C12,7,16,1.837647,1.798823,0.038824,0.000000,1,0,0
2026-08-20T16:43:44.211,8.992094,140,33,5,1,R5C6,2,4,1.837647,1.811765,0.025882,0.000000,1,0,0
2026-08-20T16:43:44.211,8.999254,140,34,5,2,R5C7,2,6,1.785882,1.824706,-0.038823,0.000000,1,0,0
2026-08-20T16:43:44.212,9.003491,140,35,5,3,R5C8,2,8,1.850588,1.811765,0.038823,0.000000,1,0,0
2026-08-20T16:43:44.212,9.010512,140,36,5,4,R5C9,2,10,1.837647,1.837647,0.000000,0.000000,1,0,0
2026-08-20T16:43:44.212,9.013086,140,37,5,5,R5C10,2,12,1.785882,1.785882,0.000000,0.000000,1,0,0
2026-08-20T16:43:44.212,9.018054,140,38,5,6,R5C11,2,14,1.837647,1.811765,0.025882,0.000000,1,0,0
2026-08-20T16:43:44.212,9.023152,140,39,5,7,R5C12,2,16,1.824706,1.811765,0.012941,0.000000,1,0,0
2026-08-20T16:43:44.212,9.029118,140,40,5,8,R5C1,2,1,1.837647,1.811765,0.025882,0.000000,1,0,0
2026-08-20T16:43:44.212,9.034208,140,41,6,1,R6C7,4,6,1.811765,1.682353,0.129412,0.000000,1,0,0
2026-08-20T16:43:44.212,9.039156,140,42,6,2,R6C8,4,8,1.850588,1.747059,0.103529,0.000000,1,0,0
2026-08-20T16:43:44.212,9.044238,140,43,6,3,R6C9,4,10,1.850588,1.824706,0.025882,0.000000,1,0,0
2026-08-20T16:43:44.212,9.049185,140,44,6,4,R6C10,4,12,1.811765,1.798823,0.012941,0.000000,1,0,0
2026-08-20T16:43:44.212,9.055171,140,45,6,5,R6C11,4,14,1.785882,1.824706,-0.038823,0.000000,1,0,0
2026-08-20T16:43:44.402,9.060145,140,46,6,6,R6C12,4,16,1.798823,1.798823,0.000000,0.000000,1,0,0
2026-08-20T16:43:44.403,9.255938,140,47,6,7,R6C1,4,1,1.785882,1.824706,-0.038823,0.000000,1,0,0
2026-08-20T16:43:44.403,9.257104,140,48,6,8,R6C2,4,3,1.798823,1.785882,0.012941,0.000000,1,0,0
2026-08-20T16:43:44.403,9.258045,140,49,7,1,R7C8,6,8,1.837647,1.747059,0.090588,0.000000,1,0,0
2026-08-20T16:43:44.403,9.263035,140,50,7,2,R7C9,6,10,1.850588,1.798823,0.051765,0.000000,1,0,0
2026-08-20T16:43:44.403,9.270094,140,51,7,3,R7C10,6,12,1.785882,1.798823,-0.012941,0.000000,1,0,0
2026-08-20T16:43:44.403,9.274933,140,52,7,4,R7C11,6,14,1.811765,1.811765,0.000000,0.000000,1,0,0
2026-08-20T16:43:44.403,9.280166,140,53,7,5,R7C12,6,16,1.850588,1.824706,0.025882,0.000000,1,0,0
2026-08-20T16:43:44.403,9.284163,140,54,7,6,R7C1,6,1,1.772941,1.837647,-0.064706,0.000000,1,0,0
2026-08-20T16:43:44.403,9.289142,140,55,7,7,R7C2,6,3,1.721177,1.811765,-0.090588,0.000000,1,0,0
2026-08-20T16:43:44.403,9.295123,140,56,7,8,R7C3,6,5,1.514118,1.565882,-0.051765,0.000000,1,0,0
2026-08-20T16:43:44.403,9.300219,140,57,8,1,R8C9,8,10,1.850588,1.837647,0.012941,0.000000,1,0,0
2026-08-20T16:43:44.403,9.305159,140,58,8,2,R8C10,8,12,1.785882,1.785882,0.000000,0.000000,1,0,0
2026-08-20T16:43:44.403,9.310190,140,59,8,3,R8C11,8,14,1.811765,1.811765,0.000000,0.000000,1,0,0
2026-08-20T16:43:44.403,9.315040,140,60,8,4,R8C12,8,16,1.798823,1.811765,-0.012941,0.000000,1,0,0
2026-08-20T16:43:44.403,9.321133,140,61,8,5,R8C1,8,1,1.798823,1.837647,0.000000,0.000000,1,0,0
2026-08-20T16:43:44.674,9.326148,140,62,8,6,R8C2,8,3,1.811765,1.785882,0.000000,0.000000,1,0,0
2026-08-20T16:43:44.675,9.447866,140,63,8,7,R8C3,8,5,1.061176,1.294118,-0.232941,0.085714,1,0,0
2026-08-20T16:43:44.675,9.449165,140,64,8,8,R8C4,8,7,1.798823,1.798823,0.000000,0.000000,1,0,0
2026-08-20T16:43:44.675,9.450157,140,65,9,1,R9C10,10,12,1.785882,1.798823,-0.012941,0.000000,1,0,0
2026-08-20T16:43:44.675,9.455053,140,66,9,2,R9C11,10,14,1.824706,1.811765,0.012941,0.000000,1,0,0
2026-08-20T16:43:44.675,9.461417,140,67,9,3,R9C12,10,16,1.850588,1.837647,0.012941,0.000000,1,0,0
2026-08-20T16:43:44.675,9.467324,140,68,9,4,R9C1,10,1,1.721177,1.734118,0.000000,0.000000,1,0,0
2026-08-20T16:43:44.675,9.470162,140,69,9,5,R9C2,10,3,1.798823,1.811765,0.000000,0.000000,1,0,0
2026-08-20T16:43:44.675,9.476187,140,70,9,6,R9C3,10,5,0.892941,1.371765,-0.478823,0.568733,1,0,0
2026-08-20T16:43:44.675,9.481190,140,71,9,7,R9C4,10,7,1.798823,1.591765,0.000000,0.000000,1,0,0
2026-08-20T16:43:44.675,9.486084,140,72,9,8,R9C5,10,2,1.785882,1.772941,0.012941,0.000000,1,0,0
2026-08-20T16:43:44.675,9.492270,140,73,10,1,R10C11,12,14,1.785882,1.811765,-0.025882,0.000000,1,0,0
2026-08-20T16:43:44.675,9.497129,140,74,10,2,R10C12,12,16,1.824706,1.824706,0.000000,0.000000,1,0,0
2026-08-20T16:43:44.675,9.502578,140,75,10,3,R10C1,12,1,1.811765,1.811765,0.000000,0.000000,1,0,0
2026-08-20T16:43:44.675,9.507168,140,76,10,4,R10C2,12,3,1.811765,1.811765,0.000000,0.000000,1,0,0
2026-08-20T16:43:44.675,9.512134,140,77,10,5,R10C3,12,5,1.798823,1.811765,-0.012941,0.000000,1,0,0
2026-08-20T16:43:44.675,9.518139,140,78,10,6,R10C4,12,7,1.798823,1.824706,-0.025882,0.000000,1,0,0
2026-08-20T16:43:44.868,9.711968,140,79,10,7,R10C5,12,2,1.785882,1.824706,-0.038823,0.000000,1,0,0
2026-08-20T16:43:44.868,9.720035,140,80,10,8,R10C6,12,4,1.837647,1.811765,0.025882,0.000000,1,0,0
2026-08-20T16:43:44.868,9.721048,140,81,11,1,R11C12,14,16,1.837647,1.798823,0.038824,0.000000,1,0,0
2026-08-20T16:43:44.868,9.721995,140,82,11,2,R11C1,14,1,1.772941,1.734118,0.038824,0.000000,1,0,0
2026-08-20T16:43:44.868,9.727049,140,83,11,3,R11C2,14,3,0.000000,1.332941,-1.332941,1.000000,1,1,0
2026-08-20T16:43:44.868,9.734019,140,84,11,4,R11C3,14,5,1.760000,1.565882,0.194118,0.000000,1,0,0
2026-08-20T16:43:44.868,9.740253,140,85,11,5,R11C4,14,7,1.785882,1.798823,-0.012941,0.000000,1,0,0
2026-08-20T16:43:44.868,9.742192,140,86,11,6,R11C5,14,2,1.811765,1.798823,0.012941,0.000000,1,0,0
2026-08-20T16:43:44.868,9.748039,140,87,11,7,R11C6,14,4,1.824706,1.837647,0.000000,0.000000,1,0,0
2026-08-20T16:43:44.868,9.753071,140,88,11,8,R11C7,14,6,1.785882,1.760000,0.000000,0.000000,1,0,0
2026-08-20T16:43:44.868,9.759462,140,89,12,1,R12C1,16,1,1.798823,1.798823,0.000000,0.000000,1,0,0
2026-08-20T16:43:44.868,9.764128,140,90,12,2,R12C2,16,3,1.747059,1.747059,0.000000,0.000000,1,0,0
2026-08-20T16:43:44.868,9.769106,140,91,12,3,R12C3,16,5,1.811765,1.798823,0.012941,0.000000,1,0,0
2026-08-20T16:43:44.868,9.774100,140,92,12,4,R12C4,16,7,1.811765,1.772941,0.038823,0.000000,1,0,0
2026-08-20T16:43:44.868,9.780236,140,93,12,5,R12C5,16,2,1.772941,1.798823,-0.025882,0.000000,1,0,0
2026-08-20T16:43:44.868,9.784080,140,94,12,6,R12C6,16,4,1.708235,1.449412,0.258824,0.000000,1,0,0
2026-08-20T16:43:45.131,9.790130,140,95,12,7,R12C7,16,6,1.760000,1.695294,0.000000,0.000000,1,0,0
2026-08-20T16:43:45.131,9.911630,141,96,12,8,R12C8,16,8,1.760000,1.772941,-0.012941,0.000000,1,0,0
2026-08-20T16:43:45.131,9.912999,141,1,1,1,R1C2,1,3,1.811765,1.811765,0.000000,0.000000,1,0,0
2026-08-20T16:43:45.131,9.913968,141,2,1,2,R1C3,1,5,1.785882,1.798823,-0.012941,0.000000,1,0,0
2026-08-20T16:43:45.131,9.919000,141,3,1,3,R1C4,1,7,1.798823,1.811765,-0.012941,0.000000,1,0,0
2026-08-20T16:43:45.131,9.924102,141,4,1,4,R1C5,1,2,1.798823,1.785882,0.012941,0.000000,1,0,0
2026-08-20T16:43:45.131,9.930172,141,5,1,5,R1C6,1,4,1.824706,1.811765,0.012941,0.000000,1,0,0
2026-08-20T16:43:45.131,9.935025,141,6,1,6,R1C7,1,6,1.798823,1.811765,-0.012941,0.000000,1,0,0
2026-08-20T16:43:45.131,9.940176,141,7,1,7,R1C8,1,8,1.772941,1.811765,-0.038823,0.000000,1,0,0
2026-08-20T16:43:45.131,9.945041,141,8,1,8,R1C9,1,10,1.837647,1.824706,0.012941,0.000000,1,0,0
2026-08-20T16:43:45.132,9.950197,141,9,2,1,R2C3,3,5,1.798823,1.772941,0.025882,0.000000,1,0,0
2026-08-20T16:43:45.132,9.955082,141,10,2,2,R2C4,3,7,1.798823,1.772941,0.025882,0.000000,1,0,0
2026-08-20T16:43:45.132,9.961137,141,11,2,3,R2C5,3,2,1.798823,1.798823,0.000000,0.000000,1,0,0
2026-08-20T16:43:45.132,9.966101,141,12,2,4,R2C6,3,4,1.798823,1.798823,0.000000,0.000000,1,0,0
2026-08-20T16:43:45.132,9.971184,141,13,2,5,R2C7,3,6,1.785882,1.785882,0.000000,0.000000,1,0,0
2026-08-20T16:43:45.132,9.976120,141,14,2,6,R2C8,3,8,1.824706,1.760000,0.064706,0.000000,1,0,0
2026-08-20T16:43:45.319,9.981067,141,15,2,7,R2C9,3,10,1.837647,1.798823,0.038824,0.000000,1,0,0
2026-08-20T16:43:45.319,10.175148,141,16,2,8,R2C10,3,12,1.785882,1.785882,0.000000,0.000000,1,0,0
2026-08-20T16:43:45.319,10.176052,141,17,3,1,R3C4,5,7,1.811765,1.824706,-0.012941,0.000000,1,0,0
2026-08-20T16:43:45.319,10.177031,141,18,3,2,R3C5,5,2,1.837647,1.772941,0.064706,0.000000,1,0,0
2026-08-20T16:43:45.319,10.182039,141,19,3,3,R3C6,5,4,1.837647,1.811765,0.025882,0.000000,1,0,0
2026-08-20T16:43:45.319,10.188121,141,20,3,4,R3C7,5,6,1.837647,1.824706,0.012941,0.000000,1,0,0
2026-08-20T16:43:45.319,10.194095,141,21,3,5,R3C8,5,8,1.772941,1.811765,-0.038823,0.000000,1,0,0
2026-08-20T16:43:45.319,10.199057,141,22,3,6,R3C9,5,10,1.850588,1.850588,0.000000,0.000000,1,0,0
2026-08-20T16:43:45.319,10.203100,141,23,3,7,R3C10,5,12,1.824706,1.798823,0.025882,0.000000,1,0,0
2026-08-20T16:43:45.319,10.208165,141,24,3,8,R3C11,5,14,1.785882,1.811765,-0.025882,0.000000,1,0,0
2026-08-20T16:43:45.319,10.214036,141,25,4,1,R4C5,7,2,1.798823,1.798823,0.000000,0.000000,1,0,0
2026-08-20T16:43:45.320,10.219118,141,26,4,2,R4C6,7,4,1.811765,1.785882,0.025882,0.000000,1,0,0
2026-08-20T16:43:45.320,10.224091,141,27,4,3,R4C7,7,6,1.785882,1.760000,0.025882,0.000000,1,0,0
2026-08-20T16:43:45.320,10.229229,141,28,4,4,R4C8,7,8,1.824706,1.772941,0.051765,0.000000,1,0,0
2026-08-20T16:43:45.320,10.235098,141,29,4,5,R4C9,7,10,1.798823,1.837647,-0.038824,0.000000,1,0,0
2026-08-20T16:43:45.320,10.240106,141,30,4,6,R4C10,7,12,1.785882,1.785882,0.000000,0.000000,1,0,0
2026-08-20T16:43:45.320,10.245120,141,31,4,7,R4C11,7,14,1.837647,1.798823,0.038824,0.000000,1,0,0
2026-08-20T16:43:45.590,10.356338,141,32,4,8,R4C12,7,16,1.811765,1.798823,0.012941,0.000000,1,0,0
2026-08-20T16:43:45.590,10.364379,141,33,5,1,R5C6,2,4,1.824706,1.824706,0.000000,0.000000,1,0,0
2026-08-20T16:43:45.590,10.366117,141,34,5,2,R5C7,2,6,1.824706,1.824706,0.000000,0.000000,1,0,0
2026-08-20T16:43:45.591,10.367016,141,35,5,3,R5C8,2,8,1.824706,1.811765,0.012941,0.000000,1,0,0
2026-08-20T16:43:45.591,10.373095,141,36,5,4,R5C9,2,10,1.798823,1.837647,-0.038824,0.000000,1,0,0
2026-08-20T16:43:45.591,10.379132,141,37,5,5,R5C10,2,12,1.785882,1.785882,0.000000,0.000000,1,0,0
2026-08-20T16:43:45.591,10.383869,141,38,5,6,R5C11,2,14,1.837647,1.837647,0.000000,0.000000,1,0,0
2026-08-20T16:43:45.591,10.390269,141,39,5,7,R5C12,2,16,1.811765,1.811765,0.000000,0.000000,1,0,0
2026-08-20T16:43:45.591,10.393127,141,40,5,8,R5C1,2,1,1.798823,1.811765,-0.012941,0.000000,1,0,0
2026-08-20T16:43:45.591,10.398134,141,41,6,1,R6C7,4,6,1.837647,1.682353,0.155294,0.000000,1,0,0
2026-08-20T16:43:45.591,10.404174,141,42,6,2,R6C8,4,8,1.772941,1.747059,0.025882,0.000000,1,0,0
2026-08-20T16:43:45.591,10.409162,141,43,6,3,R6C9,4,10,1.850588,1.850588,0.000000,0.000000,1,0,0
2026-08-20T16:43:45.591,10.414119,141,44,6,4,R6C10,4,12,1.785882,1.811765,-0.025882,0.000000,1,0,0
2026-08-20T16:43:45.591,10.419121,141,45,6,5,R6C11,4,14,1.811765,1.811765,0.000000,0.000000,1,0,0
2026-08-20T16:43:45.591,10.425364,141,46,6,6,R6C12,4,16,1.798823,1.798823,0.000000,0.000000,1,0,0
2026-08-20T16:43:45.591,10.430152,141,47,6,7,R6C1,4,1,1.798823,1.824706,0.000000,0.000000,1,0,0
2026-08-20T16:43:45.781,10.435238,141,48,6,8,R6C2,4,3,1.669412,1.785882,0.000000,0.000000,1,0,0
2026-08-20T16:43:45.781,10.635324,141,49,7,1,R7C8,6,8,1.850588,1.785882,0.064706,0.000000,1,0,0
2026-08-20T16:43:45.781,10.637146,141,50,7,2,R7C9,6,10,1.850588,1.798823,0.051765,0.000000,1,0,0
2026-08-20T16:43:45.781,10.638039,141,51,7,3,R7C10,6,12,1.785882,1.785882,0.000000,0.000000,1,0,0
2026-08-20T16:43:45.781,10.643209,141,52,7,4,R7C11,6,14,1.785882,1.811765,-0.025882,0.000000,1,0,0
2026-08-20T16:43:45.781,10.649718,141,53,7,5,R7C12,6,16,1.850588,1.824706,0.025882,0.000000,1,0,0
2026-08-20T16:43:45.781,10.654046,141,54,7,6,R7C1,6,1,1.734118,1.837647,0.000000,0.000000,1,0,0
2026-08-20T16:43:45.781,10.658229,141,55,7,7,R7C2,6,3,1.798823,1.811765,0.000000,0.000000,1,0,0
2026-08-20T16:43:45.781,10.664229,141,56,7,8,R7C3,6,5,1.410588,1.565882,0.000000,0.000000,1,0,0
2026-08-20T16:43:45.781,10.668090,141,57,8,1,R8C9,8,10,1.850588,1.850588,0.000000,0.000000,1,0,0
2026-08-20T16:43:45.781,10.674116,141,58,8,2,R8C10,8,12,1.798823,1.785882,0.012941,0.000000,1,0,0
2026-08-20T16:43:45.782,10.679265,141,59,8,3,R8C11,8,14,1.850588,1.811765,0.038823,0.000000,1,0,0
2026-08-20T16:43:45.782,10.684106,141,60,8,4,R8C12,8,16,1.811765,1.811765,0.000000,0.000000,1,0,0
2026-08-20T16:43:45.782,10.690454,141,61,8,5,R8C1,8,1,1.785882,1.708235,0.077647,0.000000,1,0,0
2026-08-20T16:43:45.782,10.694134,141,62,8,6,R8C2,8,3,1.811765,1.727647,0.084118,0.000000,1,0,0
2026-08-20T16:43:45.782,10.700137,141,63,8,7,R8C3,8,5,0.918824,1.294118,-0.375294,0.400000,1,0,0
2026-08-20T16:43:45.782,10.705103,141,64,8,8,R8C4,8,7,1.811765,1.708235,0.103529,0.000000,1,0,0
2026-08-20T16:43:46.044,10.818303,141,65,9,1,R9C10,10,12,1.811765,1.798823,0.012941,0.000000,1,0,0
2026-08-20T16:43:46.044,10.825202,141,66,9,2,R9C11,10,14,1.785882,1.824706,-0.038823,0.000000,1,0,0
2026-08-20T16:43:46.045,10.826088,141,67,9,3,R9C12,10,16,1.837647,1.850588,-0.012941,0.000000,1,0,0
2026-08-20T16:43:46.045,10.829127,141,68,9,4,R9C1,10,1,1.436471,1.533529,-0.097059,0.000000,1,0,0
2026-08-20T16:43:46.045,10.835078,141,69,9,5,R9C2,10,3,1.798823,1.772941,0.025882,0.000000,1,0,0
2026-08-20T16:43:46.045,10.842201,141,70,9,6,R9C3,10,5,0.892941,1.371765,-0.478823,0.568733,1,0,0
2026-08-20T16:43:46.045,10.845096,141,71,9,7,R9C4,10,7,1.811765,1.662941,0.148824,0.000000,1,0,0
2026-08-20T16:43:46.045,10.850126,141,72,9,8,R9C5,10,2,1.798823,1.772941,0.025882,0.000000,1,0,0
2026-08-20T16:43:46.045,10.856110,141,73,10,1,R10C11,12,14,1.785882,1.798823,-0.012941,0.000000,1,0,0
2026-08-20T16:43:46.045,10.861279,141,74,10,2,R10C12,12,16,1.824706,1.824706,0.000000,0.000000,1,0,0
2026-08-20T16:43:46.045,10.866243,141,75,10,3,R10C1,12,1,1.772941,1.811765,-0.038823,0.000000,1,0,0
2026-08-20T16:43:46.045,10.871195,141,76,10,4,R10C2,12,3,1.811765,1.811765,0.000000,0.000000,1,0,0
2026-08-20T16:43:46.045,10.876112,141,77,10,5,R10C3,12,5,1.798823,1.798823,0.000000,0.000000,1,0,0
2026-08-20T16:43:46.045,10.882182,141,78,10,6,R10C4,12,7,1.798823,1.824706,-0.025882,0.000000,1,0,0
2026-08-20T16:43:46.045,10.887130,141,79,10,7,R10C5,12,2,1.785882,1.798823,-0.012941,0.000000,1,0,0
2026-08-20T16:43:46.045,10.892195,141,80,10,8,R10C6,12,4,1.798823,1.837647,-0.038824,0.000000,1,0,0
2026-08-20T16:43:46.236,10.897116,141,81,11,1,R11C12,14,16,1.824706,1.798823,0.025882,0.000000,1,0,0
2026-08-20T16:43:46.236,11.088928,141,82,11,2,R11C1,14,1,1.798823,1.772941,0.025882,0.000000,1,0,0
2026-08-20T16:43:46.236,11.090057,141,83,11,3,R11C2,14,3,0.000000,1.332941,-1.332941,1.000000,1,1,0
2026-08-20T16:43:46.236,11.091019,141,84,11,4,R11C3,14,5,1.772941,1.760000,0.012941,0.000000,1,0,0
2026-08-20T16:43:46.236,11.096087,141,85,11,5,R11C4,14,7,1.760000,1.798823,0.000000,0.000000,1,0,0
2026-08-20T16:43:46.236,11.103127,141,86,11,6,R11C5,14,2,1.785882,1.798823,-0.012941,0.000000,1,0,0
2026-08-20T16:43:46.236,11.107499,141,87,11,7,R11C6,14,4,1.798823,1.831176,-0.032353,0.000000,1,0,0
2026-08-20T16:43:46.236,11.114219,141,88,11,8,R11C7,14,6,1.772941,1.805294,-0.032353,0.000000,1,0,0
2026-08-20T16:43:46.236,11.117081,141,89,12,1,R12C1,16,1,1.837647,1.798823,0.038824,0.000000,1,0,0
2026-08-20T16:43:46.236,11.122119,141,90,12,2,R12C2,16,3,1.747059,1.747059,0.000000,0.000000,1,0,0
2026-08-20T16:43:46.236,11.127128,141,91,12,3,R12C3,16,5,1.798823,1.798823,0.000000,0.000000,1,0,0
2026-08-20T16:43:46.236,11.133150,141,92,12,4,R12C4,16,7,1.811765,1.811765,0.000000,0.000000,1,0,0
2026-08-20T16:43:46.237,11.138340,141,93,12,5,R12C5,16,2,1.824706,1.798823,0.025882,0.000000,1,0,0
2026-08-20T16:43:46.237,11.143164,141,94,12,6,R12C6,16,4,1.682353,1.449412,0.000000,0.000000,1,0,0
2026-08-20T16:43:46.237,11.148062,141,95,12,7,R12C7,16,6,1.785882,1.708235,0.077647,0.000000,1,0,0
2026-08-20T16:43:46.237,11.154146,142,96,12,8,R12C8,16,8,1.837647,1.772941,0.000000,0.000000,1,0,0
2026-08-20T16:43:46.501,11.159248,142,1,1,1,R1C2,1,3,1.811765,1.811765,0.000000,0.000000,1,0,0
2026-08-20T16:43:46.501,11.279654,142,2,1,2,R1C3,1,5,1.785882,1.798823,-0.012941,0.000000,1,0,0
2026-08-20T16:43:46.501,11.281020,142,3,1,3,R1C4,1,7,1.811765,1.811765,0.000000,0.000000,1,0,0
2026-08-20T16:43:46.501,11.281995,142,4,1,4,R1C5,1,2,1.798823,1.798823,0.000000,0.000000,1,0,0
2026-08-20T16:43:46.501,11.287080,142,5,1,5,R1C6,1,4,1.785882,1.824706,-0.038823,0.000000,1,0,0
2026-08-20T16:43:46.501,11.292101,142,6,1,6,R1C7,1,6,1.772941,1.811765,-0.038823,0.000000,1,0,0
2026-08-20T16:43:46.501,11.298051,142,7,1,7,R1C8,1,8,1.850588,1.811765,0.038823,0.000000,1,0,0
2026-08-20T16:43:46.502,11.303056,142,8,1,8,R1C9,1,10,1.811765,1.837647,-0.025882,0.000000,1,0,0
2026-08-20T16:43:46.502,11.308247,142,9,2,1,R2C3,3,5,1.785882,1.798823,-0.012941,0.000000,1,0,0
2026-08-20T16:43:46.502,11.313071,142,10,2,2,R2C4,3,7,1.811765,1.798823,0.012941,0.000000,1,0,0
2026-08-20T16:43:46.502,11.318142,142,11,2,3,R2C5,3,2,1.785882,1.798823,-0.012941,0.000000,1,0,0
2026-08-20T16:43:46.502,11.323073,142,12,2,4,R2C6,3,4,1.824706,1.798823,0.025882,0.000000,1,0,0
2026-08-20T16:43:46.502,11.329138,142,13,2,5,R2C7,3,6,1.811765,1.785882,0.025882,0.000000,1,0,0
2026-08-20T16:43:46.502,11.334081,142,14,2,6,R2C8,3,8,1.760000,1.798823,-0.038823,0.000000,1,0,0
2026-08-20T16:43:46.502,11.339243,142,15,2,7,R2C9,3,10,1.850588,1.798823,0.051765,0.000000,1,0,0
2026-08-20T16:43:46.502,11.344085,142,16,2,8,R2C10,3,12,1.837647,1.785882,0.051765,0.000000,1,0,0
2026-08-20T16:43:46.695,11.350354,142,17,3,1,R3C4,5,7,1.811765,1.824706,-0.012941,0.000000,1,0,0
2026-08-20T16:43:46.695,11.546644,142,18,3,2,R3C5,5,2,1.811765,1.785882,0.025882,0.000000,1,0,0
2026-08-20T16:43:46.696,11.548042,142,19,3,3,R3C6,5,4,1.837647,1.811765,0.025882,0.000000,1,0,0
2026-08-20T16:43:46.696,11.549016,142,20,3,4,R3C7,5,6,1.811765,1.824706,-0.012941,0.000000,1,0,0
2026-08-20T16:43:46.696,11.554285,142,21,3,5,R3C8,5,8,1.837647,1.772941,0.064706,0.000000,1,0,0
2026-08-20T16:43:46.696,11.560405,142,22,3,6,R3C9,5,10,1.837647,1.850588,-0.012941,0.000000,1,0,0
2026-08-20T16:43:46.696,11.566235,142,23,3,7,R3C10,5,12,1.798823,1.824706,-0.025882,0.000000,1,0,0
2026-08-20T16:43:46.696,11.571361,142,24,3,8,R3C11,5,14,1.837647,1.798823,0.038824,0.000000,1,0,0
2026-08-20T16:43:46.696,11.574088,142,25,4,1,R4C5,7,2,1.785882,1.798823,-0.012941,0.000000,1,0,0
2026-08-20T16:43:46.696,11.580208,142,26,4,2,R4C6,7,4,1.837647,1.811765,0.025882,0.000000,1,0,0
2026-08-20T16:43:46.696,11.585105,142,27,4,3,R4C7,7,6,1.772941,1.785882,-0.012941,0.000000,1,0,0
2026-08-20T16:43:46.696,11.590114,142,28,4,4,R4C8,7,8,1.837647,1.824706,0.012941,0.000000,1,0,0
2026-08-20T16:43:46.696,11.596114,142,29,4,5,R4C9,7,10,1.811765,1.837647,-0.025882,0.000000,1,0,0
2026-08-20T16:43:46.696,11.601300,142,30,4,6,R4C10,7,12,1.785882,1.785882,0.000000,0.000000,1,0,0
2026-08-20T16:43:46.696,11.606181,142,31,4,7,R4C11,7,14,1.811765,1.798823,0.012941,0.000000,1,0,0
2026-08-20T16:43:46.696,11.611179,142,32,4,8,R4C12,7,16,1.837647,1.811765,0.025882,0.000000,1,0,0
2026-08-20T16:43:46.962,11.616152,142,33,5,1,R5C6,2,4,1.811765,1.824706,-0.012941,0.000000,1,0,0
2026-08-20T16:43:46.962,11.740815,142,34,5,2,R5C7,2,6,1.824706,1.824706,0.000000,0.000000,1,0,0
2026-08-20T16:43:46.962,11.742127,142,35,5,3,R5C8,2,8,1.811765,1.824706,-0.012941,0.000000,1,0,0
2026-08-20T16:43:46.962,11.743087,142,36,5,4,R5C9,2,10,1.811765,1.837647,-0.025882,0.000000,1,0,0
2026-08-20T16:43:46.962,11.748066,142,37,5,5,R5C10,2,12,1.785882,1.785882,0.000000,0.000000,1,0,0
2026-08-20T16:43:46.962,11.754761,142,38,5,6,R5C11,2,14,1.811765,1.837647,-0.025882,0.000000,1,0,0
2026-08-20T16:43:46.962,11.760673,142,39,5,7,R5C12,2,16,1.798823,1.811765,-0.012941,0.000000,1,0,0
2026-08-20T16:43:46.962,11.763287,142,40,5,8,R5C1,2,1,1.824706,1.811765,0.012941,0.000000,1,0,0
2026-08-20T16:43:46.962,11.769067,142,41,6,1,R6C7,4,6,1.850588,1.811765,0.038823,0.000000,1,0,0
2026-08-20T16:43:46.962,11.774190,142,42,6,2,R6C8,4,8,1.772941,1.772941,0.000000,0.000000,1,0,0
2026-08-20T16:43:46.962,11.779150,142,43,6,3,R6C9,4,10,1.837647,1.850588,-0.012941,0.000000,1,0,0
2026-08-20T16:43:46.962,11.785160,142,44,6,4,R6C10,4,12,1.798823,1.785882,0.012941,0.000000,1,0,0
2026-08-20T16:43:46.962,11.790213,142,45,6,5,R6C11,4,14,1.798823,1.811765,-0.012941,0.000000,1,0,0
2026-08-20T16:43:46.962,11.795195,142,46,6,6,R6C12,4,16,1.785882,1.798823,-0.012941,0.000000,1,0,0
2026-08-20T16:43:46.962,11.800202,142,47,6,7,R6C1,4,1,1.811765,1.792353,0.019412,0.000000,1,0,0
2026-08-20T16:43:46.963,11.805140,142,48,6,8,R6C2,4,3,1.643529,1.734118,-0.090588,0.000000,1,0,0
2026-08-20T16:43:46.963,11.811249,142,49,7,1,R7C8,6,8,1.837647,1.837647,0.000000,0.000000,1,0,0
2026-08-20T16:43:47.145,12.005871,142,50,7,2,R7C9,6,10,1.785882,1.850588,-0.064706,0.000000,1,0,0
2026-08-20T16:43:47.145,12.007012,142,51,7,3,R7C10,6,12,1.798823,1.785882,0.012941,0.000000,1,0,0
2026-08-20T16:43:47.145,12.007989,142,52,7,4,R7C11,6,14,1.798823,1.785882,0.012941,0.000000,1,0,0
2026-08-20T16:43:47.145,12.013008,142,53,7,5,R7C12,6,16,1.785882,1.850588,-0.064706,0.000000,1,0,0
2026-08-20T16:43:47.145,12.020938,142,54,7,6,R7C1,6,1,1.721177,1.753529,-0.032353,0.000000,1,0,0
2026-08-20T16:43:47.146,12.024103,142,55,7,7,R7C2,6,3,1.798823,1.760000,0.038823,0.000000,1,0,0
2026-08-20T16:43:47.146,12.029228,142,56,7,8,R7C3,6,5,1.320000,1.462353,-0.142353,0.000000,1,0,0
2026-08-20T16:43:47.146,12.034091,142,57,8,1,R8C9,8,10,1.850588,1.850588,0.000000,0.000000,1,0,0
2026-08-20T16:43:47.146,12.039165,142,58,8,2,R8C10,8,12,1.850588,1.798823,0.051765,0.000000,1,0,0
2026-08-20T16:43:47.146,12.044049,142,59,8,3,R8C11,8,14,1.824706,1.811765,0.012941,0.000000,1,0,0
2026-08-20T16:43:47.146,12.050078,142,60,8,4,R8C12,8,16,1.785882,1.811765,-0.025882,0.000000,1,0,0
2026-08-20T16:43:47.146,12.055132,142,61,8,5,R8C1,8,1,1.785882,1.785882,0.000000,0.000000,1,0,0
2026-08-20T16:43:47.146,12.060357,142,62,8,6,R8C2,8,3,1.811765,1.811765,0.000000,0.000000,1,0,0
2026-08-20T16:43:47.146,12.065036,142,63,8,7,R8C3,8,5,0.880000,1.294118,-0.414118,0.485714,1,0,0
2026-08-20T16:43:47.146,12.070061,142,64,8,8,R8C4,8,7,1.384706,1.798823,-0.414118,0.229188,1,0,0
2026-08-20T16:43:47.146,12.076151,142,65,9,1,R9C10,10,12,1.798823,1.798823,0.000000,0.000000,1,0,0
2026-08-20T16:43:47.146,12.086661,142,66,9,2,R9C11,10,14,1.824706,1.824706,0.000000,0.000000,1,0,0
2026-08-20T16:43:47.405,12.189446,142,67,9,3,R9C12,10,16,1.837647,1.837647,0.000000,0.000000,1,0,0
2026-08-20T16:43:47.405,12.191042,142,68,9,4,R9C1,10,1,1.527059,1.436471,0.090588,0.000000,1,0,0
2026-08-20T16:43:47.405,12.192051,142,69,9,5,R9C2,10,3,1.811765,1.798823,0.012941,0.000000,1,0,0
2026-08-20T16:43:47.405,12.197094,142,70,9,6,R9C3,10,5,0.841176,1.371765,-0.530588,0.676550,1,0,0
2026-08-20T16:43:47.405,12.202553,142,71,9,7,R9C4,10,7,1.811765,1.798823,0.012941,0.000000,1,0,0
2026-08-20T16:43:47.405,12.208214,142,72,9,8,R9C5,10,2,1.772941,1.785882,-0.012941,0.000000,1,0,0
2026-08-20T16:43:47.405,12.214054,142,73,10,1,R10C11,12,14,1.785882,1.785882,0.000000,0.000000,1,0,0
2026-08-20T16:43:47.405,12.217203,142,74,10,2,R10C12,12,16,1.798823,1.824706,-0.025882,0.000000,1,0,0
2026-08-20T16:43:47.405,12.223146,142,75,10,3,R10C1,12,1,1.837647,1.811765,0.025882,0.000000,1,0,0
2026-08-20T16:43:47.405,12.228052,142,76,10,4,R10C2,12,3,1.811765,1.811765,0.000000,0.000000,1,0,0
2026-08-20T16:43:47.405,12.233057,142,77,10,5,R10C3,12,5,1.798823,1.798823,0.000000,0.000000,1,0,0
2026-08-20T16:43:47.406,12.238086,142,78,10,6,R10C4,12,7,1.811765,1.798823,0.012941,0.000000,1,0,0
2026-08-20T16:43:47.406,12.244101,142,79,10,7,R10C5,12,2,1.785882,1.785882,0.000000,0.000000,1,0,0
2026-08-20T16:43:47.406,12.249077,142,80,10,8,R10C6,12,4,1.850588,1.837647,0.012941,0.000000,1,0,0
2026-08-20T16:43:47.406,12.254117,142,81,11,1,R11C12,14,16,1.785882,1.824706,-0.038823,0.000000,1,0,0
2026-08-20T16:43:47.406,12.259120,142,82,11,2,R11C1,14,1,1.747059,1.785882,-0.038823,0.000000,1,0,0
2026-08-20T16:43:47.597,12.264018,142,83,11,3,R11C2,14,3,0.000000,1.332941,-1.332941,1.000000,1,1,0
2026-08-20T16:43:47.597,12.450145,142,84,11,4,R11C3,14,5,1.760000,1.772941,-0.012941,0.000000,1,0,0
2026-08-20T16:43:47.597,12.452160,142,85,11,5,R11C4,14,7,1.798823,1.772941,0.025882,0.000000,1,0,0
2026-08-20T16:43:47.597,12.452988,142,86,11,6,R11C5,14,2,1.811765,1.785882,0.025882,0.000000,1,0,0
2026-08-20T16:43:47.597,12.457037,142,87,11,7,R11C6,14,4,1.850588,1.824706,0.025882,0.000000,1,0,0
2026-08-20T16:43:47.597,12.464141,142,88,11,8,R11C7,14,6,1.785882,1.785882,0.000000,0.000000,1,0,0
2026-08-20T16:43:47.597,12.468815,142,89,12,1,R12C1,16,1,1.824706,1.824706,0.000000,0.000000,1,0,0
2026-08-20T16:43:47.597,12.474082,142,90,12,2,R12C2,16,3,1.747059,1.747059,0.000000,0.000000,1,0,0
2026-08-20T16:43:47.598,12.478131,142,91,12,3,R12C3,16,5,1.798823,1.798823,0.000000,0.000000,1,0,0
2026-08-20T16:43:47.598,12.484077,142,92,12,4,R12C4,16,7,1.811765,1.811765,0.000000,0.000000,1,0,0
2026-08-20T16:43:47.598,12.489079,142,93,12,5,R12C5,16,2,1.811765,1.798823,0.012941,0.000000,1,0,0
2026-08-20T16:43:47.598,12.494361,142,94,12,6,R12C6,16,4,1.177647,1.695294,-0.517647,0.443838,1,0,0
2026-08-20T16:43:47.598,12.499165,142,95,12,7,R12C7,16,6,1.734118,1.760000,-0.025882,0.000000,1,0,0
2026-08-20T16:43:47.598,12.504074,143,96,12,8,R12C8,16,8,1.721177,1.798824,-0.077647,0.000000,1,0,0
2026-08-20T16:43:47.598,12.510304,143,1,1,1,R1C2,1,3,1.811765,1.811765,0.000000,0.000000,1,0,0
2026-08-20T16:43:47.598,12.515063,143,2,1,2,R1C3,1,5,1.798823,1.785882,0.012941,0.000000,1,0,0
2026-08-20T16:43:47.871,12.520087,143,3,1,3,R1C4,1,7,1.811765,1.811765,0.000000,0.000000,1,0,0
2026-08-20T16:43:47.871,12.642851,143,4,1,4,R1C5,1,2,1.772941,1.798823,-0.025882,0.000000,1,0,0
2026-08-20T16:43:47.871,12.644180,143,5,1,5,R1C6,1,4,1.785882,1.824706,-0.038823,0.000000,1,0,0
2026-08-20T16:43:47.871,12.645129,143,6,1,6,R1C7,1,6,1.772941,1.798823,-0.025882,0.000000,1,0,0
2026-08-20T16:43:47.871,12.650112,143,7,1,7,R1C8,1,8,1.811765,1.824706,-0.012941,0.000000,1,0,0
2026-08-20T16:43:47.871,12.655096,143,8,1,8,R1C9,1,10,1.798823,1.824706,-0.025882,0.000000,1,0,0
2026-08-20T16:43:47.871,12.662301,143,9,2,1,R2C3,3,5,1.785882,1.798823,-0.012941,0.000000,1,0,0
2026-08-20T16:43:47.871,12.665169,143,10,2,2,R2C4,3,7,1.811765,1.811765,0.000000,0.000000,1,0,0
2026-08-20T16:43:47.871,12.671210,143,11,2,3,R2C5,3,2,1.837647,1.798823,0.038824,0.000000,1,0,0
2026-08-20T16:43:47.871,12.676127,143,12,2,4,R2C6,3,4,1.785882,1.824706,-0.038823,0.000000,1,0,0
2026-08-20T16:43:47.871,12.681069,143,13,2,5,R2C7,3,6,1.785882,1.811765,-0.025882,0.000000,1,0,0
2026-08-20T16:43:47.871,12.687185,143,14,2,6,R2C8,3,8,1.772941,1.798823,-0.025882,0.000000,1,0,0
2026-08-20T16:43:47.872,12.692212,143,15,2,7,R2C9,3,10,1.850588,1.837647,0.012941,0.000000,1,0,0
2026-08-20T16:43:47.872,12.697146,143,16,2,8,R2C10,3,12,1.798823,1.785882,0.012941,0.000000,1,0,0
2026-08-20T16:43:47.872,12.702070,143,17,3,1,R3C4,5,7,1.811765,1.811765,0.000000,0.000000,1,0,0
2026-08-20T16:43:47.872,12.708305,143,18,3,2,R3C5,5,2,1.837647,1.811765,0.025882,0.000000,1,0,0
2026-08-20T16:43:48.059,12.712064,143,19,3,3,R3C6,5,4,1.785882,1.837647,-0.051765,0.000000,1,0,0
2026-08-20T16:43:48.059,12.914799,143,20,3,4,R3C7,5,6,1.824706,1.811765,0.012941,0.000000,1,0,0
2026-08-20T16:43:48.059,12.916033,143,21,3,5,R3C8,5,8,1.811765,1.772941,0.038823,0.000000,1,0,0
2026-08-20T16:43:48.059,12.917031,143,22,3,6,R3C9,5,10,1.850588,1.850588,0.000000,0.000000,1,0,0
2026-08-20T16:43:48.059,12.922013,143,23,3,7,R3C10,5,12,1.798823,1.798823,0.000000,0.000000,1,0,0
2026-08-20T16:43:48.059,12.927034,143,24,3,8,R3C11,5,14,1.811765,1.811765,0.000000,0.000000,1,0,0
2026-08-20T16:43:48.059,12.933137,143,25,4,1,R4C5,7,2,1.811765,1.798823,0.012941,0.000000,1,0,0
2026-08-20T16:43:48.059,12.938147,143,26,4,2,R4C6,7,4,1.785882,1.837647,-0.051765,0.000000,1,0,0
2026-08-20T16:43:48.059,12.943059,143,27,4,3,R4C7,7,6,1.785882,1.785882,0.000000,0.000000,1,0,0
2026-08-20T16:43:48.060,12.948046,143,28,4,4,R4C8,7,8,1.798823,1.837647,-0.038824,0.000000,1,0,0
2026-08-20T16:43:48.060,12.953158,143,29,4,5,R4C9,7,10,1.811765,1.811765,0.000000,0.000000,1,0,0
2026-08-20T16:43:48.060,12.959119,143,30,4,6,R4C10,7,12,1.785882,1.785882,0.000000,0.000000,1,0,0
2026-08-20T16:43:48.060,12.964153,143,31,4,7,R4C11,7,14,1.785882,1.811765,-0.025882,0.000000,1,0,0
2026-08-20T16:43:48.060,12.969518,143,32,4,8,R4C12,7,16,1.837647,1.837647,0.000000,0.000000,1,0,0
2026-08-20T16:43:48.060,12.974136,143,33,5,1,R5C6,2,4,1.785882,1.824706,-0.038823,0.000000,1,0,0
2026-08-20T16:43:48.060,12.979130,143,34,5,2,R5C7,2,6,1.837647,1.824706,0.012941,0.000000,1,0,0
2026-08-20T16:43:48.060,12.985172,143,35,5,3,R5C8,2,8,1.772941,1.824706,-0.051765,0.000000,1,0,0
2026-08-20T16:43:48.322,13.096560,143,36,5,4,R5C9,2,10,1.850588,1.811765,0.038823,0.000000,1,0,0
2026-08-20T16:43:48.322,13.104450,143,37,5,5,R5C10,2,12,1.798823,1.785882,0.012941,0.000000,1,0,0
2026-08-20T16:43:48.322,13.106167,143,38,5,6,R5C11,2,14,1.824706,1.837647,-0.012941,0.000000,1,0,0
2026-08-20T16:43:48.322,13.107073,143,39,5,7,R5C12,2,16,1.850588,1.811765,0.038823,0.000000,1,0,0
2026-08-20T16:43:48.322,13.113074,143,40,5,8,R5C1,2,1,1.772941,1.824706,-0.051765,0.000000,1,0,0
2026-08-20T16:43:48.322,13.120160,143,41,6,1,R6C7,4,6,1.785882,1.837647,-0.051765,0.000000,1,0,0
2026-08-20T16:43:48.322,13.124242,143,42,6,2,R6C8,4,8,1.798823,1.772941,0.025882,0.000000,1,0,0
2026-08-20T16:43:48.322,13.130128,143,43,6,3,R6C9,4,10,1.798823,1.850588,-0.051765,0.000000,1,0,0
2026-08-20T16:43:48.323,13.133085,143,44,6,4,R6C10,4,12,1.798823,1.798823,0.000000,0.000000,1,0,0
2026-08-20T16:43:48.323,13.139126,143,45,6,5,R6C11,4,14,1.798823,1.798823,0.000000,0.000000,1,0,0
2026-08-20T16:43:48.323,13.144102,143,46,6,6,R6C12,4,16,1.798823,1.798823,0.000000,0.000000,1,0,0
2026-08-20T16:43:48.323,13.149078,143,47,6,7,R6C1,4,1,1.772941,1.798823,-0.025882,0.000000,1,0,0
2026-08-20T16:43:48.323,13.155109,143,48,6,8,R6C2,4,3,1.669412,1.669412,0.000000,0.000000,1,0,0
2026-08-20T16:43:48.323,13.160151,143,49,7,1,R7C8,6,8,1.785882,1.837647,-0.051765,0.000000,1,0,0
2026-08-20T16:43:48.323,13.165185,143,50,7,2,R7C9,6,10,1.785882,1.850588,-0.064706,0.000000,1,0,0
2026-08-20T16:43:48.323,13.170129,143,51,7,3,R7C10,6,12,1.798823,1.785882,0.012941,0.000000,1,0,0
2026-08-20T16:43:48.509,13.175107,143,52,7,4,R7C11,6,14,1.837647,1.798823,0.038824,0.000000,1,0,0
2026-08-20T16:43:48.509,13.366088,143,53,7,5,R7C12,6,16,1.811765,1.850588,-0.038823,0.000000,1,0,0
2026-08-20T16:43:48.509,13.367072,143,54,7,6,R7C1,6,1,1.734118,1.734118,0.000000,0.000000,1,0,0
2026-08-20T16:43:48.509,13.368096,143,55,7,7,R7C2,6,3,1.798823,1.798823,0.000000,0.000000,1,0,0
2026-08-20T16:43:48.509,13.373099,143,56,7,8,R7C3,6,5,1.307059,1.410588,-0.103529,0.000000,1,0,0
2026-08-20T16:43:48.509,13.382053,143,57,8,1,R8C9,8,10,1.837647,1.850588,-0.012941,0.000000,1,0,0
2026-08-20T16:43:48.509,13.384106,143,58,8,2,R8C10,8,12,1.785882,1.798823,-0.012941,0.000000,1,0,0
2026-08-20T16:43:48.509,13.390111,143,59,8,3,R8C11,8,14,1.798823,1.824706,-0.025882,0.000000,1,0,0
2026-08-20T16:43:48.510,13.394289,143,60,8,4,R8C12,8,16,1.837647,1.798823,0.038824,0.000000,1,0,0
2026-08-20T16:43:48.510,13.399050,143,61,8,5,R8C1,8,1,1.772941,1.785882,-0.012941,0.000000,1,0,0
2026-08-20T16:43:48.510,13.405084,143,62,8,6,R8C2,8,3,1.811765,1.811765,0.000000,0.000000,1,0,0
2026-08-20T16:43:48.510,13.410084,143,63,8,7,R8C3,8,5,0.841176,1.294118,-0.452941,0.571429,1,0,0
2026-08-20T16:43:48.510,13.415088,143,64,8,8,R8C4,8,7,1.397647,1.798823,-0.401176,0.208633,1,0,0
2026-08-20T16:43:48.510,13.420061,143,65,9,1,R9C10,10,12,1.798823,1.798823,0.000000,0.000000,1,0,0
2026-08-20T16:43:48.510,13.425098,143,66,9,2,R9C11,10,14,1.798823,1.824706,-0.025882,0.000000,1,0,0
2026-08-20T16:43:48.510,13.431100,143,67,9,3,R9C12,10,16,1.811765,1.837647,-0.025882,0.000000,1,0,0
2026-08-20T16:43:48.510,13.436103,143,68,9,4,R9C1,10,1,1.656471,1.527059,0.129412,0.000000,1,0,0
2026-08-20T16:43:48.778,13.546431,143,69,9,5,R9C2,10,3,1.811765,1.798823,0.012941,0.000000,1,0,0
2026-08-20T16:43:48.778,13.553352,143,70,9,6,R9C3,10,5,0.905882,1.371765,-0.465882,0.541779,1,0,0
2026-08-20T16:43:48.778,13.555147,143,71,9,7,R9C4,10,7,1.798823,1.811765,-0.012941,0.000000,1,0,0
2026-08-20T16:43:48.778,13.557541,143,72,9,8,R9C5,10,2,1.798823,1.785882,0.012941,0.000000,1,0,0
2026-08-20T16:43:48.779,13.563103,143,73,10,1,R10C11,12,14,1.785882,1.785882,0.000000,0.000000,1,0,0
2026-08-20T16:43:48.779,13.571589,143,74,10,2,R10C12,12,16,1.811765,1.824706,-0.012941,0.000000,1,0,0
2026-08-20T16:43:48.779,13.573610,143,75,10,3,R10C1,12,1,1.837647,1.811765,0.025882,0.000000,1,0,0
2026-08-20T16:43:48.779,13.580163,143,76,10,4,R10C2,12,3,1.811765,1.811765,0.000000,0.000000,1,0,0
2026-08-20T16:43:48.779,13.583090,143,77,10,5,R10C3,12,5,1.798823,1.798823,0.000000,0.000000,1,0,0
2026-08-20T16:43:48.779,13.589170,143,78,10,6,R10C4,12,7,1.811765,1.798823,0.012941,0.000000,1,0,0
2026-08-20T16:43:48.779,13.594119,143,79,10,7,R10C5,12,2,1.785882,1.785882,0.000000,0.000000,1,0,0
2026-08-20T16:43:48.779,13.599323,143,80,10,8,R10C6,12,4,1.811765,1.837647,-0.025882,0.000000,1,0,0
2026-08-20T16:43:48.779,13.604085,143,81,11,1,R11C12,14,16,1.811765,1.824706,-0.012941,0.000000,1,0,0
2026-08-20T16:43:48.779,13.610280,143,82,11,2,R11C1,14,1,1.708235,1.772941,-0.064706,0.000000,1,0,0
2026-08-20T16:43:48.779,13.614104,143,83,11,3,R11C2,14,3,0.000000,1.332941,-1.332941,1.000000,1,1,0
2026-08-20T16:43:48.779,13.620201,143,84,11,4,R11C3,14,5,1.747059,1.760000,-0.012941,0.000000,1,0,0
2026-08-20T16:43:48.974,13.625222,143,85,11,5,R11C4,14,7,1.798823,1.785882,0.012941,0.000000,1,0,0
2026-08-20T16:43:48.974,13.823171,143,86,11,6,R11C5,14,2,1.837647,1.811765,0.025882,0.000000,1,0,0
2026-08-20T16:43:48.974,13.824110,143,87,11,7,R11C6,14,4,1.824706,1.824706,0.000000,0.000000,1,0,0
2026-08-20T16:43:48.974,13.825254,143,88,11,8,R11C7,14,6,1.798823,1.785882,0.012941,0.000000,1,0,0
2026-08-20T16:43:48.974,13.831124,143,89,12,1,R12C1,16,1,1.824706,1.824706,0.000000,0.000000,1,0,0
2026-08-20T16:43:48.974,13.838394,143,90,12,2,R12C2,16,3,1.747059,1.747059,0.000000,0.000000,1,0,0
2026-08-20T16:43:48.974,13.840135,143,91,12,3,R12C3,16,5,1.798823,1.798823,0.000000,0.000000,1,0,0
2026-08-20T16:43:48.975,13.846131,143,92,12,4,R12C4,16,7,1.798823,1.811765,-0.012941,0.000000,1,0,0
2026-08-20T16:43:48.975,13.851109,143,93,12,5,R12C5,16,2,1.798823,1.811765,-0.012941,0.000000,1,0,0
2026-08-20T16:43:48.975,13.857166,143,94,12,6,R12C6,16,4,1.061176,1.695294,-0.634118,0.640131,1,0,0
2026-08-20T16:43:48.975,13.862122,143,95,12,7,R12C7,16,6,1.747059,1.760000,-0.012941,0.000000,1,0,0
2026-08-20T16:43:48.975,13.867186,144,96,12,8,R12C8,16,8,1.708235,1.760000,-0.051765,0.000000,1,0,0
2026-08-20T16:43:48.975,13.872142,144,1,1,1,R1C2,1,3,1.811765,1.811765,0.000000,0.000000,1,0,0
2026-08-20T16:43:48.975,13.877241,144,2,1,2,R1C3,1,5,1.798823,1.785882,0.012941,0.000000,1,0,0
2026-08-20T16:43:48.975,13.883108,144,3,1,3,R1C4,1,7,1.811765,1.811765,0.000000,0.000000,1,0,0
2026-08-20T16:43:48.975,13.888169,144,4,1,4,R1C5,1,2,1.785882,1.798823,-0.012941,0.000000,1,0,0
2026-08-20T16:43:48.975,13.893289,144,5,1,5,R1C6,1,4,1.785882,1.785882,0.000000,0.000000,1,0,0
2026-08-20T16:43:49.243,14.011356,144,6,1,6,R1C7,1,6,1.824706,1.772941,0.051765,0.000000,1,0,0
2026-08-20T16:43:49.243,14.018419,144,7,1,7,R1C8,1,8,1.811765,1.811765,0.000000,0.000000,1,0,0
2026-08-20T16:43:49.244,14.020111,144,8,1,8,R1C9,1,10,1.837647,1.811765,0.025882,0.000000,1,0,0
2026-08-20T16:43:49.244,14.021088,144,9,2,1,R2C3,3,5,1.785882,1.785882,0.000000,0.000000,1,0,0
2026-08-20T16:43:49.244,14.028176,144,10,2,2,R2C4,3,7,1.798823,1.811765,-0.012941,0.000000,1,0,0
2026-08-20T16:43:49.244,14.034291,144,11,2,3,R2C5,3,2,1.785882,1.798823,-0.012941,0.000000,1,0,0
2026-08-20T16:43:49.244,14.038597,144,12,2,4,R2C6,3,4,1.772941,1.798823,-0.025882,0.000000,1,0,0
2026-08-20T16:43:49.244,14.045199,144,13,2,5,R2C7,3,6,1.785882,1.785882,0.000000,0.000000,1,0,0
2026-08-20T16:43:49.244,14.048188,144,14,2,6,R2C8,3,8,1.772941,1.772941,0.000000,0.000000,1,0,0
2026-08-20T16:43:49.244,14.053109,144,15,2,7,R2C9,3,10,1.850588,1.850588,0.000000,0.000000,1,0,0
2026-08-20T16:43:49.244,14.059352,144,16,2,8,R2C10,3,12,1.785882,1.798823,-0.012941,0.000000,1,0,0
2026-08-20T16:43:49.244,14.064200,144,17,3,1,R3C4,5,7,1.811765,1.811765,0.000000,0.000000,1,0,0
2026-08-20T16:43:49.244,14.069574,144,18,3,2,R3C5,5,2,1.811765,1.837647,-0.025882,0.000000,1,0,0
2026-08-20T16:43:49.244,14.074119,144,19,3,3,R3C6,5,4,1.798823,1.837647,-0.038824,0.000000,1,0,0
2026-08-20T16:43:49.244,14.079079,144,20,3,4,R3C7,5,6,1.837647,1.824706,0.012941,0.000000,1,0,0
2026-08-20T16:43:49.244,14.085128,144,21,3,5,R3C8,5,8,1.811765,1.811765,0.000000,0.000000,1,0,0
2026-08-20T16:43:49.244,14.090201,144,22,3,6,R3C9,5,10,1.824706,1.850588,-0.025882,0.000000,1,0,0
2026-08-20T16:43:49.440,14.288482,144,23,3,7,R3C10,5,12,1.785882,1.798823,-0.012941,0.000000,1,0,0
2026-08-20T16:43:49.440,14.290242,144,24,3,8,R3C11,5,14,1.811765,1.811765,0.000000,0.000000,1,0,0
2026-08-20T16:43:49.440,14.291253,144,25,4,1,R4C5,7,2,1.785882,1.798823,-0.012941,0.000000,1,0,0
2026-08-20T16:43:49.440,14.296125,144,26,4,2,R4C6,7,4,1.785882,1.811765,-0.025882,0.000000,1,0,0
2026-08-20T16:43:49.440,14.300066,144,27,4,3,R4C7,7,6,1.837647,1.785882,0.051765,0.000000,1,0,0
2026-08-20T16:43:49.440,14.307722,144,28,4,4,R4C8,7,8,1.811765,1.824706,-0.012941,0.000000,1,0,0
2026-08-20T16:43:49.440,14.312918,144,29,4,5,R4C9,7,10,1.798823,1.811765,-0.012941,0.000000,1,0,0
2026-08-20T16:43:49.440,14.316132,144,30,4,6,R4C10,7,12,1.824706,1.785882,0.038823,0.000000,1,0,0
2026-08-20T16:43:49.440,14.322193,144,31,4,7,R4C11,7,14,1.837647,1.811765,0.025882,0.000000,1,0,0
2026-08-20T16:43:49.440,14.327129,144,32,4,8,R4C12,7,16,1.798823,1.837647,-0.038824,0.000000,1,0,0
2026-08-20T16:43:49.440,14.332114,144,33,5,1,R5C6,2,4,1.798823,1.811765,-0.012941,0.000000,1,0,0
2026-08-20T16:43:49.440,14.337263,144,34,5,2,R5C7,2,6,1.785882,1.824706,-0.038823,0.000000,1,0,0
2026-08-20T16:43:49.440,14.343297,144,35,5,3,R5C8,2,8,1.785882,1.811765,-0.025882,0.000000,1,0,0
2026-08-20T16:43:49.440,14.348144,144,36,5,4,R5C9,2,10,1.837647,1.811765,0.025882,0.000000,1,0,0
2026-08-20T16:43:49.440,14.353108,144,37,5,5,R5C10,2,12,1.824706,1.785882,0.038823,0.000000,1,0,0
2026-08-20T16:43:49.441,14.358297,144,38,5,6,R5C11,2,14,1.785882,1.824706,-0.038823,0.000000,1,0,0
2026-08-20T16:43:49.441,14.364185,144,39,5,7,R5C12,2,16,1.798823,1.811765,-0.012941,0.000000,1,0,0
2026-08-20T16:43:49.703,14.476967,144,40,5,8,R5C1,2,1,1.837647,1.798823,0.038824,0.000000,1,0,0
2026-08-20T16:43:49.703,14.484167,144,41,6,1,R6C7,4,6,1.811765,1.837647,-0.025882,0.000000,1,0,0
2026-08-20T16:43:49.703,14.485065,144,42,6,2,R6C8,4,8,1.785882,1.772941,0.012941,0.000000,1,0,0
2026-08-20T16:43:49.703,14.487061,144,43,6,3,R6C9,4,10,1.785882,1.837647,-0.051765,0.000000,1,0,0
2026-08-20T16:43:49.703,14.492105,144,44,6,4,R6C10,4,12,1.798823,1.798823,0.000000,0.000000,1,0,0
2026-08-20T16:43:49.703,14.500311,144,45,6,5,R6C11,4,14,1.811765,1.798823,0.012941,0.000000,1,0,0
2026-08-20T16:43:49.703,14.503425,144,46,6,6,R6C12,4,16,1.837647,1.798823,0.038824,0.000000,1,0,0
2026-08-20T16:43:49.703,14.509100,144,47,6,7,R6C1,4,1,1.811765,1.798823,0.012941,0.000000,1,0,0
2026-08-20T16:43:49.703,14.513085,144,48,6,8,R6C2,4,3,1.669412,1.669412,0.000000,0.000000,1,0,0
2026-08-20T16:43:49.703,14.519242,144,49,7,1,R7C8,6,8,1.772941,1.837647,-0.064706,0.000000,1,0,0
2026-08-20T16:43:49.703,14.524151,144,50,7,2,R7C9,6,10,1.850588,1.785882,0.064706,0.000000,1,0,0
2026-08-20T16:43:49.704,14.529107,144,51,7,3,R7C10,6,12,1.811765,1.798823,0.012941,0.000000,1,0,0
2026-08-20T16:43:49.704,14.535181,144,52,7,4,R7C11,6,14,1.837647,1.798823,0.038824,0.000000,1,0,0
2026-08-20T16:43:49.704,14.539173,144,53,7,5,R7C12,6,16,1.798823,1.811765,-0.012941,0.000000,1,0,0
2026-08-20T16:43:49.704,14.545123,144,54,7,6,R7C1,6,1,1.734118,1.734118,0.000000,0.000000,1,0,0
2026-08-20T16:43:49.704,14.550180,144,55,7,7,R7C2,6,3,1.798823,1.798823,0.000000,0.000000,1,0,0
2026-08-20T16:43:49.704,14.555123,144,56,7,8,R7C3,6,5,1.190588,1.320000,-0.129412,0.000000,1,0,0
2026-08-20T16:43:49.894,14.740309,144,57,8,1,R8C9,8,10,1.824706,1.850588,-0.025882,0.000000,1,0,0
2026-08-20T16:43:49.894,14.747773,144,58,8,2,R8C10,8,12,1.785882,1.798823,-0.012941,0.000000,1,0,0
2026-08-20T16:43:49.894,14.749146,144,59,8,3,R8C11,8,14,1.785882,1.824706,-0.038823,0.000000,1,0,0
2026-08-20T16:43:49.894,14.750182,144,60,8,4,R8C12,8,16,1.850588,1.811765,0.038823,0.000000,1,0,0
2026-08-20T16:43:49.894,14.756192,144,61,8,5,R8C1,8,1,1.837647,1.785882,0.051765,0.000000,1,0,0
2026-08-20T16:43:49.894,14.763077,144,62,8,6,R8C2,8,3,1.643529,1.811765,-0.168235,0.000000,1,0,0
2026-08-20T16:43:49.895,14.768119,144,63,8,7,R8C3,8,5,0.841176,1.294118,-0.452941,0.571429,1,0,0
2026-08-20T16:43:49.895,14.773399,144,64,8,8,R8C4,8,7,1.798823,1.798823,0.000000,0.000000,1,0,0
2026-08-20T16:43:49.895,14.776205,144,65,9,1,R9C10,10,12,1.785882,1.798823,-0.012941,0.000000,1,0,0
2026-08-20T16:43:49.895,14.782111,144,66,9,2,R9C11,10,14,1.785882,1.798823,-0.012941,0.000000,1,0,0
2026-08-20T16:43:49.895,14.787141,144,67,9,3,R9C12,10,16,1.811765,1.837647,-0.025882,0.000000,1,0,0
2026-08-20T16:43:49.895,14.793139,144,68,9,4,R9C1,10,1,1.772941,1.527059,0.245882,0.000000,1,0,0
2026-08-20T16:43:49.895,14.797194,144,69,9,5,R9C2,10,3,1.708235,1.811765,-0.103529,0.000000,1,0,0
2026-08-20T16:43:49.895,14.803083,144,70,9,6,R9C3,10,5,1.035294,1.371765,-0.336470,0.272237,1,0,0
2026-08-20T16:43:49.895,14.808153,144,71,9,7,R9C4,10,7,1.708235,1.811765,-0.103529,0.000000,1,0,0
2026-08-20T16:43:49.895,14.813079,144,72,9,8,R9C5,10,2,1.798823,1.798823,0.000000,0.000000,1,0,0
2026-08-20T16:43:49.895,14.819120,144,73,10,1,R10C11,12,14,1.850588,1.785882,0.064706,0.000000,1,0,0
2026-08-20T16:43:50.165,14.931860,144,74,10,2,R10C12,12,16,1.798823,1.811765,-0.012941,0.000000,1,0,0
2026-08-20T16:43:50.165,14.939945,144,75,10,3,R10C1,12,1,1.824706,1.837647,-0.012941,0.000000,1,0,0
2026-08-20T16:43:50.165,14.941170,144,76,10,4,R10C2,12,3,1.811765,1.811765,0.000000,0.000000,1,0,0
2026-08-20T16:43:50.165,14.942090,144,77,10,5,R10C3,12,5,1.798823,1.798823,0.000000,0.000000,1,0,0
2026-08-20T16:43:50.165,14.947066,144,78,10,6,R10C4,12,7,1.811765,1.811765,0.000000,0.000000,1,0,0
2026-08-20T16:43:50.165,14.954206,144,79,10,7,R10C5,12,2,1.798823,1.785882,0.012941,0.000000,1,0,0
2026-08-20T16:43:50.165,14.959405,144,80,10,8,R10C6,12,4,1.824706,1.811765,0.012941,0.000000,1,0,0
2026-08-20T16:43:50.166,14.964564,144,81,11,1,R11C12,14,16,1.798823,1.811765,-0.012941,0.000000,1,0,0
2026-08-20T16:43:50.166,14.968185,144,82,11,2,R11C1,14,1,1.824706,1.747059,0.077647,0.000000,1,0,0
2026-08-20T16:43:50.166,14.974170,144,83,11,3,R11C2,14,3,0.000000,1.332941,-1.332941,1.000000,1,1,0
2026-08-20T16:43:50.166,14.979209,144,84,11,4,R11C3,14,5,1.798823,1.760000,0.038823,0.000000,1,0,0
2026-08-20T16:43:50.166,14.984155,144,85,11,5,R11C4,14,7,1.682353,1.798823,-0.116471,0.000000,1,0,0
2026-08-20T16:43:50.166,14.989342,144,86,11,6,R11C5,14,2,1.772941,1.811765,-0.038823,0.000000,1,0,0
2026-08-20T16:43:50.166,14.994102,144,87,11,7,R11C6,14,4,1.811765,1.824706,-0.012941,0.000000,1,0,0
2026-08-20T16:43:50.166,15.000371,144,88,11,8,R11C7,14,6,1.850588,1.785882,0.064706,0.000000,1,0,0
2026-08-20T16:43:50.166,15.004100,144,89,12,1,R12C1,16,1,1.837647,1.824706,0.012941,0.000000,1,0,0
2026-08-20T16:43:50.166,15.010341,144,90,12,2,R12C2,16,3,1.760000,1.747059,0.012941,0.000000,1,0,0
2026-08-20T16:43:50.358,15.210807,144,91,12,3,R12C3,16,5,1.798823,1.798823,0.000000,0.000000,1,0,0
2026-08-20T16:43:50.358,15.212220,144,92,12,4,R12C4,16,7,1.682353,1.811765,-0.129412,0.000000,1,0,0
2026-08-20T16:43:50.358,15.213167,144,93,12,5,R12C5,16,2,1.811765,1.811765,0.000000,0.000000,1,0,0
2026-08-20T16:43:50.358,15.218184,144,94,12,6,R12C6,16,4,1.552941,1.695294,-0.142353,0.000000,1,0,0
2026-08-20T16:43:50.358,15.224524,144,95,12,7,R12C7,16,6,1.811765,1.747059,0.064706,0.000000,1,0,0
2026-08-20T16:43:50.358,15.230702,145,96,12,8,R12C8,16,8,1.772941,1.721177,0.051765,0.000000,1,0,0
2026-08-20T16:43:50.358,15.233126,145,1,1,1,R1C2,1,3,1.811765,1.811765,0.000000,0.000000,1,0,0
2026-08-20T16:43:50.359,15.239231,145,2,1,2,R1C3,1,5,1.798823,1.798823,0.000000,0.000000,1,0,0
2026-08-20T16:43:50.359,15.244173,145,3,1,3,R1C4,1,7,1.811765,1.811765,0.000000,0.000000,1,0,0
2026-08-20T16:43:50.359,15.249186,145,4,1,4,R1C5,1,2,1.785882,1.785882,0.000000,0.000000,1,0,0
2026-08-20T16:43:50.359,15.255287,145,5,1,5,R1C6,1,4,1.850588,1.785882,0.064706,0.000000,1,0,0
2026-08-20T16:43:50.359,15.260225,145,6,1,6,R1C7,1,6,1.837647,1.772941,0.064706,0.000000,1,0,0
2026-08-20T16:43:50.359,15.265230,145,7,1,7,R1C8,1,8,1.785882,1.811765,-0.025882,0.000000,1,0,0
2026-08-20T16:43:50.359,15.270102,145,8,1,8,R1C9,1,10,1.837647,1.811765,0.025882,0.000000,1,0,0
2026-08-20T16:43:50.359,15.275194,145,9,2,1,R2C3,3,5,1.798823,1.785882,0.012941,0.000000,1,0,0
2026-08-20T16:43:50.359,15.281172,145,10,2,2,R2C4,3,7,1.811765,1.811765,0.000000,0.000000,1,0,0
2026-08-20T16:43:50.359,15.286209,145,11,2,3,R2C5,3,2,1.785882,1.785882,0.000000,0.000000,1,0,0
2026-08-20T16:43:50.629,15.395410,145,12,2,4,R2C6,3,4,1.798823,1.785882,0.012941,0.000000,1,0,0
2026-08-20T16:43:50.629,15.403258,145,13,2,5,R2C7,3,6,1.811765,1.785882,0.025882,0.000000,1,0,0
2026-08-20T16:43:50.629,15.405234,145,14,2,6,R2C8,3,8,1.837647,1.772941,0.064706,0.000000,1,0,0
2026-08-20T16:43:50.629,15.406116,145,15,2,7,R2C9,3,10,1.824706,1.850588,-0.025882,0.000000,1,0,0
2026-08-20T16:43:50.629,15.411156,145,16,2,8,R2C10,3,12,1.798823,1.798823,0.000000,0.000000,1,0,0
2026-08-20T16:43:50.630,15.417331,145,17,3,1,R3C4,5,7,1.811765,1.811765,0.000000,0.000000,1,0,0
2026-08-20T16:43:50.630,15.423371,145,18,3,2,R3C5,5,2,1.798823,1.811765,-0.012941,0.000000,1,0,0
2026-08-20T16:43:50.630,15.428558,145,19,3,3,R3C6,5,4,1.785882,1.798823,-0.012941,0.000000,1,0,0
2026-08-20T16:43:50.630,15.432147,145,20,3,4,R3C7,5,6,1.811765,1.824706,-0.012941,0.000000,1,0,0
2026-08-20T16:43:50.630,15.437093,145,21,3,5,R3C8,5,8,1.785882,1.811765,-0.025882,0.000000,1,0,0
2026-08-20T16:43:50.630,15.443193,145,22,3,6,R3C9,5,10,1.837647,1.837647,0.000000,0.000000,1,0,0
2026-08-20T16:43:50.630,15.448207,145,23,3,7,R3C10,5,12,1.785882,1.798823,-0.012941,0.000000,1,0,0
2026-08-20T16:43:50.630,15.453154,145,24,3,8,R3C11,5,14,1.798823,1.811765,-0.012941,0.000000,1,0,0
2026-08-20T16:43:50.630,15.458298,145,25,4,1,R4C5,7,2,1.824706,1.785882,0.038823,0.000000,1,0,0
2026-08-20T16:43:50.630,15.463084,145,26,4,2,R4C6,7,4,1.811765,1.785882,0.025882,0.000000,1,0,0
2026-08-20T16:43:50.630,15.469600,145,27,4,3,R4C7,7,6,1.824706,1.785882,0.038823,0.000000,1,0,0
2026-08-20T16:43:50.820,15.474214,145,28,4,4,R4C8,7,8,1.850588,1.811765,0.038823,0.000000,1,0,0
2026-08-20T16:43:50.820,15.674771,145,29,4,5,R4C9,7,10,1.837647,1.811765,0.025882,0.000000,1,0,0
2026-08-20T16:43:50.820,15.676268,145,30,4,6,R4C10,7,12,1.798823,1.785882,0.012941,0.000000,1,0,0
2026-08-20T16:43:50.820,15.677134,145,31,4,7,R4C11,7,14,1.837647,1.811765,0.025882,0.000000,1,0,0
2026-08-20T16:43:50.820,15.682133,145,32,4,8,R4C12,7,16,1.785882,1.837647,-0.051765,0.000000,1,0,0
2026-08-20T16:43:50.820,15.689039,145,33,5,1,R5C6,2,4,1.811765,1.798823,0.012941,0.000000,1,0,0
2026-08-20T16:43:50.820,15.693374,145,34,5,2,R5C7,2,6,1.772941,1.824706,-0.051765,0.000000,1,0,0
2026-08-20T16:43:50.820,15.700423,145,35,5,3,R5C8,2,8,1.785882,1.785882,0.000000,0.000000,1,0,0
2026-08-20T16:43:50.820,15.702119,145,36,5,4,R5C9,2,10,1.798823,1.837647,-0.038824,0.000000,1,0,0
2026-08-20T16:43:50.820,15.708319,145,37,5,5,R5C10,2,12,1.785882,1.798823,-0.012941,0.000000,1,0,0
2026-08-20T16:43:50.820,15.713149,145,38,5,6,R5C11,2,14,1.785882,1.811765,-0.025882,0.000000,1,0,0
2026-08-20T16:43:50.821,15.719176,145,39,5,7,R5C12,2,16,1.811765,1.798823,0.012941,0.000000,1,0,0
2026-08-20T16:43:50.821,15.724232,145,40,5,8,R5C1,2,1,1.811765,1.824706,-0.012941,0.000000,1,0,0
2026-08-20T16:43:50.821,15.729130,145,41,6,1,R6C7,4,6,1.850588,1.811765,0.038823,0.000000,1,0,0
2026-08-20T16:43:50.821,15.734153,145,42,6,2,R6C8,4,8,1.785882,1.785882,0.000000,0.000000,1,0,0
2026-08-20T16:43:50.821,15.739183,145,43,6,3,R6C9,4,10,1.837647,1.798823,0.038824,0.000000,1,0,0
2026-08-20T16:43:50.821,15.745158,145,44,6,4,R6C10,4,12,1.785882,1.798823,-0.012941,0.000000,1,0,0
2026-08-20T16:43:51.088,15.857322,145,45,6,5,R6C11,4,14,1.811765,1.798823,0.012941,0.000000,1,0,0
2026-08-20T16:43:51.088,15.865346,145,46,6,6,R6C12,4,16,1.785882,1.798823,-0.012941,0.000000,1,0,0
2026-08-20T16:43:51.088,15.867203,145,47,6,7,R6C1,4,1,1.824706,1.811765,0.012941,0.000000,1,0,0
2026-08-20T16:43:51.089,15.868055,145,48,6,8,R6C2,4,3,1.811765,1.669412,0.142353,0.000000,1,0,0
2026-08-20T16:43:51.089,15.873194,145,49,7,1,R7C8,6,8,1.837647,1.785882,0.051765,0.000000,1,0,0
2026-08-20T16:43:51.089,15.879607,145,50,7,2,R7C9,6,10,1.850588,1.785882,0.064706,0.000000,1,0,0
2026-08-20T16:43:51.089,15.885438,145,51,7,3,R7C10,6,12,1.798823,1.798823,0.000000,0.000000,1,0,0
2026-08-20T16:43:51.089,15.890560,145,52,7,4,R7C11,6,14,1.811765,1.837647,-0.025882,0.000000,1,0,0
2026-08-20T16:43:51.089,15.893175,145,53,7,5,R7C12,6,16,1.798823,1.798823,0.000000,0.000000,1,0,0
2026-08-20T16:43:51.089,15.899144,145,54,7,6,R7C1,6,1,1.772941,1.734118,0.038824,0.000000,1,0,0
2026-08-20T16:43:51.089,15.904117,145,55,7,7,R7C2,6,3,1.772941,1.798823,-0.025882,0.000000,1,0,0
2026-08-20T16:43:51.089,15.909104,145,56,7,8,R7C3,6,5,0.621176,1.307059,-0.685882,1.000000,1,0,0
2026-08-20T16:43:51.089,15.915117,145,57,8,1,R8C9,8,10,1.798823,1.837647,-0.038824,0.000000,1,0,0
2026-08-20T16:43:51.089,15.920214,145,58,8,2,R8C10,8,12,1.785882,1.785882,0.000000,0.000000,1,0,0
2026-08-20T16:43:51.089,15.925386,145,59,8,3,R8C11,8,14,1.785882,1.798823,-0.012941,0.000000,1,0,0
2026-08-20T16:43:51.089,15.930166,145,60,8,4,R8C12,8,16,1.798823,1.837647,-0.038824,0.000000,1,0,0
2026-08-20T16:43:51.275,15.936325,145,61,8,5,R8C1,8,1,1.837647,1.785882,0.051765,0.000000,1,0,0
2026-08-20T16:43:51.275,16.132960,145,62,8,6,R8C2,8,3,1.760000,1.811765,-0.051765,0.000000,1,0,0
2026-08-20T16:43:51.275,16.134156,145,63,8,7,R8C3,8,5,0.698824,1.294118,-0.595294,0.885714,1,0,0
2026-08-20T16:43:51.275,16.135105,145,64,8,8,R8C4,8,7,1.811765,1.798823,0.000000,0.000000,1,0,0
2026-08-20T16:43:51.275,16.140158,145,65,9,1,R9C10,10,12,1.811765,1.798823,0.012941,0.000000,1,0,0
2026-08-20T16:43:51.275,16.146321,145,66,9,2,R9C11,10,14,1.785882,1.798823,-0.012941,0.000000,1,0,0
2026-08-20T16:43:51.275,16.151141,145,67,9,3,R9C12,10,16,1.785882,1.811765,-0.025882,0.000000,1,0,0
2026-08-20T16:43:51.275,16.156117,145,68,9,4,R9C1,10,1,1.785882,1.656471,0.129412,0.000000,1,0,0
2026-08-20T16:43:51.275,16.161265,145,69,9,5,R9C2,10,3,1.811765,1.811765,0.000000,0.000000,1,0,0
2026-08-20T16:43:51.275,16.166228,145,70,9,6,R9C3,10,5,0.957647,1.371765,-0.414118,0.433962,1,0,0
2026-08-20T16:43:51.275,16.171129,145,71,9,7,R9C4,10,7,1.798823,1.798823,0.000000,0.000000,1,0,0
2026-08-20T16:43:51.275,16.177155,145,72,9,8,R9C5,10,2,1.785882,1.798823,-0.012941,0.000000,1,0,0
2026-08-20T16:43:51.275,16.182201,145,73,10,1,R10C11,12,14,1.785882,1.785882,0.000000,0.000000,1,0,0
2026-08-20T16:43:51.275,16.187108,145,74,10,2,R10C12,12,16,1.785882,1.798823,-0.012941,0.000000,1,0,0
2026-08-20T16:43:51.275,16.192171,145,75,10,3,R10C1,12,1,1.824706,1.837647,-0.012941,0.000000,1,0,0
2026-08-20T16:43:51.275,16.198199,145,76,10,4,R10C2,12,3,1.811765,1.811765,0.000000,0.000000,1,0,0
2026-08-20T16:43:51.276,16.203199,145,77,10,5,R10C3,12,5,1.811765,1.798823,0.012941,0.000000,1,0,0
2026-08-20T16:43:51.545,16.312207,145,78,10,6,R10C4,12,7,1.811765,1.811765,0.000000,0.000000,1,0,0
2026-08-20T16:43:51.545,16.320644,145,79,10,7,R10C5,12,2,1.798823,1.785882,0.012941,0.000000,1,0,0
2026-08-20T16:43:51.545,16.322149,145,80,10,8,R10C6,12,4,1.811765,1.824706,-0.012941,0.000000,1,0,0
2026-08-20T16:43:51.545,16.323203,145,81,11,1,R11C12,14,16,1.798823,1.798823,0.000000,0.000000,1,0,0
2026-08-20T16:43:51.545,16.328222,145,82,11,2,R11C1,14,1,1.811765,1.747059,0.064706,0.000000,1,0,0
2026-08-20T16:43:51.545,16.334535,145,83,11,3,R11C2,14,3,0.000000,1.332941,-1.332941,1.000000,1,1,0
2026-08-20T16:43:51.546,16.340863,145,84,11,4,R11C3,14,5,1.747059,1.760000,-0.012941,0.000000,1,0,0
2026-08-20T16:43:51.546,16.343156,145,85,11,5,R11C4,14,7,1.811765,1.798823,0.012941,0.000000,1,0,0
2026-08-20T16:43:51.546,16.349212,145,86,11,6,R11C5,14,2,1.850588,1.811765,0.038823,0.000000,1,0,0
2026-08-20T16:43:51.546,16.354160,145,87,11,7,R11C6,14,4,1.811765,1.824706,-0.012941,0.000000,1,0,0
2026-08-20T16:43:51.546,16.359230,145,88,11,8,R11C7,14,6,1.837647,1.798823,0.038824,0.000000,1,0,0
2026-08-20T16:43:51.546,16.364236,145,89,12,1,R12C1,16,1,1.837647,1.824706,0.012941,0.000000,1,0,0
2026-08-20T16:43:51.546,16.370191,145,90,12,2,R12C2,16,3,1.760000,1.747059,0.012941,0.000000,1,0,0
2026-08-20T16:43:51.546,16.375413,145,91,12,3,R12C3,16,5,1.811765,1.798823,0.012941,0.000000,1,0,0
2026-08-20T16:43:51.546,16.380411,145,92,12,4,R12C4,16,7,1.811765,1.798823,0.012941,0.000000,1,0,0
2026-08-20T16:43:51.546,16.385183,145,93,12,5,R12C5,16,2,1.824706,1.811765,0.012941,0.000000,1,0,0
2026-08-20T16:43:51.738,16.390197,145,94,12,6,R12C6,16,4,1.514118,1.695294,0.000000,0.000000,1,0,0
2026-08-20T16:43:51.739,16.590575,145,95,12,7,R12C7,16,6,1.785882,1.747059,0.038823,0.000000,1,0,0
2026-08-20T16:43:51.739,16.592190,146,96,12,8,R12C8,16,8,1.760000,1.721177,0.038823,0.000000,1,0,0
2026-08-20T16:43:51.739,16.593193,146,1,1,1,R1C2,1,3,1.811765,1.811765,0.000000,0.000000,1,0,0
2026-08-20T16:43:51.739,16.598285,146,2,1,2,R1C3,1,5,1.798823,1.798823,0.000000,0.000000,1,0,0
2026-08-20T16:43:51.739,16.605087,146,3,1,3,R1C4,1,7,1.811765,1.811765,0.000000,0.000000,1,0,0
2026-08-20T16:43:51.739,16.609263,146,4,1,4,R1C5,1,2,1.824706,1.785882,0.038823,0.000000,1,0,0
2026-08-20T16:43:51.739,16.613208,146,5,1,5,R1C6,1,4,1.811765,1.785882,0.025882,0.000000,1,0,0
2026-08-20T16:43:51.739,16.619369,146,6,1,6,R1C7,1,6,1.811765,1.824706,-0.012941,0.000000,1,0,0
2026-08-20T16:43:51.739,16.624341,146,7,1,7,R1C8,1,8,1.798823,1.811765,-0.012941,0.000000,1,0,0
2026-08-20T16:43:51.739,16.629341,146,8,1,8,R1C9,1,10,1.837647,1.837647,0.000000,0.000000,1,0,0
2026-08-20T16:43:51.739,16.634269,146,9,2,1,R2C3,3,5,1.760000,1.785882,-0.025882,0.000000,1,0,0
2026-08-20T16:43:51.739,16.640308,146,10,2,2,R2C4,3,7,1.811765,1.811765,0.000000,0.000000,1,0,0
2026-08-20T16:43:51.739,16.645412,146,11,2,3,R2C5,3,2,1.785882,1.785882,0.000000,0.000000,1,0,0
2026-08-20T16:43:51.739,16.650354,146,12,2,4,R2C6,3,4,1.798823,1.785882,0.012941,0.000000,1,0,0
2026-08-20T16:43:51.739,16.655159,146,13,2,5,R2C7,3,6,1.760000,1.785882,-0.025882,0.000000,1,0,0
2026-08-20T16:43:52.001,16.660180,146,14,2,6,R2C8,3,8,1.760000,1.772941,-0.012941,0.000000,1,0,0
2026-08-20T16:43:52.001,16.782611,146,15,2,7,R2C9,3,10,1.837647,1.850588,-0.012941,0.000000,1,0,0
2026-08-20T16:43:52.001,16.784145,146,16,2,8,R2C10,3,12,1.785882,1.798823,-0.012941,0.000000,1,0,0
2026-08-20T16:43:52.001,16.785134,146,17,3,1,R3C4,5,7,1.824706,1.811765,0.012941,0.000000,1,0,0
2026-08-20T16:43:52.001,16.790158,146,18,3,2,R3C5,5,2,1.785882,1.811765,-0.025882,0.000000,1,0,0
2026-08-20T16:43:52.001,16.795291,146,19,3,3,R3C6,5,4,1.798823,1.785882,0.012941,0.000000,1,0,0
2026-08-20T16:43:52.001,16.801318,146,20,3,4,R3C7,5,6,1.850588,1.824706,0.025882,0.000000,1,0,0
2026-08-20T16:43:52.001,16.806167,146,21,3,5,R3C8,5,8,1.785882,1.811765,-0.025882,0.000000,1,0,0
2026-08-20T16:43:52.001,16.810273,146,22,3,6,R3C9,5,10,1.798823,1.837647,-0.038824,0.000000,1,0,0
2026-08-20T16:43:52.001,16.816166,146,23,3,7,R3C10,5,12,1.811765,1.785882,0.025882,0.000000,1,0,0
2026-08-20T16:43:52.001,16.821150,146,24,3,8,R3C11,5,14,1.785882,1.811765,-0.025882,0.000000,1,0,0
2026-08-20T16:43:52.001,16.826176,146,25,4,1,R4C5,7,2,1.798823,1.811765,-0.012941,0.000000,1,0,0
2026-08-20T16:43:52.001,16.832185,146,26,4,2,R4C6,7,4,1.798823,1.785882,0.012941,0.000000,1,0,0
2026-08-20T16:43:52.001,16.837177,146,27,4,3,R4C7,7,6,1.785882,1.824706,-0.038823,0.000000,1,0,0
2026-08-20T16:43:52.001,16.842196,146,28,4,4,R4C8,7,8,1.824706,1.811765,0.012941,0.000000,1,0,0
2026-08-20T16:43:52.002,16.847166,146,29,4,5,R4C9,7,10,1.837647,1.811765,0.025882,0.000000,1,0,0
2026-08-20T16:43:52.002,16.852127,146,30,4,6,R4C10,7,12,1.785882,1.798823,-0.012941,0.000000,1,0,0
2026-08-20T16:43:52.198,17.038140,146,31,4,7,R4C11,7,14,1.837647,1.837647,0.000000,0.000000,1,0,0
2026-08-20T16:43:52.198,17.046850,146,32,4,8,R4C12,7,16,1.824706,1.798823,0.025882,0.000000,1,0,0
2026-08-20T16:43:52.198,17.048114,146,33,5,1,R5C6,2,4,1.798823,1.798823,0.000000,0.000000,1,0,0
2026-08-20T16:43:52.198,17.049117,146,34,5,2,R5C7,2,6,1.772941,1.785882,-0.012941,0.000000,1,0,0
2026-08-20T16:43:52.198,17.054246,146,35,5,3,R5C8,2,8,1.798823,1.785882,0.012941,0.000000,1,0,0
2026-08-20T16:43:52.198,17.060855,146,36,5,4,R5C9,2,10,1.785882,1.837647,-0.051765,0.000000,1,0,0
2026-08-20T16:43:52.198,17.066823,146,37,5,5,R5C10,2,12,1.850588,1.798823,0.051765,0.000000,1,0,0
2026-08-20T16:43:52.198,17.069375,146,38,5,6,R5C11,2,14,1.785882,1.785882,0.000000,0.000000,1,0,0
2026-08-20T16:43:52.198,17.075367,146,39,5,7,R5C12,2,16,1.811765,1.811765,0.000000,0.000000,1,0,0
2026-08-20T16:43:52.198,17.080295,146,40,5,8,R5C1,2,1,1.824706,1.811765,0.012941,0.000000,1,0,0
2026-08-20T16:43:52.198,17.085242,146,41,6,1,R6C7,4,6,1.772941,1.811765,-0.038823,0.000000,1,0,0
2026-08-20T16:43:52.198,17.091288,146,42,6,2,R6C8,4,8,1.798823,1.785882,0.012941,0.000000,1,0,0
2026-08-20T16:43:52.198,17.096207,146,43,6,3,R6C9,4,10,1.837647,1.798823,0.038824,0.000000,1,0,0
2026-08-20T16:43:52.199,17.101279,146,44,6,4,R6C10,4,12,1.811765,1.798823,0.012941,0.000000,1,0,0
2026-08-20T16:43:52.199,17.106312,146,45,6,5,R6C11,4,14,1.798823,1.811765,-0.012941,0.000000,1,0,0
2026-08-20T16:43:52.199,17.111147,146,46,6,6,R6C12,4,16,1.785882,1.798823,-0.012941,0.000000,1,0,0
2026-08-20T16:43:52.199,17.117123,146,47,6,7,R6C1,4,1,1.837647,1.811765,0.025882,0.000000,1,0,0
2026-08-20T16:43:52.469,17.235350,146,48,6,8,R6C2,4,3,1.811765,1.669412,0.142353,0.000000,1,0,0
2026-08-20T16:43:52.469,17.242614,146,49,7,1,R7C8,6,8,1.811765,1.785882,0.025882,0.000000,1,0,0
2026-08-20T16:43:52.469,17.244229,146,50,7,2,R7C9,6,10,1.837647,1.850588,-0.012941,0.000000,1,0,0
2026-08-20T16:43:52.469,17.245083,146,51,7,3,R7C10,6,12,1.798823,1.798823,0.000000,0.000000,1,0,0
2026-08-20T16:43:52.469,17.251178,146,52,7,4,R7C11,6,14,1.837647,1.837647,0.000000,0.000000,1,0,0
2026-08-20T16:43:52.469,17.258847,146,53,7,5,R7C12,6,16,1.824706,1.798823,0.025882,0.000000,1,0,0
2026-08-20T16:43:52.469,17.262719,146,54,7,6,R7C1,6,1,1.811765,1.734118,0.077647,0.000000,1,0,0
2026-08-20T16:43:52.469,17.267279,146,55,7,7,R7C2,6,3,1.785882,1.798823,-0.012941,0.000000,1,0,0
2026-08-20T16:43:52.469,17.272232,146,56,7,8,R7C3,6,5,0.672941,1.307059,-0.634118,0.957567,1,0,0
2026-08-20T16:43:52.470,17.277313,146,57,8,1,R8C9,8,10,1.837647,1.824706,0.012941,0.000000,1,0,0
2026-08-20T16:43:52.470,17.282195,146,58,8,2,R8C10,8,12,1.798823,1.785882,0.012941,0.000000,1,0,0
2026-08-20T16:43:52.470,17.288161,146,59,8,3,R8C11,8,14,1.798823,1.785882,0.012941,0.000000,1,0,0
2026-08-20T16:43:52.470,17.293199,146,60,8,4,R8C12,8,16,1.811765,1.837647,-0.025882,0.000000,1,0,0
2026-08-20T16:43:52.470,17.298184,146,61,8,5,R8C1,8,1,1.785882,1.837647,-0.051765,0.000000,1,0,0
2026-08-20T16:43:52.470,17.303556,146,62,8,6,R8C2,8,3,1.760000,1.760000,0.000000,0.000000,1,0,0
2026-08-20T16:43:52.470,17.308255,146,63,8,7,R8C3,8,5,0.802353,1.294118,-0.491765,0.657143,1,0,0
2026-08-20T16:43:52.470,17.314651,146,64,8,8,R8C4,8,7,1.798823,1.805294,-0.006471,0.000000,1,0,0
2026-08-20T16:43:52.673,17.506310,146,65,9,1,R9C10,10,12,1.824706,1.798823,0.025882,0.000000,1,0,0
2026-08-20T16:43:52.673,17.513314,146,66,9,2,R9C11,10,14,1.785882,1.785882,0.000000,0.000000,1,0,0
2026-08-20T16:43:52.673,17.515164,146,67,9,3,R9C12,10,16,1.785882,1.811765,-0.025882,0.000000,1,0,0
2026-08-20T16:43:52.673,17.516090,146,68,9,4,R9C1,10,1,1.772941,1.772941,0.000000,0.000000,1,0,0
2026-08-20T16:43:52.673,17.522116,146,69,9,5,R9C2,10,3,1.811765,1.811765,0.000000,0.000000,1,0,0
2026-08-20T16:43:52.673,17.530305,146,70,9,6,R9C3,10,5,0.892941,1.371765,-0.478823,0.568733,1,0,0
2026-08-20T16:43:52.674,17.532151,146,71,9,7,R9C4,10,7,1.798823,1.798823,0.000000,0.000000,1,0,0
2026-08-20T16:43:52.674,17.538165,146,72,9,8,R9C5,10,2,1.837647,1.798823,0.038824,0.000000,1,0,0
2026-08-20T16:43:52.674,17.543191,146,73,10,1,R10C11,12,14,1.785882,1.785882,0.000000,0.000000,1,0,0
2026-08-20T16:43:52.674,17.548128,146,74,10,2,R10C12,12,16,1.798823,1.798823,0.000000,0.000000,1,0,0
2026-08-20T16:43:52.674,17.553243,146,75,10,3,R10C1,12,1,1.785882,1.824706,-0.038823,0.000000,1,0,0
2026-08-20T16:43:52.674,17.559231,146,76,10,4,R10C2,12,3,1.811765,1.811765,0.000000,0.000000,1,0,0
2026-08-20T16:43:52.674,17.564184,146,77,10,5,R10C3,12,5,1.811765,1.798823,0.012941,0.000000,1,0,0
2026-08-20T16:43:52.674,17.569233,146,78,10,6,R10C4,12,7,1.811765,1.811765,0.000000,0.000000,1,0,0
2026-08-20T16:43:52.674,17.574160,146,79,10,7,R10C5,12,2,1.798823,1.798823,0.000000,0.000000,1,0,0
2026-08-20T16:43:52.674,17.580221,146,80,10,8,R10C6,12,4,1.811765,1.811765,0.000000,0.000000,1,0,0
2026-08-20T16:43:52.674,17.584134,146,81,11,1,R11C12,14,16,1.811765,1.798823,0.012941,0.000000,1,0,0
2026-08-20T16:43:52.957,17.711419,146,82,11,2,R11C1,14,1,1.734118,1.811765,-0.077647,0.000000,1,0,0
2026-08-20T16:43:52.957,17.720480,146,83,11,3,R11C2,14,3,0.000000,1.332941,-1.332941,1.000000,1,1,0
2026-08-20T16:43:52.957,17.722271,146,84,11,4,R11C3,14,5,1.785882,1.747059,0.038823,0.000000,1,0,0
2026-08-20T16:43:52.958,17.723105,146,85,11,5,R11C4,14,7,1.811765,1.798823,0.012941,0.000000,1,0,0
2026-08-20T16:43:52.958,17.728303,146,86,11,6,R11C5,14,2,1.811765,1.837647,-0.025882,0.000000,1,0,0
2026-08-20T16:43:52.958,17.734637,146,87,11,7,R11C6,14,4,1.772941,1.811765,-0.038823,0.000000,1,0,0
2026-08-20T16:43:52.958,17.739504,146,88,11,8,R11C7,14,6,1.811765,1.837647,-0.025882,0.000000,1,0,0
2026-08-20T16:43:52.958,17.743197,146,89,12,1,R12C1,16,1,1.785882,1.837647,-0.051765,0.000000,1,0,0
2026-08-20T16:43:52.958,17.749167,146,90,12,2,R12C2,16,3,1.760000,1.760000,0.000000,0.000000,1,0,0
2026-08-20T16:43:52.958,17.754297,146,91,12,3,R12C3,16,5,1.798823,1.798823,0.000000,0.000000,1,0,0
2026-08-20T16:43:52.958,17.759255,146,92,12,4,R12C4,16,7,1.798823,1.798823,0.000000,0.000000,1,0,0
2026-08-20T16:43:52.958,17.764160,146,93,12,5,R12C5,16,2,1.837647,1.811765,0.025882,0.000000,1,0,0
2026-08-20T16:43:52.958,17.769353,146,94,12,6,R12C6,16,4,1.462353,1.533529,-0.071176,0.000000,1,0,0
2026-08-20T16:43:52.958,17.775479,146,95,12,7,R12C7,16,6,1.772941,1.785882,-0.012941,0.000000,1,0,0
2026-08-20T16:43:52.958,17.780198,147,96,12,8,R12C8,16,8,1.760000,1.760000,0.000000,0.000000,1,0,0
2026-08-20T16:43:52.958,17.784101,147,1,1,1,R1C2,1,3,1.811765,1.811765,0.000000,0.000000,1,0,0
2026-08-20T16:43:53.160,17.791298,147,2,1,2,R1C3,1,5,1.785882,1.798823,-0.012941,0.000000,1,0,0
2026-08-20T16:43:53.160,18.002941,147,3,1,3,R1C4,1,7,1.811765,1.811765,0.000000,0.000000,1,0,0
2026-08-20T16:43:53.160,18.004289,147,4,1,4,R1C5,1,2,1.824706,1.785882,0.038823,0.000000,1,0,0
2026-08-20T16:43:53.160,18.005269,147,5,1,5,R1C6,1,4,1.772941,1.811765,-0.038823,0.000000,1,0,0
2026-08-20T16:43:53.160,18.010280,147,6,1,6,R1C7,1,6,1.798823,1.824706,-0.025882,0.000000,1,0,0
2026-08-20T16:43:53.160,18.016276,147,7,1,7,R1C8,1,8,1.785882,1.798823,-0.012941,0.000000,1,0,0
2026-08-20T16:43:53.160,18.023502,147,8,1,8,R1C9,1,10,1.811765,1.837647,-0.025882,0.000000,1,0,0
2026-08-20T16:43:53.160,18.027209,147,9,2,1,R2C3,3,5,1.656471,1.785882,-0.129412,0.000000,1,0,0
2026-08-20T16:43:53.160,18.032333,147,10,2,2,R2C4,3,7,1.811765,1.811765,0.000000,0.000000,1,0,0
2026-08-20T16:43:53.160,18.036277,147,11,2,3,R2C5,3,2,1.785882,1.785882,0.000000,0.000000,1,0,0
2026-08-20T16:43:53.160,18.042372,147,12,2,4,R2C6,3,4,1.785882,1.798823,-0.012941,0.000000,1,0,0
2026-08-20T16:43:53.160,18.046210,147,13,2,5,R2C7,3,6,1.850588,1.785882,0.064706,0.000000,1,0,0
2026-08-20T16:43:53.160,18.052126,147,14,2,6,R2C8,3,8,1.772941,1.772941,0.000000,0.000000,1,0,0
2026-08-20T16:43:53.160,18.057151,147,15,2,7,R2C9,3,10,1.785882,1.837647,-0.051765,0.000000,1,0,0
2026-08-20T16:43:53.160,18.062118,147,16,2,8,R2C10,3,12,1.798823,1.785882,0.012941,0.000000,1,0,0
2026-08-20T16:43:53.161,18.067159,147,17,3,1,R3C4,5,7,1.811765,1.811765,0.000000,0.000000,1,0,0
2026-08-20T16:43:53.425,18.073134,147,18,3,2,R3C5,5,2,1.837647,1.798823,0.038824,0.000000,1,0,0
2026-08-20T16:43:53.425,18.203653,147,19,3,3,R3C6,5,4,1.798823,1.798823,0.000000,0.000000,1,0,0
2026-08-20T16:43:53.425,18.205191,147,20,3,4,R3C7,5,6,1.811765,1.837647,-0.025882,0.000000,1,0,0
2026-08-20T16:43:53.425,18.206105,147,21,3,5,R3C8,5,8,1.798823,1.785882,0.012941,0.000000,1,0,0
2026-08-20T16:43:53.425,18.211120,147,22,3,6,R3C9,5,10,1.798823,1.824706,-0.025882,0.000000,1,0,0
2026-08-20T16:43:53.425,18.217133,147,23,3,7,R3C10,5,12,1.811765,1.785882,0.025882,0.000000,1,0,0
2026-08-20T16:43:53.425,18.222273,147,24,3,8,R3C11,5,14,1.811765,1.798823,0.012941,0.000000,1,0,0
2026-08-20T16:43:53.425,18.229148,147,25,4,1,R4C5,7,2,1.785882,1.798823,-0.012941,0.000000,1,0,0
2026-08-20T16:43:53.425,18.231125,147,26,4,2,R4C6,7,4,1.837647,1.798823,0.038824,0.000000,1,0,0
2026-08-20T16:43:53.425,18.237164,147,27,4,3,R4C7,7,6,1.850588,1.824706,0.025882,0.000000,1,0,0
2026-08-20T16:43:53.425,18.242096,147,28,4,4,R4C8,7,8,1.785882,1.824706,-0.038823,0.000000,1,0,0
2026-08-20T16:43:53.425,18.247119,147,29,4,5,R4C9,7,10,1.824706,1.837647,-0.012941,0.000000,1,0,0
2026-08-20T16:43:53.425,18.253114,147,30,4,6,R4C10,7,12,1.785882,1.798823,-0.012941,0.000000,1,0,0
2026-08-20T16:43:53.426,18.258213,147,31,4,7,R4C11,7,14,1.850588,1.837647,0.012941,0.000000,1,0,0
2026-08-20T16:43:53.426,18.263108,147,32,4,8,R4C12,7,16,1.811765,1.798823,0.012941,0.000000,1,0,0
2026-08-20T16:43:53.426,18.268123,147,33,5,1,R5C6,2,4,1.811765,1.798823,0.012941,0.000000,1,0,0
2026-08-20T16:43:53.426,18.273130,147,34,5,2,R5C7,2,6,1.798823,1.772941,0.025882,0.000000,1,0,0
2026-08-20T16:43:53.615,18.469090,147,35,5,3,R5C8,2,8,1.772941,1.785882,-0.012941,0.000000,1,0,0
2026-08-20T16:43:53.615,18.470165,147,36,5,4,R5C9,2,10,1.850588,1.798823,0.051765,0.000000,1,0,0
2026-08-20T16:43:53.615,18.471111,147,37,5,5,R5C10,2,12,1.798823,1.824706,-0.025882,0.000000,1,0,0
2026-08-20T16:43:53.615,18.476200,147,38,5,6,R5C11,2,14,1.785882,1.785882,0.000000,0.000000,1,0,0
2026-08-20T16:43:53.615,18.485457,147,39,5,7,R5C12,2,16,1.798823,1.811765,-0.012941,0.000000,1,0,0
2026-08-20T16:43:53.615,18.487250,147,40,5,8,R5C1,2,1,1.837647,1.824706,0.012941,0.000000,1,0,0
2026-08-20T16:43:53.615,18.494210,147,41,6,1,R6C7,4,6,1.772941,1.811765,-0.038823,0.000000,1,0,0
2026-08-20T16:43:53.615,18.497308,147,42,6,2,R6C8,4,8,1.785882,1.785882,0.000000,0.000000,1,0,0
2026-08-20T16:43:53.615,18.502262,147,43,6,3,R6C9,4,10,1.785882,1.837647,-0.051765,0.000000,1,0,0
2026-08-20T16:43:53.615,18.508177,147,44,6,4,R6C10,4,12,1.785882,1.798823,-0.012941,0.000000,1,0,0
2026-08-20T16:43:53.615,18.513381,147,45,6,5,R6C11,4,14,1.850588,1.811765,0.038823,0.000000,1,0,0
2026-08-20T16:43:53.615,18.518261,147,46,6,6,R6C12,4,16,1.811765,1.785882,0.025882,0.000000,1,0,0
2026-08-20T16:43:53.615,18.523218,147,47,6,7,R6C1,4,1,1.747059,1.824706,-0.077647,0.000000,1,0,0
2026-08-20T16:43:53.616,18.528158,147,48,6,8,R6C2,4,3,1.695294,1.811765,-0.116471,0.000000,1,0,0
2026-08-20T16:43:53.616,18.534332,147,49,7,1,R7C8,6,8,1.824706,1.811765,0.012941,0.000000,1,0,0
2026-08-20T16:43:53.616,18.539306,147,50,7,2,R7C9,6,10,1.837647,1.850588,-0.012941,0.000000,1,0,0
2026-08-20T16:43:53.616,18.550945,147,51,7,3,R7C10,6,12,1.785882,1.798823,-0.012941,0.000000,1,0,0
2026-08-20T16:43:53.873,18.658723,147,52,7,4,R7C11,6,14,1.785882,1.837647,-0.051765,0.000000,1,0,0
2026-08-20T16:43:53.873,18.660147,147,53,7,5,R7C12,6,16,1.785882,1.798823,-0.012941,0.000000,1,0,0
2026-08-20T16:43:53.873,18.661070,147,54,7,6,R7C1,6,1,1.837647,1.772941,0.064706,0.000000,1,0,0
2026-08-20T16:43:53.873,18.665074,147,55,7,7,R7C2,6,3,1.811765,1.785882,0.025882,0.000000,1,0,0
2026-08-20T16:43:53.873,18.672142,147,56,7,8,R7C3,6,5,1.423529,1.307059,0.116471,0.000000,1,0,0
2026-08-20T16:43:53.873,18.677167,147,57,8,1,R8C9,8,10,1.811765,1.824706,-0.012941,0.000000,1,0,0
2026-08-20T16:43:53.873,18.682099,147,58,8,2,R8C10,8,12,1.785882,1.785882,0.000000,0.000000,1,0,0
2026-08-20T16:43:53.873,18.687083,147,59,8,3,R8C11,8,14,1.798823,1.785882,0.012941,0.000000,1,0,0
2026-08-20T16:43:53.873,18.692240,147,60,8,4,R8C12,8,16,1.811765,1.811765,0.000000,0.000000,1,0,0
2026-08-20T16:43:53.873,18.697284,147,61,8,5,R8C1,8,1,1.811765,1.837647,-0.025882,0.000000,1,0,0
2026-08-20T16:43:53.873,18.702141,147,62,8,6,R8C2,8,3,1.811765,1.760000,0.051765,0.000000,1,0,0
2026-08-20T16:43:53.873,18.708171,147,63,8,7,R8C3,8,5,0.608235,1.294118,-0.685882,1.000000,1,0,0
2026-08-20T16:43:53.874,18.713207,147,64,8,8,R8C4,8,7,1.358824,1.798823,-0.440000,0.270298,1,0,0
2026-08-20T16:43:53.874,18.718145,147,65,9,1,R9C10,10,12,1.798823,1.811765,-0.012941,0.000000,1,0,0
2026-08-20T16:43:53.874,18.723106,147,66,9,2,R9C11,10,14,1.798823,1.785882,0.012941,0.000000,1,0,0
2026-08-20T16:43:53.874,18.728234,147,67,9,3,R9C12,10,16,1.785882,1.785882,0.000000,0.000000,1,0,0
2026-08-20T16:43:53.874,18.739840,147,68,9,4,R9C1,10,1,1.772941,1.772941,0.000000,0.000000,1,0,0
2026-08-20T16:43:54.060,18.916987,147,69,9,5,R9C2,10,3,1.798823,1.811765,-0.012941,0.000000,1,0,0
2026-08-20T16:43:54.060,18.918130,147,70,9,6,R9C3,10,5,0.892941,1.371765,-0.478823,0.568733,1,0,0
2026-08-20T16:43:54.060,18.919157,147,71,9,7,R9C4,10,7,1.785882,1.798823,-0.012941,0.000000,1,0,0
2026-08-20T16:43:54.060,18.924148,147,72,9,8,R9C5,10,2,1.785882,1.798823,-0.012941,0.000000,1,0,0
2026-08-20T16:43:54.060,18.931263,147,73,10,1,R10C11,12,14,1.837647,1.785882,0.051765,0.000000,1,0,0
2026-08-20T16:43:54.060,18.935778,147,74,10,2,R10C12,12,16,1.798823,1.798823,0.000000,0.000000,1,0,0
2026-08-20T16:43:54.060,18.942228,147,75,10,3,R10C1,12,1,1.824706,1.824706,0.000000,0.000000,1,0,0
2026-08-20T16:43:54.061,18.944302,147,76,10,4,R10C2,12,3,1.811765,1.811765,0.000000,0.000000,1,0,0
2026-08-20T16:43:54.061,18.950241,147,77,10,5,R10C3,12,5,1.798823,1.811765,-0.012941,0.000000,1,0,0
2026-08-20T16:43:54.061,18.955179,147,78,10,6,R10C4,12,7,1.811765,1.811765,0.000000,0.000000,1,0,0
2026-08-20T16:43:54.061,18.961211,147,79,10,7,R10C5,12,2,1.824706,1.798823,0.025882,0.000000,1,0,0
2026-08-20T16:43:54.061,18.966345,147,80,10,8,R10C6,12,4,1.837647,1.811765,0.025882,0.000000,1,0,0
2026-08-20T16:43:54.061,18.971216,147,81,11,1,R11C12,14,16,1.824706,1.798823,0.025882,0.000000,1,0,0
2026-08-20T16:43:54.061,18.976392,147,82,11,2,R11C1,14,1,1.708235,1.811765,-0.103529,0.000000,1,0,0
2026-08-20T16:43:54.061,18.982284,147,83,11,3,R11C2,14,3,0.000000,1.332941,-1.332941,1.000000,1,1,0
2026-08-20T16:43:54.061,18.987200,147,84,11,4,R11C3,14,5,1.734118,1.785882,-0.051765,0.000000,1,0,0
2026-08-20T16:43:54.329,18.992394,147,85,11,5,R11C4,14,7,1.785882,1.811765,-0.025882,0.000000,1,0,0
2026-08-20T16:43:54.330,19.104207,147,86,11,6,R11C5,14,2,1.811765,1.811765,0.000000,0.000000,1,0,0
2026-08-20T16:43:54.330,19.105092,147,87,11,7,R11C6,14,4,1.772941,1.811765,-0.038823,0.000000,1,0,0
2026-08-20T16:43:54.330,19.106121,147,88,11,8,R11C7,14,6,1.798823,1.837647,-0.038824,0.000000,1,0,0
2026-08-20T16:43:54.330,19.111083,147,89,12,1,R12C1,16,1,1.837647,1.837647,0.000000,0.000000,1,0,0
2026-08-20T16:43:54.330,19.117317,147,90,12,2,R12C2,16,3,1.772941,1.760000,0.012941,0.000000,1,0,0
2026-08-20T16:43:54.330,19.123171,147,91,12,3,R12C3,16,5,1.798823,1.798823,0.000000,0.000000,1,0,0
2026-08-20T16:43:54.330,19.128342,147,92,12,4,R12C4,16,7,1.824706,1.798823,0.025882,0.000000,1,0,0
2026-08-20T16:43:54.330,19.132167,147,93,12,5,R12C5,16,2,1.837647,1.824706,0.012941,0.000000,1,0,0
2026-08-20T16:43:54.330,19.138220,147,94,12,6,R12C6,16,4,1.643529,1.514118,0.129412,0.000000,1,0,0
2026-08-20T16:43:54.330,19.142317,147,95,12,7,R12C7,16,6,1.785882,1.785882,0.000000,0.000000,1,0,0
2026-08-20T16:43:54.330,19.148195,148,96,12,8,R12C8,16,8,1.772941,1.760000,0.012941,0.000000,1,0,0
2026-08-20T16:43:54.330,19.153193,148,1,1,1,R1C2,1,3,1.811765,1.811765,0.000000,0.000000,1,0,0
2026-08-20T16:43:54.330,19.158365,148,2,1,2,R1C3,1,5,1.811765,1.798823,0.012941,0.000000,1,0,0
2026-08-20T16:43:54.331,19.164234,148,3,1,3,R1C4,1,7,1.824706,1.811765,0.012941,0.000000,1,0,0
2026-08-20T16:43:54.331,19.169237,148,4,1,4,R1C5,1,2,1.824706,1.824706,0.000000,0.000000,1,0,0
2026-08-20T16:43:54.331,19.174215,148,5,1,5,R1C6,1,4,1.811765,1.811765,0.000000,0.000000,1,0,0
2026-08-20T16:43:54.519,19.375459,148,6,1,6,R1C7,1,6,1.772941,1.811765,-0.038823,0.000000,1,0,0
2026-08-20T16:43:54.519,19.377265,148,7,1,7,R1C8,1,8,1.798823,1.785882,0.012941,0.000000,1,0,0
2026-08-20T16:43:54.519,19.378141,148,8,1,8,R1C9,1,10,1.811765,1.837647,-0.025882,0.000000,1,0,0
2026-08-20T16:43:54.519,19.383165,148,9,2,1,R2C3,3,5,1.824706,1.760000,0.064706,0.000000,1,0,0
2026-08-20T16:43:54.519,19.389477,148,10,2,2,R2C4,3,7,1.824706,1.811765,0.012941,0.000000,1,0,0
2026-08-20T16:43:54.519,19.395678,148,11,2,3,R2C5,3,2,1.772941,1.785882,-0.012941,0.000000,1,0,0
2026-08-20T16:43:54.519,19.398124,148,12,2,4,R2C6,3,4,1.824706,1.798823,0.025882,0.000000,1,0,0
2026-08-20T16:43:54.519,19.404236,148,13,2,5,R2C7,3,6,1.772941,1.811765,-0.038823,0.000000,1,0,0
2026-08-20T16:43:54.520,19.409308,148,14,2,6,R2C8,3,8,1.772941,1.772941,0.000000,0.000000,1,0,0
2026-08-20T16:43:54.520,19.414167,148,15,2,7,R2C9,3,10,1.837647,1.824706,0.012941,0.000000,1,0,0
2026-08-20T16:43:54.520,19.419265,148,16,2,8,R2C10,3,12,1.785882,1.798823,-0.012941,0.000000,1,0,0
2026-08-20T16:43:54.520,19.424137,148,17,3,1,R3C4,5,7,1.824706,1.811765,0.012941,0.000000,1,0,0
2026-08-20T16:43:54.520,19.430167,148,18,3,2,R3C5,5,2,1.785882,1.798823,-0.012941,0.000000,1,0,0
2026-08-20T16:43:54.520,19.435383,148,19,3,3,R3C6,5,4,1.824706,1.798823,0.025882,0.000000,1,0,0
2026-08-20T16:43:54.520,19.440279,148,20,3,4,R3C7,5,6,1.798823,1.811765,-0.012941,0.000000,1,0,0
2026-08-20T16:43:54.520,19.445129,148,21,3,5,R3C8,5,8,1.785882,1.785882,0.000000,0.000000,1,0,0
2026-08-20T16:43:54.782,19.450169,148,22,3,6,R3C9,5,10,1.850588,1.798823,0.051765,0.000000,1,0,0
2026-08-20T16:43:54.782,19.563082,148,23,3,7,R3C10,5,12,1.785882,1.811765,-0.025882,0.000000,1,0,0
2026-08-20T16:43:54.782,19.564145,148,24,3,8,R3C11,5,14,1.785882,1.798823,-0.012941,0.000000,1,0,0
2026-08-20T16:43:54.782,19.565174,148,25,4,1,R4C5,7,2,1.811765,1.798823,0.012941,0.000000,1,0,0
2026-08-20T16:43:54.782,19.570157,148,26,4,2,R4C6,7,4,1.811765,1.811765,0.000000,0.000000,1,0,0
2026-08-20T16:43:54.782,19.576181,148,27,4,3,R4C7,7,6,1.811765,1.824706,-0.012941,0.000000,1,0,0
2026-08-20T16:43:54.782,19.582501,148,28,4,4,R4C8,7,8,1.850588,1.824706,0.025882,0.000000,1,0,0
2026-08-20T16:43:54.782,19.587190,148,29,4,5,R4C9,7,10,1.837647,1.837647,0.000000,0.000000,1,0,0
2026-08-20T16:43:54.783,19.591155,148,30,4,6,R4C10,7,12,1.785882,1.785882,0.000000,0.000000,1,0,0
2026-08-20T16:43:54.783,19.596148,148,31,4,7,R4C11,7,14,1.785882,1.837647,-0.051765,0.000000,1,0,0
2026-08-20T16:43:54.783,19.602362,148,32,4,8,R4C12,7,16,1.785882,1.811765,-0.025882,0.000000,1,0,0
2026-08-20T16:43:54.783,19.607274,148,33,5,1,R5C6,2,4,1.811765,1.811765,0.000000,0.000000,1,0,0
2026-08-20T16:43:54.783,19.612167,148,34,5,2,R5C7,2,6,1.811765,1.772941,0.038823,0.000000,1,0,0
2026-08-20T16:43:54.783,19.617213,148,35,5,3,R5C8,2,8,1.785882,1.785882,0.000000,0.000000,1,0,0
2026-08-20T16:43:54.783,19.622208,148,36,5,4,R5C9,2,10,1.850588,1.798823,0.051765,0.000000,1,0,0
2026-08-20T16:43:54.783,19.628203,148,37,5,5,R5C10,2,12,1.785882,1.798823,-0.012941,0.000000,1,0,0
2026-08-20T16:43:54.973,19.633253,148,38,5,6,R5C11,2,14,1.785882,1.785882,0.000000,0.000000,1,0,0
2026-08-20T16:43:54.973,19.825812,148,39,5,7,R5C12,2,16,1.811765,1.811765,0.000000,0.000000,1,0,0
2026-08-20T16:43:54.973,19.827148,148,40,5,8,R5C1,2,1,1.824706,1.824706,0.000000,0.000000,1,0,0
2026-08-20T16:43:54.973,19.828115,148,41,6,1,R6C7,4,6,1.760000,1.772941,-0.012941,0.000000,1,0,0
2026-08-20T16:43:54.973,19.833163,148,42,6,2,R6C8,4,8,1.772941,1.785882,-0.012941,0.000000,1,0,0
2026-08-20T16:43:54.973,19.838306,148,43,6,3,R6C9,4,10,1.785882,1.837647,-0.051765,0.000000,1,0,0
2026-08-20T16:43:54.973,19.844301,148,44,6,4,R6C10,4,12,1.785882,1.785882,0.000000,0.000000,1,0,0
2026-08-20T16:43:54.973,19.849250,148,45,6,5,R6C11,4,14,1.785882,1.811765,-0.025882,0.000000,1,0,0
2026-08-20T16:43:54.973,19.854327,148,46,6,6,R6C12,4,16,1.824706,1.785882,0.038823,0.000000,1,0,0
2026-08-20T16:43:54.973,19.859258,148,47,6,7,R6C1,4,1,1.824706,1.824706,0.000000,0.000000,1,0,0
2026-08-20T16:43:54.974,19.864315,148,48,6,8,R6C2,4,3,0.815294,1.811765,-0.996471,1.000000,1,0,0
2026-08-20T16:43:54.974,19.870220,148,49,7,1,R7C8,6,8,1.811765,1.824706,-0.012941,0.000000,1,0,0
2026-08-20T16:43:54.974,19.875184,148,50,7,2,R7C9,6,10,1.824706,1.837647,-0.012941,0.000000,1,0,0
2026-08-20T16:43:54.974,19.880151,148,51,7,3,R7C10,6,12,1.785882,1.798823,-0.012941,0.000000,1,0,0
2026-08-20T16:43:54.974,19.885144,148,52,7,4,R7C11,6,14,1.837647,1.811765,0.025882,0.000000,1,0,0
2026-08-20T16:43:54.974,19.890144,148,53,7,5,R7C12,6,16,1.811765,1.798823,0.012941,0.000000,1,0,0
2026-08-20T16:43:55.236,19.896319,148,54,7,6,R7C1,6,1,0.944706,1.811765,-0.867059,0.938775,1,0,0
2026-08-20T16:43:55.236,20.016840,148,55,7,7,R7C2,6,3,0.362353,1.785882,-1.423529,1.000000,1,0,0
2026-08-20T16:43:55.236,20.018127,148,56,7,8,R7C3,6,5,1.164706,1.307059,0.000000,0.000000,1,0,0
2026-08-20T16:43:55.236,20.019088,148,57,8,1,R8C9,8,10,1.850588,1.811765,0.038823,0.000000,1,0,0
2026-08-20T16:43:55.236,20.024117,148,58,8,2,R8C10,8,12,1.811765,1.785882,0.025882,0.000000,1,0,0
2026-08-20T16:43:55.236,20.030193,148,59,8,3,R8C11,8,14,1.798823,1.798823,0.000000,0.000000,1,0,0
2026-08-20T16:43:55.236,20.035165,148,60,8,4,R8C12,8,16,1.785882,1.811765,-0.025882,0.000000,1,0,0
2026-08-20T16:43:55.236,20.041164,148,61,8,5,R8C1,8,1,0.556471,1.811765,-1.255294,1.000000,1,0,0
2026-08-20T16:43:55.236,20.045420,148,62,8,6,R8C2,8,3,0.983529,1.760000,-0.776471,0.831933,1,0,0
2026-08-20T16:43:55.236,20.050233,148,63,8,7,R8C3,8,5,1.035294,1.294118,-0.258824,0.142857,1,0,0
2026-08-20T16:43:55.236,20.055166,148,64,8,8,R8C4,8,7,0.207059,1.798823,-1.591765,1.000000,1,0,0
2026-08-20T16:43:55.236,20.061190,148,65,9,1,R9C10,10,12,1.798823,1.811765,-0.012941,0.000000,1,0,0
2026-08-20T16:43:55.236,20.066226,148,66,9,2,R9C11,10,14,1.798823,1.785882,0.012941,0.000000,1,0,0
2026-08-20T16:43:55.237,20.071207,148,67,9,3,R9C12,10,16,1.837647,1.785882,0.051765,0.000000,1,0,0
2026-08-20T16:43:55.237,20.076207,148,68,9,4,R9C1,10,1,1.320000,1.772941,-0.452941,0.301356,1,0,0
2026-08-20T16:43:55.237,20.081226,148,69,9,5,R9C2,10,3,1.112941,1.811765,-0.698824,0.673469,1,0,0
2026-08-20T16:43:55.237,20.087175,148,70,9,6,R9C3,10,5,0.841176,1.371765,-0.530588,0.676550,1,0,0
2026-08-20T16:43:55.434,20.273276,148,71,9,7,R9C4,10,7,1.708235,1.798823,-0.090588,0.000000,1,0,0
2026-08-20T16:43:55.434,20.281255,148,72,9,8,R9C5,10,2,1.811765,1.785882,0.025882,0.000000,1,0,0
2026-08-20T16:43:55.434,20.283216,148,73,10,1,R10C11,12,14,1.798823,1.785882,0.012941,0.000000,1,0,0
2026-08-20T16:43:55.434,20.284131,148,74,10,2,R10C12,12,16,1.798823,1.798823,0.000000,0.000000,1,0,0
2026-08-20T16:43:55.434,20.289231,148,75,10,3,R10C1,12,1,1.811765,1.824706,-0.012941,0.000000,1,0,0
2026-08-20T16:43:55.434,20.298327,148,76,10,4,R10C2,12,3,1.811765,1.811765,0.000000,0.000000,1,0,0
2026-08-20T16:43:55.434,20.300443,148,77,10,5,R10C3,12,5,1.811765,1.811765,0.000000,0.000000,1,0,0
2026-08-20T16:43:55.434,20.307235,148,78,10,6,R10C4,12,7,1.824706,1.811765,0.012941,0.000000,1,0,0
2026-08-20T16:43:55.434,20.309202,148,79,10,7,R10C5,12,2,1.811765,1.798823,0.012941,0.000000,1,0,0
2026-08-20T16:43:55.434,20.315219,148,80,10,8,R10C6,12,4,1.811765,1.811765,0.000000,0.000000,1,0,0
2026-08-20T16:43:55.434,20.320354,148,81,11,1,R11C12,14,16,1.785882,1.811765,-0.025882,0.000000,1,0,0
2026-08-20T16:43:55.434,20.326208,148,82,11,2,R11C1,14,1,1.785882,1.734118,0.051765,0.000000,1,0,0
2026-08-20T16:43:55.434,20.331216,148,83,11,3,R11C2,14,3,0.000000,1.332941,-1.332941,1.000000,1,1,0
2026-08-20T16:43:55.434,20.336387,148,84,11,4,R11C3,14,5,1.371765,1.747059,-0.375294,0.185185,1,0,0
2026-08-20T16:43:55.434,20.341213,148,85,11,5,R11C4,14,7,0.000000,1.811765,-1.811765,1.000000,1,1,0
2026-08-20T16:43:55.434,20.346184,148,86,11,6,R11C5,14,2,1.811765,1.811765,0.000000,0.000000,1,0,0
2026-08-20T16:43:55.435,20.352197,148,87,11,7,R11C6,14,4,0.000000,1.772941,-1.772941,1.000000,1,1,0
2026-08-20T16:43:55.703,20.471239,148,88,11,8,R11C7,14,6,0.672941,1.811765,-1.138824,1.000000,1,0,0
2026-08-20T16:43:55.703,20.479115,148,89,12,1,R12C1,16,1,1.824706,1.837647,-0.012941,0.000000,1,0,0
2026-08-20T16:43:55.703,20.480164,148,90,12,2,R12C2,16,3,1.772941,1.760000,0.012941,0.000000,1,0,0
2026-08-20T16:43:55.703,20.481105,148,91,12,3,R12C3,16,5,1.798823,1.798823,0.000000,0.000000,1,0,0
2026-08-20T16:43:55.703,20.487178,148,92,12,4,R12C4,16,7,1.798823,1.811765,-0.012941,0.000000,1,0,0
2026-08-20T16:43:55.703,20.494150,148,93,12,5,R12C5,16,2,1.837647,1.837647,0.000000,0.000000,1,0,0
2026-08-20T16:43:55.703,20.498289,148,94,12,6,R12C6,16,4,1.216471,1.514118,-0.297647,0.000000,1,0,0
2026-08-20T16:43:55.703,20.505117,148,95,12,7,R12C7,16,6,1.798823,1.785882,0.012941,0.000000,1,0,0
2026-08-20T16:43:55.703,20.507194,149,96,12,8,R12C8,16,8,1.837647,1.760000,0.077647,0.000000,1,0,0
2026-08-20T16:43:55.703,20.513263,149,1,1,1,R1C2,1,3,1.811765,1.811765,0.000000,0.000000,1,0,0
2026-08-20T16:43:55.703,20.518232,149,2,1,2,R1C3,1,5,1.798823,1.798823,0.000000,0.000000,1,0,0
2026-08-20T16:43:55.703,20.524256,149,3,1,3,R1C4,1,7,1.824706,1.811765,0.012941,0.000000,1,0,0
2026-08-20T16:43:55.703,20.528371,149,4,1,4,R1C5,1,2,1.824706,1.824706,0.000000,0.000000,1,0,0
2026-08-20T16:43:55.703,20.534223,149,5,1,5,R1C6,1,4,1.811765,1.811765,0.000000,0.000000,1,0,0
2026-08-20T16:43:55.704,20.539316,149,6,1,6,R1C7,1,6,1.811765,1.798823,0.012941,0.000000,1,0,0
2026-08-20T16:43:55.704,20.544288,149,7,1,7,R1C8,1,8,1.811765,1.798823,0.012941,0.000000,1,0,0
2026-08-20T16:43:55.704,20.550236,149,8,1,8,R1C9,1,10,1.798823,1.811765,-0.012941,0.000000,1,0,0
2026-08-20T16:43:55.894,20.740284,149,9,2,1,R2C3,3,5,1.798823,1.760000,0.038823,0.000000,1,0,0
2026-08-20T16:43:55.894,20.748123,149,10,2,2,R2C4,3,7,1.785882,1.811765,-0.025882,0.000000,1,0,0
2026-08-20T16:43:55.894,20.749204,149,11,2,3,R2C5,3,2,1.811765,1.785882,0.025882,0.000000,1,0,0
2026-08-20T16:43:55.894,20.750278,149,12,2,4,R2C6,3,4,1.772941,1.798823,-0.025882,0.000000,1,0,0
2026-08-20T16:43:55.894,20.757423,149,13,2,5,R2C7,3,6,1.785882,1.772941,0.012941,0.000000,1,0,0
2026-08-20T16:43:55.894,20.762277,149,14,2,6,R2C8,3,8,1.772941,1.772941,0.000000,0.000000,1,0,0
2026-08-20T16:43:55.895,20.767968,149,15,2,7,R2C9,3,10,1.850588,1.837647,0.012941,0.000000,1,0,0
2026-08-20T16:43:55.895,20.774332,149,16,2,8,R2C10,3,12,1.798823,1.785882,0.012941,0.000000,1,0,0
2026-08-20T16:43:55.895,20.777505,149,17,3,1,R3C4,5,7,1.824706,1.824706,0.000000,0.000000,1,0,0
2026-08-20T16:43:55.895,20.782322,149,18,3,2,R3C5,5,2,1.798823,1.785882,0.012941,0.000000,1,0,0
2026-08-20T16:43:55.895,20.788256,149,19,3,3,R3C6,5,4,1.811765,1.798823,0.012941,0.000000,1,0,0
2026-08-20T16:43:55.895,20.793306,149,20,3,4,R3C7,5,6,1.798823,1.811765,-0.012941,0.000000,1,0,0
2026-08-20T16:43:55.895,20.798254,149,21,3,5,R3C8,5,8,1.811765,1.785882,0.025882,0.000000,1,0,0
2026-08-20T16:43:55.895,20.803195,149,22,3,6,R3C9,5,10,1.837647,1.798823,0.038824,0.000000,1,0,0
2026-08-20T16:43:55.895,20.809494,149,23,3,7,R3C10,5,12,1.798823,1.811765,-0.012941,0.000000,1,0,0
2026-08-20T16:43:55.895,20.813150,149,24,3,8,R3C11,5,14,1.798823,1.785882,0.012941,0.000000,1,0,0
2026-08-20T16:43:56.167,20.819295,149,25,4,1,R4C5,7,2,1.824706,1.798823,0.025882,0.000000,1,0,0
2026-08-20T16:43:56.167,20.939719,149,26,4,2,R4C6,7,4,1.798823,1.811765,-0.012941,0.000000,1,0,0
2026-08-20T16:43:56.167,20.941207,149,27,4,3,R4C7,7,6,1.798823,1.811765,-0.012941,0.000000,1,0,0
2026-08-20T16:43:56.167,20.942137,149,28,4,4,R4C8,7,8,1.837647,1.824706,0.012941,0.000000,1,0,0
2026-08-20T16:43:56.167,20.947336,149,29,4,5,R4C9,7,10,1.837647,1.837647,0.000000,0.000000,1,0,0
2026-08-20T16:43:56.168,20.953353,149,30,4,6,R4C10,7,12,1.824706,1.785882,0.038823,0.000000,1,0,0
2026-08-20T16:43:56.168,20.959286,149,31,4,7,R4C11,7,14,1.824706,1.837647,-0.012941,0.000000,1,0,0
2026-08-20T16:43:56.168,20.964013,149,32,4,8,R4C12,7,16,1.798823,1.811765,-0.012941,0.000000,1,0,0
2026-08-20T16:43:56.168,20.968276,149,33,5,1,R5C6,2,4,1.811765,1.811765,0.000000,0.000000,1,0,0
2026-08-20T16:43:56.168,20.973233,149,34,5,2,R5C7,2,6,1.811765,1.798823,0.012941,0.000000,1,0,0
2026-08-20T16:43:56.168,20.978248,149,35,5,3,R5C8,2,8,1.798823,1.785882,0.012941,0.000000,1,0,0
2026-08-20T16:43:56.168,20.983185,149,36,5,4,R5C9,2,10,1.837647,1.850588,-0.012941,0.000000,1,0,0
2026-08-20T16:43:56.168,20.989378,149,37,5,5,R5C10,2,12,1.785882,1.798823,-0.012941,0.000000,1,0,0
2026-08-20T16:43:56.168,20.994206,149,38,5,6,R5C11,2,14,1.785882,1.785882,0.000000,0.000000,1,0,0
2026-08-20T16:43:56.168,20.999324,149,39,5,7,R5C12,2,16,1.811765,1.811765,0.000000,0.000000,1,0,0
2026-08-20T16:43:56.168,21.004202,149,40,5,8,R5C1,2,1,1.811765,1.824706,-0.012941,0.000000,1,0,0
2026-08-20T16:43:56.359,21.010318,149,41,6,1,R6C7,4,6,1.708235,1.772941,-0.064706,0.000000,1,0,0
2026-08-20T16:43:56.359,21.213171,149,42,6,2,R6C8,4,8,1.772941,1.785882,-0.012941,0.000000,1,0,0
2026-08-20T16:43:56.360,21.214094,149,43,6,3,R6C9,4,10,1.811765,1.785882,0.025882,0.000000,1,0,0
2026-08-20T16:43:56.360,21.215262,149,44,6,4,R6C10,4,12,1.785882,1.785882,0.000000,0.000000,1,0,0
2026-08-20T16:43:56.360,21.220220,149,45,6,5,R6C11,4,14,1.785882,1.798823,-0.012941,0.000000,1,0,0
2026-08-20T16:43:56.360,21.228311,149,46,6,6,R6C12,4,16,1.798823,1.811765,-0.012941,0.000000,1,0,0
2026-08-20T16:43:56.360,21.232552,149,47,6,7,R6C1,4,1,1.772941,1.824706,-0.051765,0.000000,1,0,0
2026-08-20T16:43:56.360,21.237587,149,48,6,8,R6C2,4,3,0.763529,1.811765,-1.048235,1.000000,1,0,0
2026-08-20T16:43:56.360,21.241167,149,49,7,1,R7C8,6,8,1.811765,1.811765,0.000000,0.000000,1,0,0
2026-08-20T16:43:56.360,21.247309,149,50,7,2,R7C9,6,10,1.785882,1.837647,-0.051765,0.000000,1,0,0
2026-08-20T16:43:56.360,21.251190,149,51,7,3,R7C10,6,12,1.798823,1.785882,0.012941,0.000000,1,0,0
2026-08-20T16:43:56.360,21.257194,149,52,7,4,R7C11,6,14,1.785882,1.837647,-0.051765,0.000000,1,0,0
2026-08-20T16:43:56.360,21.262197,149,53,7,5,R7C12,6,16,1.850588,1.811765,0.038823,0.000000,1,0,0
2026-08-20T16:43:56.360,21.267168,149,54,7,6,R7C1,6,1,0.750588,1.811765,-1.061176,1.000000,1,0,0
2026-08-20T16:43:56.360,21.273269,149,55,7,7,R7C2,6,3,0.905882,1.785882,-0.880000,0.979296,1,0,0
2026-08-20T16:43:56.360,21.278145,149,56,7,8,R7C3,6,5,1.061176,1.294118,-0.232941,0.000000,1,0,0
2026-08-20T16:43:56.626,21.283186,149,57,8,1,R8C9,8,10,1.824706,1.837647,-0.012941,0.000000,1,0,0
2026-08-20T16:43:56.626,21.404163,149,58,8,2,R8C10,8,12,1.785882,1.798823,-0.012941,0.000000,1,0,0
2026-08-20T16:43:56.626,21.405229,149,59,8,3,R8C11,8,14,1.824706,1.798823,0.025882,0.000000,1,0,0
2026-08-20T16:43:56.626,21.406270,149,60,8,4,R8C12,8,16,1.785882,1.811765,-0.025882,0.000000,1,0,0
2026-08-20T16:43:56.626,21.411232,149,61,8,5,R8C1,8,1,0.064706,1.811765,-1.747059,1.000000,1,1,0
2026-08-20T16:43:56.626,21.418649,149,62,8,6,R8C2,8,3,1.151765,1.760000,-0.608235,0.558823,1,0,0
2026-08-20T16:43:56.626,21.422801,149,63,8,7,R8C3,8,5,0.258824,1.294118,-1.035294,1.000000,1,0,0
2026-08-20T16:43:56.626,21.429566,149,64,8,8,R8C4,8,7,0.000000,1.798823,-1.798823,1.000000,1,1,0
2026-08-20T16:43:56.626,21.432372,149,65,9,1,R9C10,10,12,1.798823,1.798823,0.000000,0.000000,1,0,0
2026-08-20T16:43:56.626,21.438185,149,66,9,2,R9C11,10,14,1.850588,1.798823,0.051765,0.000000,1,0,0
2026-08-20T16:43:56.627,21.443192,149,67,9,3,R9C12,10,16,1.824706,1.785882,0.038823,0.000000,1,0,0
2026-08-20T16:43:56.627,21.448187,149,68,9,4,R9C1,10,1,1.164706,1.772941,-0.608235,0.551616,1,0,0
2026-08-20T16:43:56.627,21.453109,149,69,9,5,R9C2,10,3,1.151765,1.811765,-0.660000,0.612245,1,0,0
2026-08-20T16:43:56.627,21.458124,149,70,9,6,R9C3,10,5,0.776471,1.371765,-0.595294,0.811321,1,0,0
2026-08-20T16:43:56.627,21.464112,149,71,9,7,R9C4,10,7,1.734118,1.785882,-0.051765,0.000000,1,0,0
2026-08-20T16:43:56.627,21.469128,149,72,9,8,R9C5,10,2,1.850588,1.811765,0.038823,0.000000,1,0,0
2026-08-20T16:43:56.627,21.474174,149,73,10,1,R10C11,12,14,1.785882,1.798823,-0.012941,0.000000,1,0,0
2026-08-20T16:43:56.820,21.663320,149,74,10,2,R10C12,12,16,1.811765,1.798823,0.012941,0.000000,1,0,0
2026-08-20T16:43:56.820,21.670908,149,75,10,3,R10C1,12,1,1.785882,1.811765,-0.025882,0.000000,1,0,0
2026-08-20T16:43:56.820,21.672139,149,76,10,4,R10C2,12,3,1.811765,1.811765,0.000000,0.000000,1,0,0
2026-08-20T16:43:56.820,21.673088,149,77,10,5,R10C3,12,5,1.811765,1.811765,0.000000,0.000000,1,0,0
2026-08-20T16:43:56.820,21.679225,149,78,10,6,R10C4,12,7,1.824706,1.811765,0.012941,0.000000,1,0,0
2026-08-20T16:43:56.820,21.685084,149,79,10,7,R10C5,12,2,1.837647,1.811765,0.025882,0.000000,1,0,0
2026-08-20T16:43:56.820,21.691026,149,80,10,8,R10C6,12,4,1.811765,1.811765,0.000000,0.000000,1,0,0
2026-08-20T16:43:56.820,21.696318,149,81,11,1,R11C12,14,16,1.811765,1.811765,0.000000,0.000000,1,0,0
2026-08-20T16:43:56.820,21.699322,149,82,11,2,R11C1,14,1,1.772941,1.734118,0.038824,0.000000,1,0,0
2026-08-20T16:43:56.821,21.705215,149,83,11,3,R11C2,14,3,0.000000,1.332941,-1.332941,1.000000,1,1,0
2026-08-20T16:43:56.821,21.710461,149,84,11,4,R11C3,14,5,1.216471,1.747059,-0.530588,0.439153,1,0,0
2026-08-20T16:43:56.821,21.715247,149,85,11,5,R11C4,14,7,0.000000,1.811765,-1.811765,1.000000,1,1,0
2026-08-20T16:43:56.821,21.721210,149,86,11,6,R11C5,14,2,1.811765,1.811765,0.000000,0.000000,1,0,0
2026-08-20T16:43:56.821,21.726235,149,87,11,7,R11C6,14,4,0.000000,1.772941,-1.772941,1.000000,1,1,0
2026-08-20T16:43:56.821,21.731249,149,88,11,8,R11C7,14,6,0.647059,1.811765,-1.164706,1.000000,1,0,0
2026-08-20T16:43:56.821,21.736301,149,89,12,1,R12C1,16,1,1.824706,1.824706,0.000000,0.000000,1,0,0
2026-08-20T16:43:57.088,21.742236,149,90,12,2,R12C2,16,3,1.760000,1.772941,-0.012941,0.000000,1,0,0
2026-08-20T16:43:57.089,21.865339,149,91,12,3,R12C3,16,5,1.798823,1.798823,0.000000,0.000000,1,0,0
2026-08-20T16:43:57.089,21.867221,149,92,12,4,R12C4,16,7,1.798823,1.798823,0.000000,0.000000,1,0,0
2026-08-20T16:43:57.089,21.868088,149,93,12,5,R12C5,16,2,1.798823,1.837647,-0.038824,0.000000,1,0,0
2026-08-20T16:43:57.089,21.872114,149,94,12,6,R12C6,16,4,1.164706,1.462353,-0.297647,0.000000,1,0,0
2026-08-20T16:43:57.089,21.879145,149,95,12,7,R12C7,16,6,1.785882,1.785882,0.000000,0.000000,1,0,0
2026-08-20T16:43:57.089,21.884976,150,96,12,8,R12C8,16,8,1.798823,1.772941,0.025882,0.000000,1,0,0
2026-08-20T16:43:57.089,21.890281,150,1,1,1,R1C2,1,3,1.811765,1.811765,0.000000,0.000000,1,0,0
2026-08-20T16:43:57.089,21.893186,150,2,1,2,R1C3,1,5,1.811765,1.798823,0.012941,0.000000,1,0,0
2026-08-20T16:43:57.089,21.899405,150,3,1,3,R1C4,1,7,1.811765,1.824706,-0.012941,0.000000,1,0,0
2026-08-20T16:43:57.089,21.904186,150,4,1,4,R1C5,1,2,1.798823,1.824706,-0.025882,0.000000,1,0,0
2026-08-20T16:43:57.089,21.908162,150,5,1,5,R1C6,1,4,1.811765,1.811765,0.000000,0.000000,1,0,0
2026-08-20T16:43:57.089,21.914176,150,6,1,6,R1C7,1,6,1.811765,1.798823,0.012941,0.000000,1,0,0
2026-08-20T16:43:57.089,21.920321,150,7,1,7,R1C8,1,8,1.798823,1.798823,0.000000,0.000000,1,0,0
2026-08-20T16:43:57.089,21.924351,150,8,1,8,R1C9,1,10,1.850588,1.811765,0.038823,0.000000,1,0,0
2026-08-20T16:43:57.089,21.930188,150,9,2,1,R2C3,3,5,1.798823,1.798823,0.000000,0.000000,1,0,0
2026-08-20T16:43:57.276,21.935214,150,10,2,2,R2C4,3,7,1.772941,1.811765,-0.038823,0.000000,1,0,0
2026-08-20T16:43:57.276,22.133775,150,11,2,3,R2C5,3,2,1.798823,1.785882,0.012941,0.000000,1,0,0
2026-08-20T16:43:57.276,22.135179,150,12,2,4,R2C6,3,4,1.760000,1.785882,-0.025882,0.000000,1,0,0
2026-08-20T16:43:57.276,22.136096,150,13,2,5,R2C7,3,6,1.772941,1.785882,-0.012941,0.000000,1,0,0
2026-08-20T16:43:57.277,22.141188,150,14,2,6,R2C8,3,8,1.824706,1.772941,0.051765,0.000000,1,0,0
2026-08-20T16:43:57.277,22.147097,150,15,2,7,R2C9,3,10,1.850588,1.837647,0.012941,0.000000,1,0,0
2026-08-20T16:43:57.277,22.152831,150,16,2,8,R2C10,3,12,1.837647,1.798823,0.038824,0.000000,1,0,0
2026-08-20T16:43:57.277,22.158023,150,17,3,1,R3C4,5,7,1.824706,1.824706,0.000000,0.000000,1,0,0
2026-08-20T16:43:57.277,22.162201,150,18,3,2,R3C5,5,2,1.837647,1.798823,0.038824,0.000000,1,0,0
2026-08-20T16:43:57.277,22.167221,150,19,3,3,R3C6,5,4,1.811765,1.811765,0.000000,0.000000,1,0,0
2026-08-20T16:43:57.277,22.172170,150,20,3,4,R3C7,5,6,1.811765,1.798823,0.012941,0.000000,1,0,0
2026-08-20T16:43:57.277,22.178245,150,21,3,5,R3C8,5,8,1.837647,1.798823,0.038824,0.000000,1,0,0
2026-08-20T16:43:57.277,22.182129,150,22,3,6,R3C9,5,10,1.850588,1.837647,0.012941,0.000000,1,0,0
2026-08-20T16:43:57.277,22.188162,150,23,3,7,R3C10,5,12,1.837647,1.798823,0.038824,0.000000,1,0,0
2026-08-20T16:43:57.277,22.193153,150,24,3,8,R3C11,5,14,1.785882,1.798823,-0.012941,0.000000,1,0,0
2026-08-20T16:43:57.277,22.198183,150,25,4,1,R4C5,7,2,1.785882,1.811765,-0.025882,0.000000,1,0,0
2026-08-20T16:43:57.533,22.204229,150,26,4,2,R4C6,7,4,1.785882,1.811765,-0.025882,0.000000,1,0,0
2026-08-20T16:43:57.533,22.320104,150,27,4,3,R4C7,7,6,1.798823,1.811765,-0.012941,0.000000,1,0,0
2026-08-20T16:43:57.533,22.321094,150,28,4,4,R4C8,7,8,1.785882,1.837647,-0.051765,0.000000,1,0,0
2026-08-20T16:43:57.533,22.322100,150,29,4,5,R4C9,7,10,1.811765,1.837647,-0.025882,0.000000,1,0,0
2026-08-20T16:43:57.533,22.327099,150,30,4,6,R4C10,7,12,1.824706,1.785882,0.038823,0.000000,1,0,0
2026-08-20T16:43:57.534,22.335191,150,31,4,7,R4C11,7,14,1.785882,1.824706,-0.038823,0.000000,1,0,0
2026-08-20T16:43:57.534,22.338478,150,32,4,8,R4C12,7,16,1.811765,1.798823,0.012941,0.000000,1,0,0
2026-08-20T16:43:57.534,22.343152,150,33,5,1,R5C6,2,4,1.811765,1.811765,0.000000,0.000000,1,0,0
2026-08-20T16:43:57.534,22.348109,150,34,5,2,R5C7,2,6,1.811765,1.811765,0.000000,0.000000,1,0,0
2026-08-20T16:43:57.534,22.353213,150,35,5,3,R5C8,2,8,1.798823,1.785882,0.012941,0.000000,1,0,0
2026-08-20T16:43:57.534,22.359194,150,36,5,4,R5C9,2,10,1.837647,1.850588,-0.012941,0.000000,1,0,0
2026-08-20T16:43:57.534,22.364141,150,37,5,5,R5C10,2,12,1.785882,1.785882,0.000000,0.000000,1,0,0
2026-08-20T16:43:57.534,22.369196,150,38,5,6,R5C11,2,14,1.785882,1.785882,0.000000,0.000000,1,0,0
2026-08-20T16:43:57.534,22.374163,150,39,5,7,R5C12,2,16,1.798823,1.811765,-0.012941,0.000000,1,0,0
2026-08-20T16:43:57.534,22.379168,150,40,5,8,R5C1,2,1,1.837647,1.824706,0.012941,0.000000,1,0,0
2026-08-20T16:43:57.534,22.385144,150,41,6,1,R6C7,4,6,1.734118,1.760000,-0.025882,0.000000,1,0,0
2026-08-20T16:43:57.721,22.390179,150,42,6,2,R6C8,4,8,1.785882,1.772941,0.012941,0.000000,1,0,0
2026-08-20T16:43:57.721,22.578446,150,43,6,3,R6C9,4,10,1.824706,1.785882,0.038823,0.000000,1,0,0
2026-08-20T16:43:57.721,22.580193,150,44,6,4,R6C10,4,12,1.798823,1.785882,0.012941,0.000000,1,0,0
2026-08-20T16:43:57.721,22.581182,150,45,6,5,R6C11,4,14,1.837647,1.785882,0.051765,0.000000,1,0,0
2026-08-20T16:43:57.721,22.585122,150,46,6,6,R6C12,4,16,1.850588,1.811765,0.038823,0.000000,1,0,0
2026-08-20T16:43:57.721,22.592475,150,47,6,7,R6C1,4,1,1.824706,1.772941,0.051765,0.000000,1,0,0
2026-08-20T16:43:57.721,22.598570,150,48,6,8,R6C2,4,3,1.048235,1.811765,-0.763529,0.775510,1,0,0
2026-08-20T16:43:57.721,22.603304,150,49,7,1,R7C8,6,8,1.772941,1.811765,-0.038823,0.000000,1,0,0
2026-08-20T16:43:57.722,22.606187,150,50,7,2,R7C9,6,10,1.850588,1.824706,0.025882,0.000000,1,0,0
2026-08-20T16:43:57.722,22.612218,150,51,7,3,R7C10,6,12,1.798823,1.785882,0.012941,0.000000,1,0,0
2026-08-20T16:43:57.722,22.617173,150,52,7,4,R7C11,6,14,1.785882,1.785882,0.000000,0.000000,1,0,0
2026-08-20T16:43:57.722,22.622076,150,53,7,5,R7C12,6,16,1.824706,1.811765,0.012941,0.000000,1,0,0
2026-08-20T16:43:57.722,22.627134,150,54,7,6,R7C1,6,1,0.996471,1.811765,-0.815294,0.857143,1,0,0
2026-08-20T16:43:57.722,22.633312,150,55,7,7,R7C2,6,3,1.345882,1.785882,-0.440000,0.275362,1,0,0
2026-08-20T16:43:57.722,22.638198,150,56,7,8,R7C3,6,5,1.009412,1.164706,-0.155294,0.000000,1,0,0
2026-08-20T16:43:57.722,22.643102,150,57,8,1,R8C9,8,10,1.837647,1.824706,0.012941,0.000000,1,0,0
2026-08-20T16:43:57.989,22.648142,150,58,8,2,R8C10,8,12,1.850588,1.785882,0.064706,0.000000,1,0,0
2026-08-20T16:43:57.989,22.766148,150,59,8,3,R8C11,8,14,1.785882,1.798823,-0.012941,0.000000,1,0,0
2026-08-20T16:43:57.989,22.767181,150,60,8,4,R8C12,8,16,1.798823,1.785882,0.012941,0.000000,1,0,0
2026-08-20T16:43:57.989,22.768148,150,61,8,5,R8C1,8,1,0.530588,1.811765,-1.281177,1.000000,1,0,0
2026-08-20T16:43:57.989,22.773134,150,62,8,6,R8C2,8,3,1.229412,1.760000,-0.530588,0.432773,1,0,0
2026-08-20T16:43:57.990,22.780387,150,63,8,7,R8C3,8,5,0.207059,1.294118,-1.087059,1.000000,1,0,0
2026-08-20T16:43:57.990,22.786245,150,64,8,8,R8C4,8,7,0.000000,1.798823,-1.798823,1.000000,1,1,0
2026-08-20T16:43:57.990,22.788351,150,65,9,1,R9C10,10,12,1.798823,1.798823,0.000000,0.000000,1,0,0
2026-08-20T16:43:57.990,22.795230,150,66,9,2,R9C11,10,14,1.824706,1.798823,0.025882,0.000000,1,0,0
2026-08-20T16:43:57.990,22.799243,150,67,9,3,R9C12,10,16,1.824706,1.824706,0.000000,0.000000,1,0,0
2026-08-20T16:43:57.990,22.805399,150,68,9,4,R9C1,10,1,1.190588,1.772941,-0.582353,0.509906,1,0,0
2026-08-20T16:43:57.990,22.810257,150,69,9,5,R9C2,10,3,1.384706,1.811765,-0.427059,0.244898,1,0,0
2026-08-20T16:43:57.990,22.815188,150,70,9,6,R9C3,10,5,0.711765,1.371765,-0.660000,0.946092,1,0,0
2026-08-20T16:43:57.990,22.820222,150,71,9,7,R9C4,10,7,1.708235,1.734118,-0.025882,0.000000,1,0,0
2026-08-20T16:43:57.990,22.825293,150,72,9,8,R9C5,10,2,1.785882,1.811765,-0.025882,0.000000,1,0,0
2026-08-20T16:43:57.990,22.831208,150,73,10,1,R10C11,12,14,1.798823,1.798823,0.000000,0.000000,1,0,0
2026-08-20T16:43:57.990,22.836231,150,74,10,2,R10C12,12,16,1.785882,1.798823,-0.012941,0.000000,1,0,0
2026-08-20T16:43:58.180,23.026991,150,75,10,3,R10C1,12,1,1.785882,1.811765,-0.025882,0.000000,1,0,0
2026-08-20T16:43:58.180,23.034443,150,76,10,4,R10C2,12,3,1.811765,1.811765,0.000000,0.000000,1,0,0
2026-08-20T16:43:58.180,23.036213,150,77,10,5,R10C3,12,5,1.811765,1.811765,0.000000,0.000000,1,0,0
2026-08-20T16:43:58.180,23.037199,150,78,10,6,R10C4,12,7,1.824706,1.824706,0.000000,0.000000,1,0,0
2026-08-20T16:43:58.181,23.042178,150,79,10,7,R10C5,12,2,1.811765,1.824706,-0.012941,0.000000,1,0,0
2026-08-20T16:43:58.181,23.049546,150,80,10,8,R10C6,12,4,1.811765,1.811765,0.000000,0.000000,1,0,0
2026-08-20T16:43:58.181,23.053423,150,81,11,1,R11C12,14,16,1.798823,1.811765,-0.012941,0.000000,1,0,0
2026-08-20T16:43:58.181,23.060251,150,82,11,2,R11C1,14,1,1.772941,1.772941,0.000000,0.000000,1,0,0
2026-08-20T16:43:58.181,23.063181,150,83,11,3,R11C2,14,3,0.000000,1.332941,-1.332941,1.000000,1,1,0
2026-08-20T16:43:58.181,23.069245,150,84,11,4,R11C3,14,5,1.138824,1.747059,-0.608235,0.566138,1,0,0
2026-08-20T16:43:58.181,23.073288,150,85,11,5,R11C4,14,7,0.000000,1.811765,-1.811765,1.000000,1,1,0
2026-08-20T16:43:58.181,23.079244,150,86,11,6,R11C5,14,2,1.824706,1.811765,0.012941,0.000000,1,0,0
2026-08-20T16:43:58.181,23.084160,150,87,11,7,R11C6,14,4,0.000000,1.772941,-1.772941,1.000000,1,1,0
2026-08-20T16:43:58.181,23.089153,150,88,11,8,R11C7,14,6,0.634118,1.811765,-1.177647,1.000000,1,0,0
2026-08-20T16:43:58.181,23.095218,150,89,12,1,R12C1,16,1,1.811765,1.824706,-0.012941,0.000000,1,0,0
2026-08-20T16:43:58.181,23.100452,150,90,12,2,R12C2,16,3,1.747059,1.772941,-0.025882,0.000000,1,0,0
2026-08-20T16:43:58.451,23.105129,150,91,12,3,R12C3,16,5,1.798823,1.798823,0.000000,0.000000,1,0,0
2026-08-20T16:43:58.451,23.225477,150,92,12,4,R12C4,16,7,1.798823,1.798823,0.000000,0.000000,1,0,0
2026-08-20T16:43:58.451,23.227169,150,93,12,5,R12C5,16,2,1.785882,1.837647,-0.051765,0.000000,1,0,0
2026-08-20T16:43:58.451,23.228124,150,94,12,6,R12C6,16,4,1.462353,1.216471,0.245882,0.000000,1,0,0
2026-08-20T16:43:58.451,23.233194,150,95,12,7,R12C7,16,6,1.785882,1.785882,0.000000,0.000000,1,0,0
2026-08-20T16:43:58.451,23.240333,151,96,12,8,R12C8,16,8,1.798823,1.798823,0.000000,0.000000,1,0,0
2026-08-20T16:43:58.451,23.244830,151,1,1,1,R1C2,1,3,1.811765,1.811765,0.000000,0.000000,1,0,0
2026-08-20T16:43:58.451,23.249725,151,2,1,2,R1C3,1,5,1.798823,1.811765,-0.012941,0.000000,1,0,0
2026-08-20T16:43:58.451,23.253093,151,3,1,3,R1C4,1,7,1.824706,1.824706,0.000000,0.000000,1,0,0
2026-08-20T16:43:58.451,23.259247,151,4,1,4,R1C5,1,2,1.798823,1.824706,-0.025882,0.000000,1,0,0
2026-08-20T16:43:58.451,23.264245,151,5,1,5,R1C6,1,4,1.811765,1.811765,0.000000,0.000000,1,0,0
2026-08-20T16:43:58.452,23.269226,151,6,1,6,R1C7,1,6,1.811765,1.811765,0.000000,0.000000,1,0,0
2026-08-20T16:43:58.452,23.274221,151,7,1,7,R1C8,1,8,1.837647,1.798823,0.038824,0.000000,1,0,0
2026-08-20T16:43:58.452,23.280259,151,8,1,8,R1C9,1,10,1.837647,1.811765,0.025882,0.000000,1,0,0
2026-08-20T16:43:58.452,23.285190,151,9,2,1,R2C3,3,5,1.798823,1.798823,0.000000,0.000000,1,0,0
2026-08-20T16:43:58.452,23.290282,151,10,2,2,R2C4,3,7,1.811765,1.785882,0.025882,0.000000,1,0,0
2026-08-20T16:43:58.452,23.295135,151,11,2,3,R2C5,3,2,1.811765,1.798823,0.012941,0.000000,1,0,0
2026-08-20T16:43:58.640,23.488397,151,12,2,4,R2C6,3,4,1.785882,1.772941,0.012941,0.000000,1,0,0
2026-08-20T16:43:58.640,23.496447,151,13,2,5,R2C7,3,6,1.785882,1.772941,0.012941,0.000000,1,0,0
2026-08-20T16:43:58.641,23.498154,151,14,2,6,R2C8,3,8,1.850588,1.772941,0.077647,0.000000,1,0,0
2026-08-20T16:43:58.641,23.499093,151,15,2,7,R2C9,3,10,1.785882,1.850588,-0.064706,0.000000,1,0,0
2026-08-20T16:43:58.641,23.505153,151,16,2,8,R2C10,3,12,1.798823,1.798823,0.000000,0.000000,1,0,0
2026-08-20T16:43:58.641,23.512409,151,17,3,1,R3C4,5,7,1.798823,1.824706,-0.025882,0.000000,1,0,0
2026-08-20T16:43:58.641,23.516400,151,18,3,2,R3C5,5,2,1.837647,1.798823,0.038824,0.000000,1,0,0
2026-08-20T16:43:58.641,23.521685,151,19,3,3,R3C6,5,4,1.798823,1.811765,-0.012941,0.000000,1,0,0
2026-08-20T16:43:58.641,23.525213,151,20,3,4,R3C7,5,6,1.785882,1.798823,-0.012941,0.000000,1,0,0
2026-08-20T16:43:58.641,23.531265,151,21,3,5,R3C8,5,8,1.785882,1.811765,-0.025882,0.000000,1,0,0
2026-08-20T16:43:58.641,23.536243,151,22,3,6,R3C9,5,10,1.798823,1.850588,-0.051765,0.000000,1,0,0
2026-08-20T16:43:58.641,23.541171,151,23,3,7,R3C10,5,12,1.837647,1.798823,0.038824,0.000000,1,0,0
2026-08-20T16:43:58.641,23.546127,151,24,3,8,R3C11,5,14,1.798823,1.785882,0.012941,0.000000,1,0,0
2026-08-20T16:43:58.641,23.552188,151,25,4,1,R4C5,7,2,1.798823,1.811765,-0.012941,0.000000,1,0,0
2026-08-20T16:43:58.641,23.556288,151,26,4,2,R4C6,7,4,1.850588,1.798823,0.051765,0.000000,1,0,0
2026-08-20T16:43:58.641,23.562138,151,27,4,3,R4C7,7,6,1.837647,1.798823,0.038824,0.000000,1,0,0
2026-08-20T16:43:58.914,23.567290,151,28,4,4,R4C8,7,8,1.811765,1.837647,-0.025882,0.000000,1,0,0
2026-08-20T16:43:58.914,23.685820,151,29,4,5,R4C9,7,10,1.811765,1.837647,-0.025882,0.000000,1,0,0
2026-08-20T16:43:58.914,23.687160,151,30,4,6,R4C10,7,12,1.785882,1.824706,-0.038823,0.000000,1,0,0
2026-08-20T16:43:58.914,23.688065,151,31,4,7,R4C11,7,14,1.824706,1.785882,0.038823,0.000000,1,0,0
2026-08-20T16:43:58.914,23.693301,151,32,4,8,R4C12,7,16,1.798823,1.798823,0.000000,0.000000,1,0,0
2026-08-20T16:43:58.914,23.699321,151,33,5,1,R5C6,2,4,1.824706,1.811765,0.012941,0.000000,1,0,0
2026-08-20T16:43:58.914,23.705845,151,34,5,2,R5C7,2,6,1.785882,1.811765,-0.025882,0.000000,1,0,0
2026-08-20T16:43:58.914,23.708190,151,35,5,3,R5C8,2,8,1.785882,1.798823,-0.012941,0.000000,1,0,0
2026-08-20T16:43:58.914,23.714188,151,36,5,4,R5C9,2,10,1.837647,1.837647,0.000000,0.000000,1,0,0
2026-08-20T16:43:58.914,23.719508,151,37,5,5,R5C10,2,12,1.785882,1.785882,0.000000,0.000000,1,0,0
2026-08-20T16:43:58.914,23.724187,151,38,5,6,R5C11,2,14,1.824706,1.785882,0.038823,0.000000,1,0,0
2026-08-20T16:43:58.914,23.730229,151,39,5,7,R5C12,2,16,1.824706,1.811765,0.012941,0.000000,1,0,0
2026-08-20T16:43:58.915,23.735329,151,40,5,8,R5C1,2,1,1.824706,1.824706,0.000000,0.000000,1,0,0
2026-08-20T16:43:58.915,23.740116,151,41,6,1,R6C7,4,6,1.772941,1.734118,0.038824,0.000000,1,0,0
2026-08-20T16:43:58.915,23.745285,151,42,6,2,R6C8,4,8,1.837647,1.772941,0.064706,0.000000,1,0,0
2026-08-20T16:43:58.915,23.750284,151,43,6,3,R6C9,4,10,1.850588,1.811765,0.038823,0.000000,1,0,0
2026-08-20T16:43:59.190,23.756280,151,44,6,4,R6C10,4,12,1.785882,1.785882,0.000000,0.000000,1,0,0
2026-08-20T16:43:59.190,23.959742,151,45,6,5,R6C11,4,14,1.811765,1.785882,0.025882,0.000000,1,0,0
2026-08-20T16:43:59.190,23.961222,151,46,6,6,R6C12,4,16,1.811765,1.824706,-0.012941,0.000000,1,0,0
2026-08-20T16:43:59.190,23.962180,151,47,6,7,R6C1,4,1,1.811765,1.824706,-0.012941,0.000000,1,0,0
2026-08-20T16:43:59.190,23.967390,151,48,6,8,R6C2,4,3,1.772941,1.811765,-0.038823,0.000000,1,0,0
2026-08-20T16:43:59.191,23.973686,151,49,7,1,R7C8,6,8,1.811765,1.811765,0.000000,0.000000,1,0,0
2026-08-20T16:43:59.191,23.979843,151,50,7,2,R7C9,6,10,1.785882,1.824706,-0.038823,0.000000,1,0,0
2026-08-20T16:43:59.191,23.982327,151,51,7,3,R7C10,6,12,1.785882,1.798823,-0.012941,0.000000,1,0,0
2026-08-20T16:43:59.191,23.988187,151,52,7,4,R7C11,6,14,1.824706,1.785882,0.038823,0.000000,1,0,0
2026-08-20T16:43:59.191,23.993224,151,53,7,5,R7C12,6,16,1.824706,1.824706,0.000000,0.000000,1,0,0
2026-08-20T16:43:59.191,23.998178,151,54,7,6,R7C1,6,1,1.837647,1.811765,0.025882,0.000000,1,0,0
2026-08-20T16:43:59.191,24.003143,151,55,7,7,R7C2,6,3,1.785882,1.785882,0.000000,0.000000,1,0,0
2026-08-20T16:43:59.191,24.009270,151,56,7,8,R7C3,6,5,1.552941,1.061176,0.491765,0.000000,1,0,0
2026-08-20T16:43:59.191,24.014316,151,57,8,1,R8C9,8,10,1.837647,1.837647,0.000000,0.000000,1,0,0
2026-08-20T16:43:59.191,24.019290,151,58,8,2,R8C10,8,12,1.837647,1.811765,0.025882,0.000000,1,0,0
2026-08-20T16:43:59.191,24.024242,151,59,8,3,R8C11,8,14,1.811765,1.798823,0.012941,0.000000,1,0,0
2026-08-20T16:43:59.462,24.029227,151,60,8,4,R8C12,8,16,1.824706,1.785882,0.038823,0.000000,1,0,0
2026-08-20T16:43:59.462,24.236166,151,61,8,5,R8C1,8,1,1.798823,1.811765,-0.012941,0.000000,1,0,0
2026-08-20T16:43:59.462,24.237109,151,62,8,6,R8C2,8,3,1.578824,1.760000,-0.181176,0.000000,1,0,0
2026-08-20T16:43:59.462,24.238140,151,63,8,7,R8C3,8,5,0.802353,1.294118,-0.491765,0.657143,1,0,0
2026-08-20T16:43:59.462,24.243064,151,64,8,8,R8C4,8,7,1.656471,1.798823,-0.142353,0.000000,1,0,0
2026-08-20T16:43:59.462,24.249297,151,65,9,1,R9C10,10,12,1.785882,1.798823,-0.012941,0.000000,1,0,0
2026-08-20T16:43:59.462,24.254284,151,66,9,2,R9C11,10,14,1.824706,1.824706,0.000000,0.000000,1,0,0
2026-08-20T16:43:59.462,24.260362,151,67,9,3,R9C12,10,16,1.824706,1.824706,0.000000,0.000000,1,0,0
2026-08-20T16:43:59.462,24.264113,151,68,9,4,R9C1,10,1,1.630588,1.772941,-0.142353,0.000000,1,0,0
2026-08-20T16:43:59.462,24.269135,151,69,9,5,R9C2,10,3,1.785882,1.811765,-0.025882,0.000000,1,0,0
2026-08-20T16:43:59.462,24.275123,151,70,9,6,R9C3,10,5,1.423529,1.371765,0.051765,0.000000,1,0,0
2026-08-20T16:43:59.462,24.280086,151,71,9,7,R9C4,10,7,1.760000,1.708235,0.051765,0.000000,1,0,0
2026-08-20T16:43:59.462,24.285116,151,72,9,8,R9C5,10,2,1.811765,1.811765,0.000000,0.000000,1,0,0
2026-08-20T16:43:59.462,24.290071,151,73,10,1,R10C11,12,14,1.811765,1.798823,0.012941,0.000000,1,0,0
2026-08-20T16:43:59.462,24.295222,151,74,10,2,R10C12,12,16,1.824706,1.798823,0.025882,0.000000,1,0,0
2026-08-20T16:43:59.462,24.300095,151,75,10,3,R10C1,12,1,1.837647,1.785882,0.051765,0.000000,1,0,0
2026-08-20T16:43:59.462,24.306174,151,76,10,4,R10C2,12,3,1.798823,1.811765,-0.012941,0.000000,1,0,0
2026-08-20T16:43:59.749,24.498841,151,77,10,5,R10C3,12,5,1.824706,1.811765,0.012941,0.000000,1,0,0
2026-08-20T16:43:59.750,24.507105,151,78,10,6,R10C4,12,7,1.811765,1.824706,-0.012941,0.000000,1,0,0
2026-08-20T16:43:59.750,24.508291,151,79,10,7,R10C5,12,2,1.811765,1.811765,0.000000,0.000000,1,0,0
2026-08-20T16:43:59.750,24.509324,151,80,10,8,R10C6,12,4,1.811765,1.811765,0.000000,0.000000,1,0,0
2026-08-20T16:43:59.750,24.514179,151,81,11,1,R11C12,14,16,1.798823,1.798823,0.000000,0.000000,1,0,0
2026-08-20T16:43:59.750,24.519506,151,82,11,2,R11C1,14,1,1.837647,1.772941,0.064706,0.000000,1,0,0
2026-08-20T16:43:59.750,24.525762,151,83,11,3,R11C2,14,3,0.000000,1.332941,-1.332941,1.000000,1,1,0
2026-08-20T16:43:59.750,24.533006,151,84,11,4,R11C3,14,5,1.760000,1.747059,0.012941,0.000000,1,0,0
2026-08-20T16:43:59.750,24.535502,151,85,11,5,R11C4,14,7,1.811765,1.811765,0.000000,0.000000,1,0,0
2026-08-20T16:43:59.750,24.540344,151,86,11,6,R11C5,14,2,1.850588,1.811765,0.038823,0.000000,1,0,0
2026-08-20T16:43:59.750,24.546210,151,87,11,7,R11C6,14,4,1.798823,1.772941,0.025882,0.000000,1,0,0
2026-08-20T16:43:59.750,24.551188,151,88,11,8,R11C7,14,6,1.772941,1.811765,-0.038823,0.000000,1,0,0
2026-08-20T16:43:59.750,24.556313,151,89,12,1,R12C1,16,1,1.604706,1.824706,-0.220000,0.000000,1,0,0
2026-08-20T16:43:59.750,24.561557,151,90,12,2,R12C2,16,3,1.734118,1.760000,-0.025882,0.000000,1,0,0
2026-08-20T16:43:59.750,24.566259,151,91,12,3,R12C3,16,5,1.695294,1.798823,-0.103529,0.000000,1,0,0
2026-08-20T16:43:59.750,24.572321,151,92,12,4,R12C4,16,7,1.785882,1.798823,-0.012941,0.000000,1,0,0
2026-08-20T16:44:00.326,24.577313,151,93,12,5,R12C5,16,2,1.824706,1.798823,0.025882,0.000000,1,0,0
2026-08-20T16:44:00.326,24.799086,151,94,12,6,R12C6,16,4,1.268235,1.216471,0.051765,0.000000,1,0,0
2026-08-20T16:44:00.326,24.801623,151,95,12,7,R12C7,16,6,1.682353,1.785882,-0.103529,0.000000,1,0,0
2026-08-20T16:44:00.326,24.815814,152,96,12,8,R12C8,16,8,1.824706,1.798823,0.025882,0.000000,1,0,0
2026-08-20T16:44:00.326,24.818245,152,1,1,1,R1C2,1,3,1.811765,1.811765,0.000000,0.000000,1,0,0
2026-08-20T16:44:00.326,24.819434,152,2,1,2,R1C3,1,5,1.811765,1.798823,0.012941,0.000000,1,0,0
2026-08-20T16:44:00.327,24.825233,152,3,1,3,R1C4,1,7,1.811765,1.824706,-0.012941,0.000000,1,0,0
2026-08-20T16:44:00.327,24.829589,152,4,1,4,R1C5,1,2,1.772941,1.798823,-0.025882,0.000000,1,0,0
2026-08-20T16:44:00.327,24.837297,152,5,1,5,R1C6,1,4,1.811765,1.811765,0.000000,0.000000,1,0,0
2026-08-20T16:44:00.327,24.847710,152,6,1,6,R1C7,1,6,1.772941,1.811765,-0.038823,0.000000,1,0,0
2026-08-20T16:44:00.327,24.849387,152,7,1,7,R1C8,1,8,1.785882,1.811765,-0.025882,0.000000,1,0,0
2026-08-20T16:44:00.327,24.851639,152,8,1,8,R1C9,1,10,1.811765,1.837647,-0.025882,0.000000,1,0,0
2026-08-20T16:44:00.327,24.897524,152,9,2,1,R2C3,3,5,1.772941,1.798823,-0.025882,0.000000,1,0,0
2026-08-20T16:44:00.327,24.937873,152,10,2,2,R2C4,3,7,1.811765,1.785882,0.025882,0.000000,1,0,0
2026-08-20T16:44:00.327,24.984632,152,11,2,3,R2C5,3,2,1.785882,1.811765,-0.025882,0.000000,1,0,0
2026-08-20T16:44:00.327,24.986952,152,12,2,4,R2C6,3,4,1.785882,1.772941,0.012941,0.000000,1,0,0
2026-08-20T16:44:00.556,24.989299,152,13,2,5,R2C7,3,6,1.785882,1.785882,0.000000,0.000000,1,0,0
2026-08-20T16:44:00.557,25.372141,152,14,2,6,R2C8,3,8,1.798823,1.824706,-0.025882,0.000000,1,0,0
2026-08-20T16:44:00.557,25.373173,152,15,2,7,R2C9,3,10,1.798823,1.850588,-0.051765,0.000000,1,0,0
2026-08-20T16:44:00.557,25.374111,152,16,2,8,R2C10,3,12,1.785882,1.798823,-0.012941,0.000000,1,0,0
2026-08-20T16:44:00.557,25.379463,152,17,3,1,R3C4,5,7,1.811765,1.824706,-0.012941,0.000000,1,0,0
2026-08-20T16:44:00.557,25.385276,152,18,3,2,R3C5,5,2,1.785882,1.837647,-0.051765,0.000000,1,0,0
2026-08-20T16:44:00.557,25.391375,152,19,3,3,R3C6,5,4,1.837647,1.811765,0.025882,0.000000,1,0,0
2026-08-20T16:44:00.557,25.398199,152,20,3,4,R3C7,5,6,1.772941,1.798823,-0.025882,0.000000,1,0,0
2026-08-20T16:44:00.557,25.399360,152,21,3,5,R3C8,5,8,1.811765,1.811765,0.000000,0.000000,1,0,0
2026-08-20T16:44:00.557,25.406229,152,22,3,6,R3C9,5,10,1.785882,1.837647,-0.051765,0.000000,1,0,0
2026-08-20T16:44:00.557,25.410961,152,23,3,7,R3C10,5,12,1.824706,1.837647,-0.012941,0.000000,1,0,0
2026-08-20T16:44:00.557,25.416152,152,24,3,8,R3C11,5,14,1.837647,1.798823,0.038824,0.000000,1,0,0
2026-08-20T16:44:00.557,25.421177,152,25,4,1,R4C5,7,2,1.824706,1.798823,0.025882,0.000000,1,0,0
2026-08-20T16:44:00.557,25.426311,152,26,4,2,R4C6,7,4,1.837647,1.798823,0.038824,0.000000,1,0,0
2026-08-20T16:44:00.557,25.431202,152,27,4,3,R4C7,7,6,1.785882,1.798823,-0.012941,0.000000,1,0,0
2026-08-20T16:44:00.558,25.437265,152,28,4,4,R4C8,7,8,1.785882,1.811765,-0.025882,0.000000,1,0,0
2026-08-20T16:44:00.995,25.442730,152,29,4,5,R4C9,7,10,1.824706,1.811765,0.012941,0.000000,1,0,0
2026-08-20T16:44:00.995,25.602860,152,30,4,6,R4C10,7,12,1.785882,1.824706,-0.038823,0.000000,1,0,0
2026-08-20T16:44:00.995,25.604125,152,31,4,7,R4C11,7,14,1.798823,1.824706,-0.025882,0.000000,1,0,0
2026-08-20T16:44:00.995,25.605161,152,32,4,8,R4C12,7,16,1.824706,1.798823,0.025882,0.000000,1,0,0
2026-08-20T16:44:00.995,25.610366,152,33,5,1,R5C6,2,4,1.811765,1.811765,0.000000,0.000000,1,0,0
2026-08-20T16:44:00.995,25.615440,152,34,5,2,R5C7,2,6,1.772941,1.811765,-0.038823,0.000000,1,0,0
2026-08-20T16:44:00.996,25.621975,152,35,5,3,R5C8,2,8,1.772941,1.798823,-0.025882,0.000000,1,0,0
2026-08-20T16:44:00.996,25.627776,152,36,5,4,R5C9,2,10,1.824706,1.837647,-0.012941,0.000000,1,0,0
2026-08-20T16:44:00.996,25.630559,152,37,5,5,R5C10,2,12,1.785882,1.785882,0.000000,0.000000,1,0,0
2026-08-20T16:44:00.996,25.636219,152,38,5,6,R5C11,2,14,1.785882,1.785882,0.000000,0.000000,1,0,0
2026-08-20T16:44:00.996,25.641288,152,39,5,7,R5C12,2,16,1.837647,1.811765,0.025882,0.000000,1,0,0
2026-08-20T16:44:00.996,25.647409,152,40,5,8,R5C1,2,1,1.824706,1.824706,0.000000,0.000000,1,0,0
2026-08-20T16:44:00.996,25.651256,152,41,6,1,R6C7,4,6,1.772941,1.734118,0.038824,0.000000,1,0,0
2026-08-20T16:44:00.996,25.657167,152,42,6,2,R6C8,4,8,1.811765,1.785882,0.025882,0.000000,1,0,0
2026-08-20T16:44:00.996,25.662274,152,43,6,3,R6C9,4,10,1.850588,1.824706,0.025882,0.000000,1,0,0
2026-08-20T16:44:00.996,25.667425,152,44,6,4,R6C10,4,12,1.785882,1.785882,0.000000,0.000000,1,0,0
2026-08-20T16:44:01.308,25.673200,152,45,6,5,R6C11,4,14,1.837647,1.811765,0.025882,0.000000,1,0,0
2026-08-20T16:44:01.308,26.044999,152,46,6,6,R6C12,4,16,1.811765,1.811765,0.000000,0.000000,1,0,0
2026-08-20T16:44:01.308,26.046345,152,47,6,7,R6C1,4,1,1.811765,1.811765,0.000000,0.000000,1,0,0
2026-08-20T16:44:01.308,26.048352,152,48,6,8,R6C2,4,3,1.798823,1.811765,0.000000,0.000000,1,0,0
2026-08-20T16:44:01.308,26.052406,152,49,7,1,R7C8,6,8,1.798823,1.811765,-0.012941,0.000000,1,0,0
2026-08-20T16:44:01.308,26.059809,152,50,7,2,R7C9,6,10,1.837647,1.785882,0.051765,0.000000,1,0,0
2026-08-20T16:44:01.308,26.063335,152,51,7,3,R7C10,6,12,1.824706,1.798823,0.025882,0.000000,1,0,0
2026-08-20T16:44:01.308,26.072890,152,52,7,4,R7C11,6,14,1.798823,1.785882,0.012941,0.000000,1,0,0
2026-08-20T16:44:01.308,26.081040,152,53,7,5,R7C12,6,16,1.785882,1.824706,-0.038823,0.000000,1,0,0
2026-08-20T16:44:01.309,26.085590,152,54,7,6,R7C1,6,1,1.785882,1.811765,0.000000,0.000000,1,0,0
2026-08-20T16:44:01.309,26.087899,152,55,7,7,R7C2,6,3,1.811765,1.785882,0.000000,0.000000,1,0,0
2026-08-20T16:44:01.309,26.089850,152,56,7,8,R7C3,6,5,1.591765,1.061176,0.530588,0.000000,1,0,0
2026-08-20T16:44:01.309,26.097780,152,57,8,1,R8C9,8,10,1.824706,1.837647,-0.012941,0.000000,1,0,0
2026-08-20T16:44:01.309,26.099691,152,58,8,2,R8C10,8,12,1.798823,1.837647,-0.038824,0.000000,1,0,0
2026-08-20T16:44:01.309,26.104374,152,59,8,3,R8C11,8,14,1.837647,1.811765,0.025882,0.000000,1,0,0
2026-08-20T16:44:01.309,26.110927,152,60,8,4,R8C12,8,16,1.824706,1.798823,0.025882,0.000000,1,0,0
2026-08-20T16:44:01.672,26.115437,152,61,8,5,R8C1,8,1,1.837647,1.811765,0.000000,0.000000,1,0,0
2026-08-20T16:44:01.672,26.356827,152,62,8,6,R8C2,8,3,1.630588,1.760000,0.000000,0.000000,1,0,0
2026-08-20T16:44:01.672,26.358813,152,63,8,7,R8C3,8,5,0.530588,1.294118,-0.763529,1.000000,1,0,0
2026-08-20T16:44:01.672,26.360204,152,64,8,8,R8C4,8,7,1.811765,1.798823,0.000000,0.000000,1,0,0
2026-08-20T16:44:01.672,26.364145,152,65,9,1,R9C10,10,12,1.811765,1.798823,0.012941,0.000000,1,0,0
2026-08-20T16:44:01.672,26.372418,152,66,9,2,R9C11,10,14,1.785882,1.824706,-0.038823,0.000000,1,0,0
2026-08-20T16:44:01.672,26.374273,152,67,9,3,R9C12,10,16,1.824706,1.824706,0.000000,0.000000,1,0,0
2026-08-20T16:44:01.672,26.381534,152,68,9,4,R9C1,10,1,1.410588,1.772941,0.000000,0.000000,1,0,0
2026-08-20T16:44:01.672,26.387124,152,69,9,5,R9C2,10,3,1.811765,1.811765,0.000000,0.000000,1,0,0
2026-08-20T16:44:01.673,26.389090,152,70,9,6,R9C3,10,5,1.087059,1.371765,0.000000,0.000000,1,0,0
2026-08-20T16:44:01.673,26.396236,152,71,9,7,R9C4,10,7,1.721177,1.734118,-0.012941,0.000000,1,0,0
2026-08-20T16:44:01.673,26.400232,152,72,9,8,R9C5,10,2,1.785882,1.811765,-0.025882,0.000000,1,0,0
2026-08-20T16:44:01.673,26.406163,152,73,10,1,R10C11,12,14,1.785882,1.798823,-0.012941,0.000000,1,0,0
2026-08-20T16:44:01.673,26.410309,152,74,10,2,R10C12,12,16,1.798823,1.811765,-0.012941,0.000000,1,0,0
2026-08-20T16:44:01.673,26.416181,152,75,10,3,R10C1,12,1,1.824706,1.785882,0.038823,0.000000,1,0,0
2026-08-20T16:44:01.673,26.421290,152,76,10,4,R10C2,12,3,1.811765,1.811765,0.000000,0.000000,1,0,0
2026-08-20T16:44:01.673,26.427150,152,77,10,5,R10C3,12,5,1.785882,1.811765,-0.025882,0.000000,1,0,0
2026-08-20T16:44:02.001,26.710013,152,78,10,6,R10C4,12,7,1.811765,1.818235,-0.006471,0.000000,1,0,0
2026-08-20T16:44:02.001,26.721642,152,79,10,7,R10C5,12,2,1.785882,1.811765,-0.025882,0.000000,1,0,0
2026-08-20T16:44:02.001,26.723557,152,80,10,8,R10C6,12,4,1.785882,1.811765,-0.025882,0.000000,1,0,0
2026-08-20T16:44:02.002,26.725468,152,81,11,1,R11C12,14,16,1.785882,1.798823,-0.012941,0.000000,1,0,0
2026-08-20T16:44:02.002,26.729354,152,82,11,2,R11C1,14,1,1.811765,1.805294,0.006471,0.000000,1,0,0
2026-08-20T16:44:02.002,26.734540,152,83,11,3,R11C2,14,3,0.000000,1.332941,-1.332941,1.000000,1,1,0
2026-08-20T16:44:02.002,26.743306,152,84,11,4,R11C3,14,5,1.772941,1.747059,0.000000,0.000000,1,0,0
2026-08-20T16:44:02.002,26.748481,152,85,11,5,R11C4,14,7,1.798823,1.811765,0.000000,0.000000,1,0,0
2026-08-20T16:44:02.002,26.752340,152,86,11,6,R11C5,14,2,1.785882,1.837647,-0.051765,0.000000,1,0,0
2026-08-20T16:44:02.002,26.757334,152,87,11,7,R11C6,14,4,1.850588,1.772941,0.000000,0.000000,1,0,0
2026-08-20T16:44:02.002,26.764652,152,88,11,8,R11C7,14,6,1.824706,1.811765,0.000000,0.000000,1,0,0
2026-08-20T16:44:02.002,26.766877,152,89,12,1,R12C1,16,1,1.617647,1.708235,-0.090588,0.000000,1,0,0
2026-08-20T16:44:02.002,26.770323,152,90,12,2,R12C2,16,3,1.721177,1.740588,-0.019412,0.000000,1,0,0
2026-08-20T16:44:02.002,26.776514,152,91,12,3,R12C3,16,5,1.695294,1.798823,-0.103529,0.000000,1,0,0
2026-08-20T16:44:02.003,26.781251,152,92,12,4,R12C4,16,7,1.721177,1.798823,-0.077647,0.000000,1,0,0
2026-08-20T16:44:02.003,26.786462,152,93,12,5,R12C5,16,2,1.785882,1.798823,-0.012941,0.000000,1,0,0
2026-08-20T16:44:02.473,26.792623,152,94,12,6,R12C6,16,4,1.268235,1.268235,0.000000,0.000000,1,0,0
2026-08-20T16:44:02.473,27.053376,152,95,12,7,R12C7,16,6,1.656471,1.734118,-0.077647,0.000000,1,0,0
2026-08-20T16:44:02.473,27.055397,153,96,12,8,R12C8,16,8,1.811765,1.811765,0.000000,0.000000,1,0,0
2026-08-20T16:44:02.473,27.058577,153,1,1,1,R1C2,1,3,1.811765,1.811765,0.000000,0.000000,1,0,0
2026-08-20T16:44:02.473,27.060364,153,2,1,2,R1C3,1,5,1.798823,1.805294,-0.006471,0.000000,1,0,0
2026-08-20T16:44:02.473,27.066484,153,3,1,3,R1C4,1,7,1.798823,1.818235,-0.019412,0.000000,1,0,0
2026-08-20T16:44:02.473,27.077121,153,4,1,4,R1C5,1,2,1.824706,1.785882,0.038823,0.000000,1,0,0
2026-08-20T16:44:02.473,27.079531,153,5,1,5,R1C6,1,4,1.798823,1.811765,-0.012941,0.000000,1,0,0
2026-08-20T16:44:02.473,27.084911,153,6,1,6,R1C7,1,6,1.772941,1.792353,-0.019412,0.000000,1,0,0
2026-08-20T16:44:02.473,27.088788,153,7,1,7,R1C8,1,8,1.811765,1.811765,0.000000,0.000000,1,0,0
2026-08-20T16:44:02.473,27.097114,153,8,1,8,R1C9,1,10,1.785882,1.824706,-0.038824,0.000000,1,0,0
2026-08-20T16:44:02.473,27.098569,153,9,2,1,R2C3,3,5,1.785882,1.785882,0.000000,0.000000,1,0,0
2026-08-20T16:44:02.474,27.102296,153,10,2,2,R2C4,3,7,1.798823,1.811765,-0.012941,0.000000,1,0,0
2026-08-20T16:44:02.474,27.108264,153,11,2,3,R2C5,3,2,1.785882,1.798823,-0.012941,0.000000,1,0,0
2026-08-20T16:44:02.474,27.113953,153,12,2,4,R2C6,3,4,1.837647,1.785882,0.051765,0.000000,1,0,0
2026-08-20T16:44:02.474,27.118620,153,13,2,5,R2C7,3,6,1.837647,1.785882,0.051765,0.000000,1,0,0
2026-08-20T16:44:02.706,27.123602,153,14,2,6,R2C8,3,8,1.837647,1.824706,0.012941,0.000000,1,0,0
2026-08-20T16:44:02.706,27.519285,153,15,2,7,R2C9,3,10,1.785882,1.792353,-0.006471,0.000000,1,0,0
2026-08-20T16:44:02.706,27.521181,153,16,2,8,R2C10,3,12,1.798823,1.792353,0.006471,0.000000,1,0,0
2026-08-20T16:44:02.706,27.522095,153,17,3,1,R3C4,5,7,1.798823,1.805294,-0.006471,0.000000,1,0,0
2026-08-20T16:44:02.706,27.526346,153,18,3,2,R3C5,5,2,1.772941,1.811765,-0.038823,0.000000,1,0,0
2026-08-20T16:44:02.707,27.534510,153,19,3,3,R3C6,5,4,1.798823,1.818235,-0.019412,0.000000,1,0,0
2026-08-20T16:44:02.707,27.536375,153,20,3,4,R3C7,5,6,1.798823,1.779412,0.019412,0.000000,1,0,0
2026-08-20T16:44:02.707,27.543208,153,21,3,5,R3C8,5,8,1.772941,1.798824,-0.025882,0.000000,1,0,0
2026-08-20T16:44:02.707,27.550262,153,22,3,6,R3C9,5,10,1.850588,1.792353,0.058235,0.000000,1,0,0
2026-08-20T16:44:02.707,27.552322,153,23,3,7,R3C10,5,12,1.785882,1.831176,-0.045294,0.000000,1,0,0
2026-08-20T16:44:02.707,27.558174,153,24,3,8,R3C11,5,14,1.824706,1.818235,0.006471,0.000000,1,0,0
2026-08-20T16:44:02.707,27.563205,153,25,4,1,R4C5,7,2,1.837647,1.811765,0.025882,0.000000,1,0,0
2026-08-20T16:44:02.707,27.568130,153,26,4,2,R4C6,7,4,1.824706,1.844118,-0.019412,0.000000,1,0,0
2026-08-20T16:44:02.707,27.573299,153,27,4,3,R4C7,7,6,1.850588,1.811765,0.038823,0.000000,1,0,0
2026-08-20T16:44:02.707,27.578174,153,28,4,4,R4C8,7,8,1.798823,1.798824,-0.000000,0.000000,1,0,0
2026-08-20T16:44:02.707,27.584198,153,29,4,5,R4C9,7,10,1.850588,1.818235,0.032353,0.000000,1,0,0
2026-08-20T16:44:02.707,27.589338,153,30,4,6,R4C10,7,12,1.798823,1.785882,0.012941,0.000000,1,0,0
2026-08-20T16:44:03.035,27.744011,153,31,4,7,R4C11,7,14,1.824706,1.811765,0.012941,0.000000,1,0,0
2026-08-20T16:44:03.035,27.753819,153,32,4,8,R4C12,7,16,1.837647,1.811765,0.025882,0.000000,1,0,0
2026-08-20T16:44:03.035,27.755178,153,33,5,1,R5C6,2,4,1.785882,1.818235,-0.032353,0.000000,1,0,0
2026-08-20T16:44:03.035,27.756218,153,34,5,2,R5C7,2,6,1.837647,1.779412,0.058235,0.000000,1,0,0
2026-08-20T16:44:03.035,27.761197,153,35,5,3,R5C8,2,8,1.837647,1.779412,0.058235,0.000000,1,0,0
2026-08-20T16:44:03.035,27.766241,153,36,5,4,R5C9,2,10,1.785882,1.831176,-0.045294,0.000000,1,0,0
2026-08-20T16:44:03.035,27.774384,153,37,5,5,R5C10,2,12,1.850588,1.785882,0.064706,0.000000,1,0,0
2026-08-20T16:44:03.035,27.776580,153,38,5,6,R5C11,2,14,1.824706,1.805294,0.019412,0.000000,1,0,0
2026-08-20T16:44:03.036,27.783833,153,39,5,7,R5C12,2,16,1.850588,1.831176,0.019412,0.000000,1,0,0
2026-08-20T16:44:03.036,27.787299,153,40,5,8,R5C1,2,1,1.837647,1.824706,0.012941,0.000000,1,0,0
2026-08-20T16:44:03.036,27.793270,153,41,6,1,R6C7,4,6,1.837647,1.772941,0.064706,0.000000,1,0,0
2026-08-20T16:44:03.036,27.797224,153,42,6,2,R6C8,4,8,1.772941,1.824706,-0.051765,0.000000,1,0,0
2026-08-20T16:44:03.036,27.803476,153,43,6,3,R6C9,4,10,1.850588,1.850588,0.000000,0.000000,1,0,0
2026-08-20T16:44:03.036,27.808227,153,44,6,4,R6C10,4,12,1.798823,1.785882,0.012941,0.000000,1,0,0
2026-08-20T16:44:03.036,27.813437,153,45,6,5,R6C11,4,14,1.798823,1.824706,-0.025882,0.000000,1,0,0
2026-08-20T16:44:03.036,27.818222,153,46,6,6,R6C12,4,16,1.824706,1.811765,0.012941,0.000000,1,0,0
2026-08-20T16:44:03.234,27.824279,153,47,6,7,R6C1,4,1,1.824706,1.811765,0.012941,0.000000,1,0,0
2026-08-20T16:44:03.234,28.080747,153,48,6,8,R6C2,4,3,1.772941,1.785882,-0.012941,0.000000,1,0,0
2026-08-20T16:44:03.234,28.082230,153,49,7,1,R7C8,6,8,1.785882,1.805294,-0.019412,0.000000,1,0,0
2026-08-20T16:44:03.235,28.083139,153,50,7,2,R7C9,6,10,1.850588,1.811765,0.038823,0.000000,1,0,0
2026-08-20T16:44:03.235,28.088321,153,51,7,3,R7C10,6,12,1.785882,1.805294,-0.019412,0.000000,1,0,0
2026-08-20T16:44:03.235,28.095236,153,52,7,4,R7C11,6,14,1.837647,1.811765,0.025882,0.000000,1,0,0
2026-08-20T16:44:03.235,28.100701,153,53,7,5,R7C12,6,16,1.850588,1.805294,0.045294,0.000000,1,0,0
2026-08-20T16:44:03.235,28.103189,153,54,7,6,R7C1,6,1,1.824706,1.811765,0.012941,0.000000,1,0,0
2026-08-20T16:44:03.235,28.109246,153,55,7,7,R7C2,6,3,1.798823,1.798824,-0.000000,0.000000,1,0,0
2026-08-20T16:44:03.235,28.114275,153,56,7,8,R7C3,6,5,1.591765,1.572353,0.019412,0.000000,1,0,0
2026-08-20T16:44:03.235,28.119250,153,57,8,1,R8C9,8,10,1.850588,1.831176,0.019412,0.000000,1,0,0
2026-08-20T16:44:03.235,28.124254,153,58,8,2,R8C10,8,12,1.798823,1.818235,-0.019412,0.000000,1,0,0
2026-08-20T16:44:03.235,28.130253,153,59,8,3,R8C11,8,14,1.785882,1.824706,-0.038824,0.000000,1,0,0
2026-08-20T16:44:03.235,28.135234,153,60,8,4,R8C12,8,16,1.824706,1.824706,0.000000,0.000000,1,0,0
2026-08-20T16:44:03.235,28.140279,153,61,8,5,R8C1,8,1,1.837647,1.818235,0.019412,0.000000,1,0,0
2026-08-20T16:44:03.235,28.145193,153,62,8,6,R8C2,8,3,1.630588,1.604706,0.025882,0.000000,1,0,0
2026-08-20T16:44:03.235,28.151216,153,63,8,7,R8C3,8,5,0.543529,1.294118,-0.750588,1.000000,1,0,0
2026-08-20T16:44:03.562,28.278632,153,64,8,8,R8C4,8,7,1.811765,1.734118,0.077647,0.000000,1,0,0
2026-08-20T16:44:03.562,28.280212,153,65,9,1,R9C10,10,12,1.785882,1.798824,-0.012941,0.000000,1,0,0
2026-08-20T16:44:03.562,28.281116,153,66,9,2,R9C11,10,14,1.811765,1.805294,0.006471,0.000000,1,0,0
2026-08-20T16:44:03.562,28.286174,153,67,9,3,R9C12,10,16,1.837647,1.824706,0.012941,0.000000,1,0,0
2026-08-20T16:44:03.562,28.292378,153,68,9,4,R9C1,10,1,1.514118,1.520588,-0.006471,0.000000,1,0,0
2026-08-20T16:44:03.562,28.296730,153,69,9,5,R9C2,10,3,1.811765,1.798824,0.012941,0.000000,1,0,0
2026-08-20T16:44:03.562,28.303286,153,70,9,6,R9C3,10,5,1.125882,1.255294,-0.129412,0.000000,1,0,0
2026-08-20T16:44:03.562,28.306167,153,71,9,7,R9C4,10,7,1.760000,1.740588,0.019412,0.000000,1,0,0
2026-08-20T16:44:03.563,28.312219,153,72,9,8,R9C5,10,2,1.811765,1.798824,0.012941,0.000000,1,0,0
2026-08-20T16:44:03.563,28.317190,153,73,10,1,R10C11,12,14,1.785882,1.798824,-0.012941,0.000000,1,0,0
2026-08-20T16:44:03.563,28.322157,153,74,10,2,R10C12,12,16,1.824706,1.811765,0.012941,0.000000,1,0,0
2026-08-20T16:44:03.563,28.328287,153,75,10,3,R10C1,12,1,1.824706,1.831176,-0.006471,0.000000,1,0,0
2026-08-20T16:44:03.563,28.332283,153,76,10,4,R10C2,12,3,1.811765,1.805294,0.006471,0.000000,1,0,0
2026-08-20T16:44:03.563,28.338188,153,77,10,5,R10C3,12,5,1.798823,1.805294,-0.006471,0.000000,1,0,0
2026-08-20T16:44:03.563,28.343253,153,78,10,6,R10C4,12,7,1.785882,1.811765,-0.025882,0.000000,1,0,0
2026-08-20T16:44:03.563,28.348273,153,79,10,7,R10C5,12,2,1.785882,1.798824,-0.012941,0.000000,1,0,0
2026-08-20T16:44:03.764,28.354188,153,80,10,8,R10C6,12,4,1.772941,1.798824,-0.025882,0.000000,1,0,0
2026-08-20T16:44:03.764,28.609046,153,81,11,1,R11C12,14,16,1.798823,1.792353,0.006471,0.000000,1,0,0
2026-08-20T16:44:03.764,28.610181,153,82,11,2,R11C1,14,1,1.824706,1.824706,-0.000000,0.000000,1,0,0
2026-08-20T16:44:03.764,28.611228,153,83,11,3,R11C2,14,3,0.000000,1.332941,-1.332941,1.000000,1,1,0
2026-08-20T16:44:03.764,28.616228,153,84,11,4,R11C3,14,5,1.760000,1.766471,-0.006471,0.000000,1,0,0
2026-08-20T16:44:03.764,28.624359,153,85,11,5,R11C4,14,7,1.824706,1.805294,0.019412,0.000000,1,0,0
2026-08-20T16:44:03.764,28.628691,153,86,11,6,R11C5,14,2,1.811765,1.818235,-0.006471,0.000000,1,0,0
2026-08-20T16:44:03.764,28.632315,153,87,11,7,R11C6,14,4,1.785882,1.824706,-0.038823,0.000000,1,0,0
2026-08-20T16:44:03.764,28.637187,153,88,11,8,R11C7,14,6,1.785882,1.798824,-0.012941,0.000000,1,0,0
2026-08-20T16:44:03.764,28.642225,153,89,12,1,R12C1,16,1,1.604706,1.611176,-0.006471,0.000000,1,0,0
2026-08-20T16:44:03.764,28.648447,153,90,12,2,R12C2,16,3,1.721177,1.727647,-0.006471,0.000000,1,0,0
2026-08-20T16:44:03.764,28.653586,153,91,12,3,R12C3,16,5,1.656471,1.695294,-0.038824,0.000000,1,0,0
2026-08-20T16:44:03.765,28.658225,153,92,12,4,R12C4,16,7,1.798823,1.753529,0.045294,0.000000,1,0,0
2026-08-20T16:44:03.765,28.663297,153,93,12,5,R12C5,16,2,1.837647,1.805294,0.032353,0.000000,1,0,0
2026-08-20T16:44:03.765,28.668205,153,94,12,6,R12C6,16,4,1.255294,1.268235,-0.012941,0.000000,1,0,0
2026-08-20T16:44:03.765,28.674391,153,95,12,7,R12C7,16,6,1.604706,1.669412,-0.064706,0.000000,1,0,0
2026-08-20T16:44:03.765,28.679260,154,96,12,8,R12C8,16,8,1.772941,1.818235,-0.045294,0.000000,1,0,0
2026-08-20T16:44:04.055,28.801533,154,1,1,1,R1C2,1,3,1.811765,1.811765,0.000000,0.000000,1,0,0
2026-08-20T16:44:04.055,28.809197,154,2,1,2,R1C3,1,5,1.798823,1.805294,-0.006471,0.000000,1,0,0
2026-08-20T16:44:04.055,28.811326,154,3,1,3,R1C4,1,7,1.798823,1.805294,-0.006471,0.000000,1,0,0
2026-08-20T16:44:04.055,28.812146,154,4,1,4,R1C5,1,2,1.785882,1.798824,-0.012941,0.000000,1,0,0
2026-08-20T16:44:04.055,28.818239,154,5,1,5,R1C6,1,4,1.785882,1.805294,-0.019412,0.000000,1,0,0
2026-08-20T16:44:04.055,28.826841,154,6,1,6,R1C7,1,6,1.798823,1.772941,0.025882,0.000000,1,0,0
2026-08-20T16:44:04.055,28.828811,154,7,1,7,R1C8,1,8,1.798823,1.798824,-0.000000,0.000000,1,0,0
2026-08-20T16:44:04.055,28.836306,154,8,1,8,R1C9,1,10,1.850588,1.798824,0.051765,0.000000,1,0,0
2026-08-20T16:44:04.055,28.837112,154,9,2,1,R2C3,3,5,1.785882,1.779412,0.006471,0.000000,1,0,0
2026-08-20T16:44:04.056,28.844367,154,10,2,2,R2C4,3,7,1.798823,1.805294,-0.006471,0.000000,1,0,0
2026-08-20T16:44:04.056,28.849298,154,11,2,3,R2C5,3,2,1.785882,1.785882,0.000000,0.000000,1,0,0
2026-08-20T16:44:04.056,28.854312,154,12,2,4,R2C6,3,4,1.798823,1.811765,-0.012941,0.000000,1,0,0
2026-08-20T16:44:04.056,28.858307,154,13,2,5,R2C7,3,6,1.798823,1.811765,-0.012941,0.000000,1,0,0
2026-08-20T16:44:04.056,28.865279,154,14,2,6,R2C8,3,8,1.798823,1.818235,-0.019412,0.000000,1,0,0
2026-08-20T16:44:04.056,28.869242,154,15,2,7,R2C9,3,10,1.798823,1.792353,0.006471,0.000000,1,0,0
2026-08-20T16:44:04.056,28.875261,154,16,2,8,R2C10,3,12,1.785882,1.792353,-0.006471,0.000000,1,0,0
2026-08-20T16:44:04.266,28.880347,154,17,3,1,R3C4,5,7,1.798823,1.805294,-0.006471,0.000000,1,0,0
2026-08-20T16:44:04.266,29.101957,154,18,3,2,R3C5,5,2,1.785882,1.779412,0.006471,0.000000,1,0,0
2026-08-20T16:44:04.266,29.103173,154,19,3,3,R3C6,5,4,1.772941,1.818235,-0.045294,0.000000,1,0,0
2026-08-20T16:44:04.266,29.104105,154,20,3,4,R3C7,5,6,1.772941,1.785882,-0.012941,0.000000,1,0,0
2026-08-20T16:44:04.266,29.109683,154,21,3,5,R3C8,5,8,1.798823,1.792353,0.006471,0.000000,1,0,0
2026-08-20T16:44:04.266,29.114164,154,22,3,6,R3C9,5,10,1.837647,1.818235,0.019412,0.000000,1,0,0
2026-08-20T16:44:04.266,29.123394,154,23,3,7,R3C10,5,12,1.798823,1.805294,-0.006471,0.000000,1,0,0
2026-08-20T16:44:04.266,29.126033,154,24,3,8,R3C11,5,14,1.798823,1.831176,-0.032353,0.000000,1,0,0
2026-08-20T16:44:04.266,29.132303,154,25,4,1,R4C5,7,2,1.798823,1.831176,-0.032353,0.000000,1,0,0
2026-08-20T16:44:04.266,29.134241,154,26,4,2,R4C6,7,4,1.798823,1.831176,-0.032353,0.000000,1,0,0
2026-08-20T16:44:04.266,29.141358,154,27,4,3,R4C7,7,6,1.850588,1.818235,0.032353,0.000000,1,0,0
2026-08-20T16:44:04.266,29.145258,154,28,4,4,R4C8,7,8,1.837647,1.792353,0.045294,0.000000,1,0,0
2026-08-20T16:44:04.266,29.151345,154,29,4,5,R4C9,7,10,1.837647,1.837647,0.000000,0.000000,1,0,0
2026-08-20T16:44:04.266,29.155375,154,30,4,6,R4C10,7,12,1.811765,1.792353,0.019412,0.000000,1,0,0
2026-08-20T16:44:04.266,29.161283,154,31,4,7,R4C11,7,14,1.837647,1.811765,0.025882,0.000000,1,0,0
2026-08-20T16:44:04.267,29.167304,154,32,4,8,R4C12,7,16,1.785882,1.831176,-0.045294,0.000000,1,0,0
2026-08-20T16:44:04.554,29.172175,154,33,5,1,R5C6,2,4,1.785882,1.798824,-0.012941,0.000000,1,0,0
2026-08-20T16:44:04.554,29.309748,154,34,5,2,R5C7,2,6,1.798823,1.805294,-0.006471,0.000000,1,0,0
2026-08-20T16:44:04.554,29.311146,154,35,5,3,R5C8,2,8,1.824706,1.805294,0.019412,0.000000,1,0,0
2026-08-20T16:44:04.554,29.312081,154,36,5,4,R5C9,2,10,1.811765,1.805294,0.006471,0.000000,1,0,0
2026-08-20T16:44:04.554,29.317123,154,37,5,5,R5C10,2,12,1.850588,1.818235,0.032353,0.000000,1,0,0
2026-08-20T16:44:04.554,29.322267,154,38,5,6,R5C11,2,14,1.837647,1.805294,0.032353,0.000000,1,0,0
2026-08-20T16:44:04.554,29.328321,154,39,5,7,R5C12,2,16,1.824706,1.844118,-0.019412,0.000000,1,0,0
2026-08-20T16:44:04.554,29.333169,154,40,5,8,R5C1,2,1,1.824706,1.831176,-0.006471,0.000000,1,0,0
2026-08-20T16:44:04.554,29.338168,154,41,6,1,R6C7,4,6,1.837647,1.805294,0.032353,0.000000,1,0,0
2026-08-20T16:44:04.554,29.343158,154,42,6,2,R6C8,4,8,1.850588,1.792353,0.058235,0.000000,1,0,0
2026-08-20T16:44:04.554,29.348164,154,43,6,3,R6C9,4,10,1.850588,1.850588,0.000000,0.000000,1,0,0
2026-08-20T16:44:04.554,29.353146,154,44,6,4,R6C10,4,12,1.785882,1.792353,-0.006471,0.000000,1,0,0
2026-08-20T16:44:04.555,29.359324,154,45,6,5,R6C11,4,14,1.798823,1.818235,-0.019412,0.000000,1,0,0
2026-08-20T16:44:04.555,29.364190,154,46,6,6,R6C12,4,16,1.824706,1.818235,0.006471,0.000000,1,0,0
2026-08-20T16:44:04.555,29.369225,154,47,6,7,R6C1,4,1,1.824706,1.818235,0.006471,0.000000,1,0,0
2026-08-20T16:44:04.555,29.374347,154,48,6,8,R6C2,4,3,1.772941,1.785882,-0.012941,0.000000,1,0,0
2026-08-20T16:44:04.555,29.379185,154,49,7,1,R7C8,6,8,1.772941,1.792353,-0.019412,0.000000,1,0,0
2026-08-20T16:44:04.761,29.597871,154,50,7,2,R7C9,6,10,1.811765,1.844118,-0.032353,0.000000,1,0,0
2026-08-20T16:44:04.761,29.599118,154,51,7,3,R7C10,6,12,1.785882,1.805294,-0.019412,0.000000,1,0,0
2026-08-20T16:44:04.761,29.600097,154,52,7,4,R7C11,6,14,1.837647,1.818235,0.019412,0.000000,1,0,0
2026-08-20T16:44:04.761,29.605136,154,53,7,5,R7C12,6,16,1.824706,1.818235,0.006471,0.000000,1,0,0
2026-08-20T16:44:04.761,29.610328,154,54,7,6,R7C1,6,1,1.785882,1.805294,-0.019412,0.000000,1,0,0
2026-08-20T16:44:04.761,29.616356,154,55,7,7,R7C2,6,3,1.811765,1.805294,0.006471,0.000000,1,0,0
2026-08-20T16:44:04.761,29.622105,154,56,7,8,R7C3,6,5,1.591765,1.591765,0.000000,0.000000,1,0,0
2026-08-20T16:44:04.761,29.626157,154,57,8,1,R8C9,8,10,1.850588,1.837647,0.012941,0.000000,1,0,0
2026-08-20T16:44:04.761,29.631152,154,58,8,2,R8C10,8,12,1.785882,1.798823,-0.012941,0.000000,1,0,0
2026-08-20T16:44:04.761,29.636152,154,59,8,3,R8C11,8,14,1.837647,1.811765,0.025882,0.000000,1,0,0
2026-08-20T16:44:04.761,29.642186,154,60,8,4,R8C12,8,16,1.798823,1.824706,-0.025882,0.000000,1,0,0
2026-08-20T16:44:04.761,29.647220,154,61,8,5,R8C1,8,1,1.785882,1.837647,-0.051765,0.000000,1,0,0
2026-08-20T16:44:04.761,29.652205,154,62,8,6,R8C2,8,3,1.630588,1.630588,0.000000,0.000000,1,0,0
2026-08-20T16:44:04.762,29.657183,154,63,8,7,R8C3,8,5,0.543529,1.294118,-0.750588,1.000000,1,0,0
2026-08-20T16:44:04.762,29.662291,154,64,8,8,R8C4,8,7,1.811765,1.811765,0.000000,0.000000,1,0,0
2026-08-20T16:44:04.762,29.668197,154,65,9,1,R9C10,10,12,1.785882,1.798824,-0.012941,0.000000,1,0,0
2026-08-20T16:44:04.762,29.673236,154,66,9,2,R9C11,10,14,1.811765,1.798824,0.012941,0.000000,1,0,0
2026-08-20T16:44:05.052,29.798158,154,67,9,3,R9C12,10,16,1.850588,1.831176,0.019412,0.000000,1,0,0
2026-08-20T16:44:05.052,29.805695,154,68,9,4,R9C1,10,1,1.578824,1.462353,0.116471,0.000000,1,0,0
2026-08-20T16:44:05.052,29.807260,154,69,9,5,R9C2,10,3,1.811765,1.811765,0.000000,0.000000,1,0,0
2026-08-20T16:44:05.052,29.808150,154,70,9,6,R9C3,10,5,1.320000,1.106471,0.213529,0.000000,1,0,0
2026-08-20T16:44:05.052,29.815163,154,71,9,7,R9C4,10,7,1.798823,1.740588,0.058235,0.000000,1,0,0
2026-08-20T16:44:05.052,29.823536,154,72,9,8,R9C5,10,2,1.811765,1.798824,0.012941,0.000000,1,0,0
2026-08-20T16:44:05.052,29.825373,154,73,10,1,R10C11,12,14,1.785882,1.785882,0.000000,0.000000,1,0,0
2026-08-20T16:44:05.053,29.832150,154,74,10,2,R10C12,12,16,1.824706,1.811765,0.012941,0.000000,1,0,0
2026-08-20T16:44:05.053,29.835425,154,75,10,3,R10C1,12,1,1.785882,1.824706,-0.038823,0.000000,1,0,0
2026-08-20T16:44:05.053,29.840382,154,76,10,4,R10C2,12,3,1.811765,1.811765,0.000000,0.000000,1,0,0
2026-08-20T16:44:05.053,29.846303,154,77,10,5,R10C3,12,5,1.785882,1.792353,-0.006471,0.000000,1,0,0
2026-08-20T16:44:05.053,29.851249,154,78,10,6,R10C4,12,7,1.785882,1.798824,-0.012941,0.000000,1,0,0
2026-08-20T16:44:05.053,29.856362,154,79,10,7,R10C5,12,2,1.811765,1.785882,0.025882,0.000000,1,0,0
2026-08-20T16:44:05.053,29.861229,154,80,10,8,R10C6,12,4,1.772941,1.779412,-0.006471,0.000000,1,0,0
2026-08-20T16:44:05.053,29.866288,154,81,11,1,R11C12,14,16,1.850588,1.792353,0.058235,0.000000,1,0,0
2026-08-20T16:44:05.053,29.872126,154,82,11,2,R11C1,14,1,1.798823,1.818235,-0.019412,0.000000,1,0,0
2026-08-20T16:44:05.277,29.877139,154,83,11,3,R11C2,14,3,0.000000,1.332941,-1.332941,1.000000,1,1,0
2026-08-20T16:44:05.277,30.099481,154,84,11,4,R11C3,14,5,1.760000,1.766471,-0.006471,0.000000,1,0,0
2026-08-20T16:44:05.278,30.101224,154,85,11,5,R11C4,14,7,1.811765,1.811765,0.000000,0.000000,1,0,0
2026-08-20T16:44:05.278,30.102120,154,86,11,6,R11C5,14,2,1.785882,1.798824,-0.012941,0.000000,1,0,0
2026-08-20T16:44:05.278,30.107235,154,87,11,7,R11C6,14,4,1.772941,1.818235,-0.045294,0.000000,1,0,0
2026-08-20T16:44:05.278,30.112367,154,88,11,8,R11C7,14,6,1.785882,1.805294,-0.019412,0.000000,1,0,0
2026-08-20T16:44:05.278,30.117249,154,89,12,1,R12C1,16,1,1.604706,1.611176,-0.006471,0.000000,1,0,0
2026-08-20T16:44:05.278,30.124060,154,90,12,2,R12C2,16,3,1.721177,1.721177,0.000000,0.000000,1,0,0
2026-08-20T16:44:05.278,30.127376,154,91,12,3,R12C3,16,5,1.630588,1.675882,-0.045294,0.000000,1,0,0
2026-08-20T16:44:05.278,30.133193,154,92,12,4,R12C4,16,7,1.811765,1.760000,0.051765,0.000000,1,0,0
2026-08-20T16:44:05.278,30.138284,154,93,12,5,R12C5,16,2,1.811765,1.811765,0.000000,0.000000,1,0,0
2026-08-20T16:44:05.278,30.143305,154,94,12,6,R12C6,16,4,1.255294,1.261765,-0.006471,0.000000,1,0,0
2026-08-20T16:44:05.278,30.148378,154,95,12,7,R12C7,16,6,1.643529,1.630588,0.012941,0.000000,1,0,0
2026-08-20T16:44:05.278,30.154221,155,96,12,8,R12C8,16,8,1.772941,1.792353,-0.019412,0.000000,1,0,0
2026-08-20T16:44:05.278,30.159341,155,1,1,1,R1C2,1,3,1.811765,1.811765,0.000000,0.000000,1,0,0
2026-08-20T16:44:05.278,30.164204,155,2,1,2,R1C3,1,5,1.785882,1.798823,-0.012941,0.000000,1,0,0
2026-08-20T16:44:05.592,30.169301,155,3,1,3,R1C4,1,7,1.798823,1.798823,0.000000,0.000000,1,0,0
2026-08-20T16:44:05.592,30.322867,155,4,1,4,R1C5,1,2,1.785882,1.805294,-0.019412,0.000000,1,0,0
2026-08-20T16:44:05.592,30.324355,155,5,1,5,R1C6,1,4,1.785882,1.792353,-0.006471,0.000000,1,0,0
2026-08-20T16:44:05.592,30.325198,155,6,1,6,R1C7,1,6,1.837647,1.785882,0.051765,0.000000,1,0,0
2026-08-20T16:44:05.592,30.330264,155,7,1,7,R1C8,1,8,1.798823,1.805294,-0.006471,0.000000,1,0,0
2026-08-20T16:44:05.592,30.335313,155,8,1,8,R1C9,1,10,1.850588,1.818235,0.032353,0.000000,1,0,0
2026-08-20T16:44:05.592,30.342567,155,9,2,1,R2C3,3,5,1.798823,1.785882,0.012941,0.000000,1,0,0
2026-08-20T16:44:05.593,30.346323,155,10,2,2,R2C4,3,7,1.811765,1.798823,0.012941,0.000000,1,0,0
2026-08-20T16:44:05.593,30.351456,155,11,2,3,R2C5,3,2,1.785882,1.785882,0.000000,0.000000,1,0,0
2026-08-20T16:44:05.593,30.356312,155,12,2,4,R2C6,3,4,1.811765,1.818235,-0.006471,0.000000,1,0,0
2026-08-20T16:44:05.593,30.361218,155,13,2,5,R2C7,3,6,1.798823,1.818235,-0.019412,0.000000,1,0,0
2026-08-20T16:44:05.593,30.367271,155,14,2,6,R2C8,3,8,1.772941,1.798823,-0.025882,0.000000,1,0,0
2026-08-20T16:44:05.593,30.372233,155,15,2,7,R2C9,3,10,1.785882,1.798823,-0.012941,0.000000,1,0,0
2026-08-20T16:44:05.593,30.376353,155,16,2,8,R2C10,3,12,1.811765,1.792353,0.019412,0.000000,1,0,0
2026-08-20T16:44:05.593,30.382228,155,17,3,1,R3C4,5,7,1.811765,1.798823,0.012941,0.000000,1,0,0
2026-08-20T16:44:05.593,30.387284,155,18,3,2,R3C5,5,2,1.785882,1.779412,0.006471,0.000000,1,0,0
2026-08-20T16:44:05.593,30.392254,155,19,3,3,R3C6,5,4,1.785882,1.785882,0.000000,0.000000,1,0,0
2026-08-20T16:44:05.859,30.630054,155,20,3,4,R3C7,5,6,1.772941,1.785882,-0.012941,0.000000,1,0,0
2026-08-20T16:44:05.859,30.639348,155,21,3,5,R3C8,5,8,1.772941,1.785882,-0.012941,0.000000,1,0,0
2026-08-20T16:44:05.859,30.641410,155,22,3,6,R3C9,5,10,1.850588,1.844118,0.006471,0.000000,1,0,0
2026-08-20T16:44:05.859,30.643325,155,23,3,7,R3C10,5,12,1.785882,1.792353,-0.006471,0.000000,1,0,0
2026-08-20T16:44:05.859,30.646306,155,24,3,8,R3C11,5,14,1.798823,1.811765,-0.012941,0.000000,1,0,0
2026-08-20T16:44:05.859,30.652271,155,25,4,1,R4C5,7,2,1.785882,1.818235,-0.032353,0.000000,1,0,0
2026-08-20T16:44:05.859,30.660832,155,26,4,2,R4C6,7,4,1.798823,1.811765,-0.012941,0.000000,1,0,0
2026-08-20T16:44:05.860,30.665690,155,27,4,3,R4C7,7,6,1.785882,1.850588,-0.064706,0.000000,1,0,0
2026-08-20T16:44:05.860,30.668548,155,28,4,4,R4C8,7,8,1.837647,1.818235,0.019412,0.000000,1,0,0
2026-08-20T16:44:05.860,30.676086,155,29,4,5,R4C9,7,10,1.837647,1.844118,-0.006471,0.000000,1,0,0
2026-08-20T16:44:05.860,30.677821,155,30,4,6,R4C10,7,12,1.785882,1.805294,-0.019412,0.000000,1,0,0
2026-08-20T16:44:05.860,30.683304,155,31,4,7,R4C11,7,14,1.824706,1.831176,-0.006471,0.000000,1,0,0
2026-08-20T16:44:05.860,30.688286,155,32,4,8,R4C12,7,16,1.785882,1.811765,-0.025882,0.000000,1,0,0
2026-08-20T16:44:05.860,30.693578,155,33,5,1,R5C6,2,4,1.824706,1.785882,0.038823,0.000000,1,0,0
2026-08-20T16:44:05.860,30.699512,155,34,5,2,R5C7,2,6,1.837647,1.818235,0.019412,0.000000,1,0,0
2026-08-20T16:44:05.860,30.704198,155,35,5,3,R5C8,2,8,1.772941,1.831176,-0.058235,0.000000,1,0,0
2026-08-20T16:44:06.176,30.708212,155,36,5,4,R5C9,2,10,1.798823,1.798824,-0.000000,0.000000,1,0,0
2026-08-20T16:44:06.176,30.904357,155,37,5,5,R5C10,2,12,1.798823,1.850588,-0.051765,0.000000,1,0,0
2026-08-20T16:44:06.176,30.906278,155,38,5,6,R5C11,2,14,1.837647,1.831176,0.006471,0.000000,1,0,0
2026-08-20T16:44:06.177,30.907114,155,39,5,7,R5C12,2,16,1.837647,1.837647,0.000000,0.000000,1,0,0
2026-08-20T16:44:06.177,30.911205,155,40,5,8,R5C1,2,1,1.837647,1.831176,0.006471,0.000000,1,0,0
2026-08-20T16:44:06.177,30.917375,155,41,6,1,R6C7,4,6,1.811765,1.837647,-0.025882,0.000000,1,0,0
2026-08-20T16:44:06.177,30.922523,155,42,6,2,R6C8,4,8,1.772941,1.811765,-0.038823,0.000000,1,0,0
2026-08-20T16:44:06.177,30.927895,155,43,6,3,R6C9,4,10,1.850588,1.850588,0.000000,0.000000,1,0,0
2026-08-20T16:44:06.177,30.933768,155,44,6,4,R6C10,4,12,1.798823,1.792353,0.006471,0.000000,1,0,0
2026-08-20T16:44:06.177,30.937513,155,45,6,5,R6C11,4,14,1.811765,1.798823,0.012941,0.000000,1,0,0
2026-08-20T16:44:06.177,30.942273,155,46,6,6,R6C12,4,16,1.850588,1.824706,0.025882,0.000000,1,0,0
2026-08-20T16:44:06.177,30.948327,155,47,6,7,R6C1,4,1,1.760000,1.824706,-0.064706,0.000000,1,0,0
2026-08-20T16:44:06.178,30.953341,155,48,6,8,R6C2,4,3,1.785882,1.772941,0.012941,0.000000,1,0,0
2026-08-20T16:44:06.178,30.959530,155,49,7,1,R7C8,6,8,1.772941,1.785882,-0.012941,0.000000,1,0,0
2026-08-20T16:44:06.178,30.964268,155,50,7,2,R7C9,6,10,1.850588,1.837647,0.012941,0.000000,1,0,0
2026-08-20T16:44:06.178,30.969600,155,51,7,3,R7C10,6,12,1.798823,1.785882,0.012941,0.000000,1,0,0
2026-08-20T16:44:06.451,30.974401,155,52,7,4,R7C11,6,14,1.785882,1.837647,-0.051765,0.000000,1,0,0
2026-08-20T16:44:06.451,31.223799,155,53,7,5,R7C12,6,16,1.811765,1.837647,-0.025882,0.000000,1,0,0
2026-08-20T16:44:06.451,31.225332,155,54,7,6,R7C1,6,1,1.798823,1.805294,-0.006471,0.000000,1,0,0
2026-08-20T16:44:06.451,31.226417,155,55,7,7,R7C2,6,3,1.811765,1.805294,0.006471,0.000000,1,0,0
2026-08-20T16:44:06.451,31.231322,155,56,7,8,R7C3,6,5,1.540000,1.591765,-0.051765,0.000000,1,0,0
2026-08-20T16:44:06.452,31.236365,155,57,8,1,R8C9,8,10,1.850588,1.850588,0.000000,0.000000,1,0,0
2026-08-20T16:44:06.452,31.246035,155,58,8,2,R8C10,8,12,1.837647,1.792353,0.045294,0.000000,1,0,0
2026-08-20T16:44:06.452,31.251082,155,59,8,3,R8C11,8,14,1.811765,1.811765,0.000000,0.000000,1,0,0
2026-08-20T16:44:06.452,31.253710,155,60,8,4,R8C12,8,16,1.785882,1.811765,-0.025882,0.000000,1,0,0
2026-08-20T16:44:06.452,31.261257,155,61,8,5,R8C1,8,1,1.824706,1.811765,0.012941,0.000000,1,0,0
2026-08-20T16:44:06.452,31.262394,155,62,8,6,R8C2,8,3,1.617647,1.630588,-0.012941,0.000000,1,0,0
2026-08-20T16:44:06.454,31.267212,155,63,8,7,R8C3,8,5,0.543529,1.294118,-0.750588,1.000000,1,0,0
2026-08-20T16:44:06.454,31.273334,155,64,8,8,R8C4,8,7,1.811765,1.811765,0.000000,0.000000,1,0,0
2026-08-20T16:44:06.454,31.278289,155,65,9,1,R9C10,10,12,1.811765,1.785882,0.025882,0.000000,1,0,0
2026-08-20T16:44:06.454,31.283743,155,66,9,2,R9C11,10,14,1.798823,1.811765,-0.012941,0.000000,1,0,0
2026-08-20T16:44:06.454,31.288321,155,67,9,3,R9C12,10,16,1.850588,1.837647,0.012941,0.000000,1,0,0
2026-08-20T16:44:06.835,31.294585,155,68,9,4,R9C1,10,1,1.591765,1.514118,0.077647,0.000000,1,0,0
2026-08-20T16:44:06.835,31.515302,155,69,9,5,R9C2,10,3,1.811765,1.811765,0.000000,0.000000,1,0,0
2026-08-20T16:44:06.835,31.516288,155,70,9,6,R9C3,10,5,1.449412,1.222941,0.226471,0.000000,1,0,0
2026-08-20T16:44:06.835,31.521795,155,71,9,7,R9C4,10,7,1.811765,1.779412,0.032353,0.000000,1,0,0
2026-08-20T16:44:06.835,31.527909,155,72,9,8,R9C5,10,2,1.824706,1.811765,0.012941,0.000000,1,0,0
2026-08-20T16:44:06.835,31.534208,155,73,10,1,R10C11,12,14,1.785882,1.785882,0.000000,0.000000,1,0,0
2026-08-20T16:44:06.835,31.537574,155,74,10,2,R10C12,12,16,1.850588,1.824706,0.025882,0.000000,1,0,0
2026-08-20T16:44:06.835,31.542480,155,75,10,3,R10C1,12,1,1.837647,1.805294,0.032353,0.000000,1,0,0
2026-08-20T16:44:06.835,31.548637,155,76,10,4,R10C2,12,3,1.811765,1.811765,0.000000,0.000000,1,0,0
2026-08-20T16:44:06.836,31.552575,155,77,10,5,R10C3,12,5,1.798823,1.792353,0.006471,0.000000,1,0,0
2026-08-20T16:44:06.836,31.558245,155,78,10,6,R10C4,12,7,1.811765,1.785882,0.025882,0.000000,1,0,0
2026-08-20T16:44:06.836,31.563232,155,79,10,7,R10C5,12,2,1.837647,1.785882,0.051765,0.000000,1,0,0
2026-08-20T16:44:06.836,31.568355,155,80,10,8,R10C6,12,4,1.811765,1.772941,0.038823,0.000000,1,0,0
2026-08-20T16:44:06.836,31.574589,155,81,11,1,R11C12,14,16,1.798823,1.798823,0.000000,0.000000,1,0,0
2026-08-20T16:44:06.836,31.578379,155,82,11,2,R11C1,14,1,1.811765,1.811765,0.000000,0.000000,1,0,0
2026-08-20T16:44:06.836,31.583413,155,83,11,3,R11C2,14,3,0.000000,1.332941,-1.332941,1.000000,1,1,0
2026-08-20T16:44:07.121,31.589370,155,84,11,4,R11C3,14,5,1.747059,1.760000,-0.012941,0.000000,1,0,0
2026-08-20T16:44:07.121,31.880951,155,85,11,5,R11C4,14,7,1.760000,1.818235,-0.058235,0.000000,1,0,0
2026-08-20T16:44:07.121,31.882202,155,86,11,6,R11C5,14,2,1.811765,1.798824,0.012941,0.000000,1,0,0
2026-08-20T16:44:07.121,31.883112,155,87,11,7,R11C6,14,4,1.772941,1.779412,-0.006471,0.000000,1,0,0
2026-08-20T16:44:07.121,31.888226,155,88,11,8,R11C7,14,6,1.837647,1.785882,0.051765,0.000000,1,0,0
2026-08-20T16:44:07.121,31.895344,155,89,12,1,R12C1,16,1,1.617647,1.604706,0.012941,0.000000,1,0,0
2026-08-20T16:44:07.122,31.900520,155,90,12,2,R12C2,16,3,1.734118,1.721177,0.012941,0.000000,1,0,0
2026-08-20T16:44:07.122,31.905374,155,91,12,3,R12C3,16,5,1.617647,1.643529,-0.025882,0.000000,1,0,0
2026-08-20T16:44:07.122,31.909375,155,92,12,4,R12C4,16,7,1.798823,1.805294,-0.006471,0.000000,1,0,0
2026-08-20T16:44:07.122,31.914275,155,93,12,5,R12C5,16,2,1.824706,1.824706,-0.000000,0.000000,1,0,0
2026-08-20T16:44:07.122,31.919377,155,94,12,6,R12C6,16,4,1.242353,1.255294,-0.012941,0.000000,1,0,0
2026-08-20T16:44:07.122,31.925347,155,95,12,7,R12C7,16,6,1.643529,1.643529,0.000000,0.000000,1,0,0
2026-08-20T16:44:07.122,31.930367,156,96,12,8,R12C8,16,8,1.785882,1.772941,0.012941,0.000000,1,0,0
2026-08-20T16:44:07.122,31.935370,156,1,1,1,R1C2,1,3,1.811765,1.811765,0.000000,0.000000,1,0,0
2026-08-20T16:44:07.122,31.940353,156,2,1,2,R1C3,1,5,1.785882,1.798823,-0.012941,0.000000,1,0,0
2026-08-20T16:44:07.122,31.945332,156,3,1,3,R1C4,1,7,1.798823,1.798823,0.000000,0.000000,1,0,0
2026-08-20T16:44:07.450,31.951358,156,4,1,4,R1C5,1,2,1.785882,1.785882,0.000000,0.000000,1,0,0
2026-08-20T16:44:07.450,32.160690,156,5,1,5,R1C6,1,4,1.772941,1.785882,-0.012941,0.000000,1,0,0
2026-08-20T16:44:07.450,32.162285,156,6,1,6,R1C7,1,6,1.785882,1.818235,-0.032353,0.000000,1,0,0
2026-08-20T16:44:07.450,32.174361,156,7,1,7,R1C8,1,8,1.811765,1.798823,0.012941,0.000000,1,0,0
2026-08-20T16:44:07.450,32.175275,156,8,1,8,R1C9,1,10,1.824706,1.850588,-0.025882,0.000000,1,0,0
2026-08-20T16:44:07.450,32.180350,156,9,2,1,R2C3,3,5,1.798823,1.792353,0.006471,0.000000,1,0,0
2026-08-20T16:44:07.450,32.185284,156,10,2,2,R2C4,3,7,1.811765,1.805294,0.006471,0.000000,1,0,0
2026-08-20T16:44:07.450,32.190449,156,11,2,3,R2C5,3,2,1.785882,1.785882,0.000000,0.000000,1,0,0
2026-08-20T16:44:07.450,32.197538,156,12,2,4,R2C6,3,4,1.785882,1.805294,-0.019412,0.000000,1,0,0
2026-08-20T16:44:07.450,32.202393,156,13,2,5,R2C7,3,6,1.772941,1.798823,-0.025882,0.000000,1,0,0
2026-08-20T16:44:07.451,32.205552,156,14,2,6,R2C8,3,8,1.772941,1.785882,-0.012941,0.000000,1,0,0
2026-08-20T16:44:07.451,32.211280,156,15,2,7,R2C9,3,10,1.850588,1.785882,0.064706,0.000000,1,0,0
2026-08-20T16:44:07.451,32.216212,156,16,2,8,R2C10,3,12,1.785882,1.798823,-0.012941,0.000000,1,0,0
2026-08-20T16:44:07.451,32.221329,156,17,3,1,R3C4,5,7,1.811765,1.798823,0.012941,0.000000,1,0,0
2026-08-20T16:44:07.451,32.227295,156,18,3,2,R3C5,5,2,1.811765,1.785882,0.025882,0.000000,1,0,0
2026-08-20T16:44:07.451,32.232293,156,19,3,3,R3C6,5,4,1.798823,1.785882,0.012941,0.000000,1,0,0
2026-08-20T16:44:07.451,32.237322,156,20,3,4,R3C7,5,6,1.785882,1.772941,0.012941,0.000000,1,0,0
