timestamp,elapsed_s,round,scan_index,sensor_row,point_in_row,logical_node,physical_row_pin,physical_column_pin,raw_voltage_v,baseline_v,delta_v,signal_0_to_1,baseline_ready,short_below_0_2v
2026-08-17T19:48:52.655,-0.364309,89,64,8,8,R8C4,8,7,1.656471,1.708235,-0.051765,0.000000,1,0
2026-08-17T19:48:52.655,-0.250575,89,65,9,1,R9C10,10,12,1.410588,1.423529,-0.012941,0.000000,1,0
2026-08-17T19:48:52.655,-0.249314,89,66,9,2,R9C11,10,14,1.747059,1.760000,-0.012941,0.000000,1,0
2026-08-17T19:48:52.655,-0.248334,89,67,9,3,R9C12,10,16,1.630588,1.630588,0.000000,0.000000,1,0
2026-08-17T19:48:52.655,-0.243331,89,68,9,4,R9C1,10,1,1.708235,1.695294,0.012941,0.000000,1,0
2026-08-17T19:48:52.655,-0.236483,89,69,9,5,R9C2,10,3,1.138824,1.151765,-0.012941,0.000000,1,0
2026-08-17T19:48:52.655,-0.230766,89,70,9,6,R9C3,10,5,1.798823,1.798823,0.000000,0.000000,1,0
2026-08-17T19:48:52.655,-0.228255,89,71,9,7,R9C4,10,7,1.462353,1.449412,0.012941,0.000000,1,0
2026-08-17T19:48:52.656,-0.222286,89,72,9,8,R9C5,10,2,1.682353,1.669412,0.012941,0.000000,1,0
2026-08-17T19:48:52.656,-0.217328,89,73,10,1,R10C11,12,14,1.824706,1.824706,0.000000,0.000000,1,0
2026-08-17T19:48:52.656,-0.212315,89,74,10,2,R10C12,12,16,1.811765,1.824706,-0.012941,0.000000,1,0
2026-08-17T19:48:52.656,-0.206296,89,75,10,3,R10C1,12,1,1.837647,1.824706,0.012941,0.000000,1,0
2026-08-17T19:48:52.656,-0.201228,89,76,10,4,R10C2,12,3,1.798823,1.811765,-0.012941,0.000000,1,0
2026-08-17T19:48:52.656,-0.196233,89,77,10,5,R10C3,12,5,1.811765,1.811765,0.000000,0.000000,1,0
2026-08-17T19:48:52.656,-0.191326,89,78,10,6,R10C4,12,7,1.824706,1.824706,0.000000,0.000000,1,0
2026-08-17T19:48:52.656,-0.186268,89,79,10,7,R10C5,12,2,1.798823,1.798823,0.000000,0.000000,1,0
2026-08-17T19:48:52.656,-0.180131,89,80,10,8,R10C6,12,4,1.811765,1.811765,0.000000,0.000000,1,0
2026-08-17T19:48:52.841,0.009885,89,81,11,1,R11C12,14,16,0.970588,0.970588,0.000000,0.000000,1,0
2026-08-17T19:48:52.841,0.010686,89,82,11,2,R11C1,14,1,1.837647,1.824706,0.012941,0.000000,1,0
2026-08-17T19:48:52.841,0.011704,89,83,11,3,R11C2,14,3,1.242353,1.255294,-0.012941,0.000000,1,0
2026-08-17T19:48:52.841,0.018085,89,84,11,4,R11C3,14,5,1.798823,1.798823,0.000000,0.000000,1,0
2026-08-17T19:48:52.841,0.023337,89,85,11,5,R11C4,14,7,1.811765,1.811765,0.000000,0.000000,1,0
2026-08-17T19:48:52.842,0.029165,89,86,11,6,R11C5,14,2,1.294118,1.294118,0.000000,0.000000,1,0
2026-08-17T19:48:52.842,0.034528,89,87,11,7,R11C6,14,4,1.643529,1.630588,0.012941,0.000000,1,0
2026-08-17T19:48:52.842,0.037725,89,88,11,8,R11C7,14,6,1.656471,1.721177,-0.064706,0.000000,1,0
2026-08-17T19:48:52.842,0.043784,89,89,12,1,R12C1,16,1,1.811765,1.811765,0.000000,0.000000,1,0
2026-08-17T19:48:52.842,0.048711,89,90,12,2,R12C2,16,3,1.721177,1.708235,0.012941,0.000000,1,0
2026-08-17T19:48:52.842,0.053690,89,91,12,3,R12C3,16,5,1.785882,1.785882,0.000000,0.000000,1,0
2026-08-17T19:48:52.842,0.058674,89,92,12,4,R12C4,16,7,1.772941,1.772941,0.000000,0.000000,1,0
2026-08-17T19:48:52.842,0.063719,89,93,12,5,R12C5,16,2,1.721177,1.734118,-0.012941,0.000000,1,0
2026-08-17T19:48:52.842,0.069694,89,94,12,6,R12C6,16,4,1.772941,1.785882,-0.012941,0.000000,1,0
2026-08-17T19:48:52.842,0.074687,89,95,12,7,R12C7,16,6,0.608235,0.433529,0.174706,0.000000,1,0
2026-08-17T19:48:52.842,0.079658,90,96,12,8,R12C8,16,8,0.000000,0.000000,0.000000,0.000000,1,1
2026-08-17T19:48:53.096,0.089656,90,1,1,1,R1C2,1,3,1.734118,1.747059,-0.012941,0.000000,1,0
2026-08-17T19:48:53.096,0.195307,90,2,1,2,R1C3,1,5,1.760000,1.747059,0.012941,0.000000,1,0
2026-08-17T19:48:53.096,0.196670,90,3,1,3,R1C4,1,7,1.811765,1.811765,0.000000,0.000000,1,0
2026-08-17T19:48:53.096,0.197652,90,4,1,4,R1C5,1,2,1.643529,1.656471,-0.012941,0.000000,1,0
2026-08-17T19:48:53.096,0.202715,90,5,1,5,R1C6,1,4,1.785882,1.785882,0.000000,0.000000,1,0
2026-08-17T19:48:53.096,0.208872,90,6,1,6,R1C7,1,6,1.760000,1.747059,0.012941,0.000000,1,0
2026-08-17T19:48:53.096,0.213452,90,7,1,7,R1C8,1,8,1.540000,1.501176,0.038823,0.000000,1,0
2026-08-17T19:48:53.096,0.219735,90,8,1,8,R1C9,1,10,1.565882,1.552941,0.012941,0.000000,1,0
2026-08-17T19:48:53.096,0.222739,90,9,2,1,R2C3,3,5,1.811765,1.811765,0.000000,0.000000,1,0
2026-08-17T19:48:53.096,0.228695,90,10,2,2,R2C4,3,7,1.332941,1.358824,-0.025882,0.000000,1,0
2026-08-17T19:48:53.096,0.233661,90,11,2,3,R2C5,3,2,1.669412,1.682353,-0.012941,0.000000,1,0
2026-08-17T19:48:53.096,0.238695,90,12,2,4,R2C6,3,4,1.281176,1.242353,0.038823,0.000000,1,0
2026-08-17T19:48:53.096,0.244689,90,13,2,5,R2C7,3,6,1.734118,1.734118,0.000000,0.000000,1,0
2026-08-17T19:48:53.096,0.249746,90,14,2,6,R2C8,3,8,1.371765,1.371765,0.000000,0.000000,1,0
2026-08-17T19:48:53.096,0.254719,90,15,2,7,R2C9,3,10,1.747059,1.734118,0.012941,0.000000,1,0
2026-08-17T19:48:53.096,0.259666,90,16,2,8,R2C10,3,12,1.384706,1.423529,-0.038823,0.000000,1,0
2026-08-17T19:48:53.283,0.265687,90,17,3,1,R3C4,5,7,1.112941,1.112941,0.000000,0.000000,1,0
2026-08-17T19:48:53.283,0.450282,90,18,3,2,R3C5,5,2,1.177647,1.203529,-0.025882,0.000000,1,0
2026-08-17T19:48:53.283,0.451677,90,19,3,3,R3C6,5,4,1.669412,1.682353,-0.012941,0.000000,1,0
2026-08-17T19:48:53.283,0.452605,90,20,3,4,R3C7,5,6,1.630588,1.630588,0.000000,0.000000,1,0
2026-08-17T19:48:53.283,0.456632,90,21,3,5,R3C8,5,8,0.905882,0.918824,-0.012941,0.000000,1,0
2026-08-17T19:48:53.284,0.464375,90,22,3,6,R3C9,5,10,1.268235,1.268235,0.000000,0.000000,1,0
2026-08-17T19:48:53.284,0.469996,90,23,3,7,R3C10,5,12,1.436471,1.462353,-0.025882,0.000000,1,0
2026-08-17T19:48:53.284,0.475069,90,24,3,8,R3C11,5,14,1.785882,1.785882,0.000000,0.000000,1,0
2026-08-17T19:48:53.284,0.477620,90,25,4,1,R4C5,7,2,1.578824,1.643529,-0.064706,0.000000,1,0
2026-08-17T19:48:53.284,0.483625,90,26,4,2,R4C6,7,4,1.475294,1.488235,-0.012941,0.000000,1,0
2026-08-17T19:48:53.284,0.488804,90,27,4,3,R4C7,7,6,1.656471,1.656471,0.000000,0.000000,1,0
2026-08-17T19:48:53.284,0.493617,90,28,4,4,R4C8,7,8,1.177647,1.216471,-0.038823,0.000000,1,0
2026-08-17T19:48:53.284,0.499666,90,29,4,5,R4C9,7,10,0.996471,0.996471,0.000000,0.000000,1,0
2026-08-17T19:48:53.284,0.504670,90,30,4,6,R4C10,7,12,1.798823,1.798823,0.000000,0.000000,1,0
2026-08-17T19:48:53.284,0.509759,90,31,4,7,R4C11,7,14,1.449412,1.384706,0.064706,0.000000,1,0
2026-08-17T19:48:53.284,0.514651,90,32,4,8,R4C12,7,16,1.643529,1.643529,0.000000,0.000000,1,0
2026-08-17T19:48:53.555,0.519634,90,33,5,1,R5C6,2,4,1.811765,1.811765,0.000000,0.000000,1,0
2026-08-17T19:48:53.555,0.638090,90,34,5,2,R5C7,2,6,1.811765,1.811765,0.000000,0.000000,1,0
2026-08-17T19:48:53.555,0.639731,90,35,5,3,R5C8,2,8,1.811765,1.811765,0.000000,0.000000,1,0
2026-08-17T19:48:53.555,0.640644,90,36,5,4,R5C9,2,10,1.798823,1.798823,0.000000,0.000000,1,0
2026-08-17T19:48:53.555,0.645644,90,37,5,5,R5C10,2,12,1.811765,1.811765,0.000000,0.000000,1,0
2026-08-17T19:48:53.555,0.650669,90,38,5,6,R5C11,2,14,1.824706,1.811765,0.012941,0.000000,1,0
2026-08-17T19:48:53.555,0.657372,90,39,5,7,R5C12,2,16,1.824706,1.837647,-0.012941,0.000000,1,0
2026-08-17T19:48:53.555,0.660749,90,40,5,8,R5C1,2,1,1.811765,1.837647,-0.025882,0.000000,1,0
2026-08-17T19:48:53.555,0.666652,90,41,6,1,R6C7,4,6,1.747059,1.747059,0.000000,0.000000,1,0
2026-08-17T19:48:53.555,0.671702,90,42,6,2,R6C8,4,8,1.527059,1.501176,0.025882,0.000000,1,0
2026-08-17T19:48:53.555,0.676752,90,43,6,3,R6C9,4,10,1.837647,1.785882,0.051765,0.000000,1,0
2026-08-17T19:48:53.555,0.681692,90,44,6,4,R6C10,4,12,1.423529,1.423529,0.000000,0.000000,1,0
2026-08-17T19:48:53.555,0.687781,90,45,6,5,R6C11,4,14,1.669412,1.643529,0.025882,0.000000,1,0
2026-08-17T19:48:53.555,0.691814,90,46,6,6,R6C12,4,16,1.384706,1.436471,-0.051765,0.000000,1,0
2026-08-17T19:48:53.555,0.697784,90,47,6,7,R6C1,4,1,1.824706,1.798823,0.025882,0.000000,1,0
2026-08-17T19:48:53.555,0.702674,90,48,6,8,R6C2,4,3,1.307059,1.320000,-0.012941,0.000000,1,0
2026-08-17T19:48:53.743,0.707800,90,49,7,1,R7C8,6,8,1.151765,1.138824,0.012941,0.000000,1,0
2026-08-17T19:48:53.743,0.909743,90,50,7,2,R7C9,6,10,1.501176,1.501176,0.000000,0.000000,1,0
2026-08-17T19:48:53.743,0.910656,90,51,7,3,R7C10,6,12,1.552941,1.578824,-0.025882,0.000000,1,0
2026-08-17T19:48:53.743,0.911703,90,52,7,4,R7C11,6,14,1.747059,1.760000,-0.012941,0.000000,1,0
2026-08-17T19:48:53.743,0.918048,90,53,7,5,R7C12,6,16,1.734118,1.734118,0.000000,0.000000,1,0
2026-08-17T19:48:53.743,0.921654,90,54,7,6,R7C1,6,1,1.837647,1.824706,0.012941,0.000000,1,0
2026-08-17T19:48:53.744,0.928757,90,55,7,7,R7C2,6,3,1.604706,1.604706,0.000000,0.000000,1,0
2026-08-17T19:48:53.744,0.932828,90,56,7,8,R7C3,6,5,1.798823,1.798823,0.000000,0.000000,1,0
2026-08-17T19:48:53.744,0.937668,90,57,8,1,R8C9,8,10,1.785882,1.785882,0.000000,0.000000,1,0
2026-08-17T19:48:53.744,0.942771,90,58,8,2,R8C10,8,12,1.811765,1.811765,0.000000,0.000000,1,0
2026-08-17T19:48:53.744,0.948674,90,59,8,3,R8C11,8,14,1.798823,1.798823,0.000000,0.000000,1,0
2026-08-17T19:48:53.744,0.953817,90,60,8,4,R8C12,8,16,1.501176,1.488235,0.012941,0.000000,1,0
2026-08-17T19:48:53.744,0.958796,90,61,8,5,R8C1,8,1,1.837647,1.824706,0.012941,0.000000,1,0
2026-08-17T19:48:53.744,0.963693,90,62,8,6,R8C2,8,3,1.798823,1.798823,0.000000,0.000000,1,0
2026-08-17T19:48:53.744,0.969674,90,63,8,7,R8C3,8,5,1.785882,1.785882,0.000000,0.000000,1,0
2026-08-17T19:48:53.744,0.973670,90,64,8,8,R8C4,8,7,1.617647,1.708235,-0.090588,0.000000,1,0
2026-08-17T19:48:53.744,0.979660,90,65,9,1,R9C10,10,12,1.410588,1.410588,0.000000,0.000000,1,0
2026-08-17T19:48:54.008,1.090726,90,66,9,2,R9C11,10,14,1.760000,1.760000,0.000000,0.000000,1,0
2026-08-17T19:48:54.008,1.098187,90,67,9,3,R9C12,10,16,1.630588,1.630588,0.000000,0.000000,1,0
2026-08-17T19:48:54.008,1.099637,90,68,9,4,R9C1,10,1,1.695294,1.708235,-0.012941,0.000000,1,0
2026-08-17T19:48:54.008,1.100607,90,69,9,5,R9C2,10,3,1.151765,1.138824,0.012941,0.000000,1,0
2026-08-17T19:48:54.009,1.107632,90,70,9,6,R9C3,10,5,1.798823,1.798823,0.000000,0.000000,1,0
2026-08-17T19:48:54.009,1.112837,90,71,9,7,R9C4,10,7,1.449412,1.449412,0.000000,0.000000,1,0
2026-08-17T19:48:54.009,1.118693,90,72,9,8,R9C5,10,2,1.669412,1.669412,0.000000,0.000000,1,0
2026-08-17T19:48:54.009,1.123701,90,73,10,1,R10C11,12,14,1.824706,1.824706,0.000000,0.000000,1,0
2026-08-17T19:48:54.009,1.127613,90,74,10,2,R10C12,12,16,1.798823,1.811765,-0.012941,0.000000,1,0
2026-08-17T19:48:54.009,1.132798,90,75,10,3,R10C1,12,1,1.837647,1.837647,0.000000,0.000000,1,0
2026-08-17T19:48:54.009,1.138803,90,76,10,4,R10C2,12,3,1.811765,1.811765,0.000000,0.000000,1,0
2026-08-17T19:48:54.009,1.143669,90,77,10,5,R10C3,12,5,1.811765,1.811765,0.000000,0.000000,1,0
2026-08-17T19:48:54.009,1.148687,90,78,10,6,R10C4,12,7,1.824706,1.824706,0.000000,0.000000,1,0
2026-08-17T19:48:54.009,1.153695,90,79,10,7,R10C5,12,2,1.798823,1.798823,0.000000,0.000000,1,0
2026-08-17T19:48:54.009,1.159769,90,80,10,8,R10C6,12,4,1.811765,1.811765,0.000000,0.000000,1,0
2026-08-17T19:48:54.009,1.164707,90,81,11,1,R11C12,14,16,0.970588,0.970588,0.000000,0.000000,1,0
2026-08-17T19:48:54.009,1.169696,90,82,11,2,R11C1,14,1,1.837647,1.824706,0.012941,0.000000,1,0
2026-08-17T19:48:54.197,1.355779,90,83,11,3,R11C2,14,3,1.255294,1.255294,0.000000,0.000000,1,0
2026-08-17T19:48:54.197,1.363567,90,84,11,4,R11C3,14,5,1.798823,1.798823,0.000000,0.000000,1,0
2026-08-17T19:48:54.198,1.364749,90,85,11,5,R11C4,14,7,1.811765,1.811765,0.000000,0.000000,1,0
2026-08-17T19:48:54.198,1.365939,90,86,11,6,R11C5,14,2,1.294118,1.294118,0.000000,0.000000,1,0
2026-08-17T19:48:54.198,1.371682,90,87,11,7,R11C6,14,4,1.630588,1.630588,0.000000,0.000000,1,0
2026-08-17T19:48:54.198,1.378570,90,88,11,8,R11C7,14,6,1.721177,1.708235,0.012941,0.000000,1,0
2026-08-17T19:48:54.198,1.382655,90,89,12,1,R12C1,16,1,1.785882,1.811765,-0.025882,0.000000,1,0
2026-08-17T19:48:54.198,1.386757,90,90,12,2,R12C2,16,3,1.708235,1.708235,0.000000,0.000000,1,0
2026-08-17T19:48:54.198,1.392666,90,91,12,3,R12C3,16,5,1.785882,1.785882,0.000000,0.000000,1,0
2026-08-17T19:48:54.198,1.397727,90,92,12,4,R12C4,16,7,1.772941,1.772941,0.000000,0.000000,1,0
2026-08-17T19:48:54.198,1.402716,90,93,12,5,R12C5,16,2,1.734118,1.721177,0.012941,0.000000,1,0
2026-08-17T19:48:54.198,1.407688,90,94,12,6,R12C6,16,4,1.772941,1.785882,-0.012941,0.000000,1,0
2026-08-17T19:48:54.198,1.413815,90,95,12,7,R12C7,16,6,0.310588,0.556471,-0.245882,0.833887,1,0
2026-08-17T19:48:54.198,1.418726,91,96,12,8,R12C8,16,8,0.000000,0.000000,0.000000,0.000000,1,1
2026-08-17T19:48:54.198,1.423809,91,1,1,1,R1C2,1,3,1.747059,1.734118,0.012941,0.000000,1,0
2026-08-17T19:48:54.198,1.428693,91,2,1,2,R1C3,1,5,1.760000,1.760000,0.000000,0.000000,1,0
2026-08-17T19:48:54.451,1.433684,91,3,1,3,R1C4,1,7,1.811765,1.811765,0.000000,0.000000,1,0
2026-08-17T19:48:54.451,1.552157,91,4,1,4,R1C5,1,2,1.643529,1.656471,-0.012941,0.000000,1,0
2026-08-17T19:48:54.451,1.553672,91,5,1,5,R1C6,1,4,1.785882,1.785882,0.000000,0.000000,1,0
2026-08-17T19:48:54.451,1.554615,91,6,1,6,R1C7,1,6,1.760000,1.760000,0.000000,0.000000,1,0
2026-08-17T19:48:54.451,1.559677,91,7,1,7,R1C8,1,8,1.514118,1.501176,0.012941,0.000000,1,0
2026-08-17T19:48:54.451,1.564629,91,8,1,8,R1C9,1,10,1.591765,1.565882,0.025882,0.000000,1,0
2026-08-17T19:48:54.451,1.572151,91,9,2,1,R2C3,3,5,1.798823,1.811765,-0.012941,0.000000,1,0
2026-08-17T19:48:54.451,1.577095,91,10,2,2,R2C4,3,7,1.320000,1.332941,-0.012941,0.000000,1,0
2026-08-17T19:48:54.451,1.579706,91,11,2,3,R2C5,3,2,1.669412,1.682353,-0.012941,0.000000,1,0
2026-08-17T19:48:54.451,1.585645,91,12,2,4,R2C6,3,4,1.281176,1.281176,0.000000,0.000000,1,0
2026-08-17T19:48:54.451,1.590768,91,13,2,5,R2C7,3,6,1.734118,1.734118,0.000000,0.000000,1,0
2026-08-17T19:48:54.451,1.595733,91,14,2,6,R2C8,3,8,1.371765,1.371765,0.000000,0.000000,1,0
2026-08-17T19:48:54.451,1.601814,91,15,2,7,R2C9,3,10,1.721177,1.734118,-0.012941,0.000000,1,0
2026-08-17T19:48:54.451,1.606853,91,16,2,8,R2C10,3,12,1.384706,1.410588,-0.025882,0.000000,1,0
2026-08-17T19:48:54.452,1.611697,91,17,3,1,R3C4,5,7,1.125882,1.112941,0.012941,0.000000,1,0
2026-08-17T19:48:54.452,1.616711,91,18,3,2,R3C5,5,2,1.190588,1.203529,-0.012941,0.000000,1,0
2026-08-17T19:48:54.452,1.621620,91,19,3,3,R3C6,5,4,1.695294,1.669412,0.025882,0.000000,1,0
2026-08-17T19:48:54.634,1.798015,91,20,3,4,R3C7,5,6,1.630588,1.630588,0.000000,0.000000,1,0
2026-08-17T19:48:54.634,1.804875,91,21,3,5,R3C8,5,8,0.918824,0.918824,0.000000,0.000000,1,0
2026-08-17T19:48:54.634,1.806726,91,22,3,6,R3C9,5,10,1.255294,1.268235,-0.012941,0.000000,1,0
2026-08-17T19:48:54.634,1.807665,91,23,3,7,R3C10,5,12,1.488235,1.462353,0.025882,0.000000,1,0
2026-08-17T19:48:54.634,1.814769,91,24,3,8,R3C11,5,14,1.785882,1.785882,0.000000,0.000000,1,0
2026-08-17T19:48:54.634,1.821589,91,25,4,1,R4C5,7,2,1.630588,1.578824,0.051765,0.000000,1,0
2026-08-17T19:48:54.634,1.824676,91,26,4,2,R4C6,7,4,1.475294,1.475294,0.000000,0.000000,1,0
2026-08-17T19:48:54.634,1.829737,91,27,4,3,R4C7,7,6,1.656471,1.656471,0.000000,0.000000,1,0
2026-08-17T19:48:54.634,1.834644,91,28,4,4,R4C8,7,8,1.190588,1.203529,-0.012941,0.000000,1,0
2026-08-17T19:48:54.634,1.840878,91,29,4,5,R4C9,7,10,0.996471,0.996471,0.000000,0.000000,1,0
2026-08-17T19:48:54.635,1.845730,91,30,4,6,R4C10,7,12,1.798823,1.798823,0.000000,0.000000,1,0
2026-08-17T19:48:54.635,1.850751,91,31,4,7,R4C11,7,14,1.501176,1.423529,0.077647,0.000000,1,0
2026-08-17T19:48:54.635,1.855706,91,32,4,8,R4C12,7,16,1.643529,1.643529,0.000000,0.000000,1,0
2026-08-17T19:48:54.635,1.860696,91,33,5,1,R5C6,2,4,1.811765,1.811765,0.000000,0.000000,1,0
2026-08-17T19:48:54.635,1.866715,91,34,5,2,R5C7,2,6,1.811765,1.811765,0.000000,0.000000,1,0
2026-08-17T19:48:54.635,1.871878,91,35,5,3,R5C8,2,8,1.811765,1.811765,0.000000,0.000000,1,0
2026-08-17T19:48:54.635,1.876696,91,36,5,4,R5C9,2,10,1.785882,1.798823,-0.012941,0.000000,1,0
2026-08-17T19:48:54.889,1.981379,91,37,5,5,R5C10,2,12,1.824706,1.811765,0.012941,0.000000,1,0
2026-08-17T19:48:54.889,1.988695,91,38,5,6,R5C11,2,14,1.811765,1.811765,0.000000,0.000000,1,0
2026-08-17T19:48:54.889,1.989659,91,39,5,7,R5C12,2,16,1.811765,1.824706,-0.012941,0.000000,1,0
2026-08-17T19:48:54.889,1.991705,91,40,5,8,R5C1,2,1,1.811765,1.837647,-0.025882,0.000000,1,0
2026-08-17T19:48:54.889,1.997761,91,41,6,1,R6C7,4,6,1.747059,1.747059,0.000000,0.000000,1,0
2026-08-17T19:48:54.889,2.003094,91,42,6,2,R6C8,4,8,1.540000,1.501176,0.038823,0.000000,1,0
2026-08-17T19:48:54.890,2.008754,91,43,6,3,R6C9,4,10,1.785882,1.824706,-0.038823,0.000000,1,0
2026-08-17T19:48:54.890,2.014693,91,44,6,4,R6C10,4,12,1.449412,1.423529,0.025882,0.000000,1,0
2026-08-17T19:48:54.890,2.017695,91,45,6,5,R6C11,4,14,1.721177,1.643529,0.077647,0.000000,1,0
2026-08-17T19:48:54.890,2.023766,91,46,6,6,R6C12,4,16,1.410588,1.423529,-0.012941,0.000000,1,0
2026-08-17T19:48:54.890,2.028707,91,47,6,7,R6C1,4,1,1.811765,1.824706,-0.012941,0.000000,1,0
2026-08-17T19:48:54.890,2.033749,91,48,6,8,R6C2,4,3,1.307059,1.320000,-0.012941,0.000000,1,0
2026-08-17T19:48:54.890,2.038648,91,49,7,1,R7C8,6,8,1.138824,1.151765,-0.012941,0.000000,1,0
2026-08-17T19:48:54.890,2.044748,91,50,7,2,R7C9,6,10,1.514118,1.501176,0.012941,0.000000,1,0
2026-08-17T19:48:54.890,2.049782,91,51,7,3,R7C10,6,12,1.682353,1.565882,0.116471,0.000000,1,0
2026-08-17T19:48:54.890,2.054743,91,52,7,4,R7C11,6,14,1.760000,1.747059,0.012941,0.000000,1,0
2026-08-17T19:48:55.071,2.059721,91,53,7,5,R7C12,6,16,1.721177,1.734118,-0.012941,0.000000,1,0
2026-08-17T19:48:55.071,2.243427,91,54,7,6,R7C1,6,1,1.798823,1.824706,-0.025882,0.000000,1,0
2026-08-17T19:48:55.071,2.244706,91,55,7,7,R7C2,6,3,1.604706,1.604706,0.000000,0.000000,1,0
2026-08-17T19:48:55.072,2.245673,91,56,7,8,R7C3,6,5,1.798823,1.798823,0.000000,0.000000,1,0
2026-08-17T19:48:55.072,2.251226,91,57,8,1,R8C9,8,10,1.798823,1.785882,0.012941,0.000000,1,0
2026-08-17T19:48:55.072,2.256682,91,58,8,2,R8C10,8,12,1.811765,1.811765,0.000000,0.000000,1,0
2026-08-17T19:48:55.072,2.262588,91,59,8,3,R8C11,8,14,1.798823,1.798823,0.000000,0.000000,1,0
2026-08-17T19:48:55.072,2.267560,91,60,8,4,R8C12,8,16,1.436471,1.501176,-0.064706,0.000000,1,0
2026-08-17T19:48:55.072,2.271752,91,61,8,5,R8C1,8,1,1.837647,1.837647,0.000000,0.000000,1,0
2026-08-17T19:48:55.072,2.276679,91,62,8,6,R8C2,8,3,1.798823,1.798823,0.000000,0.000000,1,0
2026-08-17T19:48:55.072,2.281695,91,63,8,7,R8C3,8,5,1.785882,1.785882,0.000000,0.000000,1,0
2026-08-17T19:48:55.072,2.287695,91,64,8,8,R8C4,8,7,1.617647,1.656471,-0.038823,0.000000,1,0
2026-08-17T19:48:55.072,2.292701,91,65,9,1,R9C10,10,12,0.543529,1.410588,-0.867059,1.000000,1,0
2026-08-17T19:48:55.072,2.297710,91,66,9,2,R9C11,10,14,1.747059,1.760000,-0.012941,0.000000,1,0
2026-08-17T19:48:55.072,2.302656,91,67,9,3,R9C12,10,16,1.643529,1.630588,0.012941,0.000000,1,0
2026-08-17T19:48:55.072,2.307736,91,68,9,4,R9C1,10,1,1.656471,1.708235,-0.051765,0.000000,1,0
2026-08-17T19:48:55.072,2.313737,91,69,9,5,R9C2,10,3,1.138824,1.151765,-0.012941,0.000000,1,0
2026-08-17T19:48:55.330,2.418765,91,70,9,6,R9C3,10,5,1.798823,1.798823,0.000000,0.000000,1,0
2026-08-17T19:48:55.330,2.425979,91,71,9,7,R9C4,10,7,1.501176,1.449412,0.051765,0.000000,1,0
2026-08-17T19:48:55.330,2.427726,91,72,9,8,R9C5,10,2,1.669412,1.669412,0.000000,0.000000,1,0
2026-08-17T19:48:55.330,2.428646,91,73,10,1,R10C11,12,14,1.824706,1.824706,0.000000,0.000000,1,0
2026-08-17T19:48:55.330,2.435715,91,74,10,2,R10C12,12,16,1.837647,1.798823,0.038824,0.000000,1,0
2026-08-17T19:48:55.330,2.441889,91,75,10,3,R10C1,12,1,1.837647,1.837647,0.000000,0.000000,1,0
2026-08-17T19:48:55.330,2.446333,91,76,10,4,R10C2,12,3,1.798823,1.811765,-0.012941,0.000000,1,0
2026-08-17T19:48:55.330,2.452762,91,77,10,5,R10C3,12,5,1.798823,1.811765,-0.012941,0.000000,1,0
2026-08-17T19:48:55.331,2.455748,91,78,10,6,R10C4,12,7,1.824706,1.824706,0.000000,0.000000,1,0
2026-08-17T19:48:55.331,2.460707,91,79,10,7,R10C5,12,2,1.785882,1.798823,-0.012941,0.000000,1,0
2026-08-17T19:48:55.331,2.466757,91,80,10,8,R10C6,12,4,1.811765,1.811765,0.000000,0.000000,1,0
2026-08-17T19:48:55.331,2.471882,91,81,11,1,R11C12,14,16,1.177647,0.970588,0.207059,0.000000,1,0
2026-08-17T19:48:55.331,2.476776,91,82,11,2,R11C1,14,1,1.824706,1.837647,-0.012941,0.000000,1,0
2026-08-17T19:48:55.331,2.481755,91,83,11,3,R11C2,14,3,1.268235,1.255294,0.012941,0.000000,1,0
2026-08-17T19:48:55.331,2.487847,91,84,11,4,R11C3,14,5,1.798823,1.798823,0.000000,0.000000,1,0
2026-08-17T19:48:55.331,2.491701,91,85,11,5,R11C4,14,7,1.811765,1.811765,0.000000,0.000000,1,0
2026-08-17T19:48:55.331,2.497794,91,86,11,6,R11C5,14,2,1.371765,1.294118,0.077647,0.000000,1,0
2026-08-17T19:48:55.515,2.677586,91,87,11,7,R11C6,14,4,1.798823,1.630588,0.168235,0.000000,1,0
2026-08-17T19:48:55.515,2.685249,91,88,11,8,R11C7,14,6,1.294118,1.708235,-0.414118,0.264069,1,0
2026-08-17T19:48:55.516,2.686745,91,89,12,1,R12C1,16,1,1.824706,1.811765,0.012941,0.000000,1,0
2026-08-17T19:48:55.516,2.687628,91,90,12,2,R12C2,16,3,1.734118,1.708235,0.025882,0.000000,1,0
2026-08-17T19:48:55.516,2.693733,91,91,12,3,R12C3,16,5,1.785882,1.785882,0.000000,0.000000,1,0
2026-08-17T19:48:55.516,2.699343,91,92,12,4,R12C4,16,7,1.798823,1.772941,0.025882,0.000000,1,0
2026-08-17T19:48:55.516,2.704919,91,93,12,5,R12C5,16,2,1.747059,1.721177,0.025882,0.000000,1,0
2026-08-17T19:48:55.516,2.709971,91,94,12,6,R12C6,16,4,1.811765,1.772941,0.038823,0.000000,1,0
2026-08-17T19:48:55.516,2.713661,91,95,12,7,R12C7,16,6,1.785882,0.556471,1.229412,0.000000,1,0
2026-08-17T19:48:55.516,2.719808,92,96,12,8,R12C8,16,8,0.000000,0.000000,0.000000,0.000000,1,1
2026-08-17T19:48:55.516,2.724787,92,1,1,1,R1C2,1,3,1.785882,1.734118,0.051765,0.000000,1,0
2026-08-17T19:48:55.516,2.729712,92,2,1,2,R1C3,1,5,1.734118,1.760000,-0.025882,0.000000,1,0
2026-08-17T19:48:55.516,2.734674,92,3,1,3,R1C4,1,7,1.811765,1.811765,0.000000,0.000000,1,0
2026-08-17T19:48:55.516,2.740825,92,4,1,4,R1C5,1,2,1.514118,1.643529,-0.129412,0.000000,1,0
2026-08-17T19:48:55.516,2.745732,92,5,1,5,R1C6,1,4,1.798823,1.785882,0.012941,0.000000,1,0
2026-08-17T19:48:55.516,2.750666,92,6,1,6,R1C7,1,6,1.669412,1.760000,-0.090588,0.000000,1,0
2026-08-17T19:48:55.771,2.755822,92,7,1,7,R1C8,1,8,1.591765,1.514118,0.077647,0.000000,1,0
2026-08-17T19:48:55.771,2.869252,92,8,1,8,R1C9,1,10,1.798823,1.565882,0.232941,0.000000,1,0
2026-08-17T19:48:55.771,2.870673,92,9,2,1,R2C3,3,5,1.824706,1.811765,0.012941,0.000000,1,0
2026-08-17T19:48:55.771,2.871631,92,10,2,2,R2C4,3,7,1.669412,1.332941,0.336471,0.000000,1,0
2026-08-17T19:48:55.771,2.876650,92,11,2,3,R2C5,3,2,1.656471,1.669412,-0.012941,0.000000,1,0
2026-08-17T19:48:55.771,2.882804,92,12,2,4,R2C6,3,4,1.281176,1.281176,0.000000,0.000000,1,0
2026-08-17T19:48:55.771,2.887738,92,13,2,5,R2C7,3,6,1.824706,1.734118,0.090588,0.000000,1,0
2026-08-17T19:48:55.771,2.892675,92,14,2,6,R2C8,3,8,1.061176,1.371765,-0.310588,0.218329,1,0
2026-08-17T19:48:55.771,2.897675,92,15,2,7,R2C9,3,10,1.837647,1.734118,0.103529,0.000000,1,0
2026-08-17T19:48:55.771,2.902682,92,16,2,8,R2C10,3,12,1.436471,1.384706,0.051765,0.000000,1,0
2026-08-17T19:48:55.771,2.907702,92,17,3,1,R3C4,5,7,0.905882,1.112941,-0.207059,0.102990,1,0
2026-08-17T19:48:55.771,2.912701,92,18,3,2,R3C5,5,2,1.410588,1.190588,0.220000,0.000000,1,0
2026-08-17T19:48:55.771,2.918683,92,19,3,3,R3C6,5,4,1.772941,1.682353,0.090588,0.000000,1,0
2026-08-17T19:48:55.772,2.923744,92,20,3,4,R3C7,5,6,1.785882,1.630588,0.155294,0.000000,1,0
2026-08-17T19:48:55.772,2.928713,92,21,3,5,R3C8,5,8,1.695294,0.918824,0.776471,0.000000,1,0
2026-08-17T19:48:55.772,2.933684,92,22,3,6,R3C9,5,10,1.294118,1.268235,0.025882,0.000000,1,0
2026-08-17T19:48:55.772,2.938711,92,23,3,7,R3C10,5,12,1.811765,1.462353,0.349412,0.000000,1,0
2026-08-17T19:48:55.956,3.118082,92,24,3,8,R3C11,5,14,1.811765,1.785882,0.025882,0.000000,1,0
2026-08-17T19:48:55.956,3.124912,92,25,4,1,R4C5,7,2,1.669412,1.578824,0.090588,0.000000,1,0
2026-08-17T19:48:55.956,3.126660,92,26,4,2,R4C6,7,4,1.527059,1.475294,0.051765,0.000000,1,0
2026-08-17T19:48:55.956,3.128635,92,27,4,3,R4C7,7,6,1.501176,1.656471,-0.155294,0.000000,1,0
2026-08-17T19:48:55.956,3.134630,92,28,4,4,R4C8,7,8,1.772941,1.190588,0.582353,0.000000,1,0
2026-08-17T19:48:55.956,3.141739,92,29,4,5,R4C9,7,10,1.294118,0.996471,0.297647,0.000000,1,0
2026-08-17T19:48:55.956,3.144668,92,30,4,6,R4C10,7,12,1.087059,1.798823,-0.711765,0.701953,1,0
2026-08-17T19:48:55.956,3.149734,92,31,4,7,R4C11,7,14,1.565882,1.449412,0.116471,0.000000,1,0
2026-08-17T19:48:55.957,3.155778,92,32,4,8,R4C12,7,16,1.630588,1.643529,-0.012941,0.000000,1,0
2026-08-17T19:48:55.957,3.160737,92,33,5,1,R5C6,2,4,1.811765,1.811765,0.000000,0.000000,1,0
2026-08-17T19:48:55.957,3.165752,92,34,5,2,R5C7,2,6,1.811765,1.811765,0.000000,0.000000,1,0
2026-08-17T19:48:55.957,3.170686,92,35,5,3,R5C8,2,8,1.811765,1.811765,0.000000,0.000000,1,0
2026-08-17T19:48:55.957,3.175685,92,36,5,4,R5C9,2,10,1.811765,1.798823,0.012941,0.000000,1,0
2026-08-17T19:48:55.957,3.181776,92,37,5,5,R5C10,2,12,1.824706,1.811765,0.012941,0.000000,1,0
2026-08-17T19:48:55.957,3.186741,92,38,5,6,R5C11,2,14,1.824706,1.811765,0.012941,0.000000,1,0
2026-08-17T19:48:55.957,3.191682,92,39,5,7,R5C12,2,16,1.824706,1.824706,0.000000,0.000000,1,0
2026-08-17T19:48:56.220,3.196645,92,40,5,8,R5C1,2,1,1.772941,1.811765,-0.038823,0.000000,1,0
2026-08-17T19:48:56.220,3.309922,92,41,6,1,R6C7,4,6,1.760000,1.747059,0.012941,0.000000,1,0
2026-08-17T19:48:56.220,3.311688,92,42,6,2,R6C8,4,8,1.785882,1.527059,0.258824,0.000000,1,0
2026-08-17T19:48:56.220,3.312649,92,43,6,3,R6C9,4,10,1.811765,1.785882,0.025882,0.000000,1,0
2026-08-17T19:48:56.220,3.317068,92,44,6,4,R6C10,4,12,1.656471,1.423529,0.232941,0.000000,1,0
2026-08-17T19:48:56.220,3.323794,92,45,6,5,R6C11,4,14,1.760000,1.669412,0.090588,0.000000,1,0
2026-08-17T19:48:56.221,3.327816,92,46,6,6,R6C12,4,16,0.854118,1.410588,-0.556471,0.698558,1,0
2026-08-17T19:48:56.221,3.333698,92,47,6,7,R6C1,4,1,1.760000,1.824706,-0.064706,0.000000,1,0
2026-08-17T19:48:56.221,3.337696,92,48,6,8,R6C2,4,3,1.358824,1.307059,0.051765,0.000000,1,0
2026-08-17T19:48:56.221,3.343666,92,49,7,1,R7C8,6,8,1.824706,1.138824,0.685882,0.000000,1,0
2026-08-17T19:48:56.221,3.348692,92,50,7,2,R7C9,6,10,1.837647,1.501176,0.336471,0.000000,1,0
2026-08-17T19:48:56.221,3.353709,92,51,7,3,R7C10,6,12,1.837647,1.578824,0.258824,0.000000,1,0
2026-08-17T19:48:56.221,3.358739,92,52,7,4,R7C11,6,14,1.850588,1.760000,0.090588,0.000000,1,0
2026-08-17T19:48:56.221,3.363678,92,53,7,5,R7C12,6,16,1.811765,1.734118,0.077647,0.000000,1,0
2026-08-17T19:48:56.221,3.369747,92,54,7,6,R7C1,6,1,1.811765,1.824706,-0.012941,0.000000,1,0
2026-08-17T19:48:56.221,3.374826,92,55,7,7,R7C2,6,3,1.811765,1.604706,0.207059,0.000000,1,0
2026-08-17T19:48:56.402,3.379736,92,56,7,8,R7C3,6,5,1.824706,1.798823,0.025882,0.000000,1,0
2026-08-17T19:48:56.402,3.574307,92,57,8,1,R8C9,8,10,1.824706,1.785882,0.038823,0.000000,1,0
2026-08-17T19:48:56.402,3.575674,92,58,8,2,R8C10,8,12,1.811765,1.811765,0.000000,0.000000,1,0
2026-08-17T19:48:56.402,3.576661,92,59,8,3,R8C11,8,14,1.811765,1.798823,0.012941,0.000000,1,0
2026-08-17T19:48:56.402,3.581671,92,60,8,4,R8C12,8,16,1.345882,1.501176,-0.155294,0.000000,1,0
2026-08-17T19:48:56.402,3.587700,92,61,8,5,R8C1,8,1,1.837647,1.837647,0.000000,0.000000,1,0
2026-08-17T19:48:56.403,3.592644,92,62,8,6,R8C2,8,3,1.798823,1.798823,0.000000,0.000000,1,0
2026-08-17T19:48:56.403,3.598675,92,63,8,7,R8C3,8,5,1.824706,1.785882,0.038823,0.000000,1,0
2026-08-17T19:48:56.403,3.601681,92,64,8,8,R8C4,8,7,1.824706,1.617647,0.207059,0.000000,1,0
2026-08-17T19:48:56.403,3.607651,92,65,9,1,R9C10,10,12,0.608235,1.410588,-0.802353,1.000000,1,0
2026-08-17T19:48:56.403,3.612712,92,66,9,2,R9C11,10,14,1.798823,1.747059,0.051765,0.000000,1,0
2026-08-17T19:48:56.403,3.617699,92,67,9,3,R9C12,10,16,0.957647,1.630588,-0.672941,0.750567,1,0
2026-08-17T19:48:56.403,3.623731,92,68,9,4,R9C1,10,1,1.785882,1.695294,0.090588,0.000000,1,0
2026-08-17T19:48:56.403,3.628712,92,69,9,5,R9C2,10,3,1.332941,1.138824,0.194118,0.000000,1,0
2026-08-17T19:48:56.403,3.633681,92,70,9,6,R9C3,10,5,1.785882,1.798823,-0.012941,0.000000,1,0
2026-08-17T19:48:56.403,3.638681,92,71,9,7,R9C4,10,7,1.229412,1.462353,-0.232941,0.026549,1,0
2026-08-17T19:48:56.403,3.644678,92,72,9,8,R9C5,10,2,1.772941,1.669412,0.103529,0.000000,1,0
2026-08-17T19:48:56.661,3.757159,92,73,10,1,R10C11,12,14,1.824706,1.824706,0.000000,0.000000,1,0
2026-08-17T19:48:56.661,3.758848,92,74,10,2,R10C12,12,16,1.811765,1.811765,0.000000,0.000000,1,0
2026-08-17T19:48:56.661,3.759686,92,75,10,3,R10C1,12,1,1.785882,1.837647,-0.051765,0.000000,1,0
2026-08-17T19:48:56.661,3.765460,92,76,10,4,R10C2,12,3,1.811765,1.798823,0.012941,0.000000,1,0
2026-08-17T19:48:56.661,3.770824,92,77,10,5,R10C3,12,5,1.824706,1.811765,0.012941,0.000000,1,0
2026-08-17T19:48:56.661,3.776508,92,78,10,6,R10C4,12,7,1.824706,1.824706,0.000000,0.000000,1,0
2026-08-17T19:48:56.661,3.781596,92,79,10,7,R10C5,12,2,1.811765,1.798823,0.012941,0.000000,1,0
2026-08-17T19:48:56.661,3.784746,92,80,10,8,R10C6,12,4,1.811765,1.811765,0.000000,0.000000,1,0
2026-08-17T19:48:56.662,3.790864,92,81,11,1,R11C12,14,16,1.669412,0.970588,0.698824,0.000000,1,0
2026-08-17T19:48:56.662,3.795772,92,82,11,2,R11C1,14,1,1.760000,1.837647,-0.077647,0.000000,1,0
2026-08-17T19:48:56.662,3.800766,92,83,11,3,R11C2,14,3,0.595294,1.255294,-0.660000,1.000000,1,0
2026-08-17T19:48:56.662,3.806788,92,84,11,4,R11C3,14,5,1.734118,1.798823,-0.064706,0.000000,1,0
2026-08-17T19:48:56.662,3.810720,92,85,11,5,R11C4,14,7,1.358824,1.811765,-0.452941,0.285714,1,0
2026-08-17T19:48:56.662,3.816760,92,86,11,6,R11C5,14,2,1.022353,1.294118,-0.271765,0.171429,1,0
2026-08-17T19:48:56.662,3.821781,92,87,11,7,R11C6,14,4,0.996471,1.643529,-0.647059,0.696288,1,0
2026-08-17T19:48:56.662,3.826740,92,88,11,8,R11C7,14,6,1.449412,1.708235,-0.258824,0.004329,1,0
2026-08-17T19:48:56.843,3.837973,92,89,12,1,R12C1,16,1,1.824706,1.811765,0.012941,0.000000,1,0
2026-08-17T19:48:56.843,4.015468,92,90,12,2,R12C2,16,3,1.747059,1.721177,0.025882,0.000000,1,0
2026-08-17T19:48:56.844,4.016676,92,91,12,3,R12C3,16,5,1.798823,1.785882,0.012941,0.000000,1,0
2026-08-17T19:48:56.844,4.017662,92,92,12,4,R12C4,16,7,1.760000,1.772941,-0.012941,0.000000,1,0
2026-08-17T19:48:56.844,4.022866,92,93,12,5,R12C5,16,2,1.604706,1.734118,-0.129412,0.000000,1,0
2026-08-17T19:48:56.844,4.029793,92,94,12,6,R12C6,16,4,1.656471,1.772941,-0.116471,0.000000,1,0
2026-08-17T19:48:56.844,4.033988,92,95,12,7,R12C7,16,6,1.811765,1.197059,0.614706,0.000000,1,0
2026-08-17T19:48:56.844,4.039705,93,96,12,8,R12C8,16,8,0.000000,0.000000,0.000000,0.000000,1,1
2026-08-17T19:48:56.844,4.043722,93,1,1,1,R1C2,1,3,1.708235,1.747059,-0.038824,0.000000,1,0
2026-08-17T19:48:56.844,4.048796,93,2,1,2,R1C3,1,5,1.798823,1.760000,0.038823,0.000000,1,0
2026-08-17T19:48:56.844,4.053738,93,3,1,3,R1C4,1,7,1.811765,1.811765,0.000000,0.000000,1,0
2026-08-17T19:48:56.844,4.059794,93,4,1,4,R1C5,1,2,1.617647,1.643529,-0.025882,0.000000,1,0
2026-08-17T19:48:56.844,4.064770,93,5,1,5,R1C6,1,4,1.578824,1.785882,-0.207059,0.000000,1,0
2026-08-17T19:48:56.844,4.069857,93,6,1,6,R1C7,1,6,1.811765,1.760000,0.051765,0.000000,1,0
2026-08-17T19:48:56.844,4.074768,93,7,1,7,R1C8,1,8,1.527059,1.540000,-0.012941,0.000000,1,0
2026-08-17T19:48:56.844,4.079660,93,8,1,8,R1C9,1,10,1.811765,1.591765,0.220000,0.000000,1,0
2026-08-17T19:48:57.095,4.085688,93,9,2,1,R2C3,3,5,1.811765,1.811765,0.000000,0.000000,1,0
2026-08-17T19:48:57.095,4.197161,93,10,2,2,R2C4,3,7,1.747059,1.332941,0.414118,0.000000,1,0
2026-08-17T19:48:57.096,4.198655,93,11,2,3,R2C5,3,2,1.747059,1.669412,0.077647,0.000000,1,0
2026-08-17T19:48:57.096,4.199635,93,12,2,4,R2C6,3,4,1.294118,1.281176,0.012941,0.000000,1,0
2026-08-17T19:48:57.096,4.204673,93,13,2,5,R2C7,3,6,1.811765,1.734118,0.077647,0.000000,1,0
2026-08-17T19:48:57.096,4.210777,93,14,2,6,R2C8,3,8,0.672941,1.371765,-0.698824,1.000000,1,0
2026-08-17T19:48:57.096,4.215821,93,15,2,7,R2C9,3,10,1.798823,1.747059,0.051765,0.000000,1,0
2026-08-17T19:48:57.096,4.220712,93,16,2,8,R2C10,3,12,1.591765,1.384706,0.207059,0.000000,1,0
2026-08-17T19:48:57.096,4.225766,93,17,3,1,R3C4,5,7,1.747059,1.112941,0.634118,0.000000,1,0
2026-08-17T19:48:57.096,4.230715,93,18,3,2,R3C5,5,2,1.100000,1.190588,-0.090588,0.000000,1,0
2026-08-17T19:48:57.096,4.235692,93,19,3,3,R3C6,5,4,1.721177,1.695294,0.025882,0.000000,1,0
2026-08-17T19:48:57.096,4.240647,93,20,3,4,R3C7,5,6,1.811765,1.630588,0.181176,0.000000,1,0
2026-08-17T19:48:57.096,4.245644,93,21,3,5,R3C8,5,8,1.177647,0.918824,0.258824,0.000000,1,0
2026-08-17T19:48:57.096,4.251660,93,22,3,6,R3C9,5,10,1.268235,1.268235,0.000000,0.000000,1,0
2026-08-17T19:48:57.096,4.256668,93,23,3,7,R3C10,5,12,0.957647,1.488235,-0.530588,0.590062,1,0
2026-08-17T19:48:57.096,4.261652,93,24,3,8,R3C11,5,14,1.734118,1.785882,-0.051765,0.000000,1,0
2026-08-17T19:48:57.282,4.266649,93,25,4,1,R4C5,7,2,1.760000,1.630588,0.129412,0.000000,1,0
2026-08-17T19:48:57.282,4.450264,93,26,4,2,R4C6,7,4,1.514118,1.475294,0.038823,0.000000,1,0
2026-08-17T19:48:57.282,4.451753,93,27,4,3,R4C7,7,6,1.229412,1.656471,-0.427059,0.308036,1,0
2026-08-17T19:48:57.282,4.452734,93,28,4,4,R4C8,7,8,1.527059,1.190588,0.336471,0.000000,1,0
2026-08-17T19:48:57.282,4.457682,93,29,4,5,R4C9,7,10,1.307059,0.996471,0.310588,0.000000,1,0
2026-08-17T19:48:57.282,4.462664,93,30,4,6,R4C10,7,12,1.203529,1.798823,-0.595294,0.516958,1,0
2026-08-17T19:48:57.282,4.470495,93,31,4,7,R4C11,7,14,1.242353,1.501176,-0.258824,0.064039,1,0
2026-08-17T19:48:57.282,4.472771,93,32,4,8,R4C12,7,16,1.643529,1.643529,0.000000,0.000000,1,0
2026-08-17T19:48:57.282,4.478723,93,33,5,1,R5C6,2,4,1.811765,1.811765,0.000000,0.000000,1,0
2026-08-17T19:48:57.282,4.483750,93,34,5,2,R5C7,2,6,1.811765,1.811765,0.000000,0.000000,1,0
2026-08-17T19:48:57.282,4.488705,93,35,5,3,R5C8,2,8,1.811765,1.811765,0.000000,0.000000,1,0
2026-08-17T19:48:57.282,4.493690,93,36,5,4,R5C9,2,10,1.811765,1.798823,0.012941,0.000000,1,0
2026-08-17T19:48:57.283,4.499745,93,37,5,5,R5C10,2,12,1.824706,1.824706,0.000000,0.000000,1,0
2026-08-17T19:48:57.283,4.504760,93,38,5,6,R5C11,2,14,1.824706,1.824706,0.000000,0.000000,1,0
2026-08-17T19:48:57.283,4.509772,93,39,5,7,R5C12,2,16,1.811765,1.824706,-0.012941,0.000000,1,0
2026-08-17T19:48:57.283,4.514741,93,40,5,8,R5C1,2,1,1.811765,1.811765,0.000000,0.000000,1,0
2026-08-17T19:48:57.283,4.519773,93,41,6,1,R6C7,4,6,0.931765,1.747059,-0.815294,0.904762,1,0
2026-08-17T19:48:57.542,4.629182,93,42,6,2,R6C8,4,8,1.630588,1.540000,0.090588,0.000000,1,0
2026-08-17T19:48:57.542,4.630640,93,43,6,3,R6C9,4,10,1.798823,1.811765,-0.012941,0.000000,1,0
2026-08-17T19:48:57.542,4.636667,93,44,6,4,R6C10,4,12,1.656471,1.449412,0.207059,0.000000,1,0
2026-08-17T19:48:57.542,4.639649,93,45,6,5,R6C11,4,14,1.785882,1.721177,0.064706,0.000000,1,0
2026-08-17T19:48:57.542,4.645635,93,46,6,6,R6C12,4,16,0.880000,1.410588,-0.530588,0.646134,1,0
2026-08-17T19:48:57.542,4.650739,93,47,6,7,R6C1,4,1,1.760000,1.811765,-0.051765,0.000000,1,0
2026-08-17T19:48:57.542,4.656730,93,48,6,8,R6C2,4,3,1.488235,1.307059,0.181176,0.000000,1,0
2026-08-17T19:48:57.542,4.661808,93,49,7,1,R7C8,6,8,1.669412,1.151765,0.517647,0.000000,1,0
2026-08-17T19:48:57.542,4.665749,93,50,7,2,R7C9,6,10,1.682353,1.514118,0.168235,0.000000,1,0
2026-08-17T19:48:57.542,4.670791,93,51,7,3,R7C10,6,12,1.772941,1.682353,0.090588,0.000000,1,0
2026-08-17T19:48:57.542,4.676842,93,52,7,4,R7C11,6,14,1.798823,1.760000,0.038823,0.000000,1,0
2026-08-17T19:48:57.542,4.681733,93,53,7,5,R7C12,6,16,1.760000,1.734118,0.025882,0.000000,1,0
2026-08-17T19:48:57.543,4.686732,93,54,7,6,R7C1,6,1,1.798823,1.811765,-0.012941,0.000000,1,0
2026-08-17T19:48:57.543,4.692776,93,55,7,7,R7C2,6,3,1.721177,1.604706,0.116471,0.000000,1,0
2026-08-17T19:48:57.543,4.697766,93,56,7,8,R7C3,6,5,1.811765,1.798823,0.012941,0.000000,1,0
2026-08-17T19:48:57.543,4.702743,93,57,8,1,R8C9,8,10,1.824706,1.798823,0.025882,0.000000,1,0
2026-08-17T19:48:57.727,4.707719,93,58,8,2,R8C10,8,12,1.811765,1.811765,0.000000,0.000000,1,0
2026-08-17T19:48:57.727,4.896668,93,59,8,3,R8C11,8,14,1.811765,1.798823,0.012941,0.000000,1,0
2026-08-17T19:48:57.728,4.897773,93,60,8,4,R8C12,8,16,0.905882,1.436471,-0.530588,0.626770,1,0
2026-08-17T19:48:57.728,4.898690,93,61,8,5,R8C1,8,1,1.798823,1.837647,-0.038824,0.000000,1,0
2026-08-17T19:48:57.728,4.903711,93,62,8,6,R8C2,8,3,1.798823,1.798823,0.000000,0.000000,1,0
2026-08-17T19:48:57.728,4.911151,93,63,8,7,R8C3,8,5,1.811765,1.785882,0.025882,0.000000,1,0
2026-08-17T19:48:57.728,4.915080,93,64,8,8,R8C4,8,7,1.811765,1.617647,0.194118,0.000000,1,0
2026-08-17T19:48:57.728,4.921879,93,65,9,1,R9C10,10,12,0.543529,1.410588,-0.867059,1.000000,1,0
2026-08-17T19:48:57.728,4.924779,93,66,9,2,R9C11,10,14,1.785882,1.760000,0.025882,0.000000,1,0
2026-08-17T19:48:57.728,4.929803,93,67,9,3,R9C12,10,16,1.682353,1.630588,0.051765,0.000000,1,0
2026-08-17T19:48:57.728,4.935837,93,68,9,4,R9C1,10,1,1.734118,1.695294,0.038823,0.000000,1,0
2026-08-17T19:48:57.728,4.940774,93,69,9,5,R9C2,10,3,0.880000,1.151765,-0.271765,0.245586,1,0
2026-08-17T19:48:57.728,4.945771,93,70,9,6,R9C3,10,5,1.772941,1.798823,-0.025882,0.000000,1,0
2026-08-17T19:48:57.728,4.950761,93,71,9,7,R9C4,10,7,1.798823,1.462353,0.336470,0.000000,1,0
2026-08-17T19:48:57.728,4.955775,93,72,9,8,R9C5,10,2,1.760000,1.669412,0.090588,0.000000,1,0
2026-08-17T19:48:57.728,4.961728,93,73,10,1,R10C11,12,14,1.824706,1.824706,0.000000,0.000000,1,0
2026-08-17T19:48:57.728,4.966731,93,74,10,2,R10C12,12,16,1.798823,1.811765,-0.012941,0.000000,1,0
2026-08-17T19:48:57.986,5.074734,93,75,10,3,R10C1,12,1,1.837647,1.837647,0.000000,0.000000,1,0
2026-08-17T19:48:57.986,5.081418,93,76,10,4,R10C2,12,3,1.811765,1.811765,0.000000,0.000000,1,0
2026-08-17T19:48:57.987,5.082667,93,77,10,5,R10C3,12,5,1.811765,1.811765,0.000000,0.000000,1,0
2026-08-17T19:48:57.987,5.084643,93,78,10,6,R10C4,12,7,1.811765,1.824706,-0.012941,0.000000,1,0
2026-08-17T19:48:57.987,5.090684,93,79,10,7,R10C5,12,2,1.811765,1.798823,0.012941,0.000000,1,0
2026-08-17T19:48:57.987,5.097736,93,80,10,8,R10C6,12,4,1.811765,1.811765,0.000000,0.000000,1,0
2026-08-17T19:48:57.987,5.100837,93,81,11,1,R11C12,14,16,1.384706,1.177647,0.207059,0.000000,1,0
2026-08-17T19:48:57.987,5.106811,93,82,11,2,R11C1,14,1,1.798823,1.824706,-0.025882,0.000000,1,0
2026-08-17T19:48:57.987,5.111703,93,83,11,3,R11C2,14,3,0.401176,1.255294,-0.854118,1.000000,1,0
2026-08-17T19:48:57.987,5.116679,93,84,11,4,R11C3,14,5,1.721177,1.798823,-0.077647,0.000000,1,0
2026-08-17T19:48:57.987,5.121697,93,85,11,5,R11C4,14,7,1.216471,1.811765,-0.595294,0.510204,1,0
2026-08-17T19:48:57.987,5.127747,93,86,11,6,R11C5,14,2,1.009412,1.294118,-0.284706,0.200000,1,0
2026-08-17T19:48:57.987,5.132754,93,87,11,7,R11C6,14,4,0.854118,1.643529,-0.789412,0.943757,1,0
2026-08-17T19:48:57.987,5.137714,93,88,11,8,R11C7,14,6,1.462353,1.708235,-0.245882,0.000000,1,0
2026-08-17T19:48:57.987,5.142681,93,89,12,1,R12C1,16,1,1.811765,1.824706,-0.012941,0.000000,1,0
2026-08-17T19:48:57.987,5.147799,93,90,12,2,R12C2,16,3,1.747059,1.734118,0.012941,0.000000,1,0
2026-08-17T19:48:58.178,5.159524,93,91,12,3,R12C3,16,5,1.785882,1.785882,0.000000,0.000000,1,0
2026-08-17T19:48:58.178,5.341271,93,92,12,4,R12C4,16,7,1.785882,1.772941,0.012941,0.000000,1,0
2026-08-17T19:48:58.178,5.342789,93,93,12,5,R12C5,16,2,1.552941,1.734118,-0.181176,0.000000,1,0
2026-08-17T19:48:58.178,5.343700,93,94,12,6,R12C6,16,4,1.552941,1.772941,-0.220000,0.000000,1,0
2026-08-17T19:48:58.178,5.348862,93,95,12,7,R12C7,16,6,1.798823,1.798824,-0.000000,0.000000,1,0
2026-08-17T19:48:58.178,5.353747,94,96,12,8,R12C8,16,8,0.000000,0.000000,0.000000,0.000000,1,1
2026-08-17T19:48:58.179,5.360123,94,1,1,1,R1C2,1,3,1.734118,1.747059,-0.012941,0.000000,1,0
2026-08-17T19:48:58.179,5.363806,94,2,1,2,R1C3,1,5,1.785882,1.760000,0.025882,0.000000,1,0
2026-08-17T19:48:58.179,5.369812,94,3,1,3,R1C4,1,7,1.811765,1.811765,0.000000,0.000000,1,0
2026-08-17T19:48:58.179,5.374810,94,4,1,4,R1C5,1,2,1.578824,1.617647,-0.038823,0.000000,1,0
2026-08-17T19:48:58.179,5.379713,94,5,1,5,R1C6,1,4,1.436471,1.785882,-0.349412,0.130435,1,0
2026-08-17T19:48:58.179,5.384707,94,6,1,6,R1C7,1,6,1.798823,1.760000,0.038823,0.000000,1,0
2026-08-17T19:48:58.179,5.390704,94,7,1,7,R1C8,1,8,1.320000,1.527059,-0.207059,0.000000,1,0
2026-08-17T19:48:58.179,5.395738,94,8,1,8,R1C9,1,10,1.811765,1.798823,0.012941,0.000000,1,0
2026-08-17T19:48:58.179,5.400685,94,9,2,1,R2C3,3,5,1.811765,1.811765,0.000000,0.000000,1,0
2026-08-17T19:48:58.179,5.405685,94,10,2,2,R2C4,3,7,1.695294,1.669412,0.025882,0.000000,1,0
2026-08-17T19:48:58.450,5.410732,94,11,2,3,R2C5,3,2,1.760000,1.669412,0.090588,0.000000,1,0
2026-08-17T19:48:58.450,5.532698,94,12,2,4,R2C6,3,4,1.307059,1.281176,0.025882,0.000000,1,0
2026-08-17T19:48:58.450,5.533648,94,13,2,5,R2C7,3,6,1.682353,1.811765,-0.129412,0.000000,1,0
2026-08-17T19:48:58.450,5.534651,94,14,2,6,R2C8,3,8,0.556471,1.371765,-0.815294,1.000000,1,0
2026-08-17T19:48:58.450,5.539651,94,15,2,7,R2C9,3,10,1.747059,1.798823,-0.051765,0.000000,1,0
2026-08-17T19:48:58.450,5.545945,94,16,2,8,R2C10,3,12,1.578824,1.436471,0.142353,0.000000,1,0
2026-08-17T19:48:58.451,5.551789,94,17,3,1,R3C4,5,7,1.397647,1.436471,-0.038824,0.000000,1,0
2026-08-17T19:48:58.451,5.557039,94,18,3,2,R3C5,5,2,1.242353,1.190588,0.051765,0.000000,1,0
2026-08-17T19:48:58.451,5.560787,94,19,3,3,R3C6,5,4,1.721177,1.721177,0.000000,0.000000,1,0
2026-08-17T19:48:58.451,5.565710,94,20,3,4,R3C7,5,6,1.785882,1.785882,0.000000,0.000000,1,0
2026-08-17T19:48:58.451,5.571668,94,21,3,5,R3C8,5,8,0.452941,1.177647,-0.724706,1.000000,1,0
2026-08-17T19:48:58.451,5.576766,94,22,3,6,R3C9,5,10,1.281176,1.268235,0.012941,0.000000,1,0
2026-08-17T19:48:58.451,5.581878,94,23,3,7,R3C10,5,12,1.371765,1.488235,-0.116471,0.000000,1,0
2026-08-17T19:48:58.451,5.586754,94,24,3,8,R3C11,5,14,1.747059,1.785882,-0.038823,0.000000,1,0
2026-08-17T19:48:58.451,5.591760,94,25,4,1,R4C5,7,2,1.604706,1.669412,-0.064706,0.000000,1,0
2026-08-17T19:48:58.451,5.597727,94,26,4,2,R4C6,7,4,1.397647,1.514118,-0.116471,0.000000,1,0
2026-08-17T19:48:58.451,5.602744,94,27,4,3,R4C7,7,6,1.125882,1.656471,-0.530588,0.486607,1,0
2026-08-17T19:48:58.638,5.797688,94,28,4,4,R4C8,7,8,1.423529,1.527059,-0.103529,0.000000,1,0
2026-08-17T19:48:58.638,5.805338,94,29,4,5,R4C9,7,10,0.983529,1.294118,-0.310588,0.257143,1,0
2026-08-17T19:48:58.638,5.806744,94,30,4,6,R4C10,7,12,1.242353,1.798823,-0.556471,0.455293,1,0
2026-08-17T19:48:58.638,5.807699,94,31,4,7,R4C11,7,14,0.854118,1.501176,-0.647059,0.802956,1,0
2026-08-17T19:48:58.638,5.813865,94,32,4,8,R4C12,7,16,1.785882,1.643529,0.142353,0.000000,1,0
2026-08-17T19:48:58.638,5.819779,94,33,5,1,R5C6,2,4,1.811765,1.811765,0.000000,0.000000,1,0
2026-08-17T19:48:58.638,5.825645,94,34,5,2,R5C7,2,6,1.811765,1.811765,0.000000,0.000000,1,0
2026-08-17T19:48:58.638,5.830726,94,35,5,3,R5C8,2,8,1.811765,1.811765,0.000000,0.000000,1,0
2026-08-17T19:48:58.638,5.833713,94,36,5,4,R5C9,2,10,1.824706,1.811765,0.012941,0.000000,1,0
2026-08-17T19:48:58.638,5.839851,94,37,5,5,R5C10,2,12,1.824706,1.824706,0.000000,0.000000,1,0
2026-08-17T19:48:58.638,5.844837,94,38,5,6,R5C11,2,14,1.811765,1.824706,-0.012941,0.000000,1,0
2026-08-17T19:48:58.638,5.849751,94,39,5,7,R5C12,2,16,1.811765,1.811765,0.000000,0.000000,1,0
2026-08-17T19:48:58.638,5.854691,94,40,5,8,R5C1,2,1,1.798823,1.811765,-0.012941,0.000000,1,0
2026-08-17T19:48:58.638,5.860750,94,41,6,1,R6C7,4,6,1.332941,1.747059,-0.414118,0.248677,1,0
2026-08-17T19:48:58.638,5.865765,94,42,6,2,R6C8,4,8,1.708235,1.630588,0.077647,0.000000,1,0
2026-08-17T19:48:58.638,5.870793,94,43,6,3,R6C9,4,10,1.798823,1.798823,0.000000,0.000000,1,0
2026-08-17T19:48:58.639,5.875703,94,44,6,4,R6C10,4,12,1.578824,1.656471,-0.077647,0.000000,1,0
2026-08-17T19:48:58.898,5.984914,94,45,6,5,R6C11,4,14,1.798823,1.760000,0.038823,0.000000,1,0
2026-08-17T19:48:58.898,5.992096,94,46,6,6,R6C12,4,16,1.112941,1.410588,-0.297647,0.174312,1,0
2026-08-17T19:48:58.898,5.993732,94,47,6,7,R6C1,4,1,1.772941,1.760000,0.012941,0.000000,1,0
2026-08-17T19:48:58.898,5.994661,94,48,6,8,R6C2,4,3,1.449412,1.358824,0.090588,0.000000,1,0
2026-08-17T19:48:58.898,6.000717,94,49,7,1,R7C8,6,8,1.578824,1.669412,-0.090588,0.000000,1,0
2026-08-17T19:48:58.898,6.007813,94,50,7,2,R7C9,6,10,1.527059,1.682353,-0.155294,0.000000,1,0
2026-08-17T19:48:58.898,6.011753,94,51,7,3,R7C10,6,12,1.785882,1.772941,0.012941,0.000000,1,0
2026-08-17T19:48:58.898,6.017720,94,52,7,4,R7C11,6,14,1.734118,1.798823,-0.064706,0.000000,1,0
2026-08-17T19:48:58.898,6.021806,94,53,7,5,R7C12,6,16,1.798823,1.760000,0.038823,0.000000,1,0
2026-08-17T19:48:58.898,6.026679,94,54,7,6,R7C1,6,1,1.772941,1.798823,-0.025882,0.000000,1,0
2026-08-17T19:48:58.898,6.031689,94,55,7,7,R7C2,6,3,1.643529,1.721177,-0.077647,0.000000,1,0
2026-08-17T19:48:58.898,6.037733,94,56,7,8,R7C3,6,5,1.824706,1.811765,0.012941,0.000000,1,0
2026-08-17T19:48:58.898,6.042767,94,57,8,1,R8C9,8,10,1.811765,1.824706,-0.012941,0.000000,1,0
2026-08-17T19:48:58.898,6.047765,94,58,8,2,R8C10,8,12,1.811765,1.811765,0.000000,0.000000,1,0
2026-08-17T19:48:58.898,6.052739,94,59,8,3,R8C11,8,14,1.811765,1.811765,0.000000,0.000000,1,0
2026-08-17T19:48:58.899,6.057688,94,60,8,4,R8C12,8,16,1.061176,1.436471,-0.375294,0.317889,1,0
2026-08-17T19:48:59.084,6.063785,94,61,8,5,R8C1,8,1,1.785882,1.837647,-0.051765,0.000000,1,0
2026-08-17T19:48:59.084,6.252781,94,62,8,6,R8C2,8,3,1.798823,1.798823,0.000000,0.000000,1,0
2026-08-17T19:48:59.084,6.253710,94,63,8,7,R8C3,8,5,1.837647,1.811765,0.025882,0.000000,1,0
2026-08-17T19:48:59.085,6.254679,94,64,8,8,R8C4,8,7,1.811765,1.811765,0.000000,0.000000,1,0
2026-08-17T19:48:59.085,6.259679,94,65,9,1,R9C10,10,12,0.556471,1.410588,-0.854118,1.000000,1,0
2026-08-17T19:48:59.085,6.266961,94,66,9,2,R9C11,10,14,1.798823,1.785882,0.012941,0.000000,1,0
2026-08-17T19:48:59.085,6.272764,94,67,9,3,R9C12,10,16,0.737647,1.662941,-0.925294,1.000000,1,0
2026-08-17T19:48:59.085,6.274728,94,68,9,4,R9C1,10,1,1.747059,1.734118,0.012941,0.000000,1,0
2026-08-17T19:48:59.085,6.281796,94,69,9,5,R9C2,10,3,0.621176,1.151765,-0.530588,0.887640,1,0
2026-08-17T19:48:59.085,6.285745,94,70,9,6,R9C3,10,5,1.785882,1.785882,0.000000,0.000000,1,0
2026-08-17T19:48:59.085,6.291822,94,71,9,7,R9C4,10,7,1.785882,1.650000,0.135882,0.000000,1,0
2026-08-17T19:48:59.085,6.296807,94,72,9,8,R9C5,10,2,1.734118,1.760000,-0.025882,0.000000,1,0
2026-08-17T19:48:59.085,6.301760,94,73,10,1,R10C11,12,14,1.824706,1.824706,0.000000,0.000000,1,0
2026-08-17T19:48:59.085,6.306745,94,74,10,2,R10C12,12,16,1.811765,1.811765,0.000000,0.000000,1,0
2026-08-17T19:48:59.085,6.312948,94,75,10,3,R10C1,12,1,1.837647,1.837647,0.000000,0.000000,1,0
2026-08-17T19:48:59.085,6.317786,94,76,10,4,R10C2,12,3,1.811765,1.811765,0.000000,0.000000,1,0
2026-08-17T19:48:59.085,6.322768,94,77,10,5,R10C3,12,5,1.811765,1.811765,0.000000,0.000000,1,0
2026-08-17T19:48:59.344,6.431697,94,78,10,6,R10C4,12,7,1.811765,1.824706,-0.012941,0.000000,1,0
2026-08-17T19:48:59.344,6.438887,94,79,10,7,R10C5,12,2,1.811765,1.811765,0.000000,0.000000,1,0
2026-08-17T19:48:59.344,6.440721,94,80,10,8,R10C6,12,4,1.811765,1.811765,0.000000,0.000000,1,0
2026-08-17T19:48:59.344,6.441672,94,81,11,1,R11C12,14,16,1.436471,1.384706,0.051765,0.000000,1,0
2026-08-17T19:48:59.344,6.448668,94,82,11,2,R11C1,14,1,1.760000,1.798823,-0.038823,0.000000,1,0
2026-08-17T19:48:59.344,6.453971,94,83,11,3,R11C2,14,3,0.064706,1.255294,0.000000,0.000000,1,1
2026-08-17T19:48:59.345,6.458174,94,84,11,4,R11C3,14,5,1.708235,1.734118,-0.025882,0.000000,1,0
2026-08-17T19:48:59.345,6.464730,94,85,11,5,R11C4,14,7,1.074118,1.811765,-0.737647,0.734694,1,0
2026-08-17T19:48:59.345,6.467918,94,86,11,6,R11C5,14,2,0.763529,1.294118,-0.530588,0.742857,1,0
2026-08-17T19:48:59.345,6.473723,94,87,11,7,R11C6,14,4,0.737647,1.643529,-0.905882,1.000000,1,0
2026-08-17T19:48:59.345,6.478705,94,88,11,8,R11C7,14,6,1.488235,1.708235,0.000000,0.000000,1,0
2026-08-17T19:48:59.345,6.483710,94,89,12,1,R12C1,16,1,1.760000,1.824706,-0.064706,0.000000,1,0
2026-08-17T19:48:59.345,6.488816,94,90,12,2,R12C2,16,3,1.760000,1.747059,0.012941,0.000000,1,0
2026-08-17T19:48:59.345,6.494902,94,91,12,3,R12C3,16,5,1.811765,1.785882,0.025882,0.000000,1,0
2026-08-17T19:48:59.345,6.499790,94,92,12,4,R12C4,16,7,1.785882,1.785882,0.000000,0.000000,1,0
2026-08-17T19:48:59.345,6.504866,94,93,12,5,R12C5,16,2,1.591765,1.604706,-0.012941,0.000000,1,0
2026-08-17T19:48:59.531,6.509728,94,94,12,6,R12C6,16,4,1.578824,1.656471,-0.077647,0.000000,1,0
2026-08-17T19:48:59.531,6.699189,94,95,12,7,R12C7,16,6,1.811765,1.798823,0.012941,0.000000,1,0
2026-08-17T19:48:59.531,6.700756,95,96,12,8,R12C8,16,8,0.000000,0.000000,0.000000,0.000000,1,1
2026-08-17T19:48:59.531,6.701668,95,1,1,1,R1C2,1,3,1.734118,1.734118,0.000000,0.000000,1,0
2026-08-17T19:48:59.531,6.706735,95,2,1,2,R1C3,1,5,1.811765,1.785882,0.025882,0.000000,1,0
2026-08-17T19:48:59.531,6.713213,95,3,1,3,R1C4,1,7,1.798823,1.811765,-0.012941,0.000000,1,0
2026-08-17T19:48:59.531,6.718826,95,4,1,4,R1C5,1,2,1.643529,1.578824,0.064706,0.000000,1,0
2026-08-17T19:48:59.531,6.723859,95,5,1,5,R1C6,1,4,1.242353,1.785882,-0.543529,0.440994,1,0
2026-08-17T19:48:59.531,6.726708,95,6,1,6,R1C7,1,6,1.630588,1.798823,-0.168235,0.000000,1,0
2026-08-17T19:48:59.531,6.732793,95,7,1,7,R1C8,1,8,1.294118,1.527059,-0.232941,0.007264,1,0
2026-08-17T19:48:59.531,6.737776,95,8,1,8,R1C9,1,10,1.811765,1.811765,0.000000,0.000000,1,0
2026-08-17T19:48:59.531,6.742732,95,9,2,1,R2C3,3,5,1.785882,1.811765,-0.025882,0.000000,1,0
2026-08-17T19:48:59.531,6.747780,95,10,2,2,R2C4,3,7,1.721177,1.695294,0.025882,0.000000,1,0
2026-08-17T19:48:59.531,6.753828,95,11,2,3,R2C5,3,2,1.785882,1.747059,0.038823,0.000000,1,0
2026-08-17T19:48:59.531,6.758820,95,12,2,4,R2C6,3,4,1.255294,1.294118,-0.038824,0.000000,1,0
2026-08-17T19:48:59.532,6.763869,95,13,2,5,R2C7,3,6,1.436471,1.811765,-0.375294,0.163265,1,0
2026-08-17T19:48:59.532,6.768912,95,14,2,6,R2C8,3,8,0.763529,1.371765,-0.608235,0.838275,1,0
2026-08-17T19:48:59.792,6.885259,95,15,2,7,R2C9,3,10,1.811765,1.798823,0.012941,0.000000,1,0
2026-08-17T19:48:59.792,6.886723,95,16,2,8,R2C10,3,12,1.824706,1.578824,0.245882,0.000000,1,0
2026-08-17T19:48:59.792,6.887661,95,17,3,1,R3C4,5,7,1.798823,1.572353,0.226471,0.000000,1,0
2026-08-17T19:48:59.792,6.893484,95,18,3,2,R3C5,5,2,1.332941,1.242353,0.090588,0.000000,1,0
2026-08-17T19:48:59.792,6.899331,95,19,3,3,R3C6,5,4,1.747059,1.721177,0.025882,0.000000,1,0
2026-08-17T19:48:59.792,6.905007,95,20,3,4,R3C7,5,6,1.785882,1.785882,0.000000,0.000000,1,0
2026-08-17T19:48:59.792,6.909973,95,21,3,5,R3C8,5,8,0.543529,1.177647,-0.634118,1.000000,1,0
2026-08-17T19:48:59.792,6.912748,95,22,3,6,R3C9,5,10,0.750588,1.281176,-0.530588,0.754690,1,0
2026-08-17T19:48:59.792,6.918812,95,23,3,7,R3C10,5,12,1.307059,1.591765,-0.284706,0.082462,1,0
2026-08-17T19:48:59.792,6.923850,95,24,3,8,R3C11,5,14,1.604706,1.747059,-0.142353,0.000000,1,0
2026-08-17T19:48:59.792,6.928810,95,25,4,1,R4C5,7,2,1.747059,1.669412,0.077647,0.000000,1,0
2026-08-17T19:48:59.792,6.934773,95,26,4,2,R4C6,7,4,1.630588,1.514118,0.116471,0.000000,1,0
2026-08-17T19:48:59.792,6.939731,95,27,4,3,R4C7,7,6,0.012941,1.656471,0.000000,0.000000,1,1
2026-08-17T19:48:59.792,6.944767,95,28,4,4,R4C8,7,8,1.371765,1.527059,-0.155294,0.000000,1,0
2026-08-17T19:48:59.792,6.949759,95,29,4,5,R4C9,7,10,0.970588,1.294118,-0.323529,0.285714,1,0
2026-08-17T19:48:59.792,6.955809,95,30,4,6,R4C10,7,12,1.100000,1.798823,-0.698823,0.681398,1,0
2026-08-17T19:48:59.978,6.965512,95,31,4,7,R4C11,7,14,0.000000,1.501176,0.000000,0.000000,1,1
2026-08-17T19:48:59.978,7.146349,95,32,4,8,R4C12,7,16,1.798823,1.643529,0.155294,0.000000,1,0
2026-08-17T19:48:59.978,7.147839,95,33,5,1,R5C6,2,4,1.824706,1.811765,0.012941,0.000000,1,0
2026-08-17T19:48:59.978,7.148943,95,34,5,2,R5C7,2,6,1.811765,1.811765,0.000000,0.000000,1,0
2026-08-17T19:48:59.978,7.153725,95,35,5,3,R5C8,2,8,1.811765,1.811765,0.000000,0.000000,1,0
2026-08-17T19:48:59.978,7.160552,95,36,5,4,R5C9,2,10,1.824706,1.811765,0.012941,0.000000,1,0
2026-08-17T19:48:59.978,7.166180,95,37,5,5,R5C10,2,12,1.824706,1.824706,0.000000,0.000000,1,0
2026-08-17T19:48:59.978,7.171137,95,38,5,6,R5C11,2,14,1.824706,1.824706,0.000000,0.000000,1,0
2026-08-17T19:48:59.978,7.173703,95,39,5,7,R5C12,2,16,1.798823,1.811765,-0.012941,0.000000,1,0
2026-08-17T19:48:59.978,7.179693,95,40,5,8,R5C1,2,1,1.785882,1.798823,-0.012941,0.000000,1,0
2026-08-17T19:48:59.978,7.184810,95,41,6,1,R6C7,4,6,1.785882,1.747059,0.038823,0.000000,1,0
2026-08-17T19:48:59.978,7.189685,95,42,6,2,R6C8,4,8,1.734118,1.708235,0.025882,0.000000,1,0
2026-08-17T19:48:59.978,7.195753,95,43,6,3,R6C9,4,10,1.811765,1.798823,0.012941,0.000000,1,0
2026-08-17T19:48:59.978,7.200792,95,44,6,4,R6C10,4,12,1.669412,1.656471,0.012941,0.000000,1,0
2026-08-17T19:48:59.979,7.205742,95,45,6,5,R6C11,4,14,1.734118,1.785882,-0.051765,0.000000,1,0
2026-08-17T19:48:59.979,7.210743,95,46,6,6,R6C12,4,16,0.789412,1.410588,-0.621176,0.829620,1,0
2026-08-17T19:49:00.244,7.215687,95,47,6,7,R6C1,4,1,1.837647,1.760000,0.077647,0.000000,1,0
2026-08-17T19:49:00.244,7.332140,95,48,6,8,R6C2,4,3,1.242353,1.449412,-0.207059,0.000000,1,0
2026-08-17T19:49:00.244,7.333751,95,49,7,1,R7C8,6,8,1.345882,1.669412,-0.323529,0.125139,1,0
2026-08-17T19:49:00.244,7.334672,95,50,7,2,R7C9,6,10,1.410588,1.682353,-0.271765,0.032967,1,0
2026-08-17T19:49:00.244,7.340057,95,51,7,3,R7C10,6,12,1.669412,1.785882,-0.116471,0.000000,1,0
2026-08-17T19:49:00.244,7.345776,95,52,7,4,R7C11,6,14,1.721177,1.798823,-0.077647,0.000000,1,0
2026-08-17T19:49:00.244,7.351416,95,53,7,5,R7C12,6,16,1.798823,1.798823,0.000000,0.000000,1,0
2026-08-17T19:49:00.245,7.356386,95,54,7,6,R7C1,6,1,1.811765,1.798823,0.012941,0.000000,1,0
2026-08-17T19:49:00.245,7.359939,95,55,7,7,R7C2,6,3,1.656471,1.721177,-0.064706,0.000000,1,0
2026-08-17T19:49:00.245,7.366000,95,56,7,8,R7C3,6,5,1.824706,1.824706,0.000000,0.000000,1,0
2026-08-17T19:49:00.245,7.371023,95,57,8,1,R8C9,8,10,1.811765,1.824706,-0.012941,0.000000,1,0
2026-08-17T19:49:00.245,7.375720,95,58,8,2,R8C10,8,12,1.811765,1.811765,0.000000,0.000000,1,0
2026-08-17T19:49:00.245,7.381869,95,59,8,3,R8C11,8,14,1.824706,1.811765,0.012941,0.000000,1,0
2026-08-17T19:49:00.245,7.385880,95,60,8,4,R8C12,8,16,1.203529,1.436471,-0.232941,0.034749,1,0
2026-08-17T19:49:00.245,7.391842,95,61,8,5,R8C1,8,1,1.837647,1.798823,0.038824,0.000000,1,0
2026-08-17T19:49:00.245,7.396708,95,62,8,6,R8C2,8,3,1.798823,1.798823,0.000000,0.000000,1,0
2026-08-17T19:49:00.245,7.401698,95,63,8,7,R8C3,8,5,1.772941,1.824706,-0.051765,0.000000,1,0
2026-08-17T19:49:00.432,7.591806,95,64,8,8,R8C4,8,7,1.798823,1.811765,-0.012941,0.000000,1,0
2026-08-17T19:49:00.432,7.599365,95,65,9,1,R9C10,10,12,0.892941,1.410588,-0.517647,0.619921,1,0
2026-08-17T19:49:00.432,7.600741,95,66,9,2,R9C11,10,14,1.811765,1.798823,0.012941,0.000000,1,0
2026-08-17T19:49:00.432,7.601671,95,67,9,3,R9C12,10,16,1.242353,1.662941,-0.420588,0.294052,1,0
2026-08-17T19:49:00.432,7.607733,95,68,9,4,R9C1,10,1,1.747059,1.747059,0.000000,0.000000,1,0
2026-08-17T19:49:00.432,7.613650,95,69,9,5,R9C2,10,3,0.000000,1.151765,0.000000,0.000000,1,1
2026-08-17T19:49:00.432,7.619241,95,70,9,6,R9C3,10,5,1.772941,1.785882,-0.012941,0.000000,1,0
2026-08-17T19:49:00.432,7.624300,95,71,9,7,R9C4,10,7,1.436471,1.792353,-0.355882,0.138731,1,0
2026-08-17T19:49:00.432,7.627788,95,72,9,8,R9C5,10,2,1.682353,1.760000,-0.077647,0.000000,1,0
2026-08-17T19:49:00.433,7.633755,95,73,10,1,R10C11,12,14,1.824706,1.824706,0.000000,0.000000,1,0
2026-08-17T19:49:00.433,7.638739,95,74,10,2,R10C12,12,16,1.798823,1.811765,-0.012941,0.000000,1,0
2026-08-17T19:49:00.433,7.643782,95,75,10,3,R10C1,12,1,1.798823,1.837647,-0.038824,0.000000,1,0
2026-08-17T19:49:00.433,7.648744,95,76,10,4,R10C2,12,3,1.811765,1.811765,0.000000,0.000000,1,0
2026-08-17T19:49:00.433,7.654773,95,77,10,5,R10C3,12,5,1.785882,1.811765,-0.025882,0.000000,1,0
2026-08-17T19:49:00.433,7.659932,95,78,10,6,R10C4,12,7,1.811765,1.811765,0.000000,0.000000,1,0
2026-08-17T19:49:00.433,7.664881,95,79,10,7,R10C5,12,2,1.811765,1.811765,0.000000,0.000000,1,0
2026-08-17T19:49:00.697,7.669900,95,80,10,8,R10C6,12,4,1.811765,1.811765,0.000000,0.000000,1,0
2026-08-17T19:49:00.697,7.786542,95,81,11,1,R11C12,14,16,1.397647,1.436471,-0.038824,0.000000,1,0
2026-08-17T19:49:00.697,7.787726,95,82,11,2,R11C1,14,1,1.772941,1.760000,0.012941,0.000000,1,0
2026-08-17T19:49:00.697,7.788748,95,83,11,3,R11C2,14,3,1.074118,1.255294,0.000000,0.000000,1,0
2026-08-17T19:49:00.697,7.793696,95,84,11,4,R11C3,14,5,1.734118,1.721177,0.012941,0.000000,1,0
2026-08-17T19:49:00.697,7.800086,95,85,11,5,R11C4,14,7,1.242353,1.811765,-0.569412,0.469388,1,0
2026-08-17T19:49:00.697,7.805695,95,86,11,6,R11C5,14,2,0.789412,1.294118,-0.504706,0.685714,1,0
2026-08-17T19:49:00.697,7.810850,95,87,11,7,R11C6,14,4,0.905882,1.643529,-0.737647,0.853768,1,0
2026-08-17T19:49:00.697,7.814694,95,88,11,8,R11C7,14,6,1.112941,1.475294,-0.362353,0.273183,1,0
2026-08-17T19:49:00.698,7.819698,95,89,12,1,R12C1,16,1,1.837647,1.811765,0.025882,0.000000,1,0
2026-08-17T19:49:00.698,7.824722,95,90,12,2,R12C2,16,3,1.695294,1.747059,-0.051765,0.000000,1,0
2026-08-17T19:49:00.698,7.830705,95,91,12,3,R12C3,16,5,1.772941,1.798823,-0.025882,0.000000,1,0
2026-08-17T19:49:00.698,7.835704,95,92,12,4,R12C4,16,7,1.811765,1.785882,0.025882,0.000000,1,0
2026-08-17T19:49:00.698,7.840832,95,93,12,5,R12C5,16,2,1.695294,1.591765,0.103529,0.000000,1,0
2026-08-17T19:49:00.698,7.845700,95,94,12,6,R12C6,16,4,1.682353,1.578824,0.103529,0.000000,1,0
2026-08-17T19:49:00.698,7.851713,95,95,12,7,R12C7,16,6,1.811765,1.811765,0.000000,0.000000,1,0
2026-08-17T19:49:00.895,7.855715,96,96,12,8,R12C8,16,8,0.000000,0.000000,0.000000,0.000000,1,1
2026-08-17T19:49:00.895,8.051179,96,1,1,1,R1C2,1,3,1.798823,1.734118,0.064706,0.000000,1,0
2026-08-17T19:49:00.895,8.052744,96,2,1,2,R1C3,1,5,1.785882,1.798823,-0.012941,0.000000,1,0
2026-08-17T19:49:00.895,8.053679,96,3,1,3,R1C4,1,7,1.811765,1.811765,0.000000,0.000000,1,0
2026-08-17T19:49:00.895,8.058750,96,4,1,4,R1C5,1,2,1.785882,1.617647,0.168235,0.000000,1,0
2026-08-17T19:49:00.895,8.065525,96,5,1,5,R1C6,1,4,1.449412,1.785882,-0.336471,0.109731,1,0
2026-08-17T19:49:00.895,8.071081,96,6,1,6,R1C7,1,6,1.798823,1.798823,0.000000,0.000000,1,0
2026-08-17T19:49:00.895,8.076231,96,7,1,7,R1C8,1,8,1.734118,1.527059,0.207059,0.000000,1,0
2026-08-17T19:49:00.895,8.078815,96,8,1,8,R1C9,1,10,1.785882,1.811765,-0.025882,0.000000,1,0
2026-08-17T19:49:00.895,8.084953,96,9,2,1,R2C3,3,5,1.772941,1.811765,-0.038823,0.000000,1,0
2026-08-17T19:49:00.895,8.089843,96,10,2,2,R2C4,3,7,1.798823,1.721177,0.077647,0.000000,1,0
2026-08-17T19:49:00.896,8.094725,96,11,2,3,R2C5,3,2,1.785882,1.760000,0.025882,0.000000,1,0
2026-08-17T19:49:00.896,8.100708,96,12,2,4,R2C6,3,4,1.410588,1.294118,0.116471,0.000000,1,0
2026-08-17T19:49:00.896,8.104689,96,13,2,5,R2C7,3,6,1.785882,1.811765,-0.025882,0.000000,1,0
2026-08-17T19:49:00.896,8.110849,96,14,2,6,R2C8,3,8,1.345882,1.371765,-0.025882,0.000000,1,0
2026-08-17T19:49:00.896,8.115826,96,15,2,7,R2C9,3,10,1.630588,1.798823,-0.168235,0.000000,1,0
2026-08-17T19:49:01.164,8.120685,96,16,2,8,R2C10,3,12,1.785882,1.591765,0.194118,0.000000,1,0
2026-08-17T19:49:01.164,8.249909,96,17,3,1,R3C4,5,7,1.216471,1.747059,-0.530588,0.439153,1,0
2026-08-17T19:49:01.164,8.251772,96,18,3,2,R3C5,5,2,1.449412,1.242353,0.207059,0.000000,1,0
2026-08-17T19:49:01.164,8.252668,96,19,3,3,R3C6,5,4,1.798823,1.721177,0.077647,0.000000,1,0
2026-08-17T19:49:01.164,8.256664,96,20,3,4,R3C7,5,6,1.772941,1.785882,-0.012941,0.000000,1,0
2026-08-17T19:49:01.164,8.263465,96,21,3,5,R3C8,5,8,1.462353,1.177647,0.284706,0.000000,1,0
2026-08-17T19:49:01.164,8.269244,96,22,3,6,R3C9,5,10,1.358824,1.281176,0.077647,0.000000,1,0
2026-08-17T19:49:01.164,8.274386,96,23,3,7,R3C10,5,12,1.449412,1.591765,-0.142353,0.000000,1,0
2026-08-17T19:49:01.164,8.277847,96,24,3,8,R3C11,5,14,1.798823,1.734118,0.064706,0.000000,1,0
2026-08-17T19:49:01.164,8.284016,96,25,4,1,R4C5,7,2,1.772941,1.747059,0.025882,0.000000,1,0
2026-08-17T19:49:01.164,8.288892,96,26,4,2,R4C6,7,4,1.798823,1.514118,0.284706,0.000000,1,0
2026-08-17T19:49:01.165,8.293716,96,27,4,3,R4C7,7,6,1.397647,1.656471,0.000000,0.000000,1,0
2026-08-17T19:49:01.165,8.298760,96,28,4,4,R4C8,7,8,1.772941,1.423529,0.349412,0.000000,1,0
2026-08-17T19:49:01.165,8.303738,96,29,4,5,R4C9,7,10,1.552941,1.294118,0.258824,0.000000,1,0
2026-08-17T19:49:01.165,8.309951,96,30,4,6,R4C10,7,12,1.721177,1.798823,-0.077647,0.000000,1,0
2026-08-17T19:49:01.165,8.314744,96,31,4,7,R4C11,7,14,1.578824,1.501176,0.000000,0.000000,1,0
2026-08-17T19:49:01.351,8.319771,96,32,4,8,R4C12,7,16,1.695294,1.785882,-0.090588,0.000000,1,0
2026-08-17T19:49:01.351,8.518872,96,33,5,1,R5C6,2,4,1.811765,1.811765,0.000000,0.000000,1,0
2026-08-17T19:49:01.351,8.520826,96,34,5,2,R5C7,2,6,1.824706,1.811765,0.012941,0.000000,1,0
2026-08-17T19:49:01.351,8.521728,96,35,5,3,R5C8,2,8,1.811765,1.811765,0.000000,0.000000,1,0
2026-08-17T19:49:01.351,8.525708,96,36,5,4,R5C9,2,10,1.798823,1.824706,-0.025882,0.000000,1,0
2026-08-17T19:49:01.351,8.531745,96,37,5,5,R5C10,2,12,1.811765,1.824706,-0.012941,0.000000,1,0
2026-08-17T19:49:01.351,8.538193,96,38,5,6,R5C11,2,14,1.837647,1.824706,0.012941,0.000000,1,0
2026-08-17T19:49:01.351,8.541779,96,39,5,7,R5C12,2,16,1.837647,1.811765,0.025882,0.000000,1,0
2026-08-17T19:49:01.351,8.546837,96,40,5,8,R5C1,2,1,1.785882,1.798823,-0.012941,0.000000,1,0
2026-08-17T19:49:01.351,8.552766,96,41,6,1,R6C7,4,6,1.747059,1.747059,0.000000,0.000000,1,0
2026-08-17T19:49:01.351,8.557819,96,42,6,2,R6C8,4,8,1.760000,1.708235,0.051765,0.000000,1,0
2026-08-17T19:49:01.351,8.562812,96,43,6,3,R6C9,4,10,1.837647,1.798823,0.038824,0.000000,1,0
2026-08-17T19:49:01.351,8.567723,96,44,6,4,R6C10,4,12,1.811765,1.656471,0.155294,0.000000,1,0
2026-08-17T19:49:01.351,8.572700,96,45,6,5,R6C11,4,14,1.617647,1.785882,-0.168235,0.000000,1,0
2026-08-17T19:49:01.351,8.578760,96,46,6,6,R6C12,4,16,1.397647,1.410588,-0.012941,0.000000,1,0
2026-08-17T19:49:01.351,8.583719,96,47,6,7,R6C1,4,1,1.785882,1.772941,0.012941,0.000000,1,0
2026-08-17T19:49:01.351,8.588780,96,48,6,8,R6C2,4,3,1.488235,1.449412,0.038823,0.000000,1,0
2026-08-17T19:49:01.612,8.697946,96,49,7,1,R7C8,6,8,1.772941,1.669412,0.103529,0.000000,1,0
2026-08-17T19:49:01.612,8.705425,96,50,7,2,R7C9,6,10,1.410588,1.682353,-0.271765,0.032967,1,0
2026-08-17T19:49:01.612,8.706758,96,51,7,3,R7C10,6,12,1.798823,1.772941,0.025882,0.000000,1,0
2026-08-17T19:49:01.612,8.708708,96,52,7,4,R7C11,6,14,1.824706,1.734118,0.090588,0.000000,1,0
2026-08-17T19:49:01.612,8.714723,96,53,7,5,R7C12,6,16,1.798823,1.798823,0.000000,0.000000,1,0
2026-08-17T19:49:01.612,8.720868,96,54,7,6,R7C1,6,1,1.772941,1.798823,-0.025882,0.000000,1,0
2026-08-17T19:49:01.612,8.725236,96,55,7,7,R7C2,6,3,1.436471,1.656471,-0.220000,0.000000,1,0
2026-08-17T19:49:01.612,8.731742,96,56,7,8,R7C3,6,5,1.811765,1.824706,-0.012941,0.000000,1,0
2026-08-17T19:49:01.612,8.734707,96,57,8,1,R8C9,8,10,1.811765,1.811765,0.000000,0.000000,1,0
2026-08-17T19:49:01.612,8.740812,96,58,8,2,R8C10,8,12,1.785882,1.811765,-0.025882,0.000000,1,0
2026-08-17T19:49:01.612,8.745882,96,59,8,3,R8C11,8,14,1.837647,1.811765,0.025882,0.000000,1,0
2026-08-17T19:49:01.613,8.750738,96,60,8,4,R8C12,8,16,1.747059,1.436471,0.310588,0.000000,1,0
2026-08-17T19:49:01.613,8.755754,96,61,8,5,R8C1,8,1,1.760000,1.798823,-0.038823,0.000000,1,0
2026-08-17T19:49:01.613,8.761878,96,62,8,6,R8C2,8,3,1.785882,1.798823,-0.012941,0.000000,1,0
2026-08-17T19:49:01.613,8.766853,96,63,8,7,R8C3,8,5,1.760000,1.811765,-0.051765,0.000000,1,0
2026-08-17T19:49:01.613,8.771788,96,64,8,8,R8C4,8,7,1.811765,1.811765,0.000000,0.000000,1,0
2026-08-17T19:49:01.613,8.776737,96,65,9,1,R9C10,10,12,0.375294,1.410588,-1.035294,1.000000,1,0
2026-08-17T19:49:01.800,8.966911,96,66,9,2,R9C11,10,14,1.824706,1.798823,0.025882,0.000000,1,0
2026-08-17T19:49:01.800,8.968766,96,67,9,3,R9C12,10,16,1.397647,1.662941,-0.265294,0.027237,1,0
2026-08-17T19:49:01.800,8.969763,96,68,9,4,R9C1,10,1,1.811765,1.747059,0.064706,0.000000,1,0
2026-08-17T19:49:01.800,8.973726,96,69,9,5,R9C2,10,3,1.358824,1.151765,0.000000,0.000000,1,0
2026-08-17T19:49:01.800,8.981563,96,70,9,6,R9C3,10,5,1.772941,1.772941,0.000000,0.000000,1,0
2026-08-17T19:49:01.801,8.985425,96,71,9,7,R9C4,10,7,1.384706,1.792353,-0.407647,0.221248,1,0
2026-08-17T19:49:01.801,8.989729,96,72,9,8,R9C5,10,2,1.760000,1.734118,0.025882,0.000000,1,0
2026-08-17T19:49:01.801,8.994751,96,73,10,1,R10C11,12,14,1.837647,1.824706,0.012941,0.000000,1,0
2026-08-17T19:49:01.801,9.000777,96,74,10,2,R10C12,12,16,1.785882,1.798823,-0.012941,0.000000,1,0
2026-08-17T19:49:01.801,9.005776,96,75,10,3,R10C1,12,1,1.772941,1.837647,-0.064706,0.000000,1,0
2026-08-17T19:49:01.801,9.010734,96,76,10,4,R10C2,12,3,1.798823,1.811765,-0.012941,0.000000,1,0
2026-08-17T19:49:01.801,9.015768,96,77,10,5,R10C3,12,5,1.811765,1.811765,0.000000,0.000000,1,0
2026-08-17T19:49:01.801,9.021778,96,78,10,6,R10C4,12,7,1.824706,1.811765,0.012941,0.000000,1,0
2026-08-17T19:49:01.801,9.025718,96,79,10,7,R10C5,12,2,1.798823,1.811765,-0.012941,0.000000,1,0
2026-08-17T19:49:01.801,9.031738,96,80,10,8,R10C6,12,4,1.811765,1.811765,0.000000,0.000000,1,0
2026-08-17T19:49:01.801,9.036881,96,81,11,1,R11C12,14,16,1.177647,1.397647,-0.220000,0.021164,1,0
2026-08-17T19:49:01.801,9.041747,96,82,11,2,R11C1,14,1,1.772941,1.772941,0.000000,0.000000,1,0
2026-08-17T19:49:02.062,9.147783,96,83,11,3,R11C2,14,3,1.242353,1.255294,0.000000,0.000000,1,0
2026-08-17T19:49:02.062,9.154837,96,84,11,4,R11C3,14,5,1.785882,1.721177,0.064706,0.000000,1,0
2026-08-17T19:49:02.062,9.155732,96,85,11,5,R11C4,14,7,1.811765,1.811765,0.000000,0.000000,1,0
2026-08-17T19:49:02.062,9.158769,96,86,11,6,R11C5,14,2,1.527059,1.294118,0.232941,0.000000,1,0
2026-08-17T19:49:02.062,9.163712,96,87,11,7,R11C6,14,4,1.798823,1.643529,0.155294,0.000000,1,0
2026-08-17T19:49:02.062,9.169835,96,88,11,8,R11C7,14,6,1.591765,1.475294,0.116471,0.000000,1,0
2026-08-17T19:49:02.063,9.175947,96,89,12,1,R12C1,16,1,1.760000,1.811765,-0.051765,0.000000,1,0
2026-08-17T19:49:02.063,9.180819,96,90,12,2,R12C2,16,3,1.695294,1.747059,-0.051765,0.000000,1,0
2026-08-17T19:49:02.063,9.184831,96,91,12,3,R12C3,16,5,1.811765,1.785882,0.025882,0.000000,1,0
2026-08-17T19:49:02.063,9.190852,96,92,12,4,R12C4,16,7,1.811765,1.785882,0.025882,0.000000,1,0
2026-08-17T19:49:02.063,9.194762,96,93,12,5,R12C5,16,2,1.772941,1.591765,0.181177,0.000000,1,0
2026-08-17T19:49:02.063,9.200799,96,94,12,6,R12C6,16,4,1.798823,1.578824,0.220000,0.000000,1,0
2026-08-17T19:49:02.063,9.205807,96,95,12,7,R12C7,16,6,1.772941,1.811765,-0.038823,0.000000,1,0
2026-08-17T19:49:02.063,9.210758,97,96,12,8,R12C8,16,8,0.000000,0.000000,0.000000,0.000000,1,1
2026-08-17T19:49:02.063,9.216820,97,1,1,1,R1C2,1,3,1.798823,1.734118,0.064706,0.000000,1,0
2026-08-17T19:49:02.063,9.221870,97,2,1,2,R1C3,1,5,1.785882,1.785882,0.000000,0.000000,1,0
2026-08-17T19:49:02.246,9.226799,97,3,1,3,R1C4,1,7,1.811765,1.811765,0.000000,0.000000,1,0
2026-08-17T19:49:02.246,9.416848,97,4,1,4,R1C5,1,2,1.747059,1.643529,0.103529,0.000000,1,0
2026-08-17T19:49:02.246,9.417740,97,5,1,5,R1C6,1,4,1.798823,1.785882,0.012941,0.000000,1,0
2026-08-17T19:49:02.246,9.418680,97,6,1,6,R1C7,1,6,1.811765,1.798823,0.012941,0.000000,1,0
2026-08-17T19:49:02.246,9.423701,97,7,1,7,R1C8,1,8,1.565882,1.527059,0.038823,0.000000,1,0
2026-08-17T19:49:02.246,9.430740,97,8,1,8,R1C9,1,10,1.578824,1.811765,-0.232941,0.000000,1,0
2026-08-17T19:49:02.246,9.436365,97,9,2,1,R2C3,3,5,1.772941,1.785882,-0.012941,0.000000,1,0
2026-08-17T19:49:02.246,9.441435,97,10,2,2,R2C4,3,7,1.591765,1.721177,-0.129412,0.000000,1,0
2026-08-17T19:49:02.246,9.444780,97,11,2,3,R2C5,3,2,1.772941,1.785882,-0.012941,0.000000,1,0
2026-08-17T19:49:02.246,9.450769,97,12,2,4,R2C6,3,4,1.371765,1.307059,0.064706,0.000000,1,0
2026-08-17T19:49:02.246,9.455848,97,13,2,5,R2C7,3,6,1.811765,1.734118,0.077647,0.000000,1,0
2026-08-17T19:49:02.246,9.460828,97,14,2,6,R2C8,3,8,1.281176,1.371765,0.000000,0.000000,1,0
2026-08-17T19:49:02.246,9.465866,97,15,2,7,R2C9,3,10,1.837647,1.747059,0.090588,0.000000,1,0
2026-08-17T19:49:02.247,9.470817,97,16,2,8,R2C10,3,12,1.643529,1.785882,-0.142353,0.000000,1,0
2026-08-17T19:49:02.247,9.476872,97,17,3,1,R3C4,5,7,1.203529,1.747059,-0.543530,0.460318,1,0
2026-08-17T19:49:02.247,9.481792,97,18,3,2,R3C5,5,2,1.177647,1.332941,-0.155294,0.000000,1,0
2026-08-17T19:49:02.247,9.486800,97,19,3,3,R3C6,5,4,1.772941,1.747059,0.025882,0.000000,1,0
2026-08-17T19:49:02.501,9.592987,97,20,3,4,R3C7,5,6,1.772941,1.785882,-0.012941,0.000000,1,0
2026-08-17T19:49:02.501,9.599479,97,21,3,5,R3C8,5,8,1.384706,1.177647,0.000000,0.000000,1,0
2026-08-17T19:49:02.501,9.600716,97,22,3,6,R3C9,5,10,1.268235,1.320000,-0.051765,0.000000,1,0
2026-08-17T19:49:02.501,9.603747,97,23,3,7,R3C10,5,12,1.423529,1.410588,0.012941,0.000000,1,0
2026-08-17T19:49:02.501,9.608711,97,24,3,8,R3C11,5,14,1.837647,1.747059,0.090588,0.000000,1,0
2026-08-17T19:49:02.501,9.615387,97,25,4,1,R4C5,7,2,1.798823,1.747059,0.051765,0.000000,1,0
2026-08-17T19:49:02.501,9.622044,97,26,4,2,R4C6,7,4,1.747059,1.630588,0.116471,0.000000,1,0
2026-08-17T19:49:02.501,9.623720,97,27,4,3,R4C7,7,6,1.371765,1.656471,0.000000,0.000000,1,0
2026-08-17T19:49:02.501,9.629753,97,28,4,4,R4C8,7,8,1.721177,1.423529,0.297647,0.000000,1,0
2026-08-17T19:49:02.502,9.634752,97,29,4,5,R4C9,7,10,1.552941,1.294118,0.000000,0.000000,1,0
2026-08-17T19:49:02.502,9.640797,97,30,4,6,R4C10,7,12,1.747059,1.798823,0.000000,0.000000,1,0
2026-08-17T19:49:02.502,9.645885,97,31,4,7,R4C11,7,14,1.565882,1.501176,0.000000,0.000000,1,0
2026-08-17T19:49:02.502,9.650769,97,32,4,8,R4C12,7,16,1.695294,1.785882,-0.090588,0.000000,1,0
2026-08-17T19:49:02.502,9.655737,97,33,5,1,R5C6,2,4,1.811765,1.811765,0.000000,0.000000,1,0
2026-08-17T19:49:02.502,9.660739,97,34,5,2,R5C7,2,6,1.798823,1.811765,-0.012941,0.000000,1,0
2026-08-17T19:49:02.502,9.666768,97,35,5,3,R5C8,2,8,1.811765,1.811765,0.000000,0.000000,1,0
2026-08-17T19:49:02.686,9.671779,97,36,5,4,R5C9,2,10,1.850588,1.824706,0.025882,0.000000,1,0
2026-08-17T19:49:02.686,9.855701,97,37,5,5,R5C10,2,12,1.811765,1.824706,-0.012941,0.000000,1,0
2026-08-17T19:49:02.686,9.856743,97,38,5,6,R5C11,2,14,1.811765,1.824706,-0.012941,0.000000,1,0
2026-08-17T19:49:02.686,9.857720,97,39,5,7,R5C12,2,16,1.798823,1.811765,-0.012941,0.000000,1,0
2026-08-17T19:49:02.686,9.862778,97,40,5,8,R5C1,2,1,1.772941,1.785882,-0.012941,0.000000,1,0
2026-08-17T19:49:02.686,9.870338,97,41,6,1,R6C7,4,6,1.617647,1.766471,-0.148824,0.000000,1,0
2026-08-17T19:49:02.686,9.874230,97,42,6,2,R6C8,4,8,1.540000,1.734118,-0.194118,0.000000,1,0
2026-08-17T19:49:02.687,9.878763,97,43,6,3,R6C9,4,10,1.760000,1.811765,-0.051765,0.000000,1,0
2026-08-17T19:49:02.687,9.883722,97,44,6,4,R6C10,4,12,1.772941,1.669412,0.103529,0.000000,1,0
2026-08-17T19:49:02.687,9.888737,97,45,6,5,R6C11,4,14,1.578824,1.734118,-0.155294,0.000000,1,0
2026-08-17T19:49:02.687,9.894776,97,46,6,6,R6C12,4,16,1.320000,1.410588,0.000000,0.000000,1,0
2026-08-17T19:49:02.687,9.899833,97,47,6,7,R6C1,4,1,1.785882,1.785882,0.000000,0.000000,1,0
2026-08-17T19:49:02.687,9.904835,97,48,6,8,R6C2,4,3,1.255294,1.449412,-0.194118,0.000000,1,0
2026-08-17T19:49:02.687,9.909783,97,49,7,1,R7C8,6,8,1.811765,1.675882,0.135882,0.000000,1,0
2026-08-17T19:49:02.687,9.914715,97,50,7,2,R7C9,6,10,1.268235,1.682353,-0.414118,0.274725,1,0
2026-08-17T19:49:02.687,9.920797,97,51,7,3,R7C10,6,12,1.798823,1.785882,0.012941,0.000000,1,0
2026-08-17T19:49:02.943,9.925843,97,52,7,4,R7C11,6,14,1.824706,1.734118,0.090588,0.000000,1,0
2026-08-17T19:49:02.943,10.040391,97,53,7,5,R7C12,6,16,1.837647,1.798823,0.038824,0.000000,1,0
2026-08-17T19:49:02.943,10.041848,97,54,7,6,R7C1,6,1,1.785882,1.772941,0.012941,0.000000,1,0
2026-08-17T19:49:02.943,10.042771,97,55,7,7,R7C2,6,3,1.423529,1.643529,-0.220000,0.000000,1,0
2026-08-17T19:49:02.943,10.047811,97,56,7,8,R7C3,6,5,1.772941,1.824706,-0.051765,0.000000,1,0
2026-08-17T19:49:02.943,10.054686,97,57,8,1,R8C9,8,10,1.837647,1.811765,0.025882,0.000000,1,0
2026-08-17T19:49:02.943,10.058633,97,58,8,2,R8C10,8,12,1.798823,1.811765,-0.012941,0.000000,1,0
2026-08-17T19:49:02.943,10.065449,97,59,8,3,R8C11,8,14,1.798823,1.824706,-0.025882,0.000000,1,0
2026-08-17T19:49:02.943,10.067826,97,60,8,4,R8C12,8,16,1.656471,1.436471,0.000000,0.000000,1,0
2026-08-17T19:49:02.943,10.073712,97,61,8,5,R8C1,8,1,1.785882,1.785882,0.000000,0.000000,1,0
2026-08-17T19:49:02.943,10.078888,97,62,8,6,R8C2,8,3,1.798823,1.798823,0.000000,0.000000,1,0
2026-08-17T19:49:02.943,10.083842,97,63,8,7,R8C3,8,5,1.747059,1.772941,-0.025882,0.000000,1,0
2026-08-17T19:49:02.943,10.089819,97,64,8,8,R8C4,8,7,1.824706,1.811765,0.012941,0.000000,1,0
2026-08-17T19:49:02.943,10.094811,97,65,9,1,R9C10,10,12,0.103529,1.410588,0.000000,0.000000,1,1
2026-08-17T19:49:02.943,10.099760,97,66,9,2,R9C11,10,14,1.811765,1.811765,0.000000,0.000000,1,0
2026-08-17T19:49:02.943,10.104733,97,67,9,3,R9C12,10,16,1.022353,1.662941,-0.640588,0.672040,1,0
2026-08-17T19:49:02.944,10.110711,97,68,9,4,R9C1,10,1,1.772941,1.747059,0.025882,0.000000,1,0
2026-08-17T19:49:03.123,10.289902,97,69,9,5,R9C2,10,3,0.763529,1.151765,0.000000,0.000000,1,0
2026-08-17T19:49:03.123,10.296681,97,70,9,6,R9C3,10,5,1.798823,1.772941,0.025882,0.000000,1,0
2026-08-17T19:49:03.123,10.297777,97,71,9,7,R9C4,10,7,1.604706,1.792353,-0.187647,0.000000,1,0
2026-08-17T19:49:03.123,10.300739,97,72,9,8,R9C5,10,2,1.540000,1.734118,-0.194118,0.000000,1,0
2026-08-17T19:49:03.123,10.306708,97,73,10,1,R10C11,12,14,1.837647,1.824706,0.012941,0.000000,1,0
2026-08-17T19:49:03.124,10.313175,97,74,10,2,R10C12,12,16,1.837647,1.798823,0.038824,0.000000,1,0
2026-08-17T19:49:03.124,10.316927,97,75,10,3,R10C1,12,1,1.772941,1.798823,-0.025882,0.000000,1,0
2026-08-17T19:49:03.124,10.321807,97,76,10,4,R10C2,12,3,1.811765,1.811765,0.000000,0.000000,1,0
2026-08-17T19:49:03.124,10.326733,97,77,10,5,R10C3,12,5,1.824706,1.811765,0.012941,0.000000,1,0
2026-08-17T19:49:03.124,10.332796,97,78,10,6,R10C4,12,7,1.824706,1.811765,0.012941,0.000000,1,0
2026-08-17T19:49:03.124,10.337781,97,79,10,7,R10C5,12,2,1.824706,1.811765,0.012941,0.000000,1,0
2026-08-17T19:49:03.124,10.342857,97,80,10,8,R10C6,12,4,1.811765,1.811765,0.000000,0.000000,1,0
2026-08-17T19:49:03.124,10.347756,97,81,11,1,R11C12,14,16,1.514118,1.397647,0.116471,0.000000,1,0
2026-08-17T19:49:03.124,10.352835,97,82,11,2,R11C1,14,1,1.785882,1.772941,0.012941,0.000000,1,0
2026-08-17T19:49:03.124,10.358892,97,83,11,3,R11C2,14,3,1.552941,1.158235,0.394706,0.000000,1,0
2026-08-17T19:49:03.124,10.363912,97,84,11,4,R11C3,14,5,1.772941,1.734118,0.038824,0.000000,1,0
2026-08-17T19:49:03.124,10.368798,97,85,11,5,R11C4,14,7,1.811765,1.811765,0.000000,0.000000,1,0
2026-08-17T19:49:03.382,10.470442,97,86,11,6,R11C5,14,2,1.682353,1.294118,0.000000,0.000000,1,0
2026-08-17T19:49:03.382,10.477162,97,87,11,7,R11C6,14,4,1.760000,1.643529,0.000000,0.000000,1,0
2026-08-17T19:49:03.382,10.478681,97,88,11,8,R11C7,14,6,1.734118,1.540000,0.194118,0.000000,1,0
2026-08-17T19:49:03.382,10.480693,97,89,12,1,R12C1,16,1,1.837647,1.760000,0.077647,0.000000,1,0
2026-08-17T19:49:03.382,10.487204,97,90,12,2,R12C2,16,3,1.747059,1.695294,0.051765,0.000000,1,0
2026-08-17T19:49:03.382,10.493114,97,91,12,3,R12C3,16,5,1.772941,1.811765,-0.038823,0.000000,1,0
2026-08-17T19:49:03.382,10.496895,97,92,12,4,R12C4,16,7,1.824706,1.811765,0.012941,0.000000,1,0
2026-08-17T19:49:03.382,10.502779,97,93,12,5,R12C5,16,2,1.785882,1.695294,0.090588,0.000000,1,0
2026-08-17T19:49:03.382,10.507896,97,94,12,6,R12C6,16,4,1.811765,1.682353,0.129412,0.000000,1,0
2026-08-17T19:49:03.382,10.512766,97,95,12,7,R12C7,16,6,1.772941,1.811765,-0.038823,0.000000,1,0
2026-08-17T19:49:03.382,10.517830,98,96,12,8,R12C8,16,8,0.000000,0.000000,0.000000,0.000000,1,1
2026-08-17T19:49:03.382,10.522718,98,1,1,1,R1C2,1,3,1.811765,1.798823,0.012941,0.000000,1,0
2026-08-17T19:49:03.382,10.528792,98,2,1,2,R1C3,1,5,1.772941,1.785882,-0.012941,0.000000,1,0
2026-08-17T19:49:03.382,10.533792,98,3,1,3,R1C4,1,7,1.811765,1.811765,0.000000,0.000000,1,0
2026-08-17T19:49:03.382,10.538781,98,4,1,4,R1C5,1,2,1.824706,1.747059,0.077647,0.000000,1,0
2026-08-17T19:49:03.382,10.543754,98,5,1,5,R1C6,1,4,0.000000,1.785882,0.000000,0.000000,1,1
2026-08-17T19:49:03.568,10.548719,98,6,1,6,R1C7,1,6,1.772941,1.798823,-0.025882,0.000000,1,0
2026-08-17T19:49:03.568,10.730954,98,7,1,7,R1C8,1,8,1.747059,1.650000,0.097059,0.000000,1,0
2026-08-17T19:49:03.568,10.736586,98,8,1,8,R1C9,1,10,1.591765,1.785882,-0.194118,0.000000,1,0
2026-08-17T19:49:03.568,10.737771,98,9,2,1,R2C3,3,5,1.798823,1.772941,0.025882,0.000000,1,0
2026-08-17T19:49:03.568,10.740763,98,10,2,2,R2C4,3,7,1.785882,1.721177,0.064706,0.000000,1,0
2026-08-17T19:49:03.568,10.746733,98,11,2,3,R2C5,3,2,1.734118,1.785882,-0.051765,0.000000,1,0
2026-08-17T19:49:03.568,10.751775,98,12,2,4,R2C6,3,4,1.785882,1.371765,0.414118,0.000000,1,0
2026-08-17T19:49:03.568,10.757937,98,13,2,5,R2C7,3,6,1.785882,1.798824,-0.012941,0.000000,1,0
2026-08-17T19:49:03.568,10.762818,98,14,2,6,R2C8,3,8,1.190588,1.313529,-0.122941,0.000000,1,0
2026-08-17T19:49:03.568,10.767816,98,15,2,7,R2C9,3,10,1.798823,1.811765,-0.012941,0.000000,1,0
2026-08-17T19:49:03.568,10.772795,98,16,2,8,R2C10,3,12,1.772941,1.785882,-0.012941,0.000000,1,0
2026-08-17T19:49:03.568,10.777782,98,17,3,1,R3C4,5,7,1.811765,1.747059,0.064706,0.000000,1,0
2026-08-17T19:49:03.569,10.782818,98,18,3,2,R3C5,5,2,1.721177,1.332941,0.388235,0.000000,1,0
2026-08-17T19:49:03.569,10.787767,98,19,3,3,R3C6,5,4,1.798823,1.772941,0.025882,0.000000,1,0
2026-08-17T19:49:03.569,10.793824,98,20,3,4,R3C7,5,6,1.811765,1.772941,0.038823,0.000000,1,0
2026-08-17T19:49:03.569,10.798806,98,21,3,5,R3C8,5,8,1.423529,1.423529,-0.000000,0.000000,1,0
2026-08-17T19:49:03.569,10.803795,98,22,3,6,R3C9,5,10,1.242353,1.313529,-0.071176,0.000000,1,0
2026-08-17T19:49:03.825,10.915107,98,23,3,7,R3C10,5,12,1.423529,1.436471,-0.012941,0.000000,1,0
2026-08-17T19:49:03.825,10.921840,98,24,3,8,R3C11,5,14,1.824706,1.798823,0.025882,0.000000,1,0
2026-08-17T19:49:03.825,10.922710,98,25,4,1,R4C5,7,2,1.798823,1.772941,0.025882,0.000000,1,0
2026-08-17T19:49:03.825,10.924712,98,26,4,2,R4C6,7,4,1.798823,1.747059,0.051765,0.000000,1,0
2026-08-17T19:49:03.825,10.930692,98,27,4,3,R4C7,7,6,1.320000,1.384706,-0.064706,0.000000,1,0
2026-08-17T19:49:03.825,10.935847,98,28,4,4,R4C8,7,8,1.772941,1.721177,0.051765,0.000000,1,0
2026-08-17T19:49:03.825,10.941938,98,29,4,5,R4C9,7,10,1.708235,1.552941,0.155294,0.000000,1,0
2026-08-17T19:49:03.825,10.946762,98,30,4,6,R4C10,7,12,1.708235,1.734118,-0.025882,0.000000,1,0
2026-08-17T19:49:03.825,10.951744,98,31,4,7,R4C11,7,14,1.708235,1.572353,0.135882,0.000000,1,0
2026-08-17T19:49:03.825,10.956811,98,32,4,8,R4C12,7,16,1.695294,1.695294,0.000000,0.000000,1,0
2026-08-17T19:49:03.825,10.962793,98,33,5,1,R5C6,2,4,1.811765,1.811765,0.000000,0.000000,1,0
2026-08-17T19:49:03.826,10.967806,98,34,5,2,R5C7,2,6,1.850588,1.811765,0.038823,0.000000,1,0
2026-08-17T19:49:03.826,10.972734,98,35,5,3,R5C8,2,8,1.811765,1.811765,0.000000,0.000000,1,0
2026-08-17T19:49:03.826,10.977765,98,36,5,4,R5C9,2,10,1.811765,1.824706,-0.012941,0.000000,1,0
2026-08-17T19:49:03.826,10.982736,98,37,5,5,R5C10,2,12,1.798823,1.811765,-0.012941,0.000000,1,0
2026-08-17T19:49:03.826,10.988791,98,38,5,6,R5C11,2,14,1.811765,1.824706,-0.012941,0.000000,1,0
2026-08-17T19:49:04.009,10.993799,98,39,5,7,R5C12,2,16,1.824706,1.798823,0.025882,0.000000,1,0
2026-08-17T19:49:04.009,11.179588,98,40,5,8,R5C1,2,1,1.785882,1.785882,0.000000,0.000000,1,0
2026-08-17T19:49:04.009,11.180848,98,41,6,1,R6C7,4,6,1.785882,1.747059,0.038823,0.000000,1,0
2026-08-17T19:49:04.009,11.181754,98,42,6,2,R6C8,4,8,1.475294,1.734118,-0.258824,0.000000,1,0
2026-08-17T19:49:04.009,11.186736,98,43,6,3,R6C9,4,10,1.811765,1.811765,0.000000,0.000000,1,0
2026-08-17T19:49:04.009,11.191773,98,44,6,4,R6C10,4,12,1.798823,1.772941,0.025882,0.000000,1,0
2026-08-17T19:49:04.009,11.199856,98,45,6,5,R6C11,4,14,1.591765,1.617647,-0.025882,0.000000,1,0
2026-08-17T19:49:04.009,11.201849,98,46,6,6,R6C12,4,16,1.462353,1.358824,0.103529,0.000000,1,0
2026-08-17T19:49:04.009,11.207735,98,47,6,7,R6C1,4,1,1.772941,1.785882,-0.012941,0.000000,1,0
2026-08-17T19:49:04.009,11.212741,98,48,6,8,R6C2,4,3,1.811765,1.255294,0.556471,0.000000,1,0
2026-08-17T19:49:04.009,11.217770,98,49,7,1,R7C8,6,8,1.798823,1.792353,0.006471,0.000000,1,0
2026-08-17T19:49:04.009,11.223768,98,50,7,2,R7C9,6,10,1.565882,1.682353,-0.116471,0.000000,1,0
2026-08-17T19:49:04.010,11.228824,98,51,7,3,R7C10,6,12,1.449412,1.798823,-0.349412,0.126413,1,0
2026-08-17T19:49:04.010,11.233719,98,52,7,4,R7C11,6,14,1.798823,1.824706,-0.025882,0.000000,1,0
2026-08-17T19:49:04.010,11.238749,98,53,7,5,R7C12,6,16,1.811765,1.798823,0.012941,0.000000,1,0
2026-08-17T19:49:04.010,11.244736,98,54,7,6,R7C1,6,1,1.772941,1.785882,-0.012941,0.000000,1,0
2026-08-17T19:49:04.271,11.248685,98,55,7,7,R7C2,6,3,1.501176,1.436471,0.064706,0.000000,1,0
2026-08-17T19:49:04.271,11.362828,98,56,7,8,R7C3,6,5,1.811765,1.811765,0.000000,0.000000,1,0
2026-08-17T19:49:04.271,11.363763,98,57,8,1,R8C9,8,10,1.785882,1.811765,-0.025882,0.000000,1,0
2026-08-17T19:49:04.271,11.364766,98,58,8,2,R8C10,8,12,1.837647,1.798823,0.038824,0.000000,1,0
2026-08-17T19:49:04.271,11.369774,98,59,8,3,R8C11,8,14,1.565882,1.824706,-0.258824,0.000000,1,0
2026-08-17T19:49:04.271,11.376646,98,60,8,4,R8C12,8,16,1.501176,1.701765,-0.200588,0.000000,1,0
2026-08-17T19:49:04.271,11.382301,98,61,8,5,R8C1,8,1,1.811765,1.785882,0.025882,0.000000,1,0
2026-08-17T19:49:04.271,11.387381,98,62,8,6,R8C2,8,3,1.811765,1.798823,0.012941,0.000000,1,0
2026-08-17T19:49:04.271,11.390874,98,63,8,7,R8C3,8,5,1.747059,1.760000,-0.012941,0.000000,1,0
2026-08-17T19:49:04.271,11.395873,98,64,8,8,R8C4,8,7,1.643529,1.811765,-0.168235,0.000000,1,0
2026-08-17T19:49:04.271,11.401822,98,65,9,1,R9C10,10,12,1.087059,1.410588,0.000000,0.000000,1,0
2026-08-17T19:49:04.271,11.406894,98,66,9,2,R9C11,10,14,1.798823,1.811765,-0.012941,0.000000,1,0
2026-08-17T19:49:04.272,11.411868,98,67,9,3,R9C12,10,16,1.203529,1.662941,-0.459412,0.360756,1,0
2026-08-17T19:49:04.272,11.416762,98,68,9,4,R9C1,10,1,1.708235,1.772941,-0.064706,0.000000,1,0
2026-08-17T19:49:04.272,11.422870,98,69,9,5,R9C2,10,3,1.061176,1.061176,-0.000000,0.000000,1,0
2026-08-17T19:49:04.272,11.428010,98,70,9,6,R9C3,10,5,1.772941,1.772941,0.000000,0.000000,1,0
2026-08-17T19:49:04.272,11.432834,98,71,9,7,R9C4,10,7,1.345882,1.792353,0.000000,0.000000,1,0
2026-08-17T19:49:04.455,11.618234,98,72,9,8,R9C5,10,2,1.785882,1.682353,0.103529,0.000000,1,0
2026-08-17T19:49:04.455,11.625548,98,73,10,1,R10C11,12,14,1.798823,1.837647,-0.038824,0.000000,1,0
2026-08-17T19:49:04.455,11.626748,98,74,10,2,R10C12,12,16,1.824706,1.798823,0.025882,0.000000,1,0
2026-08-17T19:49:04.455,11.628793,98,75,10,3,R10C1,12,1,1.811765,1.772941,0.038823,0.000000,1,0
2026-08-17T19:49:04.455,11.635070,98,76,10,4,R10C2,12,3,1.798823,1.811765,-0.012941,0.000000,1,0
2026-08-17T19:49:04.455,11.640146,98,77,10,5,R10C3,12,5,1.772941,1.811765,-0.038823,0.000000,1,0
2026-08-17T19:49:04.455,11.645811,98,78,10,6,R10C4,12,7,1.824706,1.824706,0.000000,0.000000,1,0
2026-08-17T19:49:04.455,11.650991,98,79,10,7,R10C5,12,2,1.837647,1.811765,0.025882,0.000000,1,0
2026-08-17T19:49:04.455,11.654712,98,80,10,8,R10C6,12,4,1.811765,1.811765,0.000000,0.000000,1,0
2026-08-17T19:49:04.455,11.660716,98,81,11,1,R11C12,14,16,1.527059,1.455882,0.071177,0.000000,1,0
2026-08-17T19:49:04.455,11.665718,98,82,11,2,R11C1,14,1,1.798823,1.772941,0.025882,0.000000,1,0
2026-08-17T19:49:04.455,11.670707,98,83,11,3,R11C2,14,3,1.578824,1.242353,0.336471,0.000000,1,0
2026-08-17T19:49:04.455,11.675792,98,84,11,4,R11C3,14,5,1.772941,1.772941,0.000000,0.000000,1,0
2026-08-17T19:49:04.455,11.681812,98,85,11,5,R11C4,14,7,1.798823,1.811765,-0.012941,0.000000,1,0
2026-08-17T19:49:04.455,11.685741,98,86,11,6,R11C5,14,2,1.358824,1.604706,-0.245882,0.009217,1,0
2026-08-17T19:49:04.456,11.691828,98,87,11,7,R11C6,14,4,1.747059,1.779412,-0.032353,0.000000,1,0
2026-08-17T19:49:04.456,11.696793,98,88,11,8,R11C7,14,6,1.565882,1.662941,-0.097059,0.000000,1,0
2026-08-17T19:49:04.708,11.801822,98,89,12,1,R12C1,16,1,1.760000,1.837647,-0.077647,0.000000,1,0
2026-08-17T19:49:04.708,11.808350,98,90,12,2,R12C2,16,3,1.772941,1.695294,0.077647,0.000000,1,0
2026-08-17T19:49:04.708,11.809724,98,91,12,3,R12C3,16,5,1.772941,1.772941,0.000000,0.000000,1,0
2026-08-17T19:49:04.708,11.812753,98,92,12,4,R12C4,16,7,1.811765,1.811765,0.000000,0.000000,1,0
2026-08-17T19:49:04.709,11.817710,98,93,12,5,R12C5,16,2,1.760000,1.772941,-0.012941,0.000000,1,0
2026-08-17T19:49:04.709,11.825696,98,94,12,6,R12C6,16,4,1.811765,1.798823,0.012941,0.000000,1,0
2026-08-17T19:49:04.709,11.827919,98,95,12,7,R12C7,16,6,1.850588,1.772941,0.077647,0.000000,1,0
2026-08-17T19:49:04.709,11.833792,99,96,12,8,R12C8,16,8,0.000000,0.000000,0.000000,0.000000,1,1
2026-08-17T19:49:04.709,11.838740,99,1,1,1,R1C2,1,3,1.785882,1.798823,-0.012941,0.000000,1,0
2026-08-17T19:49:04.709,11.844745,99,2,1,2,R1C3,1,5,1.772941,1.785882,-0.012941,0.000000,1,0
2026-08-17T19:49:04.709,11.849778,99,3,1,3,R1C4,1,7,1.798823,1.811765,-0.012941,0.000000,1,0
2026-08-17T19:49:04.709,11.854759,99,4,1,4,R1C5,1,2,1.708235,1.785882,-0.077647,0.000000,1,0
2026-08-17T19:49:04.709,11.859763,99,5,1,5,R1C6,1,4,1.798823,1.785882,0.000000,0.000000,1,0
2026-08-17T19:49:04.709,11.864835,99,6,1,6,R1C7,1,6,1.811765,1.798823,0.012941,0.000000,1,0
2026-08-17T19:49:04.709,11.869799,99,7,1,7,R1C8,1,8,1.475294,1.734118,-0.258824,0.000000,1,0
2026-08-17T19:49:04.709,11.875818,99,8,1,8,R1C9,1,10,1.527059,1.591765,-0.064706,0.000000,1,0
2026-08-17T19:49:04.891,11.880788,99,9,2,1,R2C3,3,5,1.837647,1.772941,0.064706,0.000000,1,0
2026-08-17T19:49:04.891,12.063042,99,10,2,2,R2C4,3,7,1.643529,1.785882,-0.142353,0.000000,1,0
2026-08-17T19:49:04.891,12.064745,99,11,2,3,R2C5,3,2,1.785882,1.772941,0.012941,0.000000,1,0
2026-08-17T19:49:04.891,12.065705,99,12,2,4,R2C6,3,4,1.811765,1.410588,0.401176,0.000000,1,0
2026-08-17T19:49:04.891,12.070127,99,13,2,5,R2C7,3,6,1.772941,1.785882,-0.012941,0.000000,1,0
2026-08-17T19:49:04.891,12.076921,99,14,2,6,R2C8,3,8,1.281176,1.281176,0.000000,0.000000,1,0
2026-08-17T19:49:04.891,12.081318,99,15,2,7,R2C9,3,10,1.811765,1.798823,0.012941,0.000000,1,0
2026-08-17T19:49:04.891,12.087742,99,16,2,8,R2C10,3,12,1.708235,1.772941,-0.064706,0.000000,1,0
2026-08-17T19:49:04.891,12.090752,99,17,3,1,R3C4,5,7,1.578824,1.747059,0.000000,0.000000,1,0
2026-08-17T19:49:04.891,12.096796,99,18,3,2,R3C5,5,2,1.384706,1.449412,-0.064706,0.000000,1,0
2026-08-17T19:49:04.891,12.101813,99,19,3,3,R3C6,5,4,1.798823,1.798823,0.000000,0.000000,1,0
2026-08-17T19:49:04.891,12.106766,99,20,3,4,R3C7,5,6,1.772941,1.772941,0.000000,0.000000,1,0
2026-08-17T19:49:04.891,12.111755,99,21,3,5,R3C8,5,8,1.307059,1.423529,-0.116471,0.000000,1,0
2026-08-17T19:49:04.891,12.117836,99,22,3,6,R3C9,5,10,1.074118,1.268235,-0.194118,0.008746,1,0
2026-08-17T19:49:04.892,12.122834,99,23,3,7,R3C10,5,12,1.475294,1.423529,0.051765,0.000000,1,0
2026-08-17T19:49:04.892,12.127847,99,24,3,8,R3C11,5,14,1.798823,1.824706,-0.025882,0.000000,1,0
2026-08-17T19:49:04.892,12.132865,99,25,4,1,R4C5,7,2,1.721177,1.798823,-0.077647,0.000000,1,0
2026-08-17T19:49:05.150,12.238016,99,26,4,2,R4C6,7,4,1.540000,1.798823,-0.258824,0.000000,1,0
2026-08-17T19:49:05.150,12.244627,99,27,4,3,R4C7,7,6,1.552941,1.371765,0.181177,0.000000,1,0
2026-08-17T19:49:05.150,12.245751,99,28,4,4,R4C8,7,8,1.747059,1.772941,-0.025882,0.000000,1,0
2026-08-17T19:49:05.150,12.247722,99,29,4,5,R4C9,7,10,1.695294,1.552941,0.142353,0.000000,1,0
2026-08-17T19:49:05.150,12.255083,99,30,4,6,R4C10,7,12,1.798823,1.721177,0.077647,0.000000,1,0
2026-08-17T19:49:05.150,12.258835,99,31,4,7,R4C11,7,14,1.591765,1.578824,0.012941,0.000000,1,0
2026-08-17T19:49:05.150,12.264758,99,32,4,8,R4C12,7,16,1.656471,1.695294,-0.038824,0.000000,1,0
2026-08-17T19:49:05.150,12.269795,99,33,5,1,R5C6,2,4,1.811765,1.811765,0.000000,0.000000,1,0
2026-08-17T19:49:05.151,12.274770,99,34,5,2,R5C7,2,6,1.850588,1.824706,0.025882,0.000000,1,0
2026-08-17T19:49:05.151,12.279770,99,35,5,3,R5C8,2,8,1.811765,1.811765,0.000000,0.000000,1,0
2026-08-17T19:49:05.151,12.285889,99,36,5,4,R5C9,2,10,1.798823,1.811765,-0.012941,0.000000,1,0
2026-08-17T19:49:05.151,12.290869,99,37,5,5,R5C10,2,12,1.811765,1.811765,0.000000,0.000000,1,0
2026-08-17T19:49:05.151,12.295961,99,38,5,6,R5C11,2,14,1.811765,1.811765,0.000000,0.000000,1,0
2026-08-17T19:49:05.151,12.300857,99,39,5,7,R5C12,2,16,1.824706,1.824706,0.000000,0.000000,1,0
2026-08-17T19:49:05.151,12.305822,99,40,5,8,R5C1,2,1,1.837647,1.785882,0.051765,0.000000,1,0
2026-08-17T19:49:05.151,12.311791,99,41,6,1,R6C7,4,6,1.811765,1.747059,0.064706,0.000000,1,0
2026-08-17T19:49:05.336,12.316780,99,42,6,2,R6C8,4,8,1.410588,1.540000,-0.129412,0.000000,1,0
2026-08-17T19:49:05.336,12.504855,99,43,6,3,R6C9,4,10,1.837647,1.811765,0.025882,0.000000,1,0
2026-08-17T19:49:05.336,12.505770,99,44,6,4,R6C10,4,12,1.747059,1.798823,-0.051765,0.000000,1,0
2026-08-17T19:49:05.337,12.506722,99,45,6,5,R6C11,4,14,1.527059,1.591765,-0.064706,0.000000,1,0
2026-08-17T19:49:05.337,12.512864,99,46,6,6,R6C12,4,16,1.255294,1.397647,-0.142353,0.000000,1,0
2026-08-17T19:49:05.337,12.519826,99,47,6,7,R6C1,4,1,1.785882,1.785882,0.000000,0.000000,1,0
2026-08-17T19:49:05.337,12.523681,99,48,6,8,R6C2,4,3,1.294118,1.488235,-0.194118,0.000000,1,0
2026-08-17T19:49:05.337,12.527923,99,49,7,1,R7C8,6,8,1.785882,1.798823,-0.012941,0.000000,1,0
2026-08-17T19:49:05.337,12.532798,99,50,7,2,R7C9,6,10,1.410588,1.682353,0.000000,0.000000,1,0
2026-08-17T19:49:05.337,12.538829,99,51,7,3,R7C10,6,12,1.449412,1.798823,-0.349412,0.126413,1,0
2026-08-17T19:49:05.337,12.543822,99,52,7,4,R7C11,6,14,1.785882,1.824706,-0.038823,0.000000,1,0
2026-08-17T19:49:05.337,12.548807,99,53,7,5,R7C12,6,16,1.824706,1.811765,0.012941,0.000000,1,0
2026-08-17T19:49:05.337,12.553779,99,54,7,6,R7C1,6,1,1.772941,1.772941,0.000000,0.000000,1,0
2026-08-17T19:49:05.337,12.558853,99,55,7,7,R7C2,6,3,1.410588,1.436471,-0.025882,0.000000,1,0
2026-08-17T19:49:05.337,12.564801,99,56,7,8,R7C3,6,5,1.772941,1.811765,-0.038823,0.000000,1,0
2026-08-17T19:49:05.337,12.569875,99,57,8,1,R8C9,8,10,1.811765,1.811765,0.000000,0.000000,1,0
2026-08-17T19:49:05.337,12.574898,99,58,8,2,R8C10,8,12,1.824706,1.798823,0.025882,0.000000,1,0
2026-08-17T19:49:05.591,12.690136,99,59,8,3,R8C11,8,14,1.371765,1.798823,-0.427059,0.249743,1,0
2026-08-17T19:49:05.591,12.691759,99,60,8,4,R8C12,8,16,1.682353,1.656471,0.025882,0.000000,1,0
2026-08-17T19:49:05.591,12.692705,99,61,8,5,R8C1,8,1,1.798823,1.785882,0.012941,0.000000,1,0
2026-08-17T19:49:05.591,12.697726,99,62,8,6,R8C2,8,3,1.785882,1.798823,-0.012941,0.000000,1,0
2026-08-17T19:49:05.591,12.703765,99,63,8,7,R8C3,8,5,1.760000,1.747059,0.012941,0.000000,1,0
2026-08-17T19:49:05.591,12.708142,99,64,8,8,R8C4,8,7,1.811765,1.811765,0.000000,0.000000,1,0
2026-08-17T19:49:05.591,12.714747,99,65,9,1,R9C10,10,12,1.138824,1.410588,0.000000,0.000000,1,0
2026-08-17T19:49:05.591,12.717764,99,66,9,2,R9C11,10,14,1.824706,1.811765,0.012941,0.000000,1,0
2026-08-17T19:49:05.592,12.723754,99,67,9,3,R9C12,10,16,0.737647,1.662941,-0.925294,1.000000,1,0
2026-08-17T19:49:05.592,12.728774,99,68,9,4,R9C1,10,1,1.734118,1.772941,-0.038824,0.000000,1,0
2026-08-17T19:49:05.592,12.733888,99,69,9,5,R9C2,10,3,0.931765,1.061176,-0.129412,0.000000,1,0
2026-08-17T19:49:05.592,12.738752,99,70,9,6,R9C3,10,5,1.772941,1.772941,0.000000,0.000000,1,0
2026-08-17T19:49:05.592,12.743837,99,71,9,7,R9C4,10,7,1.332941,1.475294,-0.142353,0.000000,1,0
2026-08-17T19:49:05.592,12.749717,99,72,9,8,R9C5,10,2,1.785882,1.760000,0.025882,0.000000,1,0
2026-08-17T19:49:05.592,12.754710,99,73,10,1,R10C11,12,14,1.824706,1.837647,-0.012941,0.000000,1,0
2026-08-17T19:49:05.592,12.759758,99,74,10,2,R10C12,12,16,1.837647,1.824706,0.012941,0.000000,1,0
2026-08-17T19:49:05.592,12.768680,99,75,10,3,R10C1,12,1,1.811765,1.772941,0.038823,0.000000,1,0
2026-08-17T19:49:05.776,12.938572,99,76,10,4,R10C2,12,3,1.798823,1.798823,0.000000,0.000000,1,0
2026-08-17T19:49:05.776,12.945919,99,77,10,5,R10C3,12,5,1.772941,1.811765,-0.038823,0.000000,1,0
2026-08-17T19:49:05.777,12.947880,99,78,10,6,R10C4,12,7,1.811765,1.824706,-0.012941,0.000000,1,0
2026-08-17T19:49:05.777,12.949056,99,79,10,7,R10C5,12,2,1.837647,1.824706,0.012941,0.000000,1,0
2026-08-17T19:49:05.777,12.954914,99,80,10,8,R10C6,12,4,1.811765,1.811765,0.000000,0.000000,1,0
2026-08-17T19:49:05.777,12.960556,99,81,11,1,R11C12,14,16,1.785882,1.520588,0.265294,0.000000,1,0
2026-08-17T19:49:05.777,12.966092,99,82,11,2,R11C1,14,1,1.811765,1.785882,0.025882,0.000000,1,0
2026-08-17T19:49:05.777,12.971008,99,83,11,3,R11C2,14,3,1.294118,1.552941,-0.258824,0.047619,1,0
2026-08-17T19:49:05.777,12.974860,99,84,11,4,R11C3,14,5,1.785882,1.772941,0.012941,0.000000,1,0
2026-08-17T19:49:05.777,12.980954,99,85,11,5,R11C4,14,7,1.811765,1.811765,0.000000,0.000000,1,0
2026-08-17T19:49:05.777,12.985807,99,86,11,6,R11C5,14,2,1.074118,1.604706,-0.530588,0.516129,1,0
2026-08-17T19:49:05.777,12.990809,99,87,11,7,R11C6,14,4,1.811765,1.760000,0.051765,0.000000,1,0
2026-08-17T19:49:05.777,12.995777,99,88,11,8,R11C7,14,6,1.565882,1.591765,-0.025882,0.000000,1,0
2026-08-17T19:49:05.777,13.001850,99,89,12,1,R12C1,16,1,1.772941,1.760000,0.012941,0.000000,1,0
2026-08-17T19:49:05.777,13.005839,99,90,12,2,R12C2,16,3,1.785882,1.747059,0.038823,0.000000,1,0
2026-08-17T19:49:05.777,13.011810,99,91,12,3,R12C3,16,5,1.772941,1.772941,0.000000,0.000000,1,0
2026-08-17T19:49:06.031,13.016814,99,92,12,4,R12C4,16,7,1.772941,1.811765,-0.038823,0.000000,1,0
2026-08-17T19:49:06.031,13.130319,99,93,12,5,R12C5,16,2,1.734118,1.772941,-0.038824,0.000000,1,0
2026-08-17T19:49:06.031,13.131715,99,94,12,6,R12C6,16,4,1.811765,1.811765,0.000000,0.000000,1,0
2026-08-17T19:49:06.031,13.132681,99,95,12,7,R12C7,16,6,1.798823,1.772941,0.025882,0.000000,1,0
2026-08-17T19:49:06.031,13.137697,100,96,12,8,R12C8,16,8,0.000000,0.000000,0.000000,0.000000,1,1
2026-08-17T19:49:06.031,13.143831,100,1,1,1,R1C2,1,3,1.798823,1.798823,0.000000,0.000000,1,0
2026-08-17T19:49:06.031,13.148492,100,2,1,2,R1C3,1,5,1.798823,1.772941,0.025882,0.000000,1,0
2026-08-17T19:49:06.031,13.154791,100,3,1,3,R1C4,1,7,1.798823,1.811765,-0.012941,0.000000,1,0
2026-08-17T19:49:06.031,13.157747,100,4,1,4,R1C5,1,2,1.785882,1.747059,0.038823,0.000000,1,0
2026-08-17T19:49:06.031,13.163744,100,5,1,5,R1C6,1,4,1.760000,1.798823,-0.038823,0.000000,1,0
2026-08-17T19:49:06.031,13.168853,100,6,1,6,R1C7,1,6,1.772941,1.811765,-0.038823,0.000000,1,0
2026-08-17T19:49:06.032,13.173772,100,7,1,7,R1C8,1,8,1.540000,1.565882,-0.025882,0.000000,1,0
2026-08-17T19:49:06.032,13.179776,100,8,1,8,R1C9,1,10,1.384706,1.578824,-0.194118,0.000000,1,0
2026-08-17T19:49:06.032,13.184832,100,9,2,1,R2C3,3,5,1.772941,1.798823,-0.025882,0.000000,1,0
2026-08-17T19:49:06.032,13.189762,100,10,2,2,R2C4,3,7,1.785882,1.643529,0.142353,0.000000,1,0
2026-08-17T19:49:06.032,13.194872,100,11,2,3,R2C5,3,2,1.772941,1.772941,0.000000,0.000000,1,0
2026-08-17T19:49:06.032,13.199744,100,12,2,4,R2C6,3,4,1.281176,1.785882,-0.504706,0.378882,1,0
2026-08-17T19:49:06.215,13.378303,100,13,2,5,R2C7,3,6,1.837647,1.785882,0.051765,0.000000,1,0
2026-08-17T19:49:06.215,13.385766,100,14,2,6,R2C8,3,8,1.216471,1.281176,-0.064706,0.000000,1,0
2026-08-17T19:49:06.216,13.386782,100,15,2,7,R2C9,3,10,1.747059,1.811765,-0.064706,0.000000,1,0
2026-08-17T19:49:06.216,13.388737,100,16,2,8,R2C10,3,12,1.501176,1.708235,-0.207059,0.000000,1,0
2026-08-17T19:49:06.216,13.394757,100,17,3,1,R3C4,5,7,1.798823,1.695294,0.103529,0.000000,1,0
2026-08-17T19:49:06.216,13.400869,100,18,3,2,R3C5,5,2,0.905882,1.384706,-0.478824,0.559413,1,0
2026-08-17T19:49:06.216,13.405695,100,19,3,3,R3C6,5,4,1.824706,1.798823,0.025882,0.000000,1,0
2026-08-17T19:49:06.216,13.411786,100,20,3,4,R3C7,5,6,1.850588,1.772941,0.077647,0.000000,1,0
2026-08-17T19:49:06.216,13.414777,100,21,3,5,R3C8,5,8,1.268235,1.384706,-0.116471,0.000000,1,0
2026-08-17T19:49:06.216,13.420885,100,22,3,6,R3C9,5,10,1.229412,1.268235,-0.038824,0.000000,1,0
2026-08-17T19:49:06.216,13.425952,100,23,3,7,R3C10,5,12,1.488235,1.423529,0.064706,0.000000,1,0
2026-08-17T19:49:06.216,13.430804,100,24,3,8,R3C11,5,14,1.785882,1.824706,-0.038823,0.000000,1,0
2026-08-17T19:49:06.216,13.435784,100,25,4,1,R4C5,7,2,1.475294,1.798823,-0.323529,0.085303,1,0
2026-08-17T19:49:06.216,13.441806,100,26,4,2,R4C6,7,4,1.436471,1.747059,-0.310588,0.079365,1,0
2026-08-17T19:49:06.216,13.446793,100,27,4,3,R4C7,7,6,1.656471,1.371765,0.284706,0.000000,1,0
2026-08-17T19:49:06.216,13.451926,100,28,4,4,R4C8,7,8,1.785882,1.747059,0.038823,0.000000,1,0
2026-08-17T19:49:06.473,13.456752,100,29,4,5,R4C9,7,10,1.552941,1.695294,-0.142353,0.000000,1,0
2026-08-17T19:49:06.473,13.569162,100,30,4,6,R4C10,7,12,1.824706,1.747059,0.077647,0.000000,1,0
2026-08-17T19:49:06.473,13.570750,100,31,4,7,R4C11,7,14,1.824706,1.591765,0.232941,0.000000,1,0
2026-08-17T19:49:06.473,13.571720,100,32,4,8,R4C12,7,16,1.682353,1.695294,-0.012941,0.000000,1,0
2026-08-17T19:49:06.473,13.576720,100,33,5,1,R5C6,2,4,1.811765,1.811765,0.000000,0.000000,1,0
2026-08-17T19:49:06.474,13.582757,100,34,5,2,R5C7,2,6,1.850588,1.850588,0.000000,0.000000,1,0
2026-08-17T19:49:06.474,13.587514,100,35,5,3,R5C8,2,8,1.811765,1.811765,0.000000,0.000000,1,0
2026-08-17T19:49:06.474,13.593788,100,36,5,4,R5C9,2,10,1.824706,1.811765,0.012941,0.000000,1,0
2026-08-17T19:49:06.474,13.596781,100,37,5,5,R5C10,2,12,1.850588,1.811765,0.038823,0.000000,1,0
2026-08-17T19:49:06.474,13.602777,100,38,5,6,R5C11,2,14,1.798823,1.811765,-0.012941,0.000000,1,0
2026-08-17T19:49:06.474,13.607887,100,39,5,7,R5C12,2,16,1.811765,1.824706,-0.012941,0.000000,1,0
2026-08-17T19:49:06.474,13.612756,100,40,5,8,R5C1,2,1,1.772941,1.785882,-0.012941,0.000000,1,0
2026-08-17T19:49:06.474,13.617740,100,41,6,1,R6C7,4,6,1.669412,1.785882,-0.116471,0.000000,1,0
2026-08-17T19:49:06.474,13.623761,100,42,6,2,R6C8,4,8,1.449412,1.475294,-0.025882,0.000000,1,0
2026-08-17T19:49:06.474,13.628813,100,43,6,3,R6C9,4,10,1.824706,1.811765,0.012941,0.000000,1,0
2026-08-17T19:49:06.474,13.633805,100,44,6,4,R6C10,4,12,1.617647,1.772941,-0.155294,0.000000,1,0
2026-08-17T19:49:06.658,13.638874,100,45,6,5,R6C11,4,14,1.630588,1.578824,0.051765,0.000000,1,0
2026-08-17T19:49:06.658,13.827955,100,46,6,6,R6C12,4,16,1.138824,1.320000,-0.181177,0.000000,1,0
2026-08-17T19:49:06.658,13.829841,100,47,6,7,R6C1,4,1,1.772941,1.785882,-0.012941,0.000000,1,0
2026-08-17T19:49:06.658,13.830786,100,48,6,8,R6C2,4,3,1.255294,1.294118,-0.038824,0.000000,1,0
2026-08-17T19:49:06.658,13.834760,100,49,7,1,R7C8,6,8,1.760000,1.798823,-0.038823,0.000000,1,0
2026-08-17T19:49:06.658,13.842173,100,50,7,2,R7C9,6,10,1.734118,1.488235,0.245882,0.000000,1,0
2026-08-17T19:49:06.658,13.847730,100,51,7,3,R7C10,6,12,1.501176,1.798823,-0.297647,0.044193,1,0
2026-08-17T19:49:06.659,13.852790,100,52,7,4,R7C11,6,14,1.811765,1.798823,0.012941,0.000000,1,0
2026-08-17T19:49:06.659,13.855782,100,53,7,5,R7C12,6,16,1.837647,1.824706,0.012941,0.000000,1,0
2026-08-17T19:49:06.659,13.861765,100,54,7,6,R7C1,6,1,1.772941,1.772941,0.000000,0.000000,1,0
2026-08-17T19:49:06.659,13.866749,100,55,7,7,R7C2,6,3,1.397647,1.423529,-0.025882,0.000000,1,0
2026-08-17T19:49:06.659,13.871766,100,56,7,8,R7C3,6,5,1.798823,1.772941,0.025882,0.000000,1,0
2026-08-17T19:49:06.659,13.876716,100,57,8,1,R8C9,8,10,1.747059,1.811765,-0.064706,0.000000,1,0
2026-08-17T19:49:06.659,13.881705,100,58,8,2,R8C10,8,12,1.798823,1.824706,-0.025882,0.000000,1,0
2026-08-17T19:49:06.659,13.887720,100,59,8,3,R8C11,8,14,1.643529,1.798823,-0.155294,0.000000,1,0
2026-08-17T19:49:06.659,13.892721,100,60,8,4,R8C12,8,16,1.229412,1.656471,-0.427059,0.308036,1,0
2026-08-17T19:49:06.659,13.897752,100,61,8,5,R8C1,8,1,1.798823,1.798823,0.000000,0.000000,1,0
2026-08-17T19:49:06.916,14.005396,100,62,8,6,R8C2,8,3,1.785882,1.798823,-0.012941,0.000000,1,0
2026-08-17T19:49:06.916,14.012128,100,63,8,7,R8C3,8,5,1.798823,1.747059,0.051765,0.000000,1,0
2026-08-17T19:49:06.916,14.013762,100,64,8,8,R8C4,8,7,1.798823,1.811765,-0.012941,0.000000,1,0
2026-08-17T19:49:06.916,14.015770,100,65,9,1,R9C10,10,12,1.125882,1.112941,0.012941,0.000000,1,0
2026-08-17T19:49:06.916,14.021792,100,66,9,2,R9C11,10,14,1.824706,1.811765,0.012941,0.000000,1,0
2026-08-17T19:49:06.916,14.028384,100,67,9,3,R9C12,10,16,1.307059,1.662941,-0.355882,0.182879,1,0
2026-08-17T19:49:06.916,14.031974,100,68,9,4,R9C1,10,1,1.772941,1.734118,0.038824,0.000000,1,0
2026-08-17T19:49:06.916,14.036799,100,69,9,5,R9C2,10,3,0.763529,0.931765,-0.168235,0.087302,1,0
2026-08-17T19:49:06.916,14.041905,100,70,9,6,R9C3,10,5,1.772941,1.772941,0.000000,0.000000,1,0
2026-08-17T19:49:06.916,14.047810,100,71,9,7,R9C4,10,7,1.229412,1.345882,-0.116471,0.000000,1,0
2026-08-17T19:49:06.916,14.052849,100,72,9,8,R9C5,10,2,1.772941,1.785882,-0.012941,0.000000,1,0
2026-08-17T19:49:06.916,14.057813,100,73,10,1,R10C11,12,14,1.837647,1.824706,0.012941,0.000000,1,0
2026-08-17T19:49:06.917,14.062780,100,74,10,2,R10C12,12,16,1.837647,1.837647,0.000000,0.000000,1,0
2026-08-17T19:49:06.917,14.067907,100,75,10,3,R10C1,12,1,1.798823,1.811765,-0.012941,0.000000,1,0
2026-08-17T19:49:06.917,14.073803,100,76,10,4,R10C2,12,3,1.798823,1.798823,0.000000,0.000000,1,0
2026-08-17T19:49:06.917,14.078823,100,77,10,5,R10C3,12,5,1.785882,1.772941,0.012941,0.000000,1,0
2026-08-17T19:49:06.917,14.083781,100,78,10,6,R10C4,12,7,1.824706,1.824706,0.000000,0.000000,1,0
2026-08-17T19:49:07.102,14.263326,100,79,10,7,R10C5,12,2,1.785882,1.837647,-0.051765,0.000000,1,0
2026-08-17T19:49:07.102,14.270612,100,80,10,8,R10C6,12,4,1.824706,1.811765,0.012941,0.000000,1,0
2026-08-17T19:49:07.102,14.271770,100,81,11,1,R11C12,14,16,1.747059,1.527059,0.220000,0.000000,1,0
2026-08-17T19:49:07.102,14.272710,100,82,11,2,R11C1,14,1,1.798823,1.798823,0.000000,0.000000,1,0
2026-08-17T19:49:07.102,14.278745,100,83,11,3,R11C2,14,3,1.501176,1.552941,-0.051765,0.000000,1,0
2026-08-17T19:49:07.102,14.285164,100,84,11,4,R11C3,14,5,1.772941,1.772941,0.000000,0.000000,1,0
2026-08-17T19:49:07.103,14.290913,100,85,11,5,R11C4,14,7,1.811765,1.811765,0.000000,0.000000,1,0
2026-08-17T19:49:07.103,14.295706,100,86,11,6,R11C5,14,2,1.798823,1.604706,0.194118,0.000000,1,0
2026-08-17T19:49:07.103,14.299764,100,87,11,7,R11C6,14,4,1.695294,1.760000,-0.064706,0.000000,1,0
2026-08-17T19:49:07.103,14.304786,100,88,11,8,R11C7,14,6,1.565882,1.565882,0.000000,0.000000,1,0
2026-08-17T19:49:07.103,14.309806,100,89,12,1,R12C1,16,1,1.772941,1.772941,0.000000,0.000000,1,0
2026-08-17T19:49:07.103,14.315800,100,90,12,2,R12C2,16,3,1.734118,1.772941,-0.038824,0.000000,1,0
2026-08-17T19:49:07.103,14.320818,100,91,12,3,R12C3,16,5,1.772941,1.772941,0.000000,0.000000,1,0
2026-08-17T19:49:07.103,14.325840,100,92,12,4,R12C4,16,7,1.760000,1.811765,-0.051765,0.000000,1,0
2026-08-17T19:49:07.103,14.330883,100,93,12,5,R12C5,16,2,1.760000,1.760000,0.000000,0.000000,1,0
2026-08-17T19:49:07.103,14.335760,100,94,12,6,R12C6,16,4,1.798823,1.811765,-0.012941,0.000000,1,0
2026-08-17T19:49:07.359,14.341825,100,95,12,7,R12C7,16,6,1.811765,1.798823,0.012941,0.000000,1,0
2026-08-17T19:49:07.359,14.455891,101,96,12,8,R12C8,16,8,0.000000,0.000000,0.000000,0.000000,1,1
2026-08-17T19:49:07.359,14.456742,101,1,1,1,R1C2,1,3,1.798823,1.798823,0.000000,0.000000,1,0
2026-08-17T19:49:07.359,14.457714,101,2,1,2,R1C3,1,5,1.747059,1.772941,-0.025882,0.000000,1,0
2026-08-17T19:49:07.359,14.462745,101,3,1,3,R1C4,1,7,1.811765,1.798823,0.012941,0.000000,1,0
2026-08-17T19:49:07.359,14.470009,101,4,1,4,R1C5,1,2,1.734118,1.785882,-0.051765,0.000000,1,0
2026-08-17T19:49:07.359,14.474088,101,5,1,5,R1C6,1,4,1.811765,1.779412,0.032353,0.000000,1,0
2026-08-17T19:49:07.359,14.480828,101,6,1,6,R1C7,1,6,1.772941,1.772941,0.000000,0.000000,1,0
2026-08-17T19:49:07.359,14.483794,101,7,1,7,R1C8,1,8,1.501176,1.540000,-0.038823,0.000000,1,0
2026-08-17T19:49:07.360,14.489918,101,8,1,8,R1C9,1,10,1.397647,1.527059,-0.129412,0.000000,1,0
2026-08-17T19:49:07.360,14.494931,101,9,2,1,R2C3,3,5,1.772941,1.798823,-0.025882,0.000000,1,0
2026-08-17T19:49:07.360,14.499791,101,10,2,2,R2C4,3,7,1.785882,1.785882,0.000000,0.000000,1,0
2026-08-17T19:49:07.360,14.504796,101,11,2,3,R2C5,3,2,1.785882,1.772941,0.012941,0.000000,1,0
2026-08-17T19:49:07.360,14.509764,101,12,2,4,R2C6,3,4,1.501176,1.785882,-0.284706,0.026915,1,0
2026-08-17T19:49:07.360,14.515790,101,13,2,5,R2C7,3,6,1.824706,1.785882,0.038823,0.000000,1,0
2026-08-17T19:49:07.360,14.520860,101,14,2,6,R2C8,3,8,1.074118,1.216471,-0.142353,0.000000,1,0
2026-08-17T19:49:07.544,14.525867,101,15,2,7,R2C9,3,10,1.423529,1.798823,-0.375294,0.167523,1,0
2026-08-17T19:49:07.544,14.713670,101,16,2,8,R2C10,3,12,1.552941,1.708235,-0.155294,0.000000,1,0
2026-08-17T19:49:07.544,14.715051,101,17,3,1,R3C4,5,7,1.514118,1.798823,-0.284706,0.023638,1,0
2026-08-17T19:49:07.544,14.716724,101,18,3,2,R3C5,5,2,1.281176,1.384706,-0.103529,0.000000,1,0
2026-08-17T19:49:07.544,14.720749,101,19,3,3,R3C6,5,4,1.798823,1.798823,0.000000,0.000000,1,0
2026-08-17T19:49:07.544,14.725710,101,20,3,4,R3C7,5,6,1.837647,1.811765,0.025882,0.000000,1,0
2026-08-17T19:49:07.544,14.733169,101,21,3,5,R3C8,5,8,1.384706,1.307059,0.077647,0.000000,1,0
2026-08-17T19:49:07.544,14.738039,101,22,3,6,R3C9,5,10,1.216471,1.235882,-0.019412,0.000000,1,0
2026-08-17T19:49:07.544,14.741869,101,23,3,7,R3C10,5,12,1.708235,1.475294,0.232941,0.000000,1,0
2026-08-17T19:49:07.544,14.746766,101,24,3,8,R3C11,5,14,1.798823,1.798823,0.000000,0.000000,1,0
2026-08-17T19:49:07.545,14.752823,101,25,4,1,R4C5,7,2,1.656471,1.798823,-0.142353,0.000000,1,0
2026-08-17T19:49:07.545,14.757772,101,26,4,2,R4C6,7,4,1.811765,1.747059,0.064706,0.000000,1,0
2026-08-17T19:49:07.545,14.762769,101,27,4,3,R4C7,7,6,1.643529,1.552941,0.090588,0.000000,1,0
2026-08-17T19:49:07.545,14.767745,101,28,4,4,R4C8,7,8,1.734118,1.772941,-0.038824,0.000000,1,0
2026-08-17T19:49:07.545,14.772872,101,29,4,5,R4C9,7,10,1.669412,1.695294,-0.025882,0.000000,1,0
2026-08-17T19:49:07.545,14.778778,101,30,4,6,R4C10,7,12,1.798823,1.798823,0.000000,0.000000,1,0
2026-08-17T19:49:07.545,14.783822,101,31,4,7,R4C11,7,14,1.630588,1.708235,-0.077647,0.000000,1,0
2026-08-17T19:49:07.804,14.891281,101,32,4,8,R4C12,7,16,1.760000,1.682353,0.077647,0.000000,1,0
2026-08-17T19:49:07.804,14.898365,101,33,5,1,R5C6,2,4,1.811765,1.811765,0.000000,0.000000,1,0
2026-08-17T19:49:07.804,14.899847,101,34,5,2,R5C7,2,6,1.850588,1.850588,0.000000,0.000000,1,0
2026-08-17T19:49:07.804,14.900767,101,35,5,3,R5C8,2,8,1.811765,1.811765,0.000000,0.000000,1,0
2026-08-17T19:49:07.804,14.907849,101,36,5,4,R5C9,2,10,1.785882,1.811765,-0.025882,0.000000,1,0
2026-08-17T19:49:07.804,14.914003,101,37,5,5,R5C10,2,12,1.798823,1.811765,-0.012941,0.000000,1,0
2026-08-17T19:49:07.804,14.918024,101,38,5,6,R5C11,2,14,1.798823,1.811765,-0.012941,0.000000,1,0
2026-08-17T19:49:07.804,14.924762,101,39,5,7,R5C12,2,16,1.811765,1.824706,-0.012941,0.000000,1,0
2026-08-17T19:49:07.805,14.927751,101,40,5,8,R5C1,2,1,1.772941,1.785882,-0.012941,0.000000,1,0
2026-08-17T19:49:07.805,14.933815,101,41,6,1,R6C7,4,6,1.436471,1.785882,-0.349412,0.130435,1,0
2026-08-17T19:49:07.805,14.938789,101,42,6,2,R6C8,4,8,1.358824,1.449412,-0.090588,0.000000,1,0
2026-08-17T19:49:07.805,14.943818,101,43,6,3,R6C9,4,10,1.760000,1.824706,-0.064706,0.000000,1,0
2026-08-17T19:49:07.805,14.948897,101,44,6,4,R6C10,4,12,1.604706,1.747059,-0.142353,0.000000,1,0
2026-08-17T19:49:07.805,14.953837,101,45,6,5,R6C11,4,14,1.540000,1.591765,-0.051765,0.000000,1,0
2026-08-17T19:49:07.805,14.959869,101,46,6,6,R6C12,4,16,1.061176,1.255294,-0.194118,0.013255,1,0
2026-08-17T19:49:07.805,14.964783,101,47,6,7,R6C1,4,1,1.772941,1.772941,0.000000,0.000000,1,0
2026-08-17T19:49:07.805,14.969820,101,48,6,8,R6C2,4,3,1.307059,1.294118,0.012941,0.000000,1,0
2026-08-17T19:49:07.991,15.151462,101,49,7,1,R7C8,6,8,1.760000,1.785882,-0.025882,0.000000,1,0
2026-08-17T19:49:07.991,15.158740,101,50,7,2,R7C9,6,10,1.514118,1.565882,-0.051765,0.000000,1,0
2026-08-17T19:49:07.991,15.159777,101,51,7,3,R7C10,6,12,1.540000,1.798823,-0.258824,0.000000,1,0
2026-08-17T19:49:07.991,15.160732,101,52,7,4,R7C11,6,14,1.824706,1.798823,0.025882,0.000000,1,0
2026-08-17T19:49:07.991,15.167792,101,53,7,5,R7C12,6,16,1.798823,1.824706,-0.025882,0.000000,1,0
2026-08-17T19:49:07.991,15.173057,101,54,7,6,R7C1,6,1,1.785882,1.772941,0.012941,0.000000,1,0
2026-08-17T19:49:07.991,15.178841,101,55,7,7,R7C2,6,3,1.423529,1.410588,0.012941,0.000000,1,0
2026-08-17T19:49:07.991,15.184908,101,56,7,8,R7C3,6,5,1.785882,1.798823,-0.012941,0.000000,1,0
2026-08-17T19:49:07.991,15.187825,101,57,8,1,R8C9,8,10,1.811765,1.785882,0.025882,0.000000,1,0
2026-08-17T19:49:07.991,15.193837,101,58,8,2,R8C10,8,12,1.811765,1.824706,-0.012941,0.000000,1,0
2026-08-17T19:49:07.991,15.198842,101,59,8,3,R8C11,8,14,1.682353,1.604706,0.077647,0.000000,1,0
2026-08-17T19:49:07.991,15.203900,101,60,8,4,R8C12,8,16,1.423529,1.656471,-0.232941,0.000000,1,0
2026-08-17T19:49:07.991,15.208864,101,61,8,5,R8C1,8,1,1.785882,1.798823,-0.012941,0.000000,1,0
2026-08-17T19:49:07.991,15.213783,101,62,8,6,R8C2,8,3,1.798823,1.785882,0.012941,0.000000,1,0
2026-08-17T19:49:07.992,15.219872,101,63,8,7,R8C3,8,5,1.760000,1.760000,0.000000,0.000000,1,0
2026-08-17T19:49:07.992,15.224839,101,64,8,8,R8C4,8,7,1.462353,1.798823,-0.336470,0.105858,1,0
2026-08-17T19:49:07.992,15.229848,101,65,9,1,R9C10,10,12,0.517647,1.125882,-0.608235,1.000000,1,0
2026-08-17T19:49:08.250,15.338184,101,66,9,2,R9C11,10,14,1.837647,1.824706,0.012941,0.000000,1,0
2026-08-17T19:49:08.250,15.345511,101,67,9,3,R9C12,10,16,1.022353,1.662941,-0.640588,0.672040,1,0
2026-08-17T19:49:08.250,15.346762,101,68,9,4,R9C1,10,1,1.785882,1.734118,0.051765,0.000000,1,0
2026-08-17T19:49:08.250,15.347734,101,69,9,5,R9C2,10,3,0.427059,0.931765,-0.504706,1.000000,1,0
2026-08-17T19:49:08.250,15.353759,101,70,9,6,R9C3,10,5,1.798823,1.772941,0.025882,0.000000,1,0
2026-08-17T19:49:08.250,15.360836,101,71,9,7,R9C4,10,7,1.436471,1.332941,0.103529,0.000000,1,0
2026-08-17T19:49:08.250,15.364657,101,72,9,8,R9C5,10,2,1.811765,1.785882,0.025882,0.000000,1,0
2026-08-17T19:49:08.250,15.370890,101,73,10,1,R10C11,12,14,1.837647,1.824706,0.012941,0.000000,1,0
2026-08-17T19:49:08.250,15.374719,101,74,10,2,R10C12,12,16,1.798823,1.837647,-0.038824,0.000000,1,0
2026-08-17T19:49:08.250,15.379735,101,75,10,3,R10C1,12,1,1.785882,1.811765,-0.025882,0.000000,1,0
2026-08-17T19:49:08.250,15.384767,101,76,10,4,R10C2,12,3,1.811765,1.798823,0.012941,0.000000,1,0
2026-08-17T19:49:08.250,15.389835,101,77,10,5,R10C3,12,5,1.824706,1.772941,0.051765,0.000000,1,0
2026-08-17T19:49:08.250,15.395772,101,78,10,6,R10C4,12,7,1.824706,1.824706,0.000000,0.000000,1,0
2026-08-17T19:49:08.250,15.400744,101,79,10,7,R10C5,12,2,1.811765,1.837647,-0.025882,0.000000,1,0
2026-08-17T19:49:08.250,15.405724,101,80,10,8,R10C6,12,4,1.811765,1.811765,0.000000,0.000000,1,0
2026-08-17T19:49:08.250,15.410757,101,81,11,1,R11C12,14,16,0.931765,1.747059,-0.815294,0.904762,1,0
2026-08-17T19:49:08.435,15.416813,101,82,11,2,R11C1,14,1,1.785882,1.798823,-0.012941,0.000000,1,0
2026-08-17T19:49:08.435,15.604130,101,83,11,3,R11C2,14,3,1.747059,1.540000,0.207059,0.000000,1,0
2026-08-17T19:49:08.435,15.605854,101,84,11,4,R11C3,14,5,1.798823,1.772941,0.025882,0.000000,1,0
2026-08-17T19:49:08.435,15.606761,101,85,11,5,R11C4,14,7,1.811765,1.811765,0.000000,0.000000,1,0
2026-08-17T19:49:08.435,15.611849,101,86,11,6,R11C5,14,2,1.772941,1.604706,0.000000,0.000000,1,0
2026-08-17T19:49:08.435,15.618199,101,87,11,7,R11C6,14,4,1.734118,1.747059,-0.012941,0.000000,1,0
2026-08-17T19:49:08.435,15.623887,101,88,11,8,R11C7,14,6,1.798823,1.565882,0.232941,0.000000,1,0
2026-08-17T19:49:08.435,15.628922,101,89,12,1,R12C1,16,1,1.798823,1.772941,0.025882,0.000000,1,0
2026-08-17T19:49:08.435,15.631787,101,90,12,2,R12C2,16,3,1.734118,1.772941,-0.038824,0.000000,1,0
2026-08-17T19:49:08.435,15.637866,101,91,12,3,R12C3,16,5,1.798823,1.772941,0.025882,0.000000,1,0
2026-08-17T19:49:08.435,15.642886,101,92,12,4,R12C4,16,7,1.811765,1.772941,0.038823,0.000000,1,0
2026-08-17T19:49:08.435,15.647849,101,93,12,5,R12C5,16,2,1.760000,1.760000,0.000000,0.000000,1,0
2026-08-17T19:49:08.435,15.652897,101,94,12,6,R12C6,16,4,1.617647,1.811765,-0.194118,0.000000,1,0
2026-08-17T19:49:08.436,15.658895,101,95,12,7,R12C7,16,6,1.772941,1.811765,-0.038823,0.000000,1,0
2026-08-17T19:49:08.436,15.663851,102,96,12,8,R12C8,16,8,0.000000,0.000000,0.000000,0.000000,1,1
2026-08-17T19:49:08.436,15.668860,102,1,1,1,R1C2,1,3,1.798823,1.798823,0.000000,0.000000,1,0
2026-08-17T19:49:08.436,15.673797,102,2,1,2,R1C3,1,5,1.747059,1.772941,-0.025882,0.000000,1,0
2026-08-17T19:49:08.694,15.782087,102,3,1,3,R1C4,1,7,1.798823,1.798823,0.000000,0.000000,1,0
2026-08-17T19:49:08.694,15.789172,102,4,1,4,R1C5,1,2,1.747059,1.734118,0.012941,0.000000,1,0
2026-08-17T19:49:08.694,15.790774,102,5,1,5,R1C6,1,4,1.811765,1.798823,0.012941,0.000000,1,0
2026-08-17T19:49:08.694,15.792731,102,6,1,6,R1C7,1,6,1.811765,1.772941,0.038823,0.000000,1,0
2026-08-17T19:49:08.694,15.798809,102,7,1,7,R1C8,1,8,1.643529,1.501176,0.142353,0.000000,1,0
2026-08-17T19:49:08.694,15.806898,102,8,1,8,R1C9,1,10,1.514118,1.397647,0.116471,0.000000,1,0
2026-08-17T19:49:08.694,15.808760,102,9,2,1,R2C3,3,5,1.785882,1.772941,0.012941,0.000000,1,0
2026-08-17T19:49:08.694,15.814782,102,10,2,2,R2C4,3,7,1.772941,1.785882,-0.012941,0.000000,1,0
2026-08-17T19:49:08.694,15.818764,102,11,2,3,R2C5,3,2,1.747059,1.785882,-0.038823,0.000000,1,0
2026-08-17T19:49:08.694,15.824803,102,12,2,4,R2C6,3,4,1.009412,1.785882,-0.776471,0.813665,1,0
2026-08-17T19:49:08.695,15.829832,102,13,2,5,R2C7,3,6,1.798823,1.824706,-0.025882,0.000000,1,0
2026-08-17T19:49:08.695,15.834943,102,14,2,6,R2C8,3,8,1.268235,1.216471,0.051765,0.000000,1,0
2026-08-17T19:49:08.695,15.839801,102,15,2,7,R2C9,3,10,1.423529,1.798823,-0.375294,0.167523,1,0
2026-08-17T19:49:08.695,15.845833,102,16,2,8,R2C10,3,12,1.578824,1.552941,0.025882,0.000000,1,0
2026-08-17T19:49:08.695,15.849767,102,17,3,1,R3C4,5,7,1.798823,1.798823,0.000000,0.000000,1,0
2026-08-17T19:49:08.695,15.855879,102,18,3,2,R3C5,5,2,0.892941,1.332941,-0.440000,0.514563,1,0
2026-08-17T19:49:08.879,15.860820,102,19,3,3,R3C6,5,4,1.798823,1.798823,0.000000,0.000000,1,0
2026-08-17T19:49:08.879,16.048548,102,20,3,4,R3C7,5,6,1.837647,1.837647,0.000000,0.000000,1,0
2026-08-17T19:49:08.879,16.049780,102,21,3,5,R3C8,5,8,1.397647,1.307059,0.090588,0.000000,1,0
2026-08-17T19:49:08.879,16.050735,102,22,3,6,R3C9,5,10,1.216471,1.222941,-0.006471,0.000000,1,0
2026-08-17T19:49:08.879,16.055748,102,23,3,7,R3C10,5,12,1.462353,1.488235,-0.025882,0.000000,1,0
2026-08-17T19:49:08.879,16.062444,102,24,3,8,R3C11,5,14,1.811765,1.798823,0.012941,0.000000,1,0
2026-08-17T19:49:08.879,16.068109,102,25,4,1,R4C5,7,2,1.345882,1.688824,-0.342941,0.151615,1,0
2026-08-17T19:49:08.879,16.073104,102,26,4,2,R4C6,7,4,1.307059,1.675882,-0.368824,0.200221,1,0
2026-08-17T19:49:08.879,16.075766,102,27,4,3,R4C7,7,6,1.772941,1.643529,0.129412,0.000000,1,0
2026-08-17T19:49:08.879,16.081759,102,28,4,4,R4C8,7,8,1.772941,1.747059,0.025882,0.000000,1,0
2026-08-17T19:49:08.879,16.086917,102,29,4,5,R4C9,7,10,1.527059,1.669412,-0.142353,0.000000,1,0
2026-08-17T19:49:08.879,16.092795,102,30,4,6,R4C10,7,12,1.824706,1.798823,0.025882,0.000000,1,0
2026-08-17T19:49:08.879,16.097794,102,31,4,7,R4C11,7,14,1.772941,1.630588,0.142353,0.000000,1,0
2026-08-17T19:49:08.879,16.102752,102,32,4,8,R4C12,7,16,1.656471,1.682353,-0.025882,0.000000,1,0
2026-08-17T19:49:08.879,16.107737,102,33,5,1,R5C6,2,4,1.811765,1.811765,0.000000,0.000000,1,0
2026-08-17T19:49:08.880,16.112713,102,34,5,2,R5C7,2,6,1.837647,1.850588,-0.012941,0.000000,1,0
2026-08-17T19:49:08.880,16.118834,102,35,5,3,R5C8,2,8,1.824706,1.811765,0.012941,0.000000,1,0
2026-08-17T19:49:09.138,16.225904,102,36,5,4,R5C9,2,10,1.824706,1.798823,0.025882,0.000000,1,0
2026-08-17T19:49:09.138,16.232622,102,37,5,5,R5C10,2,12,1.837647,1.811765,0.025882,0.000000,1,0
2026-08-17T19:49:09.138,16.233753,102,38,5,6,R5C11,2,14,1.798823,1.798823,0.000000,0.000000,1,0
2026-08-17T19:49:09.138,16.236855,102,39,5,7,R5C12,2,16,1.837647,1.811765,0.025882,0.000000,1,0
2026-08-17T19:49:09.138,16.242814,102,40,5,8,R5C1,2,1,1.798823,1.772941,0.025882,0.000000,1,0
2026-08-17T19:49:09.138,16.247972,102,41,6,1,R6C7,4,6,1.811765,1.785882,0.025882,0.000000,1,0
2026-08-17T19:49:09.138,16.252777,102,42,6,2,R6C8,4,8,1.475294,1.410588,0.064706,0.000000,1,0
2026-08-17T19:49:09.138,16.257806,102,43,6,3,R6C9,4,10,1.682353,1.824706,-0.142353,0.000000,1,0
2026-08-17T19:49:09.139,16.262792,102,44,6,4,R6C10,4,12,1.591765,1.617647,-0.025882,0.000000,1,0
2026-08-17T19:49:09.139,16.268940,102,45,6,5,R6C11,4,14,1.565882,1.540000,0.025882,0.000000,1,0
2026-08-17T19:49:09.139,16.273838,102,46,6,6,R6C12,4,16,1.164706,1.255294,-0.090588,0.000000,1,0
2026-08-17T19:49:09.139,16.278852,102,47,6,7,R6C1,4,1,1.824706,1.772941,0.051765,0.000000,1,0
2026-08-17T19:49:09.139,16.283790,102,48,6,8,R6C2,4,3,1.294118,1.294118,0.000000,0.000000,1,0
2026-08-17T19:49:09.139,16.289843,102,49,7,1,R7C8,6,8,1.785882,1.760000,0.025882,0.000000,1,0
2026-08-17T19:49:09.139,16.293796,102,50,7,2,R7C9,6,10,1.125882,1.514118,-0.388235,0.304029,1,0
2026-08-17T19:49:09.139,16.299797,102,51,7,3,R7C10,6,12,1.708235,1.798823,0.000000,0.000000,1,0
2026-08-17T19:49:09.139,16.304818,102,52,7,4,R7C11,6,14,1.811765,1.811765,0.000000,0.000000,1,0
2026-08-17T19:49:09.325,16.485513,102,53,7,5,R7C12,6,16,1.798823,1.824706,-0.025882,0.000000,1,0
2026-08-17T19:49:09.325,16.492848,102,54,7,6,R7C1,6,1,1.837647,1.772941,0.064706,0.000000,1,0
2026-08-17T19:49:09.325,16.493714,102,55,7,7,R7C2,6,3,1.462353,1.410588,0.051765,0.000000,1,0
2026-08-17T19:49:09.325,16.494726,102,56,7,8,R7C3,6,5,1.785882,1.785882,0.000000,0.000000,1,0
2026-08-17T19:49:09.325,16.501785,102,57,8,1,R8C9,8,10,1.824706,1.811765,0.012941,0.000000,1,0
2026-08-17T19:49:09.325,16.507399,102,58,8,2,R8C10,8,12,1.824706,1.811765,0.012941,0.000000,1,0
2026-08-17T19:49:09.325,16.512973,102,59,8,3,R8C11,8,14,1.345882,1.662941,-0.317059,0.116176,1,0
2026-08-17T19:49:09.325,16.518104,102,60,8,4,R8C12,8,16,1.436471,1.552941,-0.116471,0.000000,1,0
2026-08-17T19:49:09.325,16.521801,102,61,8,5,R8C1,8,1,1.824706,1.798823,0.025882,0.000000,1,0
2026-08-17T19:49:09.325,16.527839,102,62,8,6,R8C2,8,3,1.785882,1.785882,0.000000,0.000000,1,0
2026-08-17T19:49:09.325,16.531755,102,63,8,7,R8C3,8,5,1.772941,1.760000,0.012941,0.000000,1,0
2026-08-17T19:49:09.326,16.537936,102,64,8,8,R8C4,8,7,1.785882,1.798823,-0.012941,0.000000,1,0
2026-08-17T19:49:09.326,16.542761,102,65,9,1,R9C10,10,12,0.220000,1.125882,-0.905882,1.000000,1,0
2026-08-17T19:49:09.326,16.547755,102,66,9,2,R9C11,10,14,1.682353,1.824706,-0.142353,0.000000,1,0
2026-08-17T19:49:09.326,16.553936,102,67,9,3,R9C12,10,16,0.944706,1.662941,-0.718235,0.805447,1,0
2026-08-17T19:49:09.326,16.558823,102,68,9,4,R9C1,10,1,1.695294,1.772941,-0.077647,0.000000,1,0
2026-08-17T19:49:09.326,16.563800,102,69,9,5,R9C2,10,3,0.349412,0.931765,-0.582353,1.000000,1,0
2026-08-17T19:49:09.585,16.672184,102,70,9,6,R9C3,10,5,1.824706,1.772941,0.051765,0.000000,1,0
2026-08-17T19:49:09.585,16.679490,102,71,9,7,R9C4,10,7,1.708235,1.332941,0.375294,0.000000,1,0
2026-08-17T19:49:09.585,16.680790,102,72,9,8,R9C5,10,2,1.294118,1.785882,-0.491765,0.358178,1,0
2026-08-17T19:49:09.585,16.681757,102,73,10,1,R10C11,12,14,1.798823,1.837647,-0.038824,0.000000,1,0
2026-08-17T19:49:09.585,16.687773,102,74,10,2,R10C12,12,16,1.837647,1.837647,0.000000,0.000000,1,0
2026-08-17T19:49:09.585,16.694809,102,75,10,3,R10C1,12,1,1.837647,1.798823,0.038824,0.000000,1,0
2026-08-17T19:49:09.585,16.699051,102,76,10,4,R10C2,12,3,1.811765,1.798823,0.012941,0.000000,1,0
2026-08-17T19:49:09.585,16.704803,102,77,10,5,R10C3,12,5,1.837647,1.785882,0.051765,0.000000,1,0
2026-08-17T19:49:09.585,16.708866,102,78,10,6,R10C4,12,7,1.824706,1.824706,0.000000,0.000000,1,0
2026-08-17T19:49:09.585,16.713958,102,79,10,7,R10C5,12,2,1.798823,1.811765,-0.012941,0.000000,1,0
2026-08-17T19:49:09.585,16.718766,102,80,10,8,R10C6,12,4,1.811765,1.811765,0.000000,0.000000,1,0
2026-08-17T19:49:09.585,16.724840,102,81,11,1,R11C12,14,16,1.785882,1.747059,0.038823,0.000000,1,0
2026-08-17T19:49:09.585,16.729895,102,82,11,2,R11C1,14,1,1.798823,1.798823,0.000000,0.000000,1,0
2026-08-17T19:49:09.585,16.734856,102,83,11,3,R11C2,14,3,1.760000,1.624118,0.135882,0.000000,1,0
2026-08-17T19:49:09.586,16.739854,102,84,11,4,R11C3,14,5,1.837647,1.785882,0.051765,0.000000,1,0
2026-08-17T19:49:09.586,16.745851,102,85,11,5,R11C4,14,7,1.824706,1.811765,0.012941,0.000000,1,0
2026-08-17T19:49:09.771,16.750850,102,86,11,6,R11C5,14,2,1.785882,1.785882,0.000000,0.000000,1,0
2026-08-17T19:49:09.771,16.939412,102,87,11,7,R11C6,14,4,1.708235,1.734118,-0.025882,0.000000,1,0
2026-08-17T19:49:09.771,16.940783,102,88,11,8,R11C7,14,6,1.604706,1.565882,0.038824,0.000000,1,0
2026-08-17T19:49:09.771,16.941741,102,89,12,1,R12C1,16,1,1.837647,1.772941,0.064706,0.000000,1,0
2026-08-17T19:49:09.771,16.947520,102,90,12,2,R12C2,16,3,1.721177,1.734118,-0.012941,0.000000,1,0
2026-08-17T19:49:09.772,16.951881,102,91,12,3,R12C3,16,5,1.811765,1.772941,0.038823,0.000000,1,0
2026-08-17T19:49:09.772,16.960009,102,92,12,4,R12C4,16,7,1.824706,1.772941,0.051765,0.000000,1,0
2026-08-17T19:49:09.772,16.961813,102,93,12,5,R12C5,16,2,1.760000,1.760000,0.000000,0.000000,1,0
2026-08-17T19:49:09.772,16.967800,102,94,12,6,R12C6,16,4,1.656471,1.798823,-0.142353,0.000000,1,0
2026-08-17T19:49:09.772,16.972859,102,95,12,7,R12C7,16,6,1.772941,1.798823,-0.025882,0.000000,1,0
2026-08-17T19:49:09.772,16.977945,103,96,12,8,R12C8,16,8,0.000000,0.000000,0.000000,0.000000,1,1
2026-08-17T19:49:09.772,16.982784,103,1,1,1,R1C2,1,3,1.824706,1.798823,0.025882,0.000000,1,0
2026-08-17T19:49:09.772,16.988844,103,2,1,2,R1C3,1,5,1.798823,1.747059,0.051765,0.000000,1,0
2026-08-17T19:49:09.772,16.993851,103,3,1,3,R1C4,1,7,1.811765,1.798823,0.012941,0.000000,1,0
2026-08-17T19:49:09.772,16.998924,103,4,1,4,R1C5,1,2,1.760000,1.747059,0.012941,0.000000,1,0
2026-08-17T19:49:09.772,17.003792,103,5,1,5,R1C6,1,4,1.811765,1.811765,0.000000,0.000000,1,0
2026-08-17T19:49:09.772,17.009974,103,6,1,6,R1C7,1,6,1.785882,1.772941,0.012941,0.000000,1,0
2026-08-17T19:49:10.030,17.118504,103,7,1,7,R1C8,1,8,1.695294,1.540000,0.155294,0.000000,1,0
2026-08-17T19:49:10.030,17.125674,103,8,1,8,R1C9,1,10,1.371765,1.397647,-0.025882,0.000000,1,0
2026-08-17T19:49:10.030,17.126741,103,9,2,1,R2C3,3,5,1.798823,1.772941,0.025882,0.000000,1,0
2026-08-17T19:49:10.030,17.128738,103,10,2,2,R2C4,3,7,1.682353,1.785882,-0.103529,0.000000,1,0
2026-08-17T19:49:10.030,17.134857,103,11,2,3,R2C5,3,2,1.760000,1.772941,-0.012941,0.000000,1,0
2026-08-17T19:49:10.030,17.141737,103,12,2,4,R2C6,3,4,1.527059,1.785882,-0.258824,0.000000,1,0
2026-08-17T19:49:10.031,17.144870,103,13,2,5,R2C7,3,6,1.824706,1.824706,0.000000,0.000000,1,0
2026-08-17T19:49:10.031,17.150875,103,14,2,6,R2C8,3,8,1.216471,1.216471,0.000000,0.000000,1,0
2026-08-17T19:49:10.031,17.154838,103,15,2,7,R2C9,3,10,1.423529,1.798823,-0.375294,0.167523,1,0
2026-08-17T19:49:10.031,17.160865,103,16,2,8,R2C10,3,12,1.604706,1.552941,0.051765,0.000000,1,0
2026-08-17T19:49:10.031,17.165852,103,17,3,1,R3C4,5,7,1.811765,1.798823,0.012941,0.000000,1,0
2026-08-17T19:49:10.031,17.170908,103,18,3,2,R3C5,5,2,1.151765,1.332941,-0.181176,0.000000,1,0
2026-08-17T19:49:10.031,17.176925,103,19,3,3,R3C6,5,4,1.798823,1.798823,0.000000,0.000000,1,0
2026-08-17T19:49:10.031,17.180801,103,20,3,4,R3C7,5,6,1.772941,1.837647,-0.064706,0.000000,1,0
2026-08-17T19:49:10.031,17.186804,103,21,3,5,R3C8,5,8,1.358824,1.384706,-0.025882,0.000000,1,0
2026-08-17T19:49:10.031,17.191777,103,22,3,6,R3C9,5,10,1.320000,1.216471,0.103529,0.000000,1,0
2026-08-17T19:49:10.031,17.196769,103,23,3,7,R3C10,5,12,1.436471,1.488235,-0.051765,0.000000,1,0
2026-08-17T19:49:10.217,17.385427,103,24,3,8,R3C11,5,14,1.785882,1.798823,-0.012941,0.000000,1,0
2026-08-17T19:49:10.217,17.386850,103,25,4,1,R4C5,7,2,1.591765,1.688824,-0.097059,0.000000,1,0
2026-08-17T19:49:10.217,17.387746,103,26,4,2,R4C6,7,4,1.630588,1.675882,-0.045294,0.000000,1,0
2026-08-17T19:49:10.217,17.392812,103,27,4,3,R4C7,7,6,1.216471,1.656471,-0.440000,0.330357,1,0
2026-08-17T19:49:10.217,17.397822,103,28,4,4,R4C8,7,8,1.760000,1.772941,-0.012941,0.000000,1,0
2026-08-17T19:49:10.217,17.405588,103,29,4,5,R4C9,7,10,1.565882,1.552941,0.012941,0.000000,1,0
2026-08-17T19:49:10.217,17.407944,103,30,4,6,R4C10,7,12,1.837647,1.824706,0.012941,0.000000,1,0
2026-08-17T19:49:10.217,17.413771,103,31,4,7,R4C11,7,14,1.695294,1.772941,-0.077647,0.000000,1,0
2026-08-17T19:49:10.217,17.418765,103,32,4,8,R4C12,7,16,1.760000,1.682353,0.077647,0.000000,1,0
2026-08-17T19:49:10.217,17.423842,103,33,5,1,R5C6,2,4,1.798823,1.811765,-0.012941,0.000000,1,0
2026-08-17T19:49:10.217,17.428848,103,34,5,2,R5C7,2,6,1.798823,1.850588,-0.051765,0.000000,1,0
2026-08-17T19:49:10.218,17.434842,103,35,5,3,R5C8,2,8,1.811765,1.811765,0.000000,0.000000,1,0
2026-08-17T19:49:10.218,17.439870,103,36,5,4,R5C9,2,10,1.850588,1.824706,0.025882,0.000000,1,0
2026-08-17T19:49:10.218,17.444794,103,37,5,5,R5C10,2,12,1.850588,1.837647,0.012941,0.000000,1,0
2026-08-17T19:49:10.218,17.449937,103,38,5,6,R5C11,2,14,1.798823,1.798823,0.000000,0.000000,1,0
2026-08-17T19:49:10.218,17.454807,103,39,5,7,R5C12,2,16,1.798823,1.811765,-0.012941,0.000000,1,0
2026-08-17T19:49:10.218,17.465786,103,40,5,8,R5C1,2,1,1.772941,1.772941,0.000000,0.000000,1,0
2026-08-17T19:49:10.476,17.564251,103,41,6,1,R6C7,4,6,1.371765,1.740588,-0.368824,0.176846,1,0
2026-08-17T19:49:10.476,17.571371,103,42,6,2,R6C8,4,8,1.462353,1.449412,0.012941,0.000000,1,0
2026-08-17T19:49:10.476,17.572777,103,43,6,3,R6C9,4,10,1.760000,1.760000,0.000000,0.000000,1,0
2026-08-17T19:49:10.476,17.573739,103,44,6,4,R6C10,4,12,1.501176,1.604706,-0.103529,0.000000,1,0
2026-08-17T19:49:10.476,17.579990,103,45,6,5,R6C11,4,14,1.436471,1.565882,-0.129412,0.000000,1,0
2026-08-17T19:49:10.476,17.587035,103,46,6,6,R6C12,4,16,1.138824,1.151765,-0.012941,0.000000,1,0
2026-08-17T19:49:10.477,17.590911,103,47,6,7,R6C1,4,1,1.798823,1.772941,0.025882,0.000000,1,0
2026-08-17T19:49:10.477,17.596781,103,48,6,8,R6C2,4,3,1.255294,1.294118,-0.038824,0.000000,1,0
2026-08-17T19:49:10.477,17.600788,103,49,7,1,R7C8,6,8,1.785882,1.760000,0.025882,0.000000,1,0
2026-08-17T19:49:10.477,17.605779,103,50,7,2,R7C9,6,10,1.281176,1.514118,-0.232941,0.010989,1,0
2026-08-17T19:49:10.477,17.610840,103,51,7,3,R7C10,6,12,1.617647,1.624118,-0.006471,0.000000,1,0
2026-08-17T19:49:10.477,17.616862,103,52,7,4,R7C11,6,14,1.785882,1.811765,-0.025882,0.000000,1,0
2026-08-17T19:49:10.477,17.621890,103,53,7,5,R7C12,6,16,1.837647,1.798823,0.038824,0.000000,1,0
2026-08-17T19:49:10.477,17.626804,103,54,7,6,R7C1,6,1,1.785882,1.785882,0.000000,0.000000,1,0
2026-08-17T19:49:10.477,17.631825,103,55,7,7,R7C2,6,3,1.410588,1.423529,-0.012941,0.000000,1,0
2026-08-17T19:49:10.477,17.636797,103,56,7,8,R7C3,6,5,1.824706,1.785882,0.038823,0.000000,1,0
2026-08-17T19:49:10.477,17.642835,103,57,8,1,R8C9,8,10,1.850588,1.811765,0.038823,0.000000,1,0
2026-08-17T19:49:10.664,17.823734,103,58,8,2,R8C10,8,12,1.811765,1.811765,0.000000,0.000000,1,0
2026-08-17T19:49:10.664,17.831013,103,59,8,3,R8C11,8,14,1.332941,1.662941,-0.330000,0.138410,1,0
2026-08-17T19:49:10.664,17.832884,103,60,8,4,R8C12,8,16,1.604706,1.430000,0.174706,0.000000,1,0
2026-08-17T19:49:10.664,17.833792,103,61,8,5,R8C1,8,1,1.837647,1.798823,0.038824,0.000000,1,0
2026-08-17T19:49:10.664,17.839783,103,62,8,6,R8C2,8,3,1.811765,1.785882,0.025882,0.000000,1,0
2026-08-17T19:49:10.664,17.845920,103,63,8,7,R8C3,8,5,1.798823,1.772941,0.025882,0.000000,1,0
2026-08-17T19:49:10.664,17.851531,103,64,8,8,R8C4,8,7,1.798823,1.792353,0.006471,0.000000,1,0
2026-08-17T19:49:10.664,17.856421,103,65,9,1,R9C10,10,12,1.540000,1.125882,0.414118,0.000000,1,0
2026-08-17T19:49:10.664,17.859854,103,66,9,2,R9C11,10,14,1.798823,1.824706,-0.025882,0.000000,1,0
2026-08-17T19:49:10.664,17.865858,103,67,9,3,R9C12,10,16,1.785882,1.662941,0.122941,0.000000,1,0
2026-08-17T19:49:10.664,17.870903,103,68,9,4,R9C1,10,1,1.708235,1.772941,-0.064706,0.000000,1,0
2026-08-17T19:49:10.664,17.875859,103,69,9,5,R9C2,10,3,1.747059,0.931765,0.815294,0.000000,1,0
2026-08-17T19:49:10.664,17.880904,103,70,9,6,R9C3,10,5,1.824706,1.798823,0.025882,0.000000,1,0
2026-08-17T19:49:10.664,17.885847,103,71,9,7,R9C4,10,7,1.824706,1.436471,0.388235,0.000000,1,0
2026-08-17T19:49:10.664,17.891832,103,72,9,8,R9C5,10,2,1.785882,1.785882,0.000000,0.000000,1,0
2026-08-17T19:49:10.665,17.896836,103,73,10,1,R10C11,12,14,1.798823,1.837647,-0.038824,0.000000,1,0
2026-08-17T19:49:10.665,17.901818,103,74,10,2,R10C12,12,16,1.824706,1.837647,-0.012941,0.000000,1,0
2026-08-17T19:49:10.918,18.010789,103,75,10,3,R10C1,12,1,1.785882,1.798823,-0.012941,0.000000,1,0
2026-08-17T19:49:10.918,18.017239,103,76,10,4,R10C2,12,3,1.811765,1.811765,0.000000,0.000000,1,0
2026-08-17T19:49:10.918,18.018768,103,77,10,5,R10C3,12,5,1.811765,1.824706,-0.012941,0.000000,1,0
2026-08-17T19:49:10.918,18.020784,103,78,10,6,R10C4,12,7,1.824706,1.824706,0.000000,0.000000,1,0
2026-08-17T19:49:10.918,18.026800,103,79,10,7,R10C5,12,2,1.837647,1.798823,0.038824,0.000000,1,0
2026-08-17T19:49:10.918,18.033180,103,80,10,8,R10C6,12,4,1.811765,1.811765,0.000000,0.000000,1,0
2026-08-17T19:49:10.918,18.036786,103,81,11,1,R11C12,14,16,1.837647,1.766471,0.071176,0.000000,1,0
2026-08-17T19:49:10.918,18.042802,103,82,11,2,R11C1,14,1,1.772941,1.798823,-0.025882,0.000000,1,0
2026-08-17T19:49:10.919,18.047865,103,83,11,3,R11C2,14,3,1.177647,1.747059,-0.569412,0.502645,1,0
2026-08-17T19:49:10.919,18.052832,103,84,11,4,R11C3,14,5,1.760000,1.798823,-0.038823,0.000000,1,0
2026-08-17T19:49:10.919,18.058857,103,85,11,5,R11C4,14,7,1.747059,1.811765,-0.064706,0.000000,1,0
2026-08-17T19:49:10.919,18.062885,103,86,11,6,R11C5,14,2,1.630588,1.785882,-0.155294,0.000000,1,0
2026-08-17T19:49:10.919,18.068842,103,87,11,7,R11C6,14,4,0.685882,1.708235,-1.022353,1.000000,1,0
2026-08-17T19:49:10.919,18.073840,103,88,11,8,R11C7,14,6,1.540000,1.604706,-0.064706,0.000000,1,0
2026-08-17T19:49:10.919,18.078821,103,89,12,1,R12C1,16,1,1.824706,1.798823,0.025882,0.000000,1,0
2026-08-17T19:49:10.919,18.084921,103,90,12,2,R12C2,16,3,1.734118,1.734118,0.000000,0.000000,1,0
2026-08-17T19:49:10.919,18.095259,103,91,12,3,R12C3,16,5,1.760000,1.798823,-0.038823,0.000000,1,0
2026-08-17T19:49:11.098,18.272213,103,92,12,4,R12C4,16,7,1.824706,1.811765,0.012941,0.000000,1,0
2026-08-17T19:49:11.098,18.273762,103,93,12,5,R12C5,16,2,1.760000,1.760000,0.000000,0.000000,1,0
2026-08-17T19:49:11.098,18.274733,103,94,12,6,R12C6,16,4,1.811765,1.656471,0.155294,0.000000,1,0
2026-08-17T19:49:11.098,18.279812,103,95,12,7,R12C7,16,6,1.837647,1.772941,0.064706,0.000000,1,0
2026-08-17T19:49:11.098,18.288788,104,96,12,8,R12C8,16,8,0.000000,0.000000,0.000000,0.000000,1,1
2026-08-17T19:49:11.098,18.290619,104,1,1,1,R1C2,1,3,1.695294,1.798823,-0.103529,0.000000,1,0
2026-08-17T19:49:11.098,18.296790,104,2,1,2,R1C3,1,5,1.760000,1.747059,0.012941,0.000000,1,0
2026-08-17T19:49:11.098,18.299860,104,3,1,3,R1C4,1,7,1.811765,1.811765,0.000000,0.000000,1,0
2026-08-17T19:49:11.098,18.305760,104,4,1,4,R1C5,1,2,1.785882,1.747059,0.038823,0.000000,1,0
2026-08-17T19:49:11.098,18.310778,104,5,1,5,R1C6,1,4,1.824706,1.811765,0.012941,0.000000,1,0
2026-08-17T19:49:11.098,18.315754,104,6,1,6,R1C7,1,6,1.552941,1.785882,-0.232941,0.000000,1,0
2026-08-17T19:49:11.098,18.321849,104,7,1,7,R1C8,1,8,1.436471,1.643529,-0.207059,0.000000,1,0
2026-08-17T19:49:11.098,18.325802,104,8,1,8,R1C9,1,10,1.436471,1.397647,0.038824,0.000000,1,0
2026-08-17T19:49:11.098,18.331781,104,9,2,1,R2C3,3,5,1.785882,1.785882,0.000000,0.000000,1,0
2026-08-17T19:49:11.098,18.336958,104,10,2,2,R2C4,3,7,1.630588,1.772941,-0.142353,0.000000,1,0
2026-08-17T19:49:11.098,18.341769,104,11,2,3,R2C5,3,2,1.772941,1.760000,0.012941,0.000000,1,0
2026-08-17T19:49:11.352,18.351804,104,12,2,4,R2C6,3,4,1.811765,1.785882,0.000000,0.000000,1,0
2026-08-17T19:49:11.352,18.451508,104,13,2,5,R2C7,3,6,1.837647,1.824706,0.012941,0.000000,1,0
2026-08-17T19:49:11.352,18.452776,104,14,2,6,R2C8,3,8,1.527059,1.216471,0.310588,0.000000,1,0
2026-08-17T19:49:11.352,18.453746,104,15,2,7,R2C9,3,10,1.837647,1.798823,0.038824,0.000000,1,0
2026-08-17T19:49:11.353,18.458975,104,16,2,8,R2C10,3,12,1.760000,1.578824,0.181176,0.000000,1,0
2026-08-17T19:49:11.353,18.465838,104,17,3,1,R3C4,5,7,1.591765,1.805294,-0.213529,0.000000,1,0
2026-08-17T19:49:11.353,18.469849,104,18,3,2,R3C5,5,2,0.970588,1.216471,-0.245882,0.148936,1,0
2026-08-17T19:49:11.353,18.475852,104,19,3,3,R3C6,5,4,1.811765,1.798823,0.012941,0.000000,1,0
2026-08-17T19:49:11.353,18.478892,104,20,3,4,R3C7,5,6,1.837647,1.837647,0.000000,0.000000,1,0
2026-08-17T19:49:11.353,18.484879,104,21,3,5,R3C8,5,8,1.643529,1.384706,0.258824,0.000000,1,0
2026-08-17T19:49:11.353,18.489851,104,22,3,6,R3C9,5,10,1.229412,1.216471,0.012941,0.000000,1,0
2026-08-17T19:49:11.353,18.494811,104,23,3,7,R3C10,5,12,1.695294,1.462353,0.232941,0.000000,1,0
2026-08-17T19:49:11.353,18.500903,104,24,3,8,R3C11,5,14,1.811765,1.798823,0.012941,0.000000,1,0
2026-08-17T19:49:11.353,18.505996,104,25,4,1,R4C5,7,2,1.294118,1.624118,-0.330000,0.151963,1,0
2026-08-17T19:49:11.353,18.510852,104,26,4,2,R4C6,7,4,1.747059,1.721177,0.025882,0.000000,1,0
2026-08-17T19:49:11.353,18.515875,104,27,4,3,R4C7,7,6,1.281176,1.656471,-0.375294,0.218750,1,0
2026-08-17T19:49:11.353,18.521819,104,28,4,4,R4C8,7,8,1.760000,1.760000,0.000000,0.000000,1,0
2026-08-17T19:49:11.536,18.699888,104,29,4,5,R4C9,7,10,1.384706,1.565882,-0.181176,0.000000,1,0
2026-08-17T19:49:11.536,18.707177,104,30,4,6,R4C10,7,12,1.397647,1.824706,-0.427059,0.240122,1,0
2026-08-17T19:49:11.536,18.708847,104,31,4,7,R4C11,7,14,1.643529,1.695294,-0.051765,0.000000,1,0
2026-08-17T19:49:11.536,18.709753,104,32,4,8,R4C12,7,16,1.798823,1.760000,0.038823,0.000000,1,0
2026-08-17T19:49:11.536,18.716828,104,33,5,1,R5C6,2,4,1.811765,1.811765,0.000000,0.000000,1,0
2026-08-17T19:49:11.536,18.722867,104,34,5,2,R5C7,2,6,1.824706,1.837647,-0.012941,0.000000,1,0
2026-08-17T19:49:11.536,18.726961,104,35,5,3,R5C8,2,8,1.811765,1.811765,0.000000,0.000000,1,0
2026-08-17T19:49:11.536,18.732830,104,36,5,4,R5C9,2,10,1.837647,1.824706,0.012941,0.000000,1,0
2026-08-17T19:49:11.536,18.736860,104,37,5,5,R5C10,2,12,1.798823,1.837647,-0.038824,0.000000,1,0
2026-08-17T19:49:11.536,18.741803,104,38,5,6,R5C11,2,14,1.798823,1.798823,0.000000,0.000000,1,0
2026-08-17T19:49:11.537,18.746878,104,39,5,7,R5C12,2,16,1.811765,1.811765,0.000000,0.000000,1,0
2026-08-17T19:49:11.537,18.752855,104,40,5,8,R5C1,2,1,1.811765,1.772941,0.038823,0.000000,1,0
2026-08-17T19:49:11.537,18.757868,104,41,6,1,R6C7,4,6,1.824706,1.740588,0.084118,0.000000,1,0
2026-08-17T19:49:11.537,18.762843,104,42,6,2,R6C8,4,8,1.488235,1.462353,0.025882,0.000000,1,0
2026-08-17T19:49:11.537,18.767937,104,43,6,3,R6C9,4,10,1.824706,1.760000,0.064706,0.000000,1,0
2026-08-17T19:49:11.537,18.772796,104,44,6,4,R6C10,4,12,1.785882,1.591765,0.194118,0.000000,1,0
2026-08-17T19:49:11.793,18.778830,104,45,6,5,R6C11,4,14,1.747059,1.540000,0.207059,0.000000,1,0
2026-08-17T19:49:11.793,18.889996,104,46,6,6,R6C12,4,16,1.384706,1.151765,0.232941,0.000000,1,0
2026-08-17T19:49:11.793,18.891832,104,47,6,7,R6C1,4,1,1.798823,1.798823,0.000000,0.000000,1,0
2026-08-17T19:49:11.793,18.892757,104,48,6,8,R6C2,4,3,1.255294,1.294118,-0.038824,0.000000,1,0
2026-08-17T19:49:11.793,18.896792,104,49,7,1,R7C8,6,8,1.811765,1.785882,0.025882,0.000000,1,0
2026-08-17T19:49:11.793,18.903954,104,50,7,2,R7C9,6,10,1.423529,1.514118,-0.090588,0.000000,1,0
2026-08-17T19:49:11.793,18.908347,104,51,7,3,R7C10,6,12,1.798823,1.617647,0.181176,0.000000,1,0
2026-08-17T19:49:11.793,18.914955,104,52,7,4,R7C11,6,14,1.811765,1.811765,0.000000,0.000000,1,0
2026-08-17T19:49:11.793,18.917879,104,53,7,5,R7C12,6,16,1.837647,1.798823,0.038824,0.000000,1,0
2026-08-17T19:49:11.793,18.923946,104,54,7,6,R7C1,6,1,1.811765,1.785882,0.025882,0.000000,1,0
2026-08-17T19:49:11.793,18.928842,104,55,7,7,R7C2,6,3,1.475294,1.423529,0.051765,0.000000,1,0
2026-08-17T19:49:11.793,18.933915,104,56,7,8,R7C3,6,5,1.811765,1.785882,0.025882,0.000000,1,0
2026-08-17T19:49:11.793,18.938947,104,57,8,1,R8C9,8,10,1.850588,1.824706,0.025882,0.000000,1,0
2026-08-17T19:49:11.793,18.943902,104,58,8,2,R8C10,8,12,1.785882,1.811765,-0.025882,0.000000,1,0
2026-08-17T19:49:11.793,18.949901,104,59,8,3,R8C11,8,14,1.527059,1.662941,-0.135882,0.000000,1,0
2026-08-17T19:49:11.793,18.954913,104,60,8,4,R8C12,8,16,1.475294,1.436471,0.038823,0.000000,1,0
2026-08-17T19:49:11.978,18.959903,104,61,8,5,R8C1,8,1,1.798823,1.824706,-0.025882,0.000000,1,0
2026-08-17T19:49:11.978,19.147367,104,62,8,6,R8C2,8,3,1.798823,1.798823,0.000000,0.000000,1,0
2026-08-17T19:49:11.978,19.148949,104,63,8,7,R8C3,8,5,1.760000,1.772941,-0.012941,0.000000,1,0
2026-08-17T19:49:11.978,19.149835,104,64,8,8,R8C4,8,7,1.824706,1.792353,0.032353,0.000000,1,0
2026-08-17T19:49:11.978,19.154808,104,65,9,1,R9C10,10,12,0.000000,1.125882,0.000000,0.000000,1,1
2026-08-17T19:49:11.978,19.161730,104,66,9,2,R9C11,10,14,1.811765,1.798823,0.012941,0.000000,1,0
2026-08-17T19:49:11.978,19.165639,104,67,9,3,R9C12,10,16,1.695294,1.662941,0.000000,0.000000,1,0
2026-08-17T19:49:11.978,19.169938,104,68,9,4,R9C1,10,1,1.604706,1.708235,-0.103529,0.000000,1,0
2026-08-17T19:49:11.978,19.175834,104,69,9,5,R9C2,10,3,0.038824,0.931765,0.000000,0.000000,1,1
2026-08-17T19:49:11.978,19.180935,104,70,9,6,R9C3,10,5,1.785882,1.824706,-0.038823,0.000000,1,0
2026-08-17T19:49:11.978,19.185912,104,71,9,7,R9C4,10,7,1.630588,1.708235,-0.077647,0.000000,1,0
2026-08-17T19:49:11.978,19.190832,104,72,9,8,R9C5,10,2,1.281176,1.798824,-0.517647,0.393628,1,0
2026-08-17T19:49:11.978,19.196818,104,73,10,1,R10C11,12,14,1.811765,1.798823,0.012941,0.000000,1,0
2026-08-17T19:49:11.978,19.201838,104,74,10,2,R10C12,12,16,1.798823,1.824706,-0.025882,0.000000,1,0
2026-08-17T19:49:11.979,19.206821,104,75,10,3,R10C1,12,1,1.785882,1.785882,0.000000,0.000000,1,0
2026-08-17T19:49:11.979,19.211929,104,76,10,4,R10C2,12,3,1.811765,1.811765,0.000000,0.000000,1,0
2026-08-17T19:49:11.979,19.216837,104,77,10,5,R10C3,12,5,1.798823,1.824706,-0.025882,0.000000,1,0
2026-08-17T19:49:12.238,19.325026,104,78,10,6,R10C4,12,7,1.824706,1.824706,0.000000,0.000000,1,0
2026-08-17T19:49:12.238,19.332187,104,79,10,7,R10C5,12,2,1.811765,1.811765,0.000000,0.000000,1,0
2026-08-17T19:49:12.238,19.333819,104,80,10,8,R10C6,12,4,1.798823,1.811765,-0.012941,0.000000,1,0
2026-08-17T19:49:12.238,19.334756,104,81,11,1,R11C12,14,16,1.798823,1.811765,-0.012941,0.000000,1,0
2026-08-17T19:49:12.238,19.340799,104,82,11,2,R11C1,14,1,1.772941,1.785882,-0.012941,0.000000,1,0
2026-08-17T19:49:12.238,19.349943,104,83,11,3,R11C2,14,3,1.760000,1.747059,0.012941,0.000000,1,0
2026-08-17T19:49:12.238,19.351699,104,84,11,4,R11C3,14,5,1.837647,1.798823,0.038824,0.000000,1,0
2026-08-17T19:49:12.238,19.357798,104,85,11,5,R11C4,14,7,1.824706,1.811765,0.012941,0.000000,1,0
2026-08-17T19:49:12.238,19.360780,104,86,11,6,R11C5,14,2,1.824706,1.772941,0.051765,0.000000,1,0
2026-08-17T19:49:12.238,19.366855,104,87,11,7,R11C6,14,4,1.656471,1.708235,-0.051765,0.000000,1,0
2026-08-17T19:49:12.238,19.371796,104,88,11,8,R11C7,14,6,1.798823,1.604706,0.194118,0.000000,1,0
2026-08-17T19:49:12.238,19.377887,104,89,12,1,R12C1,16,1,1.785882,1.824706,-0.038823,0.000000,1,0
2026-08-17T19:49:12.238,19.382839,104,90,12,2,R12C2,16,3,1.721177,1.734118,-0.012941,0.000000,1,0
2026-08-17T19:49:12.238,19.387865,104,91,12,3,R12C3,16,5,1.760000,1.798823,-0.038823,0.000000,1,0
2026-08-17T19:49:12.239,19.392815,104,92,12,4,R12C4,16,7,1.811765,1.824706,-0.012941,0.000000,1,0
2026-08-17T19:49:12.239,19.398885,104,93,12,5,R12C5,16,2,1.760000,1.760000,0.000000,0.000000,1,0
2026-08-17T19:49:12.418,19.403858,104,94,12,6,R12C6,16,4,1.811765,1.656471,0.155294,0.000000,1,0
2026-08-17T19:49:12.418,19.592251,104,95,12,7,R12C7,16,6,1.837647,1.772941,0.064706,0.000000,1,0
2026-08-17T19:49:12.418,19.593801,105,96,12,8,R12C8,16,8,0.000000,0.000000,0.000000,0.000000,1,1
2026-08-17T19:49:12.418,19.594772,105,1,1,1,R1C2,1,3,1.760000,1.798823,-0.038823,0.000000,1,0
2026-08-17T19:49:12.418,19.599776,105,2,1,2,R1C3,1,5,1.747059,1.760000,-0.012941,0.000000,1,0
2026-08-17T19:49:12.418,19.607691,105,3,1,3,R1C4,1,7,1.811765,1.811765,0.000000,0.000000,1,0
2026-08-17T19:49:12.418,19.609498,105,4,1,4,R1C5,1,2,1.760000,1.760000,0.000000,0.000000,1,0
2026-08-17T19:49:12.419,19.615885,105,5,1,5,R1C6,1,4,1.229412,1.811765,-0.582353,0.489796,1,0
2026-08-17T19:49:12.419,19.619885,105,6,1,6,R1C7,1,6,1.656471,1.785882,-0.129412,0.000000,1,0
2026-08-17T19:49:12.419,19.625837,105,7,1,7,R1C8,1,8,1.488235,1.643529,-0.155294,0.000000,1,0
2026-08-17T19:49:12.419,19.630947,105,8,1,8,R1C9,1,10,1.307059,1.436471,-0.129412,0.000000,1,0
2026-08-17T19:49:12.419,19.635951,105,9,2,1,R2C3,3,5,1.772941,1.785882,-0.012941,0.000000,1,0
2026-08-17T19:49:12.419,19.640912,105,10,2,2,R2C4,3,7,1.630588,1.682353,-0.051765,0.000000,1,0
2026-08-17T19:49:12.419,19.646864,105,11,2,3,R2C5,3,2,1.785882,1.760000,0.025882,0.000000,1,0
2026-08-17T19:49:12.419,19.651836,105,12,2,4,R2C6,3,4,1.721177,1.669412,0.051765,0.000000,1,0
2026-08-17T19:49:12.419,19.656864,105,13,2,5,R2C7,3,6,1.772941,1.824706,-0.051765,0.000000,1,0
2026-08-17T19:49:12.676,19.661791,105,14,2,6,R2C8,3,8,1.332941,1.268235,0.064706,0.000000,1,0
2026-08-17T19:49:12.676,19.772089,105,15,2,7,R2C9,3,10,1.747059,1.798823,0.000000,0.000000,1,0
2026-08-17T19:49:12.676,19.773838,105,16,2,8,R2C10,3,12,1.708235,1.604706,0.103529,0.000000,1,0
2026-08-17T19:49:12.676,19.774778,105,17,3,1,R3C4,5,7,1.527059,1.798823,-0.271765,0.003083,1,0
2026-08-17T19:49:12.676,19.778776,105,18,3,2,R3C5,5,2,1.449412,1.216471,0.232941,0.000000,1,0
2026-08-17T19:49:12.676,19.785951,105,19,3,3,R3C6,5,4,1.811765,1.798823,0.012941,0.000000,1,0
2026-08-17T19:49:12.676,19.790337,105,20,3,4,R3C7,5,6,1.785882,1.837647,-0.051765,0.000000,1,0
2026-08-17T19:49:12.676,19.796882,105,21,3,5,R3C8,5,8,1.332941,1.397647,-0.064706,0.000000,1,0
2026-08-17T19:49:12.676,19.800027,105,22,3,6,R3C9,5,10,1.087059,1.229412,-0.142353,0.000000,1,0
2026-08-17T19:49:12.676,19.805969,105,23,3,7,R3C10,5,12,1.514118,1.462353,0.051765,0.000000,1,0
2026-08-17T19:49:12.676,19.810899,105,24,3,8,R3C11,5,14,1.811765,1.811765,0.000000,0.000000,1,0
2026-08-17T19:49:12.676,19.815889,105,25,4,1,R4C5,7,2,1.604706,1.624118,-0.019412,0.000000,1,0
2026-08-17T19:49:12.677,19.820981,105,26,4,2,R4C6,7,4,1.811765,1.688824,0.122941,0.000000,1,0
2026-08-17T19:49:12.677,19.825895,105,27,4,3,R4C7,7,6,1.785882,1.656471,0.129412,0.000000,1,0
2026-08-17T19:49:12.677,19.831857,105,28,4,4,R4C8,7,8,1.734118,1.760000,-0.025882,0.000000,1,0
2026-08-17T19:49:12.677,19.836963,105,29,4,5,R4C9,7,10,1.462353,1.527059,-0.064706,0.000000,1,0
2026-08-17T19:49:12.853,19.841929,105,30,4,6,R4C10,7,12,1.760000,1.824706,-0.064706,0.000000,1,0
2026-08-17T19:49:12.853,20.029716,105,31,4,7,R4C11,7,14,1.475294,1.695294,-0.220000,0.000000,1,0
2026-08-17T19:49:12.853,20.030808,105,32,4,8,R4C12,7,16,1.630588,1.760000,-0.129412,0.000000,1,0
2026-08-17T19:49:12.853,20.031784,105,33,5,1,R5C6,2,4,1.811765,1.811765,0.000000,0.000000,1,0
2026-08-17T19:49:12.853,20.036756,105,34,5,2,R5C7,2,6,1.772941,1.824706,-0.051765,0.000000,1,0
2026-08-17T19:49:12.853,20.042843,105,35,5,3,R5C8,2,8,1.811765,1.811765,0.000000,0.000000,1,0
2026-08-17T19:49:12.853,20.048777,105,36,5,4,R5C9,2,10,1.785882,1.837647,-0.051765,0.000000,1,0
2026-08-17T19:49:12.853,20.053984,105,37,5,5,R5C10,2,12,1.811765,1.837647,-0.025882,0.000000,1,0
2026-08-17T19:49:12.854,20.057779,105,38,5,6,R5C11,2,14,1.824706,1.798823,0.025882,0.000000,1,0
2026-08-17T19:49:12.854,20.062799,105,39,5,7,R5C12,2,16,1.837647,1.811765,0.025882,0.000000,1,0
2026-08-17T19:49:12.854,20.067772,105,40,5,8,R5C1,2,1,1.798823,1.798823,0.000000,0.000000,1,0
2026-08-17T19:49:12.854,20.073863,105,41,6,1,R6C7,4,6,1.772941,1.818235,-0.045294,0.000000,1,0
2026-08-17T19:49:12.854,20.078848,105,42,6,2,R6C8,4,8,1.475294,1.475294,0.000000,0.000000,1,0
2026-08-17T19:49:12.854,20.083870,105,43,6,3,R6C9,4,10,1.811765,1.760000,0.051765,0.000000,1,0
2026-08-17T19:49:12.854,20.088764,105,44,6,4,R6C10,4,12,1.721177,1.591765,0.129412,0.000000,1,0
2026-08-17T19:49:12.854,20.094812,105,45,6,5,R6C11,4,14,1.721177,1.565882,0.155294,0.000000,1,0
2026-08-17T19:49:12.854,20.099782,105,46,6,6,R6C12,4,16,1.423529,1.164706,0.258824,0.000000,1,0
2026-08-17T19:49:13.107,20.207040,105,47,6,7,R6C1,4,1,1.772941,1.798823,-0.025882,0.000000,1,0
2026-08-17T19:49:13.107,20.208804,105,48,6,8,R6C2,4,3,1.268235,1.255294,0.012941,0.000000,1,0
2026-08-17T19:49:13.107,20.209774,105,49,7,1,R7C8,6,8,1.798823,1.785882,0.012941,0.000000,1,0
2026-08-17T19:49:13.107,20.213778,105,50,7,2,R7C9,6,10,1.578824,1.514118,0.000000,0.000000,1,0
2026-08-17T19:49:13.107,20.220884,105,51,7,3,R7C10,6,12,1.436471,1.708235,-0.271765,0.025974,1,0
2026-08-17T19:49:13.107,20.224911,105,52,7,4,R7C11,6,14,1.811765,1.811765,0.000000,0.000000,1,0
2026-08-17T19:49:13.107,20.230843,105,53,7,5,R7C12,6,16,1.772941,1.837647,-0.064706,0.000000,1,0
2026-08-17T19:49:13.107,20.234818,105,54,7,6,R7C1,6,1,1.811765,1.811765,0.000000,0.000000,1,0
2026-08-17T19:49:13.107,20.240828,105,55,7,7,R7C2,6,3,1.410588,1.462353,-0.051765,0.000000,1,0
2026-08-17T19:49:13.107,20.245904,105,56,7,8,R7C3,6,5,1.785882,1.811765,-0.025882,0.000000,1,0
2026-08-17T19:49:13.107,20.250963,105,57,8,1,R8C9,8,10,1.837647,1.850588,-0.012941,0.000000,1,0
2026-08-17T19:49:13.107,20.255871,105,58,8,2,R8C10,8,12,1.798823,1.811765,-0.012941,0.000000,1,0
2026-08-17T19:49:13.107,20.260754,105,59,8,3,R8C11,8,14,1.488235,1.662941,0.000000,0.000000,1,0
2026-08-17T19:49:13.107,20.266783,105,60,8,4,R8C12,8,16,1.552941,1.475294,0.077647,0.000000,1,0
2026-08-17T19:49:13.108,20.271819,105,61,8,5,R8C1,8,1,1.772941,1.824706,-0.051765,0.000000,1,0
2026-08-17T19:49:13.108,20.276773,105,62,8,6,R8C2,8,3,1.798823,1.798823,0.000000,0.000000,1,0
2026-08-17T19:49:13.108,20.285773,105,63,8,7,R8C3,8,5,1.747059,1.772941,-0.025882,0.000000,1,0
2026-08-17T19:49:13.290,20.454241,105,64,8,8,R8C4,8,7,1.824706,1.798823,0.025882,0.000000,1,0
2026-08-17T19:49:13.290,20.461690,105,65,9,1,R9C10,10,12,0.025882,1.125882,0.000000,0.000000,1,1
2026-08-17T19:49:13.290,20.462918,105,66,9,2,R9C11,10,14,1.798823,1.798823,0.000000,0.000000,1,0
2026-08-17T19:49:13.290,20.463901,105,67,9,3,R9C12,10,16,1.436471,1.740588,-0.304118,0.070632,1,0
2026-08-17T19:49:13.290,20.470896,105,68,9,4,R9C1,10,1,1.734118,1.695294,0.038823,0.000000,1,0
2026-08-17T19:49:13.290,20.476340,105,69,9,5,R9C2,10,3,0.232941,0.931765,0.000000,0.000000,1,0
2026-08-17T19:49:13.291,20.482376,105,70,9,6,R9C3,10,5,1.772941,1.824706,-0.051765,0.000000,1,0
2026-08-17T19:49:13.291,20.487434,105,71,9,7,R9C4,10,7,1.436471,1.708235,-0.271765,0.025974,1,0
2026-08-17T19:49:13.291,20.490819,105,72,9,8,R9C5,10,2,1.630588,1.798824,-0.168235,0.000000,1,0
2026-08-17T19:49:13.291,20.495789,105,73,10,1,R10C11,12,14,1.837647,1.798823,0.038824,0.000000,1,0
2026-08-17T19:49:13.291,20.501837,105,74,10,2,R10C12,12,16,1.824706,1.824706,0.000000,0.000000,1,0
2026-08-17T19:49:13.291,20.506835,105,75,10,3,R10C1,12,1,1.811765,1.785882,0.025882,0.000000,1,0
2026-08-17T19:49:13.291,20.511870,105,76,10,4,R10C2,12,3,1.811765,1.811765,0.000000,0.000000,1,0
2026-08-17T19:49:13.291,20.516819,105,77,10,5,R10C3,12,5,1.785882,1.811765,-0.025882,0.000000,1,0
2026-08-17T19:49:13.291,20.522849,105,78,10,6,R10C4,12,7,1.824706,1.824706,0.000000,0.000000,1,0
2026-08-17T19:49:13.291,20.527874,105,79,10,7,R10C5,12,2,1.785882,1.811765,-0.025882,0.000000,1,0
2026-08-17T19:49:13.291,20.532901,105,80,10,8,R10C6,12,4,1.811765,1.811765,0.000000,0.000000,1,0
2026-08-17T19:49:13.547,20.637668,105,81,11,1,R11C12,14,16,1.772941,1.798823,-0.025882,0.000000,1,0
2026-08-17T19:49:13.547,20.644957,105,82,11,2,R11C1,14,1,1.772941,1.772941,0.000000,0.000000,1,0
2026-08-17T19:49:13.547,20.646882,105,83,11,3,R11C2,14,3,1.514118,1.760000,-0.245882,0.000000,1,0
2026-08-17T19:49:13.547,20.647777,105,84,11,4,R11C3,14,5,1.772941,1.837647,-0.064706,0.000000,1,0
2026-08-17T19:49:13.547,20.653837,105,85,11,5,R11C4,14,7,1.798823,1.824706,-0.025882,0.000000,1,0
2026-08-17T19:49:13.547,20.659928,105,86,11,6,R11C5,14,2,1.643529,1.785882,-0.142353,0.000000,1,0
2026-08-17T19:49:13.547,20.664295,105,87,11,7,R11C6,14,4,1.798823,1.682353,0.116471,0.000000,1,0
2026-08-17T19:49:13.547,20.670974,105,88,11,8,R11C7,14,6,1.591765,1.604706,-0.012941,0.000000,1,0
2026-08-17T19:49:13.547,20.673877,105,89,12,1,R12C1,16,1,1.811765,1.824706,-0.012941,0.000000,1,0
2026-08-17T19:49:13.547,20.679862,105,90,12,2,R12C2,16,3,1.708235,1.721177,-0.012941,0.000000,1,0
2026-08-17T19:49:13.547,20.684864,105,91,12,3,R12C3,16,5,1.760000,1.760000,0.000000,0.000000,1,0
2026-08-17T19:49:13.547,20.689848,105,92,12,4,R12C4,16,7,1.824706,1.824706,0.000000,0.000000,1,0
2026-08-17T19:49:13.547,20.694817,105,93,12,5,R12C5,16,2,1.772941,1.760000,0.012941,0.000000,1,0
2026-08-17T19:49:13.548,20.700948,105,94,12,6,R12C6,16,4,1.811765,1.811765,0.000000,0.000000,1,0
2026-08-17T19:49:13.548,20.705867,105,95,12,7,R12C7,16,6,1.785882,1.837647,-0.051765,0.000000,1,0
2026-08-17T19:49:13.548,20.710850,106,96,12,8,R12C8,16,8,0.000000,0.000000,0.000000,0.000000,1,1
2026-08-17T19:49:13.730,20.715837,106,1,1,1,R1C2,1,3,1.695294,1.760000,-0.064706,0.000000,1,0
2026-08-17T19:49:13.730,20.901668,106,2,1,2,R1C3,1,5,1.785882,1.760000,0.025882,0.000000,1,0
2026-08-17T19:49:13.730,20.902826,106,3,1,3,R1C4,1,7,1.798823,1.811765,-0.012941,0.000000,1,0
2026-08-17T19:49:13.730,20.903773,106,4,1,4,R1C5,1,2,1.760000,1.760000,0.000000,0.000000,1,0
2026-08-17T19:49:13.730,20.908788,106,5,1,5,R1C6,1,4,1.811765,1.811765,0.000000,0.000000,1,0
2026-08-17T19:49:13.730,20.916020,106,6,1,6,R1C7,1,6,1.850588,1.656471,0.194118,0.000000,1,0
2026-08-17T19:49:13.730,20.919963,106,7,1,7,R1C8,1,8,1.514118,1.488235,0.025882,0.000000,1,0
2026-08-17T19:49:13.731,20.926643,106,8,1,8,R1C9,1,10,1.384706,1.371765,0.012941,0.000000,1,0
2026-08-17T19:49:13.731,20.928810,106,9,2,1,R2C3,3,5,1.772941,1.785882,-0.012941,0.000000,1,0
2026-08-17T19:49:13.731,20.935939,106,10,2,2,R2C4,3,7,1.811765,1.630588,0.181176,0.000000,1,0
2026-08-17T19:49:13.731,20.939796,106,11,2,3,R2C5,3,2,1.604706,1.772941,-0.168235,0.000000,1,0
2026-08-17T19:49:13.731,20.945879,106,12,2,4,R2C6,3,4,0.000000,1.669412,0.000000,0.000000,1,1
2026-08-17T19:49:13.731,20.950917,106,13,2,5,R2C7,3,6,1.811765,1.824706,-0.012941,0.000000,1,0
2026-08-17T19:49:13.731,20.955820,106,14,2,6,R2C8,3,8,1.423529,1.332941,0.090588,0.000000,1,0
2026-08-17T19:49:13.731,20.960798,106,15,2,7,R2C9,3,10,1.811765,1.792353,0.019412,0.000000,1,0
2026-08-17T19:49:13.731,20.966860,106,16,2,8,R2C10,3,12,1.656471,1.708235,-0.051765,0.000000,1,0
2026-08-17T19:49:13.731,20.970835,106,17,3,1,R3C4,5,7,1.514118,1.798823,-0.284706,0.023638,1,0
2026-08-17T19:49:13.990,21.077411,106,18,3,2,R3C5,5,2,0.996471,1.300588,-0.304118,0.239517,1,0
2026-08-17T19:49:13.990,21.084884,106,19,3,3,R3C6,5,4,1.811765,1.811765,0.000000,0.000000,1,0
2026-08-17T19:49:13.990,21.085854,106,20,3,4,R3C7,5,6,1.798823,1.785882,0.012941,0.000000,1,0
2026-08-17T19:49:13.990,21.087922,106,21,3,5,R3C8,5,8,1.294118,1.358824,-0.064706,0.000000,1,0
2026-08-17T19:49:13.990,21.093867,106,22,3,6,R3C9,5,10,1.138824,1.229412,-0.090588,0.000000,1,0
2026-08-17T19:49:13.990,21.100876,106,23,3,7,R3C10,5,12,1.643529,1.514118,0.129412,0.000000,1,0
2026-08-17T19:49:13.990,21.104972,106,24,3,8,R3C11,5,14,1.747059,1.811765,-0.064706,0.000000,1,0
2026-08-17T19:49:13.990,21.110876,106,25,4,1,R4C5,7,2,1.785882,1.598235,0.187647,0.000000,1,0
2026-08-17T19:49:13.990,21.113848,106,26,4,2,R4C6,7,4,1.565882,1.747059,-0.181177,0.000000,1,0
2026-08-17T19:49:13.990,21.119849,106,27,4,3,R4C7,7,6,1.630588,1.656471,0.000000,0.000000,1,0
2026-08-17T19:49:13.990,21.124854,106,28,4,4,R4C8,7,8,1.669412,1.760000,-0.090588,0.000000,1,0
2026-08-17T19:49:13.990,21.129960,106,29,4,5,R4C9,7,10,1.695294,1.462353,0.232941,0.000000,1,0
2026-08-17T19:49:13.990,21.134816,106,30,4,6,R4C10,7,12,1.630588,1.798824,-0.168235,0.000000,1,0
2026-08-17T19:49:13.990,21.140911,106,31,4,7,R4C11,7,14,1.410588,1.643529,-0.232941,0.000000,1,0
2026-08-17T19:49:13.990,21.146000,106,32,4,8,R4C12,7,16,1.643529,1.760000,-0.116471,0.000000,1,0
2026-08-17T19:49:13.991,21.150973,106,33,5,1,R5C6,2,4,1.811765,1.811765,0.000000,0.000000,1,0
2026-08-17T19:49:14.175,21.155820,106,34,5,2,R5C7,2,6,1.772941,1.798823,-0.025882,0.000000,1,0
2026-08-17T19:49:14.175,21.344429,106,35,5,3,R5C8,2,8,1.811765,1.811765,0.000000,0.000000,1,0
2026-08-17T19:49:14.175,21.345866,106,36,5,4,R5C9,2,10,1.811765,1.837647,-0.025882,0.000000,1,0
2026-08-17T19:49:14.175,21.346807,106,37,5,5,R5C10,2,12,1.811765,1.811765,0.000000,0.000000,1,0
2026-08-17T19:49:14.175,21.351828,106,38,5,6,R5C11,2,14,1.798823,1.798823,0.000000,0.000000,1,0
2026-08-17T19:49:14.175,21.358699,106,39,5,7,R5C12,2,16,1.785882,1.811765,-0.025882,0.000000,1,0
2026-08-17T19:49:14.176,21.362741,106,40,5,8,R5C1,2,1,1.772941,1.798823,-0.025882,0.000000,1,0
2026-08-17T19:49:14.176,21.369618,106,41,6,1,R6C7,4,6,1.695294,1.798824,-0.103529,0.000000,1,0
2026-08-17T19:49:14.176,21.371946,106,42,6,2,R6C8,4,8,1.462353,1.475294,-0.012941,0.000000,1,0
2026-08-17T19:49:14.176,21.377878,106,43,6,3,R6C9,4,10,1.721177,1.811765,-0.090588,0.000000,1,0
2026-08-17T19:49:14.176,21.382973,106,44,6,4,R6C10,4,12,1.682353,1.721177,-0.038824,0.000000,1,0
2026-08-17T19:49:14.176,21.387800,106,45,6,5,R6C11,4,14,1.721177,1.721177,0.000000,0.000000,1,0
2026-08-17T19:49:14.176,21.393895,106,46,6,6,R6C12,4,16,1.138824,1.384706,-0.245882,0.078772,1,0
2026-08-17T19:49:14.176,21.399037,106,47,6,7,R6C1,4,1,1.785882,1.798823,-0.012941,0.000000,1,0
2026-08-17T19:49:14.176,21.403916,106,48,6,8,R6C2,4,3,1.332941,1.255294,0.077647,0.000000,1,0
2026-08-17T19:49:14.176,21.408847,106,49,7,1,R7C8,6,8,1.811765,1.798823,0.012941,0.000000,1,0
2026-08-17T19:49:14.176,21.413833,106,50,7,2,R7C9,6,10,1.604706,1.501176,0.103529,0.000000,1,0
2026-08-17T19:49:14.433,21.529236,106,51,7,3,R7C10,6,12,1.462353,1.708235,-0.245882,0.000000,1,0
2026-08-17T19:49:14.433,21.530905,106,52,7,4,R7C11,6,14,1.798823,1.811765,-0.012941,0.000000,1,0
2026-08-17T19:49:14.433,21.531834,106,53,7,5,R7C12,6,16,1.785882,1.837647,-0.051765,0.000000,1,0
2026-08-17T19:49:14.433,21.536879,106,54,7,6,R7C1,6,1,1.811765,1.811765,0.000000,0.000000,1,0
2026-08-17T19:49:14.433,21.543176,106,55,7,7,R7C2,6,3,1.734118,1.410588,0.323529,0.000000,1,0
2026-08-17T19:49:14.433,21.548934,106,56,7,8,R7C3,6,5,1.785882,1.811765,-0.025882,0.000000,1,0
2026-08-17T19:49:14.433,21.553662,106,57,8,1,R8C9,8,10,1.811765,1.850588,-0.038823,0.000000,1,0
2026-08-17T19:49:14.433,21.556960,106,58,8,2,R8C10,8,12,1.798823,1.798823,0.000000,0.000000,1,0
2026-08-17T19:49:14.433,21.562955,106,59,8,3,R8C11,8,14,1.501176,1.507647,-0.006471,0.000000,1,0
2026-08-17T19:49:14.433,21.567892,106,60,8,4,R8C12,8,16,1.785882,1.552941,0.232941,0.000000,1,0
2026-08-17T19:49:14.433,21.572877,106,61,8,5,R8C1,8,1,1.837647,1.798823,0.038824,0.000000,1,0
2026-08-17T19:49:14.433,21.577979,106,62,8,6,R8C2,8,3,1.785882,1.798823,-0.012941,0.000000,1,0
2026-08-17T19:49:14.433,21.583931,106,63,8,7,R8C3,8,5,1.798823,1.760000,0.038823,0.000000,1,0
2026-08-17T19:49:14.433,21.589063,106,64,8,8,R8C4,8,7,1.824706,1.824706,0.000000,0.000000,1,0
2026-08-17T19:49:14.433,21.593917,106,65,9,1,R9C10,10,12,0.000000,1.125882,0.000000,0.000000,1,1
2026-08-17T19:49:14.434,21.598818,106,66,9,2,R9C11,10,14,1.798823,1.798823,0.000000,0.000000,1,0
2026-08-17T19:49:14.434,21.610836,106,67,9,3,R9C12,10,16,1.527059,1.740588,-0.213529,0.000000,1,0
2026-08-17T19:49:14.617,21.780044,106,68,9,4,R9C1,10,1,1.643529,1.708235,-0.064706,0.000000,1,0
2026-08-17T19:49:14.617,21.787381,106,69,9,5,R9C2,10,3,0.012941,0.931765,0.000000,0.000000,1,1
2026-08-17T19:49:14.617,21.788863,106,70,9,6,R9C3,10,5,1.785882,1.785882,0.000000,0.000000,1,0
2026-08-17T19:49:14.617,21.790856,106,71,9,7,R9C4,10,7,1.384706,1.708235,-0.323529,0.112554,1,0
2026-08-17T19:49:14.617,21.796904,106,72,9,8,R9C5,10,2,1.501176,1.708235,-0.207059,0.000000,1,0
2026-08-17T19:49:14.617,21.803882,106,73,10,1,R10C11,12,14,1.824706,1.811765,0.012941,0.000000,1,0
2026-08-17T19:49:14.617,21.808080,106,74,10,2,R10C12,12,16,1.837647,1.824706,0.012941,0.000000,1,0
2026-08-17T19:49:14.617,21.812971,106,75,10,3,R10C1,12,1,1.824706,1.785882,0.038823,0.000000,1,0
2026-08-17T19:49:14.617,21.816825,106,76,10,4,R10C2,12,3,1.811765,1.811765,0.000000,0.000000,1,0
2026-08-17T19:49:14.617,21.822893,106,77,10,5,R10C3,12,5,1.837647,1.798823,0.038824,0.000000,1,0
2026-08-17T19:49:14.617,21.827907,106,78,10,6,R10C4,12,7,1.824706,1.824706,0.000000,0.000000,1,0
2026-08-17T19:49:14.617,21.832856,106,79,10,7,R10C5,12,2,1.785882,1.811765,-0.025882,0.000000,1,0
2026-08-17T19:49:14.618,21.837806,106,80,10,8,R10C6,12,4,1.811765,1.811765,0.000000,0.000000,1,0
2026-08-17T19:49:14.618,21.842853,106,81,11,1,R11C12,14,16,1.850588,1.798823,0.051765,0.000000,1,0
2026-08-17T19:49:14.618,21.848914,106,82,11,2,R11C1,14,1,1.837647,1.772941,0.064706,0.000000,1,0
2026-08-17T19:49:14.618,21.853892,106,83,11,3,R11C2,14,3,1.747059,1.637059,0.110000,0.000000,1,0
2026-08-17T19:49:14.873,21.859087,106,84,11,4,R11C3,14,5,1.837647,1.772941,0.064706,0.000000,1,0
2026-08-17T19:49:14.873,21.971370,106,85,11,5,R11C4,14,7,1.811765,1.798823,0.012941,0.000000,1,0
2026-08-17T19:49:14.873,21.972828,106,86,11,6,R11C5,14,2,1.824706,1.643529,0.181176,0.000000,1,0
2026-08-17T19:49:14.873,21.973767,106,87,11,7,R11C6,14,4,1.734118,1.727647,0.006471,0.000000,1,0
2026-08-17T19:49:14.873,21.978819,106,88,11,8,R11C7,14,6,1.837647,1.591765,0.245882,0.000000,1,0
2026-08-17T19:49:14.873,21.985427,106,89,12,1,R12C1,16,1,1.772941,1.811765,-0.038823,0.000000,1,0
2026-08-17T19:49:14.873,21.990996,106,90,12,2,R12C2,16,3,1.682353,1.721177,-0.038824,0.000000,1,0
2026-08-17T19:49:14.873,21.996073,106,91,12,3,R12C3,16,5,1.760000,1.760000,0.000000,0.000000,1,0
2026-08-17T19:49:14.874,21.998834,106,92,12,4,R12C4,16,7,1.824706,1.824706,0.000000,0.000000,1,0
2026-08-17T19:49:14.874,22.004918,106,93,12,5,R12C5,16,2,1.760000,1.760000,0.000000,0.000000,1,0
2026-08-17T19:49:14.874,22.009893,106,94,12,6,R12C6,16,4,1.811765,1.811765,0.000000,0.000000,1,0
2026-08-17T19:49:14.874,22.014806,106,95,12,7,R12C7,16,6,1.798823,1.837647,-0.038824,0.000000,1,0
2026-08-17T19:49:14.874,22.020932,107,96,12,8,R12C8,16,8,0.000000,0.000000,0.000000,0.000000,1,1
2026-08-17T19:49:14.874,22.025885,107,1,1,1,R1C2,1,3,1.747059,1.695294,0.051765,0.000000,1,0
2026-08-17T19:49:14.874,22.030794,107,2,1,2,R1C3,1,5,1.772941,1.760000,0.012941,0.000000,1,0
2026-08-17T19:49:14.874,22.035842,107,3,1,3,R1C4,1,7,1.785882,1.811765,-0.025882,0.000000,1,0
2026-08-17T19:49:14.874,22.040774,107,4,1,4,R1C5,1,2,1.643529,1.760000,-0.116471,0.000000,1,0
2026-08-17T19:49:15.056,22.220479,107,5,1,5,R1C6,1,4,1.811765,1.818235,-0.006471,0.000000,1,0
2026-08-17T19:49:15.056,22.227736,107,6,1,6,R1C7,1,6,1.785882,1.656471,0.129412,0.000000,1,0
2026-08-17T19:49:15.056,22.228916,107,7,1,7,R1C8,1,8,1.604706,1.488235,0.116471,0.000000,1,0
2026-08-17T19:49:15.057,22.230913,107,8,1,8,R1C9,1,10,1.449412,1.384706,0.064706,0.000000,1,0
2026-08-17T19:49:15.057,22.236830,107,9,2,1,R2C3,3,5,1.772941,1.772941,0.000000,0.000000,1,0
2026-08-17T19:49:15.057,22.242253,107,10,2,2,R2C4,3,7,1.747059,1.630588,0.116471,0.000000,1,0
2026-08-17T19:49:15.057,22.247859,107,11,2,3,R2C5,3,2,1.772941,1.772941,0.000000,0.000000,1,0
2026-08-17T19:49:15.057,22.253810,107,12,2,4,R2C6,3,4,0.452941,1.766471,-1.313529,1.000000,1,0
2026-08-17T19:49:15.057,22.256831,107,13,2,5,R2C7,3,6,1.798823,1.811765,-0.012941,0.000000,1,0
2026-08-17T19:49:15.057,22.262861,107,14,2,6,R2C8,3,8,1.358824,1.423529,-0.064706,0.000000,1,0
2026-08-17T19:49:15.057,22.267829,107,15,2,7,R2C9,3,10,1.811765,1.811765,0.000000,0.000000,1,0
2026-08-17T19:49:15.057,22.272840,107,16,2,8,R2C10,3,12,1.656471,1.708235,-0.051765,0.000000,1,0
2026-08-17T19:49:15.057,22.277871,107,17,3,1,R3C4,5,7,1.410588,1.798823,-0.388235,0.188078,1,0
2026-08-17T19:49:15.057,22.283901,107,18,3,2,R3C5,5,2,0.621176,1.300588,-0.679412,1.000000,1,0
2026-08-17T19:49:15.057,22.288827,107,19,3,3,R3C6,5,4,1.811765,1.811765,0.000000,0.000000,1,0
2026-08-17T19:49:15.057,22.293924,107,20,3,4,R3C7,5,6,1.837647,1.798823,0.038824,0.000000,1,0
2026-08-17T19:49:15.315,22.298805,107,21,3,5,R3C8,5,8,1.436471,1.332941,0.103529,0.000000,1,0
2026-08-17T19:49:15.315,22.411030,107,22,3,6,R3C9,5,10,1.255294,1.138824,0.116471,0.000000,1,0
2026-08-17T19:49:15.315,22.412891,107,23,3,7,R3C10,5,12,1.682353,1.643529,0.038823,0.000000,1,0
2026-08-17T19:49:15.315,22.413791,107,24,3,8,R3C11,5,14,1.811765,1.811765,0.000000,0.000000,1,0
2026-08-17T19:49:15.315,22.417826,107,25,4,1,R4C5,7,2,1.578824,1.695294,-0.116471,0.000000,1,0
2026-08-17T19:49:15.315,22.425080,107,26,4,2,R4C6,7,4,1.798823,1.747059,0.051765,0.000000,1,0
2026-08-17T19:49:15.315,22.430661,107,27,4,3,R4C7,7,6,1.540000,1.708235,-0.168235,0.000000,1,0
2026-08-17T19:49:15.315,22.435573,107,28,4,4,R4C8,7,8,1.682353,1.734118,-0.051765,0.000000,1,0
2026-08-17T19:49:15.315,22.438885,107,29,4,5,R4C9,7,10,1.734118,1.462353,0.271765,0.000000,1,0
2026-08-17T19:49:15.315,22.444888,107,30,4,6,R4C10,7,12,1.785882,1.695294,0.090588,0.000000,1,0
2026-08-17T19:49:15.315,22.449920,107,31,4,7,R4C11,7,14,1.320000,1.475294,-0.155294,0.000000,1,0
2026-08-17T19:49:15.315,22.455002,107,32,4,8,R4C12,7,16,1.630588,1.643529,-0.012941,0.000000,1,0
2026-08-17T19:49:15.316,22.459853,107,33,5,1,R5C6,2,4,1.811765,1.811765,0.000000,0.000000,1,0
2026-08-17T19:49:15.316,22.464817,107,34,5,2,R5C7,2,6,1.837647,1.772941,0.064706,0.000000,1,0
2026-08-17T19:49:15.316,22.470857,107,35,5,3,R5C8,2,8,1.811765,1.811765,0.000000,0.000000,1,0
2026-08-17T19:49:15.316,22.475859,107,36,5,4,R5C9,2,10,1.837647,1.811765,0.025882,0.000000,1,0
2026-08-17T19:49:15.501,22.480865,107,37,5,5,R5C10,2,12,1.811765,1.811765,0.000000,0.000000,1,0
2026-08-17T19:49:15.501,22.669747,107,38,5,6,R5C11,2,14,1.811765,1.798823,0.012941,0.000000,1,0
2026-08-17T19:49:15.502,22.670842,107,39,5,7,R5C12,2,16,1.837647,1.811765,0.025882,0.000000,1,0
2026-08-17T19:49:15.502,22.671816,107,40,5,8,R5C1,2,1,1.785882,1.798823,-0.012941,0.000000,1,0
2026-08-17T19:49:15.502,22.676789,107,41,6,1,R6C7,4,6,1.643529,1.772941,-0.129412,0.000000,1,0
2026-08-17T19:49:15.502,22.683711,107,42,6,2,R6C8,4,8,1.591765,1.475294,0.116471,0.000000,1,0
2026-08-17T19:49:15.502,22.689368,107,43,6,3,R6C9,4,10,1.798823,1.811765,-0.012941,0.000000,1,0
2026-08-17T19:49:15.502,22.694314,107,44,6,4,R6C10,4,12,1.669412,1.721177,-0.051765,0.000000,1,0
2026-08-17T19:49:15.502,22.698015,107,45,6,5,R6C11,4,14,1.643529,1.721177,-0.077647,0.000000,1,0
2026-08-17T19:49:15.502,22.702850,107,46,6,6,R6C12,4,16,1.074118,1.384706,-0.310588,0.212283,1,0
2026-08-17T19:49:15.502,22.708904,107,47,6,7,R6C1,4,1,1.772941,1.785882,-0.012941,0.000000,1,0
2026-08-17T19:49:15.502,22.713893,107,48,6,8,R6C2,4,3,1.449412,1.268235,0.181176,0.000000,1,0
2026-08-17T19:49:15.502,22.718994,107,49,7,1,R7C8,6,8,1.811765,1.811765,0.000000,0.000000,1,0
2026-08-17T19:49:15.502,22.723853,107,50,7,2,R7C9,6,10,1.307059,1.578824,-0.271765,0.063232,1,0
2026-08-17T19:49:15.502,22.728890,107,51,7,3,R7C10,6,12,1.591765,1.630588,-0.038824,0.000000,1,0
2026-08-17T19:49:15.502,22.734872,107,52,7,4,R7C11,6,14,1.811765,1.811765,0.000000,0.000000,1,0
2026-08-17T19:49:15.502,22.739986,107,53,7,5,R7C12,6,16,1.824706,1.785882,0.038823,0.000000,1,0
2026-08-17T19:49:15.761,22.848913,107,54,7,6,R7C1,6,1,1.760000,1.811765,-0.051765,0.000000,1,0
2026-08-17T19:49:15.761,22.855912,107,55,7,7,R7C2,6,3,1.565882,1.475294,0.090588,0.000000,1,0
2026-08-17T19:49:15.761,22.856850,107,56,7,8,R7C3,6,5,1.837647,1.785882,0.051765,0.000000,1,0
2026-08-17T19:49:15.761,22.859962,107,57,8,1,R8C9,8,10,1.747059,1.837647,-0.090588,0.000000,1,0
2026-08-17T19:49:15.761,22.865943,107,58,8,2,R8C10,8,12,1.811765,1.798823,0.012941,0.000000,1,0
2026-08-17T19:49:15.762,22.873852,107,59,8,3,R8C11,8,14,1.436471,1.501176,-0.064706,0.000000,1,0
2026-08-17T19:49:15.762,22.875729,107,60,8,4,R8C12,8,16,1.811765,1.552941,0.258824,0.000000,1,0
2026-08-17T19:49:15.762,22.881940,107,61,8,5,R8C1,8,1,1.798823,1.798823,0.000000,0.000000,1,0
2026-08-17T19:49:15.762,22.885975,107,62,8,6,R8C2,8,3,1.798823,1.798823,0.000000,0.000000,1,0
2026-08-17T19:49:15.762,22.890837,107,63,8,7,R8C3,8,5,1.734118,1.760000,-0.025882,0.000000,1,0
2026-08-17T19:49:15.762,22.896907,107,64,8,8,R8C4,8,7,1.798823,1.824706,-0.025882,0.000000,1,0
2026-08-17T19:49:15.762,22.901927,107,65,9,1,R9C10,10,12,0.621176,1.125882,0.000000,0.000000,1,0
2026-08-17T19:49:15.762,22.906897,107,66,9,2,R9C11,10,14,1.811765,1.798823,0.012941,0.000000,1,0
2026-08-17T19:49:15.762,22.911948,107,67,9,3,R9C12,10,16,1.695294,1.611176,0.084118,0.000000,1,0
2026-08-17T19:49:15.762,22.917906,107,68,9,4,R9C1,10,1,1.734118,1.643529,0.090588,0.000000,1,0
2026-08-17T19:49:15.762,22.921857,107,69,9,5,R9C2,10,3,0.685882,0.931765,0.000000,0.000000,1,0
2026-08-17T19:49:15.762,22.927870,107,70,9,6,R9C3,10,5,1.798823,1.785882,0.012941,0.000000,1,0
2026-08-17T19:49:15.947,23.116065,107,71,9,7,R9C4,10,7,1.488235,1.708235,-0.220000,0.000000,1,0
2026-08-17T19:49:15.947,23.117964,107,72,9,8,R9C5,10,2,1.772941,1.565882,0.207059,0.000000,1,0
2026-08-17T19:49:15.948,23.118825,107,73,10,1,R10C11,12,14,1.811765,1.824706,-0.012941,0.000000,1,0
2026-08-17T19:49:15.948,23.122798,107,74,10,2,R10C12,12,16,1.785882,1.824706,-0.038823,0.000000,1,0
2026-08-17T19:49:15.948,23.130742,107,75,10,3,R10C1,12,1,1.772941,1.811765,-0.038823,0.000000,1,0
2026-08-17T19:49:15.948,23.134580,107,76,10,4,R10C2,12,3,1.811765,1.811765,0.000000,0.000000,1,0
2026-08-17T19:49:15.948,23.138835,107,77,10,5,R10C3,12,5,1.811765,1.798823,0.012941,0.000000,1,0
2026-08-17T19:49:15.948,23.143806,107,78,10,6,R10C4,12,7,1.824706,1.824706,0.000000,0.000000,1,0
2026-08-17T19:49:15.948,23.149885,107,79,10,7,R10C5,12,2,1.824706,1.785882,0.038823,0.000000,1,0
2026-08-17T19:49:15.948,23.154978,107,80,10,8,R10C6,12,4,1.811765,1.811765,0.000000,0.000000,1,0
2026-08-17T19:49:15.948,23.159897,107,81,11,1,R11C12,14,16,1.734118,1.798823,-0.064706,0.000000,1,0
2026-08-17T19:49:15.948,23.164814,107,82,11,2,R11C1,14,1,1.798823,1.772941,0.025882,0.000000,1,0
2026-08-17T19:49:15.948,23.169821,107,83,11,3,R11C2,14,3,0.867059,1.747059,-0.880000,1.000000,1,0
2026-08-17T19:49:15.948,23.175854,107,84,11,4,R11C3,14,5,1.772941,1.837647,-0.064706,0.000000,1,0
2026-08-17T19:49:15.948,23.180880,107,85,11,5,R11C4,14,7,1.811765,1.811765,0.000000,0.000000,1,0
2026-08-17T19:49:15.948,23.185846,107,86,11,6,R11C5,14,2,1.695294,1.824706,-0.129412,0.000000,1,0
2026-08-17T19:49:15.948,23.190861,107,87,11,7,R11C6,14,4,1.747059,1.734118,0.012941,0.000000,1,0
2026-08-17T19:49:16.205,23.294839,107,88,11,8,R11C7,14,6,1.565882,1.798823,-0.232941,0.000000,1,0
2026-08-17T19:49:16.205,23.302007,107,89,12,1,R12C1,16,1,1.785882,1.785882,0.000000,0.000000,1,0
2026-08-17T19:49:16.205,23.303858,107,90,12,2,R12C2,16,3,1.721177,1.708235,0.012941,0.000000,1,0
2026-08-17T19:49:16.205,23.304784,107,91,12,3,R12C3,16,5,1.785882,1.760000,0.025882,0.000000,1,0
2026-08-17T19:49:16.205,23.310858,107,92,12,4,R12C4,16,7,1.811765,1.824706,-0.012941,0.000000,1,0
2026-08-17T19:49:16.205,23.316906,107,93,12,5,R12C5,16,2,1.760000,1.760000,0.000000,0.000000,1,0
2026-08-17T19:49:16.205,23.320981,107,94,12,6,R12C6,16,4,1.811765,1.811765,0.000000,0.000000,1,0
2026-08-17T19:49:16.206,23.326863,107,95,12,7,R12C7,16,6,1.837647,1.798823,0.038824,0.000000,1,0
2026-08-17T19:49:16.206,23.331883,108,96,12,8,R12C8,16,8,0.000000,0.000000,0.000000,0.000000,1,1
2026-08-17T19:49:16.206,23.336888,108,1,1,1,R1C2,1,3,1.772941,1.747059,0.025882,0.000000,1,0
2026-08-17T19:49:16.206,23.341838,108,2,1,2,R1C3,1,5,1.734118,1.772941,-0.038824,0.000000,1,0
2026-08-17T19:49:16.206,23.346803,108,3,1,3,R1C4,1,7,1.811765,1.798823,0.012941,0.000000,1,0
2026-08-17T19:49:16.206,23.351891,108,4,1,4,R1C5,1,2,1.475294,1.760000,-0.284706,0.033613,1,0
2026-08-17T19:49:16.206,23.357802,108,5,1,5,R1C6,1,4,1.798823,1.811765,-0.012941,0.000000,1,0
2026-08-17T19:49:16.206,23.362768,108,6,1,6,R1C7,1,6,1.837647,1.785882,0.051765,0.000000,1,0
2026-08-17T19:49:16.206,23.367863,108,7,1,7,R1C8,1,8,1.643529,1.514118,0.129412,0.000000,1,0
2026-08-17T19:49:16.206,23.372925,108,8,1,8,R1C9,1,10,1.604706,1.384706,0.220000,0.000000,1,0
2026-08-17T19:49:16.391,23.559902,108,9,2,1,R2C3,3,5,1.772941,1.772941,0.000000,0.000000,1,0
2026-08-17T19:49:16.391,23.560860,108,10,2,2,R2C4,3,7,1.565882,1.747059,-0.181177,0.000000,1,0
2026-08-17T19:49:16.391,23.561884,108,11,2,3,R2C5,3,2,1.734118,1.772941,-0.038824,0.000000,1,0
2026-08-17T19:49:16.391,23.566843,108,12,2,4,R2C6,3,4,1.332941,1.766471,-0.433529,0.272632,1,0
2026-08-17T19:49:16.391,23.574103,108,13,2,5,R2C7,3,6,1.785882,1.798823,-0.012941,0.000000,1,0
2026-08-17T19:49:16.391,23.579769,108,14,2,6,R2C8,3,8,1.397647,1.358824,0.038823,0.000000,1,0
2026-08-17T19:49:16.391,23.584849,108,15,2,7,R2C9,3,10,1.798823,1.811765,-0.012941,0.000000,1,0
2026-08-17T19:49:16.392,23.587893,108,16,2,8,R2C10,3,12,1.682353,1.656471,0.025882,0.000000,1,0
2026-08-17T19:49:16.392,23.593000,108,17,3,1,R3C4,5,7,1.358824,1.798823,-0.440000,0.270298,1,0
2026-08-17T19:49:16.392,23.598979,108,18,3,2,R3C5,5,2,1.061176,1.300588,-0.239412,0.097370,1,0
2026-08-17T19:49:16.392,23.603881,108,19,3,3,R3C6,5,4,0.000000,1.811765,0.000000,0.000000,1,1
2026-08-17T19:49:16.392,23.608874,108,20,3,4,R3C7,5,6,1.824706,1.798823,0.025882,0.000000,1,0
2026-08-17T19:49:16.392,23.613857,108,21,3,5,R3C8,5,8,1.449412,1.332941,0.116471,0.000000,1,0
2026-08-17T19:49:16.392,23.620030,108,22,3,6,R3C9,5,10,1.281176,1.138824,0.142353,0.000000,1,0
2026-08-17T19:49:16.392,23.624914,108,23,3,7,R3C10,5,12,1.630588,1.643529,-0.012941,0.000000,1,0
2026-08-17T19:49:16.392,23.629899,108,24,3,8,R3C11,5,14,1.798823,1.811765,-0.012941,0.000000,1,0
2026-08-17T19:49:16.652,23.640483,108,25,4,1,R4C5,7,2,1.591765,1.604706,-0.012941,0.000000,1,0
2026-08-17T19:49:16.652,23.745615,108,26,4,2,R4C6,7,4,1.669412,1.798823,-0.129412,0.000000,1,0
2026-08-17T19:49:16.652,23.746820,108,27,4,3,R4C7,7,6,1.320000,1.630588,-0.310588,0.115646,1,0
2026-08-17T19:49:16.652,23.747782,108,28,4,4,R4C8,7,8,1.721177,1.682353,0.038824,0.000000,1,0
2026-08-17T19:49:16.653,23.752849,108,29,4,5,R4C9,7,10,1.695294,1.695294,0.000000,0.000000,1,0
2026-08-17T19:49:16.653,23.759676,108,30,4,6,R4C10,7,12,1.798823,1.760000,0.038823,0.000000,1,0
2026-08-17T19:49:16.653,23.765328,108,31,4,7,R4C11,7,14,1.475294,1.410588,0.064706,0.000000,1,0
2026-08-17T19:49:16.653,23.767862,108,32,4,8,R4C12,7,16,1.785882,1.630588,0.155294,0.000000,1,0
2026-08-17T19:49:16.653,23.773865,108,33,5,1,R5C6,2,4,1.811765,1.811765,0.000000,0.000000,1,0
2026-08-17T19:49:16.653,23.778841,108,34,5,2,R5C7,2,6,1.785882,1.772941,0.012941,0.000000,1,0
2026-08-17T19:49:16.653,23.783815,108,35,5,3,R5C8,2,8,1.811765,1.811765,0.000000,0.000000,1,0
2026-08-17T19:49:16.653,23.790062,108,36,5,4,R5C9,2,10,1.837647,1.811765,0.025882,0.000000,1,0
2026-08-17T19:49:16.653,23.794912,108,37,5,5,R5C10,2,12,1.824706,1.811765,0.012941,0.000000,1,0
2026-08-17T19:49:16.653,23.799843,108,38,5,6,R5C11,2,14,1.811765,1.811765,0.000000,0.000000,1,0
2026-08-17T19:49:16.653,23.804824,108,39,5,7,R5C12,2,16,1.850588,1.837647,0.012941,0.000000,1,0
2026-08-17T19:49:16.653,23.809831,108,40,5,8,R5C1,2,1,1.772941,1.785882,-0.012941,0.000000,1,0
2026-08-17T19:49:16.837,23.815904,108,41,6,1,R6C7,4,6,1.669412,1.695294,-0.025882,0.000000,1,0
2026-08-17T19:49:16.837,24.006900,108,42,6,2,R6C8,4,8,1.617647,1.475294,0.142353,0.000000,1,0
2026-08-17T19:49:16.837,24.007872,108,43,6,3,R6C9,4,10,1.669412,1.798823,-0.129412,0.000000,1,0
2026-08-17T19:49:16.837,24.008834,108,44,6,4,R6C10,4,12,1.462353,1.682353,-0.220000,0.000000,1,0
2026-08-17T19:49:16.837,24.013889,108,45,6,5,R6C11,4,14,1.565882,1.721177,-0.155294,0.000000,1,0
2026-08-17T19:49:16.837,24.021284,108,46,6,6,R6C12,4,16,1.061176,1.384706,-0.323529,0.238985,1,0
2026-08-17T19:49:16.837,24.025210,108,47,6,7,R6C1,4,1,1.837647,1.772941,0.064706,0.000000,1,0
2026-08-17T19:49:16.837,24.032080,108,48,6,8,R6C2,4,3,1.371765,1.332941,0.038823,0.000000,1,0
2026-08-17T19:49:16.837,24.034803,108,49,7,1,R7C8,6,8,1.798823,1.811765,-0.012941,0.000000,1,0
2026-08-17T19:49:16.837,24.040883,108,50,7,2,R7C9,6,10,1.643529,1.578824,0.064706,0.000000,1,0
2026-08-17T19:49:16.837,24.044910,108,51,7,3,R7C10,6,12,1.514118,1.527059,-0.012941,0.000000,1,0
2026-08-17T19:49:16.837,24.050797,108,52,7,4,R7C11,6,14,1.811765,1.811765,0.000000,0.000000,1,0
2026-08-17T19:49:16.837,24.055839,108,53,7,5,R7C12,6,16,1.837647,1.785882,0.051765,0.000000,1,0
2026-08-17T19:49:16.837,24.060847,108,54,7,6,R7C1,6,1,1.772941,1.811765,-0.038823,0.000000,1,0
2026-08-17T19:49:16.837,24.066918,108,55,7,7,R7C2,6,3,1.527059,1.565882,-0.038823,0.000000,1,0
2026-08-17T19:49:16.838,24.071898,108,56,7,8,R7C3,6,5,1.811765,1.785882,0.025882,0.000000,1,0
2026-08-17T19:49:16.838,24.076907,108,57,8,1,R8C9,8,10,1.837647,1.811765,0.025882,0.000000,1,0
2026-08-17T19:49:17.097,24.184011,108,58,8,2,R8C10,8,12,1.811765,1.798823,0.012941,0.000000,1,0
2026-08-17T19:49:17.097,24.191191,108,59,8,3,R8C11,8,14,1.436471,1.488235,-0.051765,0.000000,1,0
2026-08-17T19:49:17.097,24.192883,108,60,8,4,R8C12,8,16,1.837647,1.785882,0.051765,0.000000,1,0
2026-08-17T19:49:17.097,24.194814,108,61,8,5,R8C1,8,1,1.798823,1.798823,0.000000,0.000000,1,0
2026-08-17T19:49:17.098,24.200886,108,62,8,6,R8C2,8,3,1.798823,1.798823,0.000000,0.000000,1,0
2026-08-17T19:49:17.098,24.206855,108,63,8,7,R8C3,8,5,1.798823,1.747059,0.051765,0.000000,1,0
2026-08-17T19:49:17.098,24.211959,108,64,8,8,R8C4,8,7,1.760000,1.824706,-0.064706,0.000000,1,0
2026-08-17T19:49:17.098,24.216865,108,65,9,1,R9C10,10,12,1.617647,1.125882,0.000000,0.000000,1,0
2026-08-17T19:49:17.098,24.220867,108,66,9,2,R9C11,10,14,1.811765,1.798823,0.012941,0.000000,1,0
2026-08-17T19:49:17.098,24.227071,108,67,9,3,R9C12,10,16,1.656471,1.611176,0.045294,0.000000,1,0
2026-08-17T19:49:17.098,24.231869,108,68,9,4,R9C1,10,1,1.682353,1.734118,-0.051765,0.000000,1,0
2026-08-17T19:49:17.098,24.236897,108,69,9,5,R9C2,10,3,0.724706,0.459412,0.265294,0.000000,1,0
2026-08-17T19:49:17.098,24.241843,108,70,9,6,R9C3,10,5,1.772941,1.785882,-0.012941,0.000000,1,0
2026-08-17T19:49:17.098,24.247865,108,71,9,7,R9C4,10,7,1.501176,1.708235,0.000000,0.000000,1,0
2026-08-17T19:49:17.098,24.252922,108,72,9,8,R9C5,10,2,1.785882,1.630588,0.155294,0.000000,1,0
2026-08-17T19:49:17.098,24.257907,108,73,10,1,R10C11,12,14,1.811765,1.824706,-0.012941,0.000000,1,0
2026-08-17T19:49:17.098,24.262847,108,74,10,2,R10C12,12,16,1.785882,1.824706,-0.038823,0.000000,1,0
2026-08-17T19:49:17.284,24.444665,108,75,10,3,R10C1,12,1,1.811765,1.811765,0.000000,0.000000,1,0
2026-08-17T19:49:17.284,24.452374,108,76,10,4,R10C2,12,3,1.811765,1.811765,0.000000,0.000000,1,0
2026-08-17T19:49:17.284,24.453828,108,77,10,5,R10C3,12,5,1.798823,1.811765,-0.012941,0.000000,1,0
2026-08-17T19:49:17.284,24.454774,108,78,10,6,R10C4,12,7,1.824706,1.824706,0.000000,0.000000,1,0
2026-08-17T19:49:17.284,24.460785,108,79,10,7,R10C5,12,2,1.798823,1.785882,0.012941,0.000000,1,0
2026-08-17T19:49:17.284,24.467814,108,80,10,8,R10C6,12,4,1.811765,1.811765,0.000000,0.000000,1,0
2026-08-17T19:49:17.284,24.472159,108,81,11,1,R11C12,14,16,1.552941,1.772941,-0.220000,0.000000,1,0
2026-08-17T19:49:17.284,24.478953,108,82,11,2,R11C1,14,1,1.772941,1.798823,-0.025882,0.000000,1,0
2026-08-17T19:49:17.284,24.480868,108,83,11,3,R11C2,14,3,0.918824,1.747059,-0.828235,0.925926,1,0
2026-08-17T19:49:17.284,24.486994,108,84,11,4,R11C3,14,5,1.785882,1.772941,0.012941,0.000000,1,0
2026-08-17T19:49:17.284,24.491998,108,85,11,5,R11C4,14,7,1.811765,1.811765,0.000000,0.000000,1,0
2026-08-17T19:49:17.284,24.496841,108,86,11,6,R11C5,14,2,1.617647,1.695294,-0.077647,0.000000,1,0
2026-08-17T19:49:17.284,24.503073,108,87,11,7,R11C6,14,4,1.747059,1.747059,0.000000,0.000000,1,0
2026-08-17T19:49:17.285,24.506862,108,88,11,8,R11C7,14,6,1.514118,1.591765,-0.077647,0.000000,1,0
2026-08-17T19:49:17.285,24.512884,108,89,12,1,R12C1,16,1,1.760000,1.785882,-0.025882,0.000000,1,0
2026-08-17T19:49:17.285,24.517895,108,90,12,2,R12C2,16,3,1.708235,1.708235,0.000000,0.000000,1,0
2026-08-17T19:49:17.542,24.522839,108,91,12,3,R12C3,16,5,1.798823,1.760000,0.038823,0.000000,1,0
2026-08-17T19:49:17.542,24.638229,108,92,12,4,R12C4,16,7,1.811765,1.824706,-0.012941,0.000000,1,0
2026-08-17T19:49:17.542,24.639857,108,93,12,5,R12C5,16,2,1.734118,1.760000,-0.025882,0.000000,1,0
2026-08-17T19:49:17.542,24.640808,108,94,12,6,R12C6,16,4,1.798823,1.811765,-0.012941,0.000000,1,0
2026-08-17T19:49:17.542,24.646219,108,95,12,7,R12C7,16,6,1.824706,1.798823,0.025882,0.000000,1,0
2026-08-17T19:49:17.542,24.651787,109,96,12,8,R12C8,16,8,0.000000,0.000000,0.000000,0.000000,1,1
2026-08-17T19:49:17.542,24.657385,109,1,1,1,R1C2,1,3,1.695294,1.747059,-0.051765,0.000000,1,0
2026-08-17T19:49:17.542,24.662352,109,2,1,2,R1C3,1,5,1.708235,1.772941,-0.064706,0.000000,1,0
2026-08-17T19:49:17.542,24.665856,109,3,1,3,R1C4,1,7,1.772941,1.798823,-0.025882,0.000000,1,0
2026-08-17T19:49:17.542,24.671889,109,4,1,4,R1C5,1,2,1.734118,1.760000,-0.025882,0.000000,1,0
2026-08-17T19:49:17.542,24.676905,109,5,1,5,R1C6,1,4,1.785882,1.811765,-0.025882,0.000000,1,0
2026-08-17T19:49:17.542,24.681906,109,6,1,6,R1C7,1,6,1.824706,1.837647,-0.012941,0.000000,1,0
2026-08-17T19:49:17.542,24.686917,109,7,1,7,R1C8,1,8,1.565882,1.604706,-0.038824,0.000000,1,0
2026-08-17T19:49:17.543,24.692946,109,8,1,8,R1C9,1,10,1.462353,1.449412,0.012941,0.000000,1,0
2026-08-17T19:49:17.543,24.697989,109,9,2,1,R2C3,3,5,1.785882,1.772941,0.012941,0.000000,1,0
2026-08-17T19:49:17.543,24.702929,109,10,2,2,R2C4,3,7,1.798823,1.747059,0.051765,0.000000,1,0
2026-08-17T19:49:17.543,24.707859,109,11,2,3,R2C5,3,2,1.785882,1.734118,0.051765,0.000000,1,0
2026-08-17T19:49:17.726,24.896664,109,12,2,4,R2C6,3,4,1.708235,1.766471,-0.058235,0.000000,1,0
2026-08-17T19:49:17.726,24.897946,109,13,2,5,R2C7,3,6,1.798823,1.798823,0.000000,0.000000,1,0
2026-08-17T19:49:17.726,24.899014,109,14,2,6,R2C8,3,8,1.345882,1.397647,-0.051765,0.000000,1,0
2026-08-17T19:49:17.726,24.903869,109,15,2,7,R2C9,3,10,1.772941,1.811765,-0.038823,0.000000,1,0
2026-08-17T19:49:17.726,24.908838,109,16,2,8,R2C10,3,12,1.669412,1.656471,0.012941,0.000000,1,0
2026-08-17T19:49:17.726,24.916783,109,17,3,1,R3C4,5,7,1.501176,1.798823,-0.297647,0.044193,1,0
2026-08-17T19:49:17.726,24.919029,109,18,3,2,R3C5,5,2,0.530588,1.300588,-0.770000,1.000000,1,0
2026-08-17T19:49:17.726,24.924890,109,19,3,3,R3C6,5,4,1.811765,1.811765,0.000000,0.000000,1,0
2026-08-17T19:49:17.726,24.929902,109,20,3,4,R3C7,5,6,1.837647,1.824706,0.012941,0.000000,1,0
2026-08-17T19:49:17.726,24.934834,109,21,3,5,R3C8,5,8,1.643529,1.436471,0.207059,0.000000,1,0
2026-08-17T19:49:17.726,24.940908,109,22,3,6,R3C9,5,10,1.281176,1.255294,0.025882,0.000000,1,0
2026-08-17T19:49:17.727,24.945933,109,23,3,7,R3C10,5,12,1.578824,1.643529,-0.064706,0.000000,1,0
2026-08-17T19:49:17.727,24.950884,109,24,3,8,R3C11,5,14,1.811765,1.798823,0.012941,0.000000,1,0
2026-08-17T19:49:17.727,24.955836,109,25,4,1,R4C5,7,2,0.957647,1.591765,-0.634118,0.709640,1,0
2026-08-17T19:49:17.727,24.961930,109,26,4,2,R4C6,7,4,0.000000,1.798823,0.000000,0.000000,1,1
2026-08-17T19:49:17.727,24.966910,109,27,4,3,R4C7,7,6,0.957647,1.630588,-0.672941,0.750567,1,0
2026-08-17T19:49:17.727,24.976776,109,28,4,4,R4C8,7,8,1.708235,1.682353,0.025882,0.000000,1,0
2026-08-17T19:49:17.984,25.073247,109,29,4,5,R4C9,7,10,1.617647,1.695294,-0.077647,0.000000,1,0
2026-08-17T19:49:17.985,25.080411,109,30,4,6,R4C10,7,12,1.669412,1.785882,-0.116471,0.000000,1,0
2026-08-17T19:49:17.985,25.081875,109,31,4,7,R4C11,7,14,1.514118,1.410588,0.103529,0.000000,1,0
2026-08-17T19:49:17.985,25.082812,109,32,4,8,R4C12,7,16,1.695294,1.643529,0.051765,0.000000,1,0
2026-08-17T19:49:17.985,25.089900,109,33,5,1,R5C6,2,4,1.811765,1.811765,0.000000,0.000000,1,0
2026-08-17T19:49:17.985,25.095926,109,34,5,2,R5C7,2,6,1.837647,1.785882,0.051765,0.000000,1,0
2026-08-17T19:49:17.985,25.100604,109,35,5,3,R5C8,2,8,1.811765,1.811765,0.000000,0.000000,1,0
2026-08-17T19:49:17.985,25.106882,109,36,5,4,R5C9,2,10,1.798823,1.837647,-0.038824,0.000000,1,0
2026-08-17T19:49:17.985,25.109886,109,37,5,5,R5C10,2,12,1.811765,1.811765,0.000000,0.000000,1,0
2026-08-17T19:49:17.985,25.115951,109,38,5,6,R5C11,2,14,1.811765,1.811765,0.000000,0.000000,1,0
2026-08-17T19:49:17.985,25.119810,109,39,5,7,R5C12,2,16,1.811765,1.837647,-0.025882,0.000000,1,0
2026-08-17T19:49:17.985,25.125878,109,40,5,8,R5C1,2,1,1.772941,1.772941,0.000000,0.000000,1,0
2026-08-17T19:49:17.985,25.130835,109,41,6,1,R6C7,4,6,1.708235,1.669412,0.038823,0.000000,1,0
2026-08-17T19:49:17.985,25.135845,109,42,6,2,R6C8,4,8,1.695294,1.591765,0.103529,0.000000,1,0
2026-08-17T19:49:17.985,25.142052,109,43,6,3,R6C9,4,10,1.811765,1.721177,0.090588,0.000000,1,0
2026-08-17T19:49:17.985,25.146860,109,44,6,4,R6C10,4,12,1.785882,1.669412,0.116471,0.000000,1,0
2026-08-17T19:49:17.985,25.151901,109,45,6,5,R6C11,4,14,1.591765,1.643529,-0.051765,0.000000,1,0
2026-08-17T19:49:18.168,25.331946,109,46,6,6,R6C12,4,16,1.294118,1.384706,-0.090588,0.000000,1,0
2026-08-17T19:49:18.168,25.339188,109,47,6,7,R6C1,4,1,1.772941,1.785882,-0.012941,0.000000,1,0
2026-08-17T19:49:18.168,25.340923,109,48,6,8,R6C2,4,3,1.332941,1.371765,-0.038823,0.000000,1,0
2026-08-17T19:49:18.168,25.341821,109,49,7,1,R7C8,6,8,1.811765,1.811765,0.000000,0.000000,1,0
2026-08-17T19:49:18.168,25.349192,109,50,7,2,R7C9,6,10,1.708235,1.624118,0.084118,0.000000,1,0
2026-08-17T19:49:18.168,25.353479,109,51,7,3,R7C10,6,12,1.320000,1.514118,-0.194118,0.000000,1,0
2026-08-17T19:49:18.168,25.359012,109,52,7,4,R7C11,6,14,1.811765,1.811765,0.000000,0.000000,1,0
2026-08-17T19:49:18.168,25.364831,109,53,7,5,R7C12,6,16,1.850588,1.824706,0.025882,0.000000,1,0
2026-08-17T19:49:18.168,25.367866,109,54,7,6,R7C1,6,1,1.760000,1.772941,-0.012941,0.000000,1,0
2026-08-17T19:49:18.168,25.373997,109,55,7,7,R7C2,6,3,1.540000,1.565882,-0.025882,0.000000,1,0
2026-08-17T19:49:18.168,25.378876,109,56,7,8,R7C3,6,5,1.772941,1.811765,-0.038823,0.000000,1,0
2026-08-17T19:49:18.168,25.383969,109,57,8,1,R8C9,8,10,1.837647,1.811765,0.025882,0.000000,1,0
2026-08-17T19:49:18.168,25.389912,109,58,8,2,R8C10,8,12,1.811765,1.811765,0.000000,0.000000,1,0
2026-08-17T19:49:18.168,25.394984,109,59,8,3,R8C11,8,14,1.488235,1.436471,0.051765,0.000000,1,0
2026-08-17T19:49:18.168,25.399993,109,60,8,4,R8C12,8,16,1.747059,1.811765,-0.064706,0.000000,1,0
2026-08-17T19:49:18.168,25.404914,109,61,8,5,R8C1,8,1,1.772941,1.798823,-0.025882,0.000000,1,0
2026-08-17T19:49:18.424,25.409890,109,62,8,6,R8C2,8,3,1.785882,1.798823,-0.012941,0.000000,1,0
2026-08-17T19:49:18.424,25.521309,109,63,8,7,R8C3,8,5,1.785882,1.798823,-0.012941,0.000000,1,0
2026-08-17T19:49:18.424,25.522781,109,64,8,8,R8C4,8,7,1.811765,1.798823,0.012941,0.000000,1,0
2026-08-17T19:49:18.424,25.523769,109,65,9,1,R9C10,10,12,0.647059,1.119412,-0.472353,0.777044,1,0
2026-08-17T19:49:18.424,25.528776,109,66,9,2,R9C11,10,14,1.811765,1.811765,0.000000,0.000000,1,0
2026-08-17T19:49:18.424,25.534846,109,67,9,3,R9C12,10,16,1.798823,1.656471,0.142353,0.000000,1,0
2026-08-17T19:49:18.424,25.539880,109,68,9,4,R9C1,10,1,1.669412,1.682353,-0.012941,0.000000,1,0
2026-08-17T19:49:18.424,25.544833,109,69,9,5,R9C2,10,3,0.763529,0.705294,0.058235,0.000000,1,0
2026-08-17T19:49:18.424,25.549868,109,70,9,6,R9C3,10,5,1.837647,1.785882,0.051765,0.000000,1,0
2026-08-17T19:49:18.424,25.554840,109,71,9,7,R9C4,10,7,1.423529,1.494706,-0.071176,0.000000,1,0
2026-08-17T19:49:18.424,25.559848,109,72,9,8,R9C5,10,2,1.772941,1.772941,0.000000,0.000000,1,0
2026-08-17T19:49:18.424,25.564886,109,73,10,1,R10C11,12,14,1.824706,1.811765,0.012941,0.000000,1,0
2026-08-17T19:49:18.424,25.570864,109,74,10,2,R10C12,12,16,1.837647,1.785882,0.051765,0.000000,1,0
2026-08-17T19:49:18.424,25.575878,109,75,10,3,R10C1,12,1,1.772941,1.811765,-0.038823,0.000000,1,0
2026-08-17T19:49:18.425,25.581024,109,76,10,4,R10C2,12,3,1.811765,1.811765,0.000000,0.000000,1,0
2026-08-17T19:49:18.425,25.585872,109,77,10,5,R10C3,12,5,1.785882,1.811765,-0.025882,0.000000,1,0
2026-08-17T19:49:18.425,25.590818,109,78,10,6,R10C4,12,7,1.824706,1.824706,0.000000,0.000000,1,0
2026-08-17T19:49:18.608,25.771016,109,79,10,7,R10C5,12,2,1.798823,1.798823,0.000000,0.000000,1,0
2026-08-17T19:49:18.608,25.778340,109,80,10,8,R10C6,12,4,1.811765,1.811765,0.000000,0.000000,1,0
2026-08-17T19:49:18.608,25.780000,109,81,11,1,R11C12,14,16,1.371765,1.734118,-0.362353,0.168444,1,0
2026-08-17T19:49:18.608,25.780915,109,82,11,2,R11C1,14,1,1.837647,1.798823,0.038824,0.000000,1,0
2026-08-17T19:49:18.608,25.787169,109,83,11,3,R11C2,14,3,1.384706,1.747059,-0.362353,0.164021,1,0
2026-08-17T19:49:18.608,25.793121,109,84,11,4,R11C3,14,5,1.811765,1.785882,0.025882,0.000000,1,0
2026-08-17T19:49:18.608,25.798659,109,85,11,5,R11C4,14,7,1.772941,1.811765,-0.038823,0.000000,1,0
2026-08-17T19:49:18.608,25.803554,109,86,11,6,R11C5,14,2,1.514118,1.695294,-0.181177,0.000000,1,0
2026-08-17T19:49:18.608,25.806863,109,87,11,7,R11C6,14,4,1.798823,1.747059,0.051765,0.000000,1,0
2026-08-17T19:49:18.609,25.812833,109,88,11,8,R11C7,14,6,1.565882,1.565882,0.000000,0.000000,1,0
2026-08-17T19:49:18.609,25.817821,109,89,12,1,R12C1,16,1,1.747059,1.772941,-0.025882,0.000000,1,0
2026-08-17T19:49:18.609,25.822833,109,90,12,2,R12C2,16,3,1.669412,1.708235,-0.038823,0.000000,1,0
2026-08-17T19:49:18.609,25.828882,109,91,12,3,R12C3,16,5,1.772941,1.785882,-0.012941,0.000000,1,0
2026-08-17T19:49:18.609,25.833864,109,92,12,4,R12C4,16,7,1.811765,1.811765,0.000000,0.000000,1,0
2026-08-17T19:49:18.609,25.838828,109,93,12,5,R12C5,16,2,1.747059,1.760000,-0.012941,0.000000,1,0
2026-08-17T19:49:18.609,25.843806,109,94,12,6,R12C6,16,4,1.811765,1.811765,0.000000,0.000000,1,0
2026-08-17T19:49:18.863,25.849840,109,95,12,7,R12C7,16,6,1.824706,1.824706,0.000000,0.000000,1,0
2026-08-17T19:49:18.863,25.961714,110,96,12,8,R12C8,16,8,0.000000,0.000000,0.000000,0.000000,1,1
2026-08-17T19:49:18.864,25.962815,110,1,1,1,R1C2,1,3,1.656471,1.747059,-0.090588,0.000000,1,0
2026-08-17T19:49:18.864,25.963787,110,2,1,2,R1C3,1,5,1.734118,1.734118,0.000000,0.000000,1,0
2026-08-17T19:49:18.864,25.968808,110,3,1,3,R1C4,1,7,1.785882,1.785882,0.000000,0.000000,1,0
2026-08-17T19:49:18.864,25.976035,110,4,1,4,R1C5,1,2,1.772941,1.688824,0.084118,0.000000,1,0
2026-08-17T19:49:18.864,25.979931,110,5,1,5,R1C6,1,4,1.798823,1.798823,0.000000,0.000000,1,0
2026-08-17T19:49:18.864,25.985837,110,6,1,6,R1C7,1,6,1.747059,1.824706,-0.077647,0.000000,1,0
2026-08-17T19:49:18.864,25.989855,110,7,1,7,R1C8,1,8,1.552941,1.604706,-0.051765,0.000000,1,0
2026-08-17T19:49:18.864,25.994843,110,8,1,8,R1C9,1,10,1.721177,1.462353,0.258824,0.000000,1,0
2026-08-17T19:49:18.864,25.999857,110,9,2,1,R2C3,3,5,1.798823,1.772941,0.025882,0.000000,1,0
2026-08-17T19:49:18.864,26.005869,110,10,2,2,R2C4,3,7,1.734118,1.747059,-0.012941,0.000000,1,0
2026-08-17T19:49:18.864,26.010912,110,11,2,3,R2C5,3,2,1.772941,1.772941,0.000000,0.000000,1,0
2026-08-17T19:49:18.864,26.015893,110,12,2,4,R2C6,3,4,1.591765,1.766471,0.000000,0.000000,1,0
2026-08-17T19:49:18.864,26.020842,110,13,2,5,R2C7,3,6,1.811765,1.798823,0.012941,0.000000,1,0
2026-08-17T19:49:18.864,26.026920,110,14,2,6,R2C8,3,8,1.307059,1.358824,-0.051765,0.000000,1,0
2026-08-17T19:49:19.049,26.030828,110,15,2,7,R2C9,3,10,1.811765,1.798823,0.012941,0.000000,1,0
2026-08-17T19:49:19.049,26.218203,110,16,2,8,R2C10,3,12,1.695294,1.669412,0.025882,0.000000,1,0
2026-08-17T19:49:19.049,26.219839,110,17,3,1,R3C4,5,7,1.798823,1.798823,0.000000,0.000000,1,0
2026-08-17T19:49:19.049,26.220786,110,18,3,2,R3C5,5,2,0.582353,1.300588,-0.718235,1.000000,1,0
2026-08-17T19:49:19.049,26.224789,110,19,3,3,R3C6,5,4,1.824706,1.811765,0.012941,0.000000,1,0
2026-08-17T19:49:19.049,26.231970,110,20,3,4,R3C7,5,6,1.772941,1.837647,-0.064706,0.000000,1,0
2026-08-17T19:49:19.049,26.237492,110,21,3,5,R3C8,5,8,1.320000,1.449412,-0.129412,0.000000,1,0
2026-08-17T19:49:19.049,26.242490,110,22,3,6,R3C9,5,10,0.970588,1.281176,-0.310588,0.264069,1,0
2026-08-17T19:49:19.049,26.245878,110,23,3,7,R3C10,5,12,1.552941,1.630588,-0.077647,0.000000,1,0
2026-08-17T19:49:19.049,26.252012,110,24,3,8,R3C11,5,14,1.798823,1.811765,-0.012941,0.000000,1,0
2026-08-17T19:49:19.049,26.256970,110,25,4,1,R4C5,7,2,1.087059,1.591765,-0.504706,0.477352,1,0
2026-08-17T19:49:19.049,26.261942,110,26,4,2,R4C6,7,4,0.000000,1.798823,0.000000,0.000000,1,1
2026-08-17T19:49:19.049,26.266857,110,27,4,3,R4C7,7,6,0.970588,1.630588,-0.660000,0.727891,1,0
2026-08-17T19:49:19.049,26.272938,110,28,4,4,R4C8,7,8,1.734118,1.708235,0.025882,0.000000,1,0
2026-08-17T19:49:19.050,26.277885,110,29,4,5,R4C9,7,10,1.617647,1.695294,-0.077647,0.000000,1,0
2026-08-17T19:49:19.050,26.282930,110,30,4,6,R4C10,7,12,1.747059,1.785882,-0.038823,0.000000,1,0
2026-08-17T19:49:19.050,26.287900,110,31,4,7,R4C11,7,14,1.565882,1.475294,0.090588,0.000000,1,0
2026-08-17T19:49:19.307,26.396011,110,32,4,8,R4C12,7,16,1.617647,1.695294,-0.077647,0.000000,1,0
2026-08-17T19:49:19.308,26.403158,110,33,5,1,R5C6,2,4,1.811765,1.811765,0.000000,0.000000,1,0
2026-08-17T19:49:19.308,26.404896,110,34,5,2,R5C7,2,6,1.785882,1.837647,-0.051765,0.000000,1,0
2026-08-17T19:49:19.308,26.405812,110,35,5,3,R5C8,2,8,1.811765,1.811765,0.000000,0.000000,1,0
2026-08-17T19:49:19.308,26.412935,110,36,5,4,R5C9,2,10,1.837647,1.837647,0.000000,0.000000,1,0
2026-08-17T19:49:19.308,26.419059,110,37,5,5,R5C10,2,12,1.811765,1.811765,0.000000,0.000000,1,0
2026-08-17T19:49:19.308,26.423052,110,38,5,6,R5C11,2,14,1.811765,1.811765,0.000000,0.000000,1,0
2026-08-17T19:49:19.308,26.428864,110,39,5,7,R5C12,2,16,1.798823,1.837647,-0.038824,0.000000,1,0
2026-08-17T19:49:19.308,26.432918,110,40,5,8,R5C1,2,1,1.772941,1.772941,0.000000,0.000000,1,0
2026-08-17T19:49:19.308,26.438919,110,41,6,1,R6C7,4,6,1.514118,1.669412,-0.155294,0.000000,1,0
2026-08-17T19:49:19.308,26.442860,110,42,6,2,R6C8,4,8,1.669412,1.617647,0.051765,0.000000,1,0
2026-08-17T19:49:19.308,26.448865,110,43,6,3,R6C9,4,10,1.785882,1.798823,-0.012941,0.000000,1,0
2026-08-17T19:49:19.308,26.453945,110,44,6,4,R6C10,4,12,1.785882,1.669412,0.116471,0.000000,1,0
2026-08-17T19:49:19.308,26.458890,110,45,6,5,R6C11,4,14,1.669412,1.591765,0.077647,0.000000,1,0
2026-08-17T19:49:19.308,26.464918,110,46,6,6,R6C12,4,16,1.009412,1.384706,0.000000,0.000000,1,0
2026-08-17T19:49:19.308,26.468930,110,47,6,7,R6C1,4,1,1.772941,1.772941,0.000000,0.000000,1,0
2026-08-17T19:49:19.308,26.474894,110,48,6,8,R6C2,4,3,1.358824,1.371765,-0.012941,0.000000,1,0
2026-08-17T19:49:19.494,26.654939,110,49,7,1,R7C8,6,8,1.811765,1.811765,0.000000,0.000000,1,0
2026-08-17T19:49:19.494,26.662295,110,50,7,2,R7C9,6,10,1.747059,1.675882,0.071177,0.000000,1,0
2026-08-17T19:49:19.494,26.663958,110,51,7,3,R7C10,6,12,1.772941,1.514118,0.258824,0.000000,1,0
2026-08-17T19:49:19.494,26.664882,110,52,7,4,R7C11,6,14,1.811765,1.811765,0.000000,0.000000,1,0
2026-08-17T19:49:19.494,26.671133,110,53,7,5,R7C12,6,16,1.824706,1.837647,-0.012941,0.000000,1,0
2026-08-17T19:49:19.494,26.677157,110,54,7,6,R7C1,6,1,1.747059,1.760000,-0.012941,0.000000,1,0
2026-08-17T19:49:19.494,26.682806,110,55,7,7,R7C2,6,3,1.747059,1.540000,0.207059,0.000000,1,0
2026-08-17T19:49:19.494,26.687843,110,56,7,8,R7C3,6,5,1.824706,1.811765,0.012941,0.000000,1,0
2026-08-17T19:49:19.494,26.691894,110,57,8,1,R8C9,8,10,1.682353,1.837647,-0.155294,0.000000,1,0
2026-08-17T19:49:19.495,26.696975,110,58,8,2,R8C10,8,12,1.798823,1.811765,-0.012941,0.000000,1,0
2026-08-17T19:49:19.495,26.701842,110,59,8,3,R8C11,8,14,1.358824,1.436471,-0.077647,0.000000,1,0
2026-08-17T19:49:19.495,26.707877,110,60,8,4,R8C12,8,16,1.772941,1.811765,-0.038823,0.000000,1,0
2026-08-17T19:49:19.495,26.712917,110,61,8,5,R8C1,8,1,1.785882,1.798823,-0.012941,0.000000,1,0
2026-08-17T19:49:19.495,26.717921,110,62,8,6,R8C2,8,3,1.785882,1.798823,-0.012941,0.000000,1,0
2026-08-17T19:49:19.495,26.722837,110,63,8,7,R8C3,8,5,1.772941,1.785882,-0.012941,0.000000,1,0
2026-08-17T19:49:19.495,26.728952,110,64,8,8,R8C4,8,7,1.811765,1.798823,0.012941,0.000000,1,0
2026-08-17T19:49:19.495,26.733915,110,65,9,1,R9C10,10,12,1.281176,1.119412,0.161765,0.000000,1,0
2026-08-17T19:49:19.752,26.841358,110,66,9,2,R9C11,10,14,1.811765,1.811765,0.000000,0.000000,1,0
2026-08-17T19:49:19.752,26.848466,110,67,9,3,R9C12,10,16,1.811765,1.695294,0.116471,0.000000,1,0
2026-08-17T19:49:19.752,26.849911,110,68,9,4,R9C1,10,1,1.682353,1.682353,0.000000,0.000000,1,0
2026-08-17T19:49:19.752,26.851862,110,69,9,5,R9C2,10,3,0.854118,0.724706,0.129412,0.000000,1,0
2026-08-17T19:49:19.752,26.857886,110,70,9,6,R9C3,10,5,1.811765,1.798823,0.012941,0.000000,1,0
2026-08-17T19:49:19.752,26.864027,110,71,9,7,R9C4,10,7,1.617647,1.488235,0.129412,0.000000,1,0
2026-08-17T19:49:19.752,26.867966,110,72,9,8,R9C5,10,2,1.785882,1.772941,0.012941,0.000000,1,0
2026-08-17T19:49:19.752,26.873847,110,73,10,1,R10C11,12,14,1.811765,1.811765,0.000000,0.000000,1,0
2026-08-17T19:49:19.752,26.877847,110,74,10,2,R10C12,12,16,1.811765,1.785882,0.025882,0.000000,1,0
2026-08-17T19:49:19.752,26.883891,110,75,10,3,R10C1,12,1,1.811765,1.772941,0.038823,0.000000,1,0
2026-08-17T19:49:19.752,26.888869,110,76,10,4,R10C2,12,3,1.811765,1.811765,0.000000,0.000000,1,0
2026-08-17T19:49:19.752,26.893864,110,77,10,5,R10C3,12,5,1.837647,1.798823,0.038824,0.000000,1,0
2026-08-17T19:49:19.752,26.898878,110,78,10,6,R10C4,12,7,1.824706,1.824706,0.000000,0.000000,1,0
2026-08-17T19:49:19.753,26.904929,110,79,10,7,R10C5,12,2,1.785882,1.798823,-0.012941,0.000000,1,0
2026-08-17T19:49:19.753,26.909857,110,80,10,8,R10C6,12,4,1.811765,1.811765,0.000000,0.000000,1,0
2026-08-17T19:49:19.753,26.914842,110,81,11,1,R11C12,14,16,1.087059,1.734118,-0.647059,0.637527,1,0
2026-08-17T19:49:19.753,26.919804,110,82,11,2,R11C1,14,1,1.837647,1.798823,0.038824,0.000000,1,0
2026-08-17T19:49:19.936,27.099225,110,83,11,3,R11C2,14,3,1.061176,1.747059,-0.685882,0.693122,1,0
2026-08-17T19:49:19.936,27.106516,110,84,11,4,R11C3,14,5,1.772941,1.785882,-0.012941,0.000000,1,0
2026-08-17T19:49:19.936,27.107906,110,85,11,5,R11C4,14,7,1.824706,1.811765,0.012941,0.000000,1,0
2026-08-17T19:49:19.936,27.109928,110,86,11,6,R11C5,14,2,1.669412,1.617647,0.051765,0.000000,1,0
2026-08-17T19:49:19.936,27.116002,110,87,11,7,R11C6,14,4,1.747059,1.747059,0.000000,0.000000,1,0
2026-08-17T19:49:19.936,27.124914,110,88,11,8,R11C7,14,6,1.552941,1.565882,-0.012941,0.000000,1,0
2026-08-17T19:49:19.936,27.126788,110,89,12,1,R12C1,16,1,1.785882,1.760000,0.025882,0.000000,1,0
2026-08-17T19:49:19.936,27.132886,110,90,12,2,R12C2,16,3,1.682353,1.708235,-0.025882,0.000000,1,0
2026-08-17T19:49:19.936,27.135957,110,91,12,3,R12C3,16,5,1.798823,1.785882,0.012941,0.000000,1,0
2026-08-17T19:49:19.936,27.141953,110,92,12,4,R12C4,16,7,1.811765,1.811765,0.000000,0.000000,1,0
2026-08-17T19:49:19.936,27.146904,110,93,12,5,R12C5,16,2,1.721177,1.747059,-0.025882,0.000000,1,0
2026-08-17T19:49:19.936,27.151911,110,94,12,6,R12C6,16,4,1.811765,1.811765,0.000000,0.000000,1,0
2026-08-17T19:49:19.936,27.156847,110,95,12,7,R12C7,16,6,1.850588,1.824706,0.025882,0.000000,1,0
2026-08-17T19:49:19.936,27.162905,111,96,12,8,R12C8,16,8,0.000000,0.000000,0.000000,0.000000,1,1
2026-08-17T19:49:19.936,27.167987,111,1,1,1,R1C2,1,3,1.695294,1.695294,0.000000,0.000000,1,0
2026-08-17T19:49:19.936,27.172919,111,2,1,2,R1C3,1,5,1.734118,1.734118,0.000000,0.000000,1,0
2026-08-17T19:49:20.193,27.177892,111,3,1,3,R1C4,1,7,1.760000,1.785882,-0.025882,0.000000,1,0
2026-08-17T19:49:20.193,27.289273,111,4,1,4,R1C5,1,2,1.734118,1.753529,-0.019412,0.000000,1,0
2026-08-17T19:49:20.193,27.290806,111,5,1,5,R1C6,1,4,1.772941,1.798823,-0.025882,0.000000,1,0
2026-08-17T19:49:20.193,27.291790,111,6,1,6,R1C7,1,6,1.837647,1.824706,0.012941,0.000000,1,0
2026-08-17T19:49:20.194,27.296822,111,7,1,7,R1C8,1,8,1.617647,1.565882,0.051765,0.000000,1,0
2026-08-17T19:49:20.194,27.305962,111,8,1,8,R1C9,1,10,1.410588,1.604706,-0.194118,0.000000,1,0
2026-08-17T19:49:20.194,27.307758,111,9,2,1,R2C3,3,5,1.811765,1.785882,0.025882,0.000000,1,0
2026-08-17T19:49:20.194,27.314022,111,10,2,2,R2C4,3,7,1.643529,1.734118,-0.090588,0.000000,1,0
2026-08-17T19:49:20.194,27.316844,111,11,2,3,R2C5,3,2,1.811765,1.772941,0.038823,0.000000,1,0
2026-08-17T19:49:20.194,27.322910,111,12,2,4,R2C6,3,4,1.578824,1.650000,-0.071176,0.000000,1,0
2026-08-17T19:49:20.194,27.327903,111,13,2,5,R2C7,3,6,1.772941,1.798823,-0.025882,0.000000,1,0
2026-08-17T19:49:20.194,27.332879,111,14,2,6,R2C8,3,8,1.410588,1.345882,0.064706,0.000000,1,0
2026-08-17T19:49:20.194,27.337961,111,15,2,7,R2C9,3,10,1.760000,1.798823,-0.038823,0.000000,1,0
2026-08-17T19:49:20.194,27.344006,111,16,2,8,R2C10,3,12,1.747059,1.682353,0.064706,0.000000,1,0
2026-08-17T19:49:20.194,27.348887,111,17,3,1,R3C4,5,7,1.721177,1.798823,0.000000,0.000000,1,0
2026-08-17T19:49:20.194,27.353911,111,18,3,2,R3C5,5,2,0.841176,1.300588,-0.459412,0.580668,1,0
2026-08-17T19:49:20.194,27.358842,111,19,3,3,R3C6,5,4,1.798823,1.818235,-0.019412,0.000000,1,0
2026-08-17T19:49:20.378,27.540719,111,20,3,4,R3C7,5,6,1.798823,1.824706,-0.025882,0.000000,1,0
2026-08-17T19:49:20.378,27.548115,111,21,3,5,R3C8,5,8,1.514118,1.449412,0.064706,0.000000,1,0
2026-08-17T19:49:20.378,27.549923,111,22,3,6,R3C9,5,10,1.112941,1.281176,-0.168235,0.000000,1,0
2026-08-17T19:49:20.378,27.550921,111,23,3,7,R3C10,5,12,1.552941,1.578824,-0.025882,0.000000,1,0
2026-08-17T19:49:20.378,27.556991,111,24,3,8,R3C11,5,14,1.798823,1.798823,0.000000,0.000000,1,0
2026-08-17T19:49:20.378,27.562794,111,25,4,1,R4C5,7,2,1.656471,1.591765,0.064706,0.000000,1,0
2026-08-17T19:49:20.378,27.568814,111,26,4,2,R4C6,7,4,1.798823,1.798823,0.000000,0.000000,1,0
2026-08-17T19:49:20.379,27.573655,111,27,4,3,R4C7,7,6,1.785882,1.630588,0.155294,0.000000,1,0
2026-08-17T19:49:20.379,27.576967,111,28,4,4,R4C8,7,8,1.785882,1.721177,0.064706,0.000000,1,0
2026-08-17T19:49:20.379,27.583052,111,29,4,5,R4C9,7,10,1.747059,1.617647,0.129412,0.000000,1,0
2026-08-17T19:49:20.379,27.588058,111,30,4,6,R4C10,7,12,1.630588,1.747059,-0.116471,0.000000,1,0
2026-08-17T19:49:20.379,27.592910,111,31,4,7,R4C11,7,14,1.734118,1.514118,0.220000,0.000000,1,0
2026-08-17T19:49:20.379,27.597888,111,32,4,8,R4C12,7,16,1.630588,1.695294,-0.064706,0.000000,1,0
2026-08-17T19:49:20.379,27.602903,111,33,5,1,R5C6,2,4,1.811765,1.811765,0.000000,0.000000,1,0
2026-08-17T19:49:20.379,27.609011,111,34,5,2,R5C7,2,6,1.772941,1.785882,-0.012941,0.000000,1,0
2026-08-17T19:49:20.379,27.613932,111,35,5,3,R5C8,2,8,1.811765,1.811765,0.000000,0.000000,1,0
2026-08-17T19:49:20.379,27.618930,111,36,5,4,R5C9,2,10,1.785882,1.837647,-0.051765,0.000000,1,0
2026-08-17T19:49:20.638,27.725474,111,37,5,5,R5C10,2,12,1.785882,1.811765,-0.025882,0.000000,1,0
2026-08-17T19:49:20.638,27.732570,111,38,5,6,R5C11,2,14,1.837647,1.811765,0.025882,0.000000,1,0
2026-08-17T19:49:20.638,27.733865,111,39,5,7,R5C12,2,16,1.811765,1.811765,0.000000,0.000000,1,0
2026-08-17T19:49:20.639,27.735852,111,40,5,8,R5C1,2,1,1.772941,1.772941,0.000000,0.000000,1,0
2026-08-17T19:49:20.639,27.741859,111,41,6,1,R6C7,4,6,1.798823,1.669412,0.129412,0.000000,1,0
2026-08-17T19:49:20.639,27.747871,111,42,6,2,R6C8,4,8,1.449412,1.669412,-0.220000,0.000000,1,0
2026-08-17T19:49:20.639,27.751996,111,43,6,3,R6C9,4,10,1.785882,1.785882,0.000000,0.000000,1,0
2026-08-17T19:49:20.639,27.757871,111,44,6,4,R6C10,4,12,1.760000,1.785882,-0.025882,0.000000,1,0
2026-08-17T19:49:20.639,27.761854,111,45,6,5,R6C11,4,14,1.617647,1.591765,0.025882,0.000000,1,0
2026-08-17T19:49:20.639,27.768023,111,46,6,6,R6C12,4,16,0.957647,1.151765,-0.194118,0.052970,1,0
2026-08-17T19:49:20.639,27.772935,111,47,6,7,R6C1,4,1,1.785882,1.772941,0.012941,0.000000,1,0
2026-08-17T19:49:20.639,27.777840,111,48,6,8,R6C2,4,3,1.332941,1.358824,-0.025882,0.000000,1,0
2026-08-17T19:49:20.639,27.782855,111,49,7,1,R7C8,6,8,1.811765,1.811765,0.000000,0.000000,1,0
2026-08-17T19:49:20.639,27.789012,111,50,7,2,R7C9,6,10,1.682353,1.708235,-0.025882,0.000000,1,0
2026-08-17T19:49:20.639,27.793918,111,51,7,3,R7C10,6,12,1.824706,1.514118,0.310588,0.000000,1,0
2026-08-17T19:49:20.639,27.798900,111,52,7,4,R7C11,6,14,1.798823,1.811765,-0.012941,0.000000,1,0
2026-08-17T19:49:20.639,27.803846,111,53,7,5,R7C12,6,16,1.785882,1.837647,-0.051765,0.000000,1,0
2026-08-17T19:49:20.816,27.985565,111,54,7,6,R7C1,6,1,1.721177,1.760000,-0.038823,0.000000,1,0
2026-08-17T19:49:20.816,27.992010,111,55,7,7,R7C2,6,3,1.734118,1.540000,0.194118,0.000000,1,0
2026-08-17T19:49:20.817,27.992798,111,56,7,8,R7C3,6,5,1.798823,1.811765,-0.012941,0.000000,1,0
2026-08-17T19:49:20.817,27.995837,111,57,8,1,R8C9,8,10,1.760000,1.837647,-0.077647,0.000000,1,0
2026-08-17T19:49:20.817,28.001870,111,58,8,2,R8C10,8,12,1.837647,1.811765,0.025882,0.000000,1,0
2026-08-17T19:49:20.817,28.009170,111,59,8,3,R8C11,8,14,1.540000,1.436471,0.103529,0.000000,1,0
2026-08-17T19:49:20.817,28.014123,111,60,8,4,R8C12,8,16,1.501176,1.772941,-0.271765,0.009385,1,0
2026-08-17T19:49:20.817,28.016965,111,61,8,5,R8C1,8,1,1.772941,1.785882,-0.012941,0.000000,1,0
2026-08-17T19:49:20.817,28.023017,111,62,8,6,R8C2,8,3,1.798823,1.785882,0.012941,0.000000,1,0
2026-08-17T19:49:20.817,28.027945,111,63,8,7,R8C3,8,5,1.747059,1.785882,-0.038823,0.000000,1,0
2026-08-17T19:49:20.817,28.032945,111,64,8,8,R8C4,8,7,1.734118,1.811765,-0.077647,0.000000,1,0
2026-08-17T19:49:20.817,28.037913,111,65,9,1,R9C10,10,12,0.569412,1.449412,-0.880000,1.000000,1,0
2026-08-17T19:49:20.817,28.043958,111,66,9,2,R9C11,10,14,1.798823,1.811765,-0.012941,0.000000,1,0
2026-08-17T19:49:20.817,28.048977,111,67,9,3,R9C12,10,16,1.772941,1.798823,-0.025882,0.000000,1,0
2026-08-17T19:49:20.817,28.053934,111,68,9,4,R9C1,10,1,1.734118,1.682353,0.051765,0.000000,1,0
2026-08-17T19:49:20.817,28.058996,111,69,9,5,R9C2,10,3,0.660000,0.763529,-0.103529,0.000000,1,0
2026-08-17T19:49:20.817,28.069563,111,70,9,6,R9C3,10,5,1.785882,1.811765,-0.025882,0.000000,1,0
2026-08-17T19:49:21.072,28.163503,111,71,9,7,R9C4,10,7,1.307059,1.501176,-0.194118,0.000000,1,0
2026-08-17T19:49:21.072,28.169987,111,72,9,8,R9C5,10,2,1.772941,1.785882,-0.012941,0.000000,1,0
2026-08-17T19:49:21.073,28.170814,111,73,10,1,R10C11,12,14,1.837647,1.811765,0.025882,0.000000,1,0
2026-08-17T19:49:21.073,28.173809,111,74,10,2,R10C12,12,16,1.811765,1.811765,0.000000,0.000000,1,0
2026-08-17T19:49:21.073,28.179966,111,75,10,3,R10C1,12,1,1.785882,1.811765,-0.025882,0.000000,1,0
2026-08-17T19:49:21.073,28.186329,111,76,10,4,R10C2,12,3,1.811765,1.811765,0.000000,0.000000,1,0
2026-08-17T19:49:21.073,28.190063,111,77,10,5,R10C3,12,5,1.798823,1.798823,0.000000,0.000000,1,0
2026-08-17T19:49:21.073,28.194927,111,78,10,6,R10C4,12,7,1.811765,1.824706,-0.012941,0.000000,1,0
2026-08-17T19:49:21.073,28.200986,111,79,10,7,R10C5,12,2,1.798823,1.798823,0.000000,0.000000,1,0
2026-08-17T19:49:21.073,28.205947,111,80,10,8,R10C6,12,4,1.811765,1.811765,0.000000,0.000000,1,0
2026-08-17T19:49:21.073,28.210929,111,81,11,1,R11C12,14,16,1.772941,1.734118,0.038824,0.000000,1,0
2026-08-17T19:49:21.073,28.215892,111,82,11,2,R11C1,14,1,1.811765,1.837647,-0.025882,0.000000,1,0
2026-08-17T19:49:21.073,28.220851,111,83,11,3,R11C2,14,3,1.203529,1.747059,-0.543530,0.460318,1,0
2026-08-17T19:49:21.073,28.226964,111,84,11,4,R11C3,14,5,1.772941,1.785882,-0.012941,0.000000,1,0
2026-08-17T19:49:21.073,28.232204,111,85,11,5,R11C4,14,7,1.811765,1.811765,0.000000,0.000000,1,0
2026-08-17T19:49:21.073,28.236938,111,86,11,6,R11C5,14,2,1.760000,1.617647,0.142353,0.000000,1,0
2026-08-17T19:49:21.255,28.241926,111,87,11,7,R11C6,14,4,1.798823,1.747059,0.051765,0.000000,1,0
2026-08-17T19:49:21.255,28.425931,111,88,11,8,R11C7,14,6,1.591765,1.552941,0.038823,0.000000,1,0
2026-08-17T19:49:21.255,28.426813,111,89,12,1,R12C1,16,1,1.824706,1.760000,0.064706,0.000000,1,0
2026-08-17T19:49:21.255,28.427832,111,90,12,2,R12C2,16,3,1.734118,1.682353,0.051765,0.000000,1,0
2026-08-17T19:49:21.255,28.432813,111,91,12,3,R12C3,16,5,1.824706,1.798823,0.025882,0.000000,1,0
2026-08-17T19:49:21.255,28.438992,111,92,12,4,R12C4,16,7,1.824706,1.811765,0.012941,0.000000,1,0
2026-08-17T19:49:21.255,28.443966,111,93,12,5,R12C5,16,2,1.772941,1.734118,0.038824,0.000000,1,0
2026-08-17T19:49:21.255,28.448888,111,94,12,6,R12C6,16,4,1.798823,1.811765,-0.012941,0.000000,1,0
2026-08-17T19:49:21.255,28.454094,111,95,12,7,R12C7,16,6,1.798823,1.824706,-0.025882,0.000000,1,0
2026-08-17T19:49:21.255,28.458898,112,96,12,8,R12C8,16,8,0.000000,0.000000,0.000000,0.000000,1,1
2026-08-17T19:49:21.255,28.464996,112,1,1,1,R1C2,1,3,1.397647,1.695294,-0.297647,0.073064,1,0
2026-08-17T19:49:21.255,28.469918,112,2,1,2,R1C3,1,5,1.734118,1.734118,0.000000,0.000000,1,0
2026-08-17T19:49:21.255,28.474870,112,3,1,3,R1C4,1,7,1.798823,1.772941,0.025882,0.000000,1,0
2026-08-17T19:49:21.255,28.479938,112,4,1,4,R1C5,1,2,1.785882,1.734118,0.051765,0.000000,1,0
2026-08-17T19:49:21.255,28.485938,112,5,1,5,R1C6,1,4,1.798823,1.785882,0.012941,0.000000,1,0
2026-08-17T19:49:21.256,28.490949,112,6,1,6,R1C7,1,6,1.798823,1.824706,-0.025882,0.000000,1,0
2026-08-17T19:49:21.516,28.495958,112,7,1,7,R1C8,1,8,1.397647,1.565882,-0.168235,0.000000,1,0
2026-08-17T19:49:21.517,28.609323,112,8,1,8,R1C9,1,10,1.449412,1.462353,-0.012941,0.000000,1,0
2026-08-17T19:49:21.517,28.610915,112,9,2,1,R2C3,3,5,1.772941,1.798823,-0.025882,0.000000,1,0
2026-08-17T19:49:21.517,28.611887,112,10,2,2,R2C4,3,7,1.760000,1.734118,0.025882,0.000000,1,0
2026-08-17T19:49:21.517,28.617605,112,11,2,3,R2C5,3,2,1.772941,1.785882,-0.012941,0.000000,1,0
2026-08-17T19:49:21.517,28.623451,112,12,2,4,R2C6,3,4,1.643529,1.591765,0.051765,0.000000,1,0
2026-08-17T19:49:21.517,28.629019,112,13,2,5,R2C7,3,6,1.798823,1.798823,0.000000,0.000000,1,0
2026-08-17T19:49:21.517,28.634096,112,14,2,6,R2C8,3,8,1.371765,1.345882,0.025882,0.000000,1,0
2026-08-17T19:49:21.517,28.636847,112,15,2,7,R2C9,3,10,1.824706,1.772941,0.051765,0.000000,1,0
2026-08-17T19:49:21.517,28.643002,112,16,2,8,R2C10,3,12,1.630588,1.695294,-0.064706,0.000000,1,0
2026-08-17T19:49:21.517,28.647910,112,17,3,1,R3C4,5,7,1.798823,1.760000,0.038823,0.000000,1,0
2026-08-17T19:49:21.517,28.652841,112,18,3,2,R3C5,5,2,0.931765,1.300588,-0.368824,0.381663,1,0
2026-08-17T19:49:21.517,28.657815,112,19,3,3,R3C6,5,4,1.772941,1.811765,-0.038823,0.000000,1,0
2026-08-17T19:49:21.517,28.663890,112,20,3,4,R3C7,5,6,1.811765,1.798823,0.012941,0.000000,1,0
2026-08-17T19:49:21.517,28.668847,112,21,3,5,R3C8,5,8,1.320000,1.514118,-0.194118,0.000000,1,0
2026-08-17T19:49:21.517,28.673831,112,22,3,6,R3C9,5,10,1.035294,1.197059,-0.161765,0.000000,1,0
2026-08-17T19:49:21.517,28.678869,112,23,3,7,R3C10,5,12,1.578824,1.552941,0.025882,0.000000,1,0
2026-08-17T19:49:21.700,28.863972,112,24,3,8,R3C11,5,14,1.798823,1.798823,0.000000,0.000000,1,0
2026-08-17T19:49:21.700,28.871023,112,25,4,1,R4C5,7,2,1.190588,1.591765,0.000000,0.000000,1,0
2026-08-17T19:49:21.700,28.871880,112,26,4,2,R4C6,7,4,1.630588,1.798823,0.000000,0.000000,1,0
2026-08-17T19:49:21.700,28.875002,112,27,4,3,R4C7,7,6,1.307059,1.630588,0.000000,0.000000,1,0
2026-08-17T19:49:21.700,28.879859,112,28,4,4,R4C8,7,8,1.760000,1.734118,0.025882,0.000000,1,0
2026-08-17T19:49:21.700,28.887347,112,29,4,5,R4C9,7,10,1.591765,1.617647,-0.025882,0.000000,1,0
2026-08-17T19:49:21.700,28.889987,112,30,4,6,R4C10,7,12,1.785882,1.669412,0.116471,0.000000,1,0
2026-08-17T19:49:21.700,28.895921,112,31,4,7,R4C11,7,14,1.708235,1.565882,0.142353,0.000000,1,0
2026-08-17T19:49:21.700,28.900913,112,32,4,8,R4C12,7,16,1.760000,1.630588,0.129412,0.000000,1,0
2026-08-17T19:49:21.700,28.905861,112,33,5,1,R5C6,2,4,1.811765,1.811765,0.000000,0.000000,1,0
2026-08-17T19:49:21.700,28.911965,112,34,5,2,R5C7,2,6,1.824706,1.785882,0.038823,0.000000,1,0
2026-08-17T19:49:21.700,28.915880,112,35,5,3,R5C8,2,8,1.811765,1.811765,0.000000,0.000000,1,0
2026-08-17T19:49:21.700,28.921945,112,36,5,4,R5C9,2,10,1.798823,1.798823,0.000000,0.000000,1,0
2026-08-17T19:49:21.700,28.926905,112,37,5,5,R5C10,2,12,1.798823,1.811765,-0.012941,0.000000,1,0
2026-08-17T19:49:21.700,28.932989,112,38,5,6,R5C11,2,14,1.798823,1.811765,-0.012941,0.000000,1,0
2026-08-17T19:49:21.700,28.937993,112,39,5,7,R5C12,2,16,1.811765,1.811765,0.000000,0.000000,1,0
2026-08-17T19:49:21.955,28.942972,112,40,5,8,R5C1,2,1,1.772941,1.772941,0.000000,0.000000,1,0
2026-08-17T19:49:21.956,29.054012,112,41,6,1,R6C7,4,6,1.772941,1.708235,0.064706,0.000000,1,0
2026-08-17T19:49:21.956,29.054848,112,42,6,2,R6C8,4,8,1.397647,1.669412,-0.271765,0.036545,1,0
2026-08-17T19:49:21.956,29.055834,112,43,6,3,R6C9,4,10,1.734118,1.785882,-0.051765,0.000000,1,0
2026-08-17T19:49:21.956,29.060849,112,44,6,4,R6C10,4,12,1.824706,1.785882,0.038823,0.000000,1,0
2026-08-17T19:49:21.956,29.067528,112,45,6,5,R6C11,4,14,1.682353,1.617647,0.064706,0.000000,1,0
2026-08-17T19:49:21.956,29.073090,112,46,6,6,R6C12,4,16,0.957647,1.151765,-0.194118,0.052970,1,0
2026-08-17T19:49:21.956,29.078021,112,47,6,7,R6C1,4,1,1.811765,1.772941,0.038823,0.000000,1,0
2026-08-17T19:49:21.956,29.081884,112,48,6,8,R6C2,4,3,1.320000,1.332941,-0.012941,0.000000,1,0
2026-08-17T19:49:21.956,29.087959,112,49,7,1,R7C8,6,8,1.811765,1.811765,0.000000,0.000000,1,0
2026-08-17T19:49:21.956,29.092957,112,50,7,2,R7C9,6,10,1.604706,1.708235,-0.103529,0.000000,1,0
2026-08-17T19:49:21.956,29.097916,112,51,7,3,R7C10,6,12,1.760000,1.772941,-0.012941,0.000000,1,0
2026-08-17T19:49:21.956,29.102926,112,52,7,4,R7C11,6,14,1.798823,1.811765,-0.012941,0.000000,1,0
2026-08-17T19:49:21.956,29.107944,112,53,7,5,R7C12,6,16,1.811765,1.824706,-0.012941,0.000000,1,0
2026-08-17T19:49:21.956,29.113930,112,54,7,6,R7C1,6,1,1.772941,1.747059,0.025882,0.000000,1,0
2026-08-17T19:49:21.956,29.118940,112,55,7,7,R7C2,6,3,1.785882,1.734118,0.051765,0.000000,1,0
2026-08-17T19:49:21.956,29.123929,112,56,7,8,R7C3,6,5,1.837647,1.798823,0.038824,0.000000,1,0
2026-08-17T19:49:22.140,29.302922,112,57,8,1,R8C9,8,10,1.682353,1.760000,-0.077647,0.000000,1,0
2026-08-17T19:49:22.140,29.309586,112,58,8,2,R8C10,8,12,1.798823,1.811765,-0.012941,0.000000,1,0
2026-08-17T19:49:22.140,29.310868,112,59,8,3,R8C11,8,14,1.501176,1.488235,0.012941,0.000000,1,0
2026-08-17T19:49:22.140,29.314130,112,60,8,4,R8C12,8,16,1.760000,1.772941,-0.012941,0.000000,1,0
2026-08-17T19:49:22.140,29.318827,112,61,8,5,R8C1,8,1,1.772941,1.772941,0.000000,0.000000,1,0
2026-08-17T19:49:22.140,29.326159,112,62,8,6,R8C2,8,3,1.798823,1.785882,0.012941,0.000000,1,0
2026-08-17T19:49:22.140,29.329024,112,63,8,7,R8C3,8,5,1.772941,1.772941,0.000000,0.000000,1,0
2026-08-17T19:49:22.140,29.334990,112,64,8,8,R8C4,8,7,1.721177,1.811765,-0.090588,0.000000,1,0
2026-08-17T19:49:22.140,29.339902,112,65,9,1,R9C10,10,12,0.931765,1.449412,-0.517647,0.591837,1,0
2026-08-17T19:49:22.140,29.345872,112,66,9,2,R9C11,10,14,1.811765,1.811765,0.000000,0.000000,1,0
2026-08-17T19:49:22.140,29.350908,112,67,9,3,R9C12,10,16,1.708235,1.798823,-0.090588,0.000000,1,0
2026-08-17T19:49:22.140,29.355853,112,68,9,4,R9C1,10,1,1.656471,1.682353,-0.025882,0.000000,1,0
2026-08-17T19:49:22.140,29.360829,112,69,9,5,R9C2,10,3,0.776471,0.763529,0.012941,0.000000,1,0
2026-08-17T19:49:22.140,29.365972,112,70,9,6,R9C3,10,5,1.772941,1.811765,-0.038823,0.000000,1,0
2026-08-17T19:49:22.140,29.371852,112,71,9,7,R9C4,10,7,1.294118,1.423529,-0.129412,0.000000,1,0
2026-08-17T19:49:22.140,29.376834,112,72,9,8,R9C5,10,2,1.772941,1.772941,0.000000,0.000000,1,0
2026-08-17T19:49:22.141,29.381822,112,73,10,1,R10C11,12,14,1.811765,1.824706,-0.012941,0.000000,1,0
2026-08-17T19:49:22.398,29.486969,112,74,10,2,R10C12,12,16,1.798823,1.811765,-0.012941,0.000000,1,0
2026-08-17T19:49:22.398,29.494098,112,75,10,3,R10C1,12,1,1.798823,1.785882,0.012941,0.000000,1,0
2026-08-17T19:49:22.398,29.495922,112,76,10,4,R10C2,12,3,1.811765,1.811765,0.000000,0.000000,1,0
2026-08-17T19:49:22.398,29.496828,112,77,10,5,R10C3,12,5,1.785882,1.798823,-0.012941,0.000000,1,0
2026-08-17T19:49:22.398,29.503892,112,78,10,6,R10C4,12,7,1.824706,1.824706,0.000000,0.000000,1,0
2026-08-17T19:49:22.398,29.508949,112,79,10,7,R10C5,12,2,1.824706,1.798823,0.025882,0.000000,1,0
2026-08-17T19:49:22.398,29.514996,112,80,10,8,R10C6,12,4,1.811765,1.811765,0.000000,0.000000,1,0
2026-08-17T19:49:22.398,29.519917,112,81,11,1,R11C12,14,16,1.552941,1.734118,0.000000,0.000000,1,0
2026-08-17T19:49:22.399,29.524001,112,82,11,2,R11C1,14,1,1.837647,1.837647,0.000000,0.000000,1,0
2026-08-17T19:49:22.399,29.528868,112,83,11,3,R11C2,14,3,1.151765,1.747059,-0.595294,0.544974,1,0
2026-08-17T19:49:22.399,29.533894,112,84,11,4,R11C3,14,5,1.772941,1.772941,0.000000,0.000000,1,0
2026-08-17T19:49:22.399,29.540042,112,85,11,5,R11C4,14,7,1.824706,1.811765,0.012941,0.000000,1,0
2026-08-17T19:49:22.399,29.544920,112,86,11,6,R11C5,14,2,1.772941,1.669412,0.103529,0.000000,1,0
2026-08-17T19:49:22.399,29.549919,112,87,11,7,R11C6,14,4,1.772941,1.798823,-0.025882,0.000000,1,0
2026-08-17T19:49:22.399,29.554908,112,88,11,8,R11C7,14,6,1.578824,1.565882,0.012941,0.000000,1,0
2026-08-17T19:49:22.399,29.561104,112,89,12,1,R12C1,16,1,1.811765,1.785882,0.025882,0.000000,1,0
2026-08-17T19:49:22.584,29.564907,112,90,12,2,R12C2,16,3,1.747059,1.682353,0.064706,0.000000,1,0
2026-08-17T19:49:22.584,29.752821,112,91,12,3,R12C3,16,5,1.760000,1.798823,-0.038823,0.000000,1,0
2026-08-17T19:49:22.584,29.753896,112,92,12,4,R12C4,16,7,1.824706,1.811765,0.012941,0.000000,1,0
2026-08-17T19:49:22.584,29.754837,112,93,12,5,R12C5,16,2,1.760000,1.747059,0.012941,0.000000,1,0
2026-08-17T19:49:22.584,29.759854,112,94,12,6,R12C6,16,4,1.798823,1.811765,-0.012941,0.000000,1,0
2026-08-17T19:49:22.584,29.766767,112,95,12,7,R12C7,16,6,1.785882,1.824706,-0.038823,0.000000,1,0
2026-08-17T19:49:22.584,29.772293,113,96,12,8,R12C8,16,8,0.000000,0.000000,0.000000,0.000000,1,1
2026-08-17T19:49:22.584,29.777360,113,1,1,1,R1C2,1,3,1.371765,1.695294,-0.323529,0.116685,1,0
2026-08-17T19:49:22.584,29.780965,113,2,1,2,R1C3,1,5,1.734118,1.734118,0.000000,0.000000,1,0
2026-08-17T19:49:22.584,29.785880,113,3,1,3,R1C4,1,7,1.811765,1.785882,0.025882,0.000000,1,0
2026-08-17T19:49:22.584,29.791924,113,4,1,4,R1C5,1,2,1.785882,1.772941,0.012941,0.000000,1,0
2026-08-17T19:49:22.584,29.796945,113,5,1,5,R1C6,1,4,1.798823,1.798823,0.000000,0.000000,1,0
2026-08-17T19:49:22.584,29.801979,113,6,1,6,R1C7,1,6,1.772941,1.798823,-0.025882,0.000000,1,0
2026-08-17T19:49:22.584,29.806920,113,7,1,7,R1C8,1,8,1.410588,1.552941,-0.142353,0.000000,1,0
2026-08-17T19:49:22.585,29.811886,113,8,1,8,R1C9,1,10,1.449412,1.449412,0.000000,0.000000,1,0
2026-08-17T19:49:22.585,29.817904,113,9,2,1,R2C3,3,5,1.785882,1.798823,-0.012941,0.000000,1,0
2026-08-17T19:49:22.585,29.822944,113,10,2,2,R2C4,3,7,1.760000,1.734118,0.025882,0.000000,1,0
2026-08-17T19:49:22.844,29.931037,113,11,2,3,R2C5,3,2,1.811765,1.772941,0.038823,0.000000,1,0
2026-08-17T19:49:22.844,29.938238,113,12,2,4,R2C6,3,4,1.630588,1.591765,0.038824,0.000000,1,0
2026-08-17T19:49:22.845,29.939927,113,13,2,5,R2C7,3,6,1.785882,1.798823,-0.012941,0.000000,1,0
2026-08-17T19:49:22.845,29.940843,113,14,2,6,R2C8,3,8,1.449412,1.371765,0.077647,0.000000,1,0
2026-08-17T19:49:22.845,29.946904,113,15,2,7,R2C9,3,10,1.811765,1.811765,0.000000,0.000000,1,0
2026-08-17T19:49:22.845,29.953044,113,16,2,8,R2C10,3,12,1.656471,1.695294,-0.038824,0.000000,1,0
2026-08-17T19:49:22.845,29.957721,113,17,3,1,R3C4,5,7,1.798823,1.798823,0.000000,0.000000,1,0
2026-08-17T19:49:22.845,29.963899,113,18,3,2,R3C5,5,2,0.750588,1.300588,-0.550000,0.779673,1,0
2026-08-17T19:49:22.845,29.966942,113,19,3,3,R3C6,5,4,1.772941,1.798823,-0.025882,0.000000,1,0
2026-08-17T19:49:22.845,29.972938,113,20,3,4,R3C7,5,6,1.785882,1.798823,-0.012941,0.000000,1,0
2026-08-17T19:49:22.845,29.977949,113,21,3,5,R3C8,5,8,1.242353,1.320000,-0.077647,0.000000,1,0
2026-08-17T19:49:22.845,29.983003,113,22,3,6,R3C9,5,10,1.022353,1.074118,-0.051765,0.000000,1,0
2026-08-17T19:49:22.845,29.988958,113,23,3,7,R3C10,5,12,1.514118,1.552941,-0.038824,0.000000,1,0
2026-08-17T19:49:22.845,29.993975,113,24,3,8,R3C11,5,14,1.798823,1.798823,0.000000,0.000000,1,0
2026-08-17T19:49:22.845,29.998948,113,25,4,1,R4C5,7,2,1.604706,1.423529,0.181177,0.000000,1,0
2026-08-17T19:49:22.845,30.004014,113,26,4,2,R4C6,7,4,1.643529,1.714706,-0.071176,0.000000,1,0
2026-08-17T19:49:22.845,30.009926,113,27,4,3,R4C7,7,6,1.540000,1.546471,-0.006471,0.000000,1,0
2026-08-17T19:49:23.031,30.191846,113,28,4,4,R4C8,7,8,1.798823,1.760000,0.038823,0.000000,1,0
2026-08-17T19:49:23.031,30.199259,113,29,4,5,R4C9,7,10,1.643529,1.617647,0.025882,0.000000,1,0
2026-08-17T19:49:23.031,30.200942,113,30,4,6,R4C10,7,12,1.669412,1.747059,-0.077647,0.000000,1,0
2026-08-17T19:49:23.031,30.201899,113,31,4,7,R4C11,7,14,1.772941,1.708235,0.064706,0.000000,1,0
2026-08-17T19:49:23.031,30.208089,113,32,4,8,R4C12,7,16,1.630588,1.630588,0.000000,0.000000,1,0
2026-08-17T19:49:23.031,30.214003,113,33,5,1,R5C6,2,4,1.811765,1.811765,0.000000,0.000000,1,0
2026-08-17T19:49:23.031,30.219707,113,34,5,2,R5C7,2,6,1.785882,1.785882,0.000000,0.000000,1,0
2026-08-17T19:49:23.031,30.224706,113,35,5,3,R5C8,2,8,1.811765,1.811765,0.000000,0.000000,1,0
2026-08-17T19:49:23.031,30.227856,113,36,5,4,R5C9,2,10,1.824706,1.798823,0.025882,0.000000,1,0
2026-08-17T19:49:23.031,30.233876,113,37,5,5,R5C10,2,12,1.811765,1.798823,0.012941,0.000000,1,0
2026-08-17T19:49:23.032,30.238925,113,38,5,6,R5C11,2,14,1.811765,1.811765,0.000000,0.000000,1,0
2026-08-17T19:49:23.032,30.243922,113,39,5,7,R5C12,2,16,1.811765,1.811765,0.000000,0.000000,1,0
2026-08-17T19:49:23.032,30.248891,113,40,5,8,R5C1,2,1,1.837647,1.772941,0.064706,0.000000,1,0
2026-08-17T19:49:23.032,30.254982,113,41,6,1,R6C7,4,6,1.734118,1.772941,-0.038824,0.000000,1,0
2026-08-17T19:49:23.032,30.259934,113,42,6,2,R6C8,4,8,1.423529,1.669412,-0.245882,0.000000,1,0
2026-08-17T19:49:23.032,30.264924,113,43,6,3,R6C9,4,10,1.772941,1.785882,-0.012941,0.000000,1,0
2026-08-17T19:49:23.289,30.269917,113,44,6,4,R6C10,4,12,1.785882,1.785882,0.000000,0.000000,1,0
2026-08-17T19:49:23.289,30.385372,113,45,6,5,R6C11,4,14,1.462353,1.669412,-0.207059,0.000000,1,0
2026-08-17T19:49:23.290,30.386903,113,46,6,6,R6C12,4,16,0.854118,1.151765,-0.297647,0.309791,1,0
2026-08-17T19:49:23.290,30.387837,113,47,6,7,R6C1,4,1,1.760000,1.785882,-0.025882,0.000000,1,0
2026-08-17T19:49:23.290,30.392871,113,48,6,8,R6C2,4,3,1.281176,1.332941,-0.051765,0.000000,1,0
2026-08-17T19:49:23.290,30.399172,113,49,7,1,R7C8,6,8,1.798823,1.811765,-0.012941,0.000000,1,0
2026-08-17T19:49:23.290,30.404827,113,50,7,2,R7C9,6,10,1.565882,1.682353,-0.116471,0.000000,1,0
2026-08-17T19:49:23.290,30.409942,113,51,7,3,R7C10,6,12,1.772941,1.772941,0.000000,0.000000,1,0
2026-08-17T19:49:23.290,30.412888,113,52,7,4,R7C11,6,14,1.785882,1.798823,-0.012941,0.000000,1,0
2026-08-17T19:49:23.290,30.418869,113,53,7,5,R7C12,6,16,1.850588,1.811765,0.038823,0.000000,1,0
2026-08-17T19:49:23.290,30.423903,113,54,7,6,R7C1,6,1,1.798823,1.747059,0.051765,0.000000,1,0
2026-08-17T19:49:23.290,30.428839,113,55,7,7,R7C2,6,3,1.798823,1.747059,0.051765,0.000000,1,0
2026-08-17T19:49:23.290,30.433819,113,56,7,8,R7C3,6,5,1.772941,1.824706,-0.051765,0.000000,1,0
2026-08-17T19:49:23.290,30.439924,113,57,8,1,R8C9,8,10,1.837647,1.682353,0.155294,0.000000,1,0
2026-08-17T19:49:23.290,30.444861,113,58,8,2,R8C10,8,12,1.798823,1.798823,0.000000,0.000000,1,0
2026-08-17T19:49:23.290,30.450008,113,59,8,3,R8C11,8,14,1.488235,1.501176,-0.012941,0.000000,1,0
2026-08-17T19:49:23.475,30.454870,113,60,8,4,R8C12,8,16,1.760000,1.766471,-0.006471,0.000000,1,0
2026-08-17T19:49:23.475,30.644139,113,61,8,5,R8C1,8,1,1.772941,1.772941,0.000000,0.000000,1,0
2026-08-17T19:49:23.475,30.645990,113,62,8,6,R8C2,8,3,1.785882,1.798823,-0.012941,0.000000,1,0
2026-08-17T19:49:23.475,30.646893,113,63,8,7,R8C3,8,5,1.785882,1.772941,0.012941,0.000000,1,0
2026-08-17T19:49:23.475,30.650884,113,64,8,8,R8C4,8,7,1.332941,1.734118,-0.401176,0.232409,1,0
2026-08-17T19:49:23.476,30.658807,113,65,9,1,R9C10,10,12,0.543529,1.449412,-0.905882,1.000000,1,0
2026-08-17T19:49:23.476,30.662646,113,66,9,2,R9C11,10,14,1.811765,1.811765,0.000000,0.000000,1,0
2026-08-17T19:49:23.476,30.669486,113,67,9,3,R9C12,10,16,1.760000,1.772941,-0.012941,0.000000,1,0
2026-08-17T19:49:23.476,30.671899,113,68,9,4,R9C1,10,1,1.669412,1.682353,-0.012941,0.000000,1,0
2026-08-17T19:49:23.476,30.677962,113,69,9,5,R9C2,10,3,0.582353,0.776471,-0.194118,0.285714,1,0
2026-08-17T19:49:23.476,30.682979,113,70,9,6,R9C3,10,5,1.785882,1.785882,0.000000,0.000000,1,0
2026-08-17T19:49:23.476,30.687925,113,71,9,7,R9C4,10,7,1.307059,1.307059,0.000000,0.000000,1,0
2026-08-17T19:49:23.476,30.693000,113,72,9,8,R9C5,10,2,1.772941,1.772941,0.000000,0.000000,1,0
2026-08-17T19:49:23.476,30.698929,113,73,10,1,R10C11,12,14,1.811765,1.811765,0.000000,0.000000,1,0
2026-08-17T19:49:23.476,30.702875,113,74,10,2,R10C12,12,16,1.824706,1.811765,0.012941,0.000000,1,0
2026-08-17T19:49:23.476,30.708958,113,75,10,3,R10C1,12,1,1.785882,1.798823,-0.012941,0.000000,1,0
2026-08-17T19:49:23.476,30.714041,113,76,10,4,R10C2,12,3,1.811765,1.811765,0.000000,0.000000,1,0
2026-08-17T19:49:23.732,30.822352,113,77,10,5,R10C3,12,5,1.785882,1.798823,-0.012941,0.000000,1,0
2026-08-17T19:49:23.732,30.829073,113,78,10,6,R10C4,12,7,1.824706,1.824706,0.000000,0.000000,1,0
2026-08-17T19:49:23.732,30.829846,113,79,10,7,R10C5,12,2,1.824706,1.798823,0.025882,0.000000,1,0
2026-08-17T19:49:23.732,30.832881,113,80,10,8,R10C6,12,4,1.811765,1.811765,0.000000,0.000000,1,0
2026-08-17T19:49:23.732,30.837855,113,81,11,1,R11C12,14,16,1.772941,1.662941,0.110000,0.000000,1,0
2026-08-17T19:49:23.732,30.845124,113,82,11,2,R11C1,14,1,1.837647,1.837647,0.000000,0.000000,1,0
2026-08-17T19:49:23.733,30.849176,113,83,11,3,R11C2,14,3,1.721177,1.747059,-0.025882,0.000000,1,0
2026-08-17T19:49:23.733,30.853919,113,84,11,4,R11C3,14,5,1.798823,1.772941,0.025882,0.000000,1,0
2026-08-17T19:49:23.733,30.858889,113,85,11,5,R11C4,14,7,1.811765,1.824706,-0.012941,0.000000,1,0
2026-08-17T19:49:23.733,30.864926,113,86,11,6,R11C5,14,2,1.785882,1.760000,0.025882,0.000000,1,0
2026-08-17T19:49:23.733,30.868924,113,87,11,7,R11C6,14,4,1.734118,1.772941,-0.038824,0.000000,1,0
2026-08-17T19:49:23.733,30.874887,113,88,11,8,R11C7,14,6,1.824706,1.578824,0.245882,0.000000,1,0
2026-08-17T19:49:23.733,30.879921,113,89,12,1,R12C1,16,1,1.798823,1.811765,-0.012941,0.000000,1,0
2026-08-17T19:49:23.733,30.884916,113,90,12,2,R12C2,16,3,1.747059,1.734118,0.012941,0.000000,1,0
2026-08-17T19:49:23.733,30.891075,113,91,12,3,R12C3,16,5,1.760000,1.798823,-0.038823,0.000000,1,0
2026-08-17T19:49:23.733,30.895934,113,92,12,4,R12C4,16,7,1.824706,1.824706,0.000000,0.000000,1,0
2026-08-17T19:49:23.917,30.900923,113,93,12,5,R12C5,16,2,1.760000,1.760000,0.000000,0.000000,1,0
2026-08-17T19:49:23.917,31.086935,113,94,12,6,R12C6,16,4,1.811765,1.798823,0.012941,0.000000,1,0
2026-08-17T19:49:23.917,31.087827,113,95,12,7,R12C7,16,6,1.785882,1.798823,-0.012941,0.000000,1,0
2026-08-17T19:49:23.917,31.088809,114,96,12,8,R12C8,16,8,0.000000,0.000000,0.000000,0.000000,1,1
2026-08-17T19:49:23.917,31.093811,114,1,1,1,R1C2,1,3,1.190588,1.695294,-0.504706,0.422028,1,0
2026-08-17T19:49:23.917,31.101404,114,2,1,2,R1C3,1,5,1.785882,1.734118,0.051765,0.000000,1,0
2026-08-17T19:49:23.917,31.105432,114,3,1,3,R1C4,1,7,1.811765,1.798823,0.012941,0.000000,1,0
2026-08-17T19:49:23.917,31.112224,114,4,1,4,R1C5,1,2,1.695294,1.785882,-0.090588,0.000000,1,0
2026-08-17T19:49:23.917,31.114912,114,5,1,5,R1C6,1,4,1.798823,1.798823,0.000000,0.000000,1,0
2026-08-17T19:49:23.917,31.119863,114,6,1,6,R1C7,1,6,1.798823,1.798823,0.000000,0.000000,1,0
2026-08-17T19:49:23.917,31.125968,114,7,1,7,R1C8,1,8,1.514118,1.410588,0.103529,0.000000,1,0
2026-08-17T19:49:23.918,31.130923,114,8,1,8,R1C9,1,10,1.514118,1.449412,0.064706,0.000000,1,0
2026-08-17T19:49:23.918,31.135908,114,9,2,1,R2C3,3,5,1.785882,1.785882,0.000000,0.000000,1,0
2026-08-17T19:49:23.918,31.140907,114,10,2,2,R2C4,3,7,1.772941,1.760000,0.012941,0.000000,1,0
2026-08-17T19:49:23.918,31.146982,114,11,2,3,R2C5,3,2,1.785882,1.811765,-0.025882,0.000000,1,0
2026-08-17T19:49:23.918,31.150884,114,12,2,4,R2C6,3,4,1.591765,1.630588,-0.038824,0.000000,1,0
2026-08-17T19:49:24.174,31.156898,114,13,2,5,R2C7,3,6,1.785882,1.785882,0.000000,0.000000,1,0
2026-08-17T19:49:24.174,31.270650,114,14,2,6,R2C8,3,8,1.475294,1.410588,0.064706,0.000000,1,0
2026-08-17T19:49:24.174,31.271885,114,15,2,7,R2C9,3,10,1.824706,1.811765,0.012941,0.000000,1,0
2026-08-17T19:49:24.174,31.272843,114,16,2,8,R2C10,3,12,1.643529,1.656471,-0.012941,0.000000,1,0
2026-08-17T19:49:24.174,31.277922,114,17,3,1,R3C4,5,7,1.229412,1.798823,-0.569412,0.475848,1,0
2026-08-17T19:49:24.174,31.286771,114,18,3,2,R3C5,5,2,0.750588,1.300588,-0.550000,0.779673,1,0
2026-08-17T19:49:24.174,31.288626,114,19,3,3,R3C6,5,4,1.811765,1.772941,0.038823,0.000000,1,0
2026-08-17T19:49:24.174,31.294938,114,20,3,4,R3C7,5,6,1.837647,1.798823,0.038824,0.000000,1,0
2026-08-17T19:49:24.174,31.298949,114,21,3,5,R3C8,5,8,1.294118,1.320000,-0.025882,0.000000,1,0
2026-08-17T19:49:24.174,31.303966,114,22,3,6,R3C9,5,10,0.996471,1.035294,-0.038824,0.000000,1,0
2026-08-17T19:49:24.174,31.308908,114,23,3,7,R3C10,5,12,1.501176,1.552941,-0.051765,0.000000,1,0
2026-08-17T19:49:24.174,31.314933,114,24,3,8,R3C11,5,14,1.798823,1.798823,0.000000,0.000000,1,0
2026-08-17T19:49:24.174,31.319981,114,25,4,1,R4C5,7,2,1.656471,1.604706,0.051765,0.000000,1,0
2026-08-17T19:49:24.174,31.324953,114,26,4,2,R4C6,7,4,1.798823,1.643529,0.155294,0.000000,1,0
2026-08-17T19:49:24.174,31.329952,114,27,4,3,R4C7,7,6,1.708235,1.540000,0.168235,0.000000,1,0
2026-08-17T19:49:24.175,31.334912,114,28,4,4,R4C8,7,8,1.747059,1.785882,-0.038823,0.000000,1,0
2026-08-17T19:49:24.364,31.341077,114,29,4,5,R4C9,7,10,1.656471,1.643529,0.012941,0.000000,1,0
2026-08-17T19:49:24.364,31.528320,114,30,4,6,R4C10,7,12,1.695294,1.669412,0.025882,0.000000,1,0
2026-08-17T19:49:24.364,31.529964,114,31,4,7,R4C11,7,14,1.656471,1.734118,-0.077647,0.000000,1,0
2026-08-17T19:49:24.364,31.530912,114,32,4,8,R4C12,7,16,1.708235,1.630588,0.077647,0.000000,1,0
2026-08-17T19:49:24.364,31.535901,114,33,5,1,R5C6,2,4,1.811765,1.811765,0.000000,0.000000,1,0
2026-08-17T19:49:24.364,31.540884,114,34,5,2,R5C7,2,6,1.785882,1.785882,0.000000,0.000000,1,0
2026-08-17T19:49:24.364,31.548861,114,35,5,3,R5C8,2,8,1.811765,1.811765,0.000000,0.000000,1,0
2026-08-17T19:49:24.365,31.551140,114,36,5,4,R5C9,2,10,1.837647,1.798823,0.038824,0.000000,1,0
2026-08-17T19:49:24.365,31.556959,114,37,5,5,R5C10,2,12,1.811765,1.798823,0.012941,0.000000,1,0
2026-08-17T19:49:24.365,31.561968,114,38,5,6,R5C11,2,14,1.811765,1.811765,0.000000,0.000000,1,0
2026-08-17T19:49:24.365,31.566894,114,39,5,7,R5C12,2,16,1.785882,1.811765,-0.025882,0.000000,1,0
2026-08-17T19:49:24.365,31.572012,114,40,5,8,R5C1,2,1,1.785882,1.772941,0.012941,0.000000,1,0
2026-08-17T19:49:24.365,31.577948,114,41,6,1,R6C7,4,6,1.734118,1.772941,-0.038824,0.000000,1,0
2026-08-17T19:49:24.365,31.583049,114,42,6,2,R6C8,4,8,1.410588,1.436471,-0.025882,0.000000,1,0
2026-08-17T19:49:24.365,31.587973,114,43,6,3,R6C9,4,10,1.837647,1.772941,0.064706,0.000000,1,0
2026-08-17T19:49:24.365,31.592916,114,44,6,4,R6C10,4,12,1.772941,1.785882,-0.012941,0.000000,1,0
