display_frame_1based,display_time_s,action_id,action_type,active_node_count,N001,N002,N003,N004,N005,N006,N007,N008,N009,N010,N011,N012,N013,N014,N015,N016,N017,N018,N019,N020,N021,N022,N023,N024,N025,N026,N027,N028,N029,N030,N031,N032,N033,N034,N035,N036,N037,N038,N039,N040,N041,N042,N043,N044,N045,N046,N047,N048,N049,N050,N051,N052,N053,N054,N055,N056,N057,N058,N059,N060,N061,N062,N063,N064,N065,N066,N067,N068,N069,N070,N071,N072,N073,N074,N075,N076,N077,N078,N079,N080,N081,N082,N083,N084,N085,N086,N087,N088,N089,N090,N091,N092,N093,N094,N095,N096,N097,N098,N099,N100,N101,N102,N103,N104,N105,N106,N107,N108,N109,N110,N111,N112,N113,N114,N115,N116,N117,N118,N119,N120,N121,N122,N123,N124,N125,N126,N127,N128,N129,N130,N131,N132
1,0.000000,RB004,axial_column,0,,,,,,,,,,,,,,,,,,,,,,,,,,,,,,,,,,,,,,,,,,,,,,,,,,,,,,,,,,,,,,,,,,,,,,,,,,,,,,,,,,,,,,,,,,,,,,,,,,,,,,,,,,,,,,,,,,,,,,,,,,,,,,,,,,,,
2,0.050000,RB004,axial_column,0,,,,,,,,,,,,,,,,,,,,,,,,,,,,,,,,,,,,,,,,,,,,,,,,,,,,,,,,,,,,,,,,,,,,,,,,,,,,,,,,,,,,,,,,,,,,,,,,,,,,,,,,,,,,,,,,,,,,,,,,,,,,,,,,,,,,
3,0.100000,RB004,axial_column,0,,,,,,,,,,,,,,,,,,,,,,,,,,,,,,,,,,,,,,,,,,,,,,,,,,,,,,,,,,,,,,,,,,,,,,,,,,,,,,,,,,,,,,,,,,,,,,,,,,,,,,,,,,,,,,,,,,,,,,,,,,,,,,,,,,,,
4,0.150000,RB004,axial_column,0,,,,,,,,,,,,,,,,,,,,,,,,,,,,,,,,,,,,,,,,,,,,,,,,,,,,,,,,,,,,,,,,,,,,,,,,,,,,,,,,,,,,,,,,,,,,,,,,,,,,,,,,,,,,,,,,,,,,,,,,,,,,,,,,,,,,
5,0.200000,RB004,axial_column,0,,,,,,,,,,,,,,,,,,,,,,,,,,,,,,,,,,,,,,,,,,,,,,,,,,,,,,,,,,,,,,,,,,,,,,,,,,,,,,,,,,,,,,,,,,,,,,,,,,,,,,,,,,,,,,,,,,,,,,,,,,,,,,,,,,,,
6,0.250000,RB004,axial_column,0,,,,,,,,,,,,,,,,,,,,,,,,,,,,,,,,,,,,,,,,,,,,,,,,,,,,,,,,,,,,,,,,,,,,,,,,,,,,,,,,,,,,,,,,,,,,,,,,,,,,,,,,,,,,,,,,,,,,,,,,,,,,,,,,,,,,
7,0.300000,RB004,axial_column,0,,,,,,,,,,,,,,,,,,,,,,,,,,,,,,,,,,,,,,,,,,,,,,,,,,,,,,,,,,,,,,,,,,,,,,,,,,,,,,,,,,,,,,,,,,,,,,,,,,,,,,,,,,,,,,,,,,,,,,,,,,,,,,,,,,,,
8,0.350000,RB004,axial_column,0,,,,,,,,,,,,,,,,,,,,,,,,,,,,,,,,,,,,,,,,,,,,,,,,,,,,,,,,,,,,,,,,,,,,,,,,,,,,,,,,,,,,,,,,,,,,,,,,,,,,,,,,,,,,,,,,,,,,,,,,,,,,,,,,,,,,
9,0.400000,RB004,axial_column,0,,,,,,,,,,,,,,,,,,,,,,,,,,,,,,,,,,,,,,,,,,,,,,,,,,,,,,,,,,,,,,,,,,,,,,,,,,,,,,,,,,,,,,,,,,,,,,,,,,,,,,,,,,,,,,,,,,,,,,,,,,,,,,,,,,,,
10,0.450000,RB004,axial_column,0,,,,,,,,,,,,,,,,,,,,,,,,,,,,,,,,,,,,,,,,,,,,,,,,,,,,,,,,,,,,,,,,,,,,,,,,,,,,,,,,,,,,,,,,,,,,,,,,,,,,,,,,,,,,,,,,,,,,,,,,,,,,,,,,,,,,
11,0.500000,RB004,axial_column,0,,,,,,,,,,,,,,,,,,,,,,,,,,,,,,,,,,,,,,,,,,,,,,,,,,,,,,,,,,,,,,,,,,,,,,,,,,,,,,,,,,,,,,,,,,,,,,,,,,,,,,,,,,,,,,,,,,,,,,,,,,,,,,,,,,,,
12,0.550000,RB004,axial_column,0,,,,,,,,,,,,,,,,,,,,,,,,,,,,,,,,,,,,,,,,,,,,,,,,,,,,,,,,,,,,,,,,,,,,,,,,,,,,,,,,,,,,,,,,,,,,,,,,,,,,,,,,,,,,,,,,,,,,,,,,,,,,,,,,,,,,
13,0.600000,RB004,axial_column,0,,,,,,,,,,,,,,,,,,,,,,,,,,,,,,,,,,,,,,,,,,,,,,,,,,,,,,,,,,,,,,,,,,,,,,,,,,,,,,,,,,,,,,,,,,,,,,,,,,,,,,,,,,,,,,,,,,,,,,,,,,,,,,,,,,,,
14,0.650000,RB004,axial_column,0,,,,,,,,,,,,,,,,,,,,,,,,,,,,,,,,,,,,,,,,,,,,,,,,,,,,,,,,,,,,,,,,,,,,,,,,,,,,,,,,,,,,,,,,,,,,,,,,,,,,,,,,,,,,,,,,,,,,,,,,,,,,,,,,,,,,
15,0.700000,RB004,axial_column,0,,,,,,,,,,,,,,,,,,,,,,,,,,,,,,,,,,,,,,,,,,,,,,,,,,,,,,,,,,,,,,,,,,,,,,,,,,,,,,,,,,,,,,,,,,,,,,,,,,,,,,,,,,,,,,,,,,,,,,,,,,,,,,,,,,,,
16,0.750000,RB004,axial_column,0,,,,,,,,,,,,,,,,,,,,,,,,,,,,,,,,,,,,,,,,,,,,,,,,,,,,,,,,,,,,,,,,,,,,,,,,,,,,,,,,,,,,,,,,,,,,,,,,,,,,,,,,,,,,,,,,,,,,,,,,,,,,,,,,,,,,
17,0.800000,RB004,axial_column,0,,,,,,,,,,,,,,,,,,,,,,,,,,,,,,,,,,,,,,,,,,,,,,,,,,,,,,,,,,,,,,,,,,,,,,,,,,,,,,,,,,,,,,,,,,,,,,,,,,,,,,,,,,,,,,,,,,,,,,,,,,,,,,,,,,,,
18,0.850000,RB004,axial_column,0,,,,,,,,,,,,,,,,,,,,,,,,,,,,,,,,,,,,,,,,,,,,,,,,,,,,,,,,,,,,,,,,,,,,,,,,,,,,,,,,,,,,,,,,,,,,,,,,,,,,,,,,,,,,,,,,,,,,,,,,,,,,,,,,,,,,
19,0.900000,RB004,axial_column,0,,,,,,,,,,,,,,,,,,,,,,,,,,,,,,,,,,,,,,,,,,,,,,,,,,,,,,,,,,,,,,,,,,,,,,,,,,,,,,,,,,,,,,,,,,,,,,,,,,,,,,,,,,,,,,,,,,,,,,,,,,,,,,,,,,,,
20,0.950000,RB004,axial_column,0,,,,,,,,,,,,,,,,,,,,,,,,,,,,,,,,,,,,,,,,,,,,,,,,,,,,,,,,,,,,,,,,,,,,,,,,,,,,,,,,,,,,,,,,,,,,,,,,,,,,,,,,,,,,,,,,,,,,,,,,,,,,,,,,,,,,
21,1.000000,RB004,axial_column,0,,,,,,,,,,,,,,,,,,,,,,,,,,,,,,,,,,,,,,,,,,,,,,,,,,,,,,,,,,,,,,,,,,,,,,,,,,,,,,,,,,,,,,,,,,,,,,,,,,,,,,,,,,,,,,,,,,,,,,,,,,,,,,,,,,,,
22,1.050000,RB004,axial_column,0,,,,,,,,,,,,,,,,,,,,,,,,,,,,,,,,,,,,,,,,,,,,,,,,,,,,,,,,,,,,,,,,,,,,,,,,,,,,,,,,,,,,,,,,,,,,,,,,,,,,,,,,,,,,,,,,,,,,,,,,,,,,,,,,,,,,
23,1.100000,RB004,axial_column,0,,,,,,,,,,,,,,,,,,,,,,,,,,,,,,,,,,,,,,,,,,,,,,,,,,,,,,,,,,,,,,,,,,,,,,,,,,,,,,,,,,,,,,,,,,,,,,,,,,,,,,,,,,,,,,,,,,,,,,,,,,,,,,,,,,,,
24,1.150000,RB004,axial_column,0,,,,,,,,,,,,,,,,,,,,,,,,,,,,,,,,,,,,,,,,,,,,,,,,,,,,,,,,,,,,,,,,,,,,,,,,,,,,,,,,,,,,,,,,,,,,,,,,,,,,,,,,,,,,,,,,,,,,,,,,,,,,,,,,,,,,
25,1.200000,RB004,axial_column,0,,,,,,,,,,,,,,,,,,,,,,,,,,,,,,,,,,,,,,,,,,,,,,,,,,,,,,,,,,,,,,,,,,,,,,,,,,,,,,,,,,,,,,,,,,,,,,,,,,,,,,,,,,,,,,,,,,,,,,,,,,,,,,,,,,,,
26,1.250000,RB004,axial_column,0,,,,,,,,,,,,,,,,,,,,,,,,,,,,,,,,,,,,,,,,,,,,,,,,,,,,,,,,,,,,,,,,,,,,,,,,,,,,,,,,,,,,,,,,,,,,,,,,,,,,,,,,,,,,,,,,,,,,,,,,,,,,,,,,,,,,
27,1.300000,RB004,axial_column,0,,,,,,,,,,,,,,,,,,,,,,,,,,,,,,,,,,,,,,,,,,,,,,,,,,,,,,,,,,,,,,,,,,,,,,,,,,,,,,,,,,,,,,,,,,,,,,,,,,,,,,,,,,,,,,,,,,,,,,,,,,,,,,,,,,,,
28,1.350000,RB004,axial_column,0,,,,,,,,,,,,,,,,,,,,,,,,,,,,,,,,,,,,,,,,,,,,,,,,,,,,,,,,,,,,,,,,,,,,,,,,,,,,,,,,,,,,,,,,,,,,,,,,,,,,,,,,,,,,,,,,,,,,,,,,,,,,,,,,,,,,
29,1.400000,RB004,axial_column,0,,,,,,,,,,,,,,,,,,,,,,,,,,,,,,,,,,,,,,,,,,,,,,,,,,,,,,,,,,,,,,,,,,,,,,,,,,,,,,,,,,,,,,,,,,,,,,,,,,,,,,,,,,,,,,,,,,,,,,,,,,,,,,,,,,,,
30,1.450000,RB004,axial_column,0,,,,,,,,,,,,,,,,,,,,,,,,,,,,,,,,,,,,,,,,,,,,,,,,,,,,,,,,,,,,,,,,,,,,,,,,,,,,,,,,,,,,,,,,,,,,,,,,,,,,,,,,,,,,,,,,,,,,,,,,,,,,,,,,,,,,
31,1.500000,RB004,axial_column,0,,,,,,,,,,,,,,,,,,,,,,,,,,,,,,,,,,,,,,,,,,,,,,,,,,,,,,,,,,,,,,,,,,,,,,,,,,,,,,,,,,,,,,,,,,,,,,,,,,,,,,,,,,,,,,,,,,,,,,,,,,,,,,,,,,,,
32,1.550000,RB004,axial_column,0,,,,,,,,,,,,,,,,,,,,,,,,,,,,,,,,,,,,,,,,,,,,,,,,,,,,,,,,,,,,,,,,,,,,,,,,,,,,,,,,,,,,,,,,,,,,,,,,,,,,,,,,,,,,,,,,,,,,,,,,,,,,,,,,,,,,
33,1.600000,RB004,axial_column,0,,,,,,,,,,,,,,,,,,,,,,,,,,,,,,,,,,,,,,,,,,,,,,,,,,,,,,,,,,,,,,,,,,,,,,,,,,,,,,,,,,,,,,,,,,,,,,,,,,,,,,,,,,,,,,,,,,,,,,,,,,,,,,,,,,,,
34,1.650000,RB004,axial_column,0,,,,,,,,,,,,,,,,,,,,,,,,,,,,,,,,,,,,,,,,,,,,,,,,,,,,,,,,,,,,,,,,,,,,,,,,,,,,,,,,,,,,,,,,,,,,,,,,,,,,,,,,,,,,,,,,,,,,,,,,,,,,,,,,,,,,
35,1.700000,RB004,axial_column,0,,,,,,,,,,,,,,,,,,,,,,,,,,,,,,,,,,,,,,,,,,,,,,,,,,,,,,,,,,,,,,,,,,,,,,,,,,,,,,,,,,,,,,,,,,,,,,,,,,,,,,,,,,,,,,,,,,,,,,,,,,,,,,,,,,,,
36,1.750000,RB004,axial_column,0,,,,,,,,,,,,,,,,,,,,,,,,,,,,,,,,,,,,,,,,,,,,,,,,,,,,,,,,,,,,,,,,,,,,,,,,,,,,,,,,,,,,,,,,,,,,,,,,,,,,,,,,,,,,,,,,,,,,,,,,,,,,,,,,,,,,
37,1.800000,RB004,axial_column,0,,,,,,,,,,,,,,,,,,,,,,,,,,,,,,,,,,,,,,,,,,,,,,,,,,,,,,,,,,,,,,,,,,,,,,,,,,,,,,,,,,,,,,,,,,,,,,,,,,,,,,,,,,,,,,,,,,,,,,,,,,,,,,,,,,,,
38,1.850000,RB004,axial_column,0,,,,,,,,,,,,,,,,,,,,,,,,,,,,,,,,,,,,,,,,,,,,,,,,,,,,,,,,,,,,,,,,,,,,,,,,,,,,,,,,,,,,,,,,,,,,,,,,,,,,,,,,,,,,,,,,,,,,,,,,,,,,,,,,,,,,
39,1.900000,RB004,axial_column,0,,,,,,,,,,,,,,,,,,,,,,,,,,,,,,,,,,,,,,,,,,,,,,,,,,,,,,,,,,,,,,,,,,,,,,,,,,,,,,,,,,,,,,,,,,,,,,,,,,,,,,,,,,,,,,,,,,,,,,,,,,,,,,,,,,,,
40,1.950000,RB004,axial_column,0,,,,,,,,,,,,,,,,,,,,,,,,,,,,,,,,,,,,,,,,,,,,,,,,,,,,,,,,,,,,,,,,,,,,,,,,,,,,,,,,,,,,,,,,,,,,,,,,,,,,,,,,,,,,,,,,,,,,,,,,,,,,,,,,,,,,
41,2.000000,RB004,axial_column,0,,,,,,,,,,,,,,,,,,,,,,,,,,,,,,,,,,,,,,,,,,,,,,,,,,,,,,,,,,,,,,,,,,,,,,,,,,,,,,,,,,,,,,,,,,,,,,,,,,,,,,,,,,,,,,,,,,,,,,,,,,,,,,,,,,,,
42,2.050000,RB004,axial_column,0,,,,,,,,,,,,,,,,,,,,,,,,,,,,,,,,,,,,,,,,,,,,,,,,,,,,,,,,,,,,,,,,,,,,,,,,,,,,,,,,,,,,,,,,,,,,,,,,,,,,,,,,,,,,,,,,,,,,,,,,,,,,,,,,,,,,
43,2.100000,RB004,axial_column,0,,,,,,,,,,,,,,,,,,,,,,,,,,,,,,,,,,,,,,,,,,,,,,,,,,,,,,,,,,,,,,,,,,,,,,,,,,,,,,,,,,,,,,,,,,,,,,,,,,,,,,,,,,,,,,,,,,,,,,,,,,,,,,,,,,,,
44,2.150000,RB004,axial_column,0,,,,,,,,,,,,,,,,,,,,,,,,,,,,,,,,,,,,,,,,,,,,,,,,,,,,,,,,,,,,,,,,,,,,,,,,,,,,,,,,,,,,,,,,,,,,,,,,,,,,,,,,,,,,,,,,,,,,,,,,,,,,,,,,,,,,
45,2.200000,RB004,axial_column,0,,,,,,,,,,,,,,,,,,,,,,,,,,,,,,,,,,,,,,,,,,,,,,,,,,,,,,,,,,,,,,,,,,,,,,,,,,,,,,,,,,,,,,,,,,,,,,,,,,,,,,,,,,,,,,,,,,,,,,,,,,,,,,,,,,,,
46,2.250000,RB004,axial_column,0,,,,,,,,,,,,,,,,,,,,,,,,,,,,,,,,,,,,,,,,,,,,,,,,,,,,,,,,,,,,,,,,,,,,,,,,,,,,,,,,,,,,,,,,,,,,,,,,,,,,,,,,,,,,,,,,,,,,,,,,,,,,,,,,,,,,
47,2.300000,RB004,axial_column,0,,,,,,,,,,,,,,,,,,,,,,,,,,,,,,,,,,,,,,,,,,,,,,,,,,,,,,,,,,,,,,,,,,,,,,,,,,,,,,,,,,,,,,,,,,,,,,,,,,,,,,,,,,,,,,,,,,,,,,,,,,,,,,,,,,,,
48,2.350000,RB004,axial_column,0,,,,,,,,,,,,,,,,,,,,,,,,,,,,,,,,,,,,,,,,,,,,,,,,,,,,,,,,,,,,,,,,,,,,,,,,,,,,,,,,,,,,,,,,,,,,,,,,,,,,,,,,,,,,,,,,,,,,,,,,,,,,,,,,,,,,
49,2.400000,RB004,axial_column,0,,,,,,,,,,,,,,,,,,,,,,,,,,,,,,,,,,,,,,,,,,,,,,,,,,,,,,,,,,,,,,,,,,,,,,,,,,,,,,,,,,,,,,,,,,,,,,,,,,,,,,,,,,,,,,,,,,,,,,,,,,,,,,,,,,,,
50,2.450000,RB004,axial_column,0,,,,,,,,,,,,,,,,,,,,,,,,,,,,,,,,,,,,,,,,,,,,,,,,,,,,,,,,,,,,,,,,,,,,,,,,,,,,,,,,,,,,,,,,,,,,,,,,,,,,,,,,,,,,,,,,,,,,,,,,,,,,,,,,,,,,
51,2.500000,RB004,axial_column,0,,,,,,,,,,,,,,,,,,,,,,,,,,,,,,,,,,,,,,,,,,,,,,,,,,,,,,,,,,,,,,,,,,,,,,,,,,,,,,,,,,,,,,,,,,,,,,,,,,,,,,,,,,,,,,,,,,,,,,,,,,,,,,,,,,,,
52,2.550000,RB004,axial_column,0,,,,,,,,,,,,,,,,,,,,,,,,,,,,,,,,,,,,,,,,,,,,,,,,,,,,,,,,,,,,,,,,,,,,,,,,,,,,,,,,,,,,,,,,,,,,,,,,,,,,,,,,,,,,,,,,,,,,,,,,,,,,,,,,,,,,
53,2.600000,RB004,axial_column,0,,,,,,,,,,,,,,,,,,,,,,,,,,,,,,,,,,,,,,,,,,,,,,,,,,,,,,,,,,,,,,,,,,,,,,,,,,,,,,,,,,,,,,,,,,,,,,,,,,,,,,,,,,,,,,,,,,,,,,,,,,,,,,,,,,,,
54,2.650000,RB004,axial_column,0,,,,,,,,,,,,,,,,,,,,,,,,,,,,,,,,,,,,,,,,,,,,,,,,,,,,,,,,,,,,,,,,,,,,,,,,,,,,,,,,,,,,,,,,,,,,,,,,,,,,,,,,,,,,,,,,,,,,,,,,,,,,,,,,,,,,
55,2.700000,RB004,axial_column,0,,,,,,,,,,,,,,,,,,,,,,,,,,,,,,,,,,,,,,,,,,,,,,,,,,,,,,,,,,,,,,,,,,,,,,,,,,,,,,,,,,,,,,,,,,,,,,,,,,,,,,,,,,,,,,,,,,,,,,,,,,,,,,,,,,,,
56,2.750000,RB004,axial_column,0,,,,,,,,,,,,,,,,,,,,,,,,,,,,,,,,,,,,,,,,,,,,,,,,,,,,,,,,,,,,,,,,,,,,,,,,,,,,,,,,,,,,,,,,,,,,,,,,,,,,,,,,,,,,,,,,,,,,,,,,,,,,,,,,,,,,
57,2.800000,RB004,axial_column,0,,,,,,,,,,,,,,,,,,,,,,,,,,,,,,,,,,,,,,,,,,,,,,,,,,,,,,,,,,,,,,,,,,,,,,,,,,,,,,,,,,,,,,,,,,,,,,,,,,,,,,,,,,,,,,,,,,,,,,,,,,,,,,,,,,,,
58,2.850000,RB004,axial_column,0,,,,,,,,,,,,,,,,,,,,,,,,,,,,,,,,,,,,,,,,,,,,,,,,,,,,,,,,,,,,,,,,,,,,,,,,,,,,,,,,,,,,,,,,,,,,,,,,,,,,,,,,,,,,,,,,,,,,,,,,,,,,,,,,,,,,
59,2.900000,RB004,axial_column,0,,,,,,,,,,,,,,,,,,,,,,,,,,,,,,,,,,,,,,,,,,,,,,,,,,,,,,,,,,,,,,,,,,,,,,,,,,,,,,,,,,,,,,,,,,,,,,,,,,,,,,,,,,,,,,,,,,,,,,,,,,,,,,,,,,,,
60,2.950000,RB004,axial_column,0,,,,,,,,,,,,,,,,,,,,,,,,,,,,,,,,,,,,,,,,,,,,,,,,,,,,,,,,,,,,,,,,,,,,,,,,,,,,,,,,,,,,,,,,,,,,,,,,,,,,,,,,,,,,,,,,,,,,,,,,,,,,,,,,,,,,
61,3.000000,RB004,axial_column,0,,,,,,,,,,,,,,,,,,,,,,,,,,,,,,,,,,,,,,,,,,,,,,,,,,,,,,,,,,,,,,,,,,,,,,,,,,,,,,,,,,,,,,,,,,,,,,,,,,,,,,,,,,,,,,,,,,,,,,,,,,,,,,,,,,,,
62,3.050000,RB004,axial_column,0,,,,,,,,,,,,,,,,,,,,,,,,,,,,,,,,,,,,,,,,,,,,,,,,,,,,,,,,,,,,,,,,,,,,,,,,,,,,,,,,,,,,,,,,,,,,,,,,,,,,,,,,,,,,,,,,,,,,,,,,,,,,,,,,,,,,
63,3.100000,RB004,axial_column,0,,,,,,,,,,,,,,,,,,,,,,,,,,,,,,,,,,,,,,,,,,,,,,,,,,,,,,,,,,,,,,,,,,,,,,,,,,,,,,,,,,,,,,,,,,,,,,,,,,,,,,,,,,,,,,,,,,,,,,,,,,,,,,,,,,,,
64,3.150000,RB004,axial_column,0,,,,,,,,,,,,,,,,,,,,,,,,,,,,,,,,,,,,,,,,,,,,,,,,,,,,,,,,,,,,,,,,,,,,,,,,,,,,,,,,,,,,,,,,,,,,,,,,,,,,,,,,,,,,,,,,,,,,,,,,,,,,,,,,,,,,
65,3.200000,RB004,axial_column,0,,,,,,,,,,,,,,,,,,,,,,,,,,,,,,,,,,,,,,,,,,,,,,,,,,,,,,,,,,,,,,,,,,,,,,,,,,,,,,,,,,,,,,,,,,,,,,,,,,,,,,,,,,,,,,,,,,,,,,,,,,,,,,,,,,,,
66,3.250000,RB004,axial_column,0,,,,,,,,,,,,,,,,,,,,,,,,,,,,,,,,,,,,,,,,,,,,,,,,,,,,,,,,,,,,,,,,,,,,,,,,,,,,,,,,,,,,,,,,,,,,,,,,,,,,,,,,,,,,,,,,,,,,,,,,,,,,,,,,,,,,
67,3.300000,RB004,axial_column,0,,,,,,,,,,,,,,,,,,,,,,,,,,,,,,,,,,,,,,,,,,,,,,,,,,,,,,,,,,,,,,,,,,,,,,,,,,,,,,,,,,,,,,,,,,,,,,,,,,,,,,,,,,,,,,,,,,,,,,,,,,,,,,,,,,,,
68,3.350000,RB004,axial_column,0,,,,,,,,,,,,,,,,,,,,,,,,,,,,,,,,,,,,,,,,,,,,,,,,,,,,,,,,,,,,,,,,,,,,,,,,,,,,,,,,,,,,,,,,,,,,,,,,,,,,,,,,,,,,,,,,,,,,,,,,,,,,,,,,,,,,
69,3.400000,RB004,axial_column,1,,,,,,,,,,,,,,,,,,,,,,,,,,,,,,,,,,,,,,,,,,,,,,,,,,,,,,,,,,,,,,,,,,,,,,,,,,,,,,,1.807858,,,,,,,,,,,,,,,,,,,,,,,,,,,,,,,,,,,,,,,,,,,,,,,,,,,,,
70,3.450000,RB004,axial_column,1,,,,,,,,,,,,,,,,,,,,,,,,,,,,,,,,,,,,,,,,,,,,,,,,,,,,,,,,,,,,,,,,,,,,,,,,,,,,,,,1.800993,,,,,,,,,,,,,,,,,,,,,,,,,,,,,,,,,,,,,,,,,,,,,,,,,,,,,
71,3.500000,RB004,axial_column,1,,,,,,,,,,,,,,,,,,,,,,,,,,,,,,,,,,,,,,,,,,,,,,,,,,,,,,,,,,,,,,,,,,,,,,,,,,,,,,,1.794127,,,,,,,,,,,,,,,,,,,,,,,,,,,,,,,,,,,,,,,,,,,,,,,,,,,,,
72,3.550000,RB004,axial_column,1,,,,,,,,,,,,,,,,,,,,,,,,,,,,,,,,,,,,,,,,,,,,,,,,,,,,,,,,,,,,,,,,,,,,,,,,,,,,,,,1.787262,,,,,,,,,,,,,,,,,,,,,,,,,,,,,,,,,,,,,,,,,,,,,,,,,,,,,
73,3.600000,RB004,axial_column,1,,,,,,,,,,,,,,,,,,,,,,,,,,,,,,,,,,,,,,,,,,,,,,,,,,,,,,,,,,,,,,,,,,,,,,,,,,,,,,,1.780397,,,,,,,,,,,,,,,,,,,,,,,,,,,,,,,,,,,,,,,,,,,,,,,,,,,,,
74,3.650000,RB004,axial_column,1,,,,,,,,,,,,,,,,,,,,,,,,,,,,,,,,,,,,,,,,,,,,,,,,,,,,,,,,,,,,,,,,,,,,,,,,,,,,,,,1.773532,,,,,,,,,,,,,,,,,,,,,,,,,,,,,,,,,,,,,,,,,,,,,,,,,,,,,
75,3.700000,RB004,axial_column,1,,,,,,,,,,,,,,,,,,,,,,,,,,,,,,,,,,,,,,,,,,,,,,,,,,,,,,,,,,,,,,,,,,,,,,,,,,,,,,,1.766667,,,,,,,,,,,,,,,,,,,,,,,,,,,,,,,,,,,,,,,,,,,,,,,,,,,,,
76,3.750000,RB004,axial_column,1,,,,,,,,,,,,,,,,,,,,,,,,,,,,,,,,,,,,,,,,,,,,,,,,,,,,,,,,,,,,,,,,,,,,,,,,,,,,,,,1.759802,,,,,,,,,,,,,,,,,,,,,,,,,,,,,,,,,,,,,,,,,,,,,,,,,,,,,
77,3.800000,RB004,axial_column,2,,,,1.748429,,,,,,,,,,,,,,,,,,,,,,,,,,,,,,,,,,,,,,,,,,,,,,,,,,,,,,,,,,,,,,,,,,,,,,,,,,,1.752937,,,,,,,,,,,,,,,,,,,,,,,,,,,,,,,,,,,,,,,,,,,,,,,,,,,,,
78,3.850000,RB004,axial_column,2,,,,1.745569,,,,,,,,,,,,,,,,,,,,,,,,,,,,,,,,,,,,,,,,,,,,,,,,,,,,,,,,,,,,,,,,,,,,,,,,,,,1.746072,,,,,,,,,,,,,,,,,,,,,,,,,,,,,,,,,,,,,,,,,,,,,,,,,,,,,
79,3.900000,RB004,axial_column,2,,,,1.742708,,,,,,,,,,,,,,,,,,,,,,,,,,,,,,,,,,,,,,,,,,,,,,,,,,,,,,,,,,,,,,,,,,,,,,,,,,,1.739206,,,,,,,,,,,,,,,,,,,,,,,,,,,,,,,,,,,,,,,,,,,,,,,,,,,,,
80,3.950000,RB004,axial_column,2,,,,1.739848,,,,,,,,,,,,,,,,,,,,,,,,,,,,,,,,,,,,,,,,,,,,,,,,,,,,,,,,,,,,,,,,,,,,,,,,,,,1.732341,,,,,,,,,,,,,,,,,,,,,,,,,,,,,,,,,,,,,,,,,,,,,,,,,,,,,
81,4.000000,RB004,axial_column,2,,,,1.736987,,,,,,,,,,,,,,,,,,,,,,,,,,,,,,,,,,,,,,,,,,,,,,,,,,,,,,,,,,,,,,,,,,,,,,,,,,,1.725476,,,,,,,,,,,,,,,,,,,,,,,,,,,,,,,,,,,,,,,,,,,,,,,,,,,,,
82,4.050000,RB004,axial_column,2,,,,1.734127,,,,,,,,,,,,,,,,,,,,,,,,,,,,,,,,,,,,,,,,,,,,,,,,,,,,,,,,,,,,,,,,,,,,,,,,,,,1.718611,,,,,,,,,,,,,,,,,,,,,,,,,,,,,,,,,,,,,,,,,,,,,,,,,,,,,
83,4.100000,RB004,axial_column,2,,,,1.731266,,,,,,,,,,,,,,,,,,,,,,,,,,,,,,,,,,,,,,,,,,,,,,,,,,,,,,,,,,,,,,,,,,,,,,,,,,,1.711746,,,,,,,,,,,,,,,,,,,,,,,,,,,,,,,,,,,,,,,,,,,,,,,,,,,,,
84,4.150000,RB004,axial_column,2,,,,1.728406,,,,,,,,,,,,,,,,,,,,,,,,,,,,,,,,,,,,,,,,,,,,,,,,,,,,,,,,,,,,,,,,,,,,,,,,,,,1.704881,,,,,,,,,,,,,,,,,,,,,,,,,,,,,,,,,,,,,,,,,,,,,,,,,,,,,
85,4.200000,RB004,axial_column,2,,,,1.725545,,,,,,,,,,,,,,,,,,,,,,,,,,,,,,,,,,,,,,,,,,,,,,,,,,,,,,,,,,,,,,,,,,,,,,,,,,,1.698016,,,,,,,,,,,,,,,,,,,,,,,,,,,,,,,,,,,,,,,,,,,,,,,,,,,,,
86,4.250000,RB004,axial_column,2,,,,1.722685,,,,,,,,,,,,,,,,,,,,,,,,,,,,,,,,,,,,,,,,,,,,,,,,,,,,,,,,,,,,,,,,,,,,,,,,,,,1.691151,,,,,,,,,,,,,,,,,,,,,,,,,,,,,,,,,,,,,,,,,,,,,,,,,,,,,
87,4.300000,RB004,axial_column,2,,,,1.719824,,,,,,,,,,,,,,,,,,,,,,,,,,,,,,,,,,,,,,,,,,,,,,,,,,,,,,,,,,,,,,,,,,,,,,,,,,,1.684285,,,,,,,,,,,,,,,,,,,,,,,,,,,,,,,,,,,,,,,,,,,,,,,,,,,,,
88,4.350000,RB004,axial_column,2,,,,1.716964,,,,,,,,,,,,,,,,,,,,,,,,,,,,,,,,,,,,,,,,,,,,,,,,,,,,,,,,,,,,,,,,,,,,,,,,,,,1.677420,,,,,,,,,,,,,,,,,,,,,,,,,,,,,,,,,,,,,,,,,,,,,,,,,,,,,
89,4.400000,RB004,axial_column,2,,,,1.714103,,,,,,,,,,,,,,,,,,,,,,,,,,,,,,,,,,,,,,,,,,,,,,,,,,,,,,,,,,,,,,,,,,,,,,,,,,,1.670555,,,,,,,,,,,,,,,,,,,,,,,,,,,,,,,,,,,,,,,,,,,,,,,,,,,,,
90,4.450000,RB004,axial_column,2,,,,1.711243,,,,,,,,,,,,,,,,,,,,,,,,,,,,,,,,,,,,,,,,,,,,,,,,,,,,,,,,,,,,,,,,,,,,,,,,,,,1.663690,,,,,,,,,,,,,,,,,,,,,,,,,,,,,,,,,,,,,,,,,,,,,,,,,,,,,
91,4.500000,RB004,axial_column,2,,,,1.708382,,,,,,,,,,,,,,,,,,,,,,,,,,,,,,,,,,,,,,,,,,,,,,,,,,,,,,,,,,,,,,,,,,,,,,,,,,,1.656825,,,,,,,,,,,,,,,,,,,,,,,,,,,,,,,,,,,,,,,,,,,,,,,,,,,,,
92,4.550000,RB004,axial_column,2,,,,1.708235,,,,,,,,,,,,,,,,,,,,,,,,,,,,,,,,,,,,,,,,,,,,,,,,,,,,,,,,,,,,,,,,,,,,,,,,,,,1.656471,,,,,,,,,,,,,,,,,,,,,,,,,,,,,,,,,,,,,,,,,,,,,,,,,,,,,
93,4.600000,RB004,axial_column,2,,,,1.708235,,,,,,,,,,,,,,,,,,,,,,,,,,,,,,,,,,,,,,,,,,,,,,,,,,,,,,,,,,,,,,,,,,,,,,,,,,,1.656471,,,,,,,,,,,,,,,,,,,,,,,,,,,,,,,,,,,,,,,,,,,,,,,,,,,,,
94,4.650000,RB004,axial_column,2,,,,1.708235,,,,,,,,,,,,,,,,,,,,,,,,,,,,,,,,,,,,,,,,,,,,,,,,,,,,,,,,,,,,,,,,,,,,,,,,,,,1.656471,,,,,,,,,,,,,,,,,,,,,,,,,,,,,,,,,,,,,,,,,,,,,,,,,,,,,
95,4.700000,RB004,axial_column,2,,,,1.708235,,,,,,,,,,,,,,,,,,,,,,,,,,,,,,,,,,,,,,,,,,,,,,,,,,,,,,,,,,,,,,,,,,,,,,,,,,,1.656471,,,,,,,,,,,,,,,,,,,,,,,,,,,,,,,,,,,,,,,,,,,,,,,,,,,,,
96,4.750000,RB004,axial_column,2,,,,1.708235,,,,,,,,,,,,,,,,,,,,,,,,,,,,,,,,,,,,,,,,,,,,,,,,,,,,,,,,,,,,,,,,,,,,,,,,,,,1.656471,,,,,,,,,,,,,,,,,,,,,,,,,,,,,,,,,,,,,,,,,,,,,,,,,,,,,
97,4.800000,RB004,axial_column,2,,,,1.708235,,,,,,,,,,,,,,,,,,,,,,,,,,,,,,,,,,,,,,,,,,,,,,,,,,,,,,,,,,,,,,,,,,,,,,,,,,,1.656471,,,,,,,,,,,,,,,,,,,,,,,,,,,,,,,,,,,,,,,,,,,,,,,,,,,,,
98,4.850000,RB004,axial_column,2,,,,1.708235,,,,,,,,,,,,,,,,,,,,,,,,,,,,,,,,,,,,,,,,,,,,,,,,,,,,,,,,,,,,,,,,,,,,,,,,,,,1.656471,,,,,,,,,,,,,,,,,,,,,,,,,,,,,,,,,,,,,,,,,,,,,,,,,,,,,
99,4.900000,RB004,axial_column,2,,,,1.708235,,,,,,,,,,,,,,,,,,,,,,,,,,,,,,,,,,,,,,,,,,,,,,,,,,,,,,,,,,,,,,,,,,,,,,,,,,,1.656471,,,,,,,,,,,,,,,,,,,,,,,,,,,,,,,,,,,,,,,,,,,,,,,,,,,,,
100,4.950000,RB004,axial_column,2,,,,1.708235,,,,,,,,,,,,,,,,,,,,,,,,,,,,,,,,,,,,,,,,,,,,,,,,,,,,,,,,,,,,,,,,,,,,,,,,,,,1.656471,,,,,,,,,,,,,,,,,,,,,,,,,,,,,,,,,,,,,,,,,,,,,,,,,,,,,
101,5.000000,RB004,axial_column,2,,,,1.708235,,,,,,,,,,,,,,,,,,,,,,,,,,,,,,,,,,,,,,,,,,,,,,,,,,,,,,,,,,,,,,,,,,,,,,,,,,,1.656471,,,,,,,,,,,,,,,,,,,,,,,,,,,,,,,,,,,,,,,,,,,,,,,,,,,,,
102,5.050000,RB004,axial_column,2,,,,1.708235,,,,,,,,,,,,,,,,,,,,,,,,,,,,,,,,,,,,,,,,,,,,,,,,,,,,,,,,,,,,,,,,,,,,,,,,,,,1.656471,,,,,,,,,,,,,,,,,,,,,,,,,,,,,,,,,,,,,,,,,,,,,,,,,,,,,
103,5.100000,RB004,axial_column,2,,,,1.708235,,,,,,,,,,,,,,,,,,,,,,,,,,,,,,,,,,,,,,,,,,,,,,,,,,,,,,,,,,,,,,,,,,,,,,,,,,,1.656471,,,,,,,,,,,,,,,,,,,,,,,,,,,,,,,,,,,,,,,,,,,,,,,,,,,,,
104,5.150000,RB004,axial_column,2,,,,1.708235,,,,,,,,,,,,,,,,,,,,,,,,,,,,,,,,,,,,,,,,,,,,,,,,,,,,,,,,,,,,,,,,,,,,,,,,,,,1.656471,,,,,,,,,,,,,,,,,,,,,,,,,,,,,,,,,,,,,,,,,,,,,,,,,,,,,
105,5.200000,RB004,axial_column,2,,,,1.708235,,,,,,,,,,,,,,,,,,,,,,,,,,,,,,,,,,,,,,,,,,,,,,,,,,,,,,,,,,,,,,,,,,,,,,,,,,,1.656471,,,,,,,,,,,,,,,,,,,,,,,,,,,,,,,,,,,,,,,,,,,,,,,,,,,,,
106,5.250000,RB004,axial_column,2,,,,1.708235,,,,,,,,,,,,,,,,,,,,,,,,,,,,,,,,,,,,,,,,,,,,,,,,,,,,,,,,,,,,,,,,,,,,,,,,,,,1.656471,,,,,,,,,,,,,,,,,,,,,,,,,,,,,,,,,,,,,,,,,,,,,,,,,,,,,
107,5.300000,RB004,axial_column,2,,,,1.708235,,,,,,,,,,,,,,,,,,,,,,,,,,,,,,,,,,,,,,,,,,,,,,,,,,,,,,,,,,,,,,,,,,,,,,,,,,,1.656471,,,,,,,,,,,,,,,,,,,,,,,,,,,,,,,,,,,,,,,,,,,,,,,,,,,,,
108,5.350000,RB004,axial_column,2,,,,1.708235,,,,,,,,,,,,,,,,,,,,,,,,,,,,,,,,,,,,,,,,,,,,,,,,,,,,,,,,,,,,,,,,,,,,,,,,,,,1.656471,,,,,,,,,,,,,,,,,,,,,,,,,,,,,,,,,,,,,,,,,,,,,,,,,,,,,
109,5.400000,RB004,axial_column,2,,,,1.708235,,,,,,,,,,,,,,,,,,,,,,,,,,,,,,,,,,,,,,,,,,,,,,,,,,,,,,,,,,,,,,,,,,,,,,,,,,,1.656471,,,,,,,,,,,,,,,,,,,,,,,,,,,,,,,,,,,,,,,,,,,,,,,,,,,,,
110,5.450000,RB004,axial_column,2,,,,1.708235,,,,,,,,,,,,,,,,,,,,,,,,,,,,,,,,,,,,,,,,,,,,,,,,,,,,,,,,,,,,,,,,,,,,,,,,,,,1.656471,,,,,,,,,,,,,,,,,,,,,,,,,,,,,,,,,,,,,,,,,,,,,,,,,,,,,
111,5.500000,RB004,axial_column,2,,,,1.708235,,,,,,,,,,,,,,,,,,,,,,,,,,,,,,,,,,,,,,,,,,,,,,,,,,,,,,,,,,,,,,,,,,,,,,,,,,,1.656471,,,,,,,,,,,,,,,,,,,,,,,,,,,,,,,,,,,,,,,,,,,,,,,,,,,,,
112,5.550000,RB004,axial_column,2,,,,1.708235,,,,,,,,,,,,,,,,,,,,,,,,,,,,,,,,,,,,,,,,,,,,,,,,,,,,,,,,,,,,,,,,,,,,,,,,,,,1.656471,,,,,,,,,,,,,,,,,,,,,,,,,,,,,,,,,,,,,,,,,,,,,,,,,,,,,
113,5.600000,RB004,axial_column,2,,,,1.708235,,,,,,,,,,,,,,,,,,,,,,,,,,,,,,,,,,,,,,,,,,,,,,,,,,,,,,,,,,,,,,,,,,,,,,,,,,,1.656471,,,,,,,,,,,,,,,,,,,,,,,,,,,,,,,,,,,,,,,,,,,,,,,,,,,,,
114,5.650000,RB004,axial_column,2,,,,1.708235,,,,,,,,,,,,,,,,,,,,,,,,,,,,,,,,,,,,,,,,,,,,,,,,,,,,,,,,,,,,,,,,,,,,,,,,,,,1.656471,,,,,,,,,,,,,,,,,,,,,,,,,,,,,,,,,,,,,,,,,,,,,,,,,,,,,
115,5.700000,RB004,axial_column,2,,,,1.708235,,,,,,,,,,,,,,,,,,,,,,,,,,,,,,,,,,,,,,,,,,,,,,,,,,,,,,,,,,,,,,,,,,,,,,,,,,,1.656471,,,,,,,,,,,,,,,,,,,,,,,,,,,,,,,,,,,,,,,,,,,,,,,,,,,,,
116,5.750000,RB004,axial_column,2,,,,1.708235,,,,,,,,,,,,,,,,,,,,,,,,,,,,,,,,,,,,,,,,,,,,,,,,,,,,,,,,,,,,,,,,,,,,,,,,,,,1.656471,,,,,,,,,,,,,,,,,,,,,,,,,,,,,,,,,,,,,,,,,,,,,,,,,,,,,
117,5.800000,RB004,axial_column,2,,,,1.708235,,,,,,,,,,,,,,,,,,,,,,,,,,,,,,,,,,,,,,,,,,,,,,,,,,,,,,,,,,,,,,,,,,,,,,,,,,,1.656471,,,,,,,,,,,,,,,,,,,,,,,,,,,,,,,,,,,,,,,,,,,,,,,,,,,,,
118,5.850000,RB004,axial_column,2,,,,1.708235,,,,,,,,,,,,,,,,,,,,,,,,,,,,,,,,,,,,,,,,,,,,,,,,,,,,,,,,,,,,,,,,,,,,,,,,,,,1.656471,,,,,,,,,,,,,,,,,,,,,,,,,,,,,,,,,,,,,,,,,,,,,,,,,,,,,
119,5.900000,RB004,axial_column,2,,,,1.708235,,,,,,,,,,,,,,,,,,,,,,,,,,,,,,,,,,,,,,,,,,,,,,,,,,,,,,,,,,,,,,,,,,,,,,,,,,,1.656471,,,,,,,,,,,,,,,,,,,,,,,,,,,,,,,,,,,,,,,,,,,,,,,,,,,,,
120,5.950000,RB004,axial_column,2,,,,1.708235,,,,,,,,,,,,,,,,,,,,,,,,,,,,,,,,,,,,,,,,,,,,,,,,,,,,,,,,,,,,,,,,,,,,,,,,,,,1.656471,,,,,,,,,,,,,,,,,,,,,,,,,,,,,,,,,,,,,,,,,,,,,,,,,,,,,
121,6.000000,RB004,axial_column,2,,,,1.708235,,,,,,,,,,,,,,,,,,,,,,,,,,,,,,,,,,,,,,,,,,,,,,,,,,,,,,,,,,,,,,,,,,,,,,,,,,,1.656471,,,,,,,,,,,,,,,,,,,,,,,,,,,,,,,,,,,,,,,,,,,,,,,,,,,,,
122,6.050000,RB004,axial_column,2,,,,1.708235,,,,,,,,,,,,,,,,,,,,,,,,,,,,,,,,,,,,,,,,,,,,,,,,,,,,,,,,,,,,,,,,,,,,,,,,,,,1.656471,,,,,,,,,,,,,,,,,,,,,,,,,,,,,,,,,,,,,,,,,,,,,,,,,,,,,
123,6.100000,RB004,axial_column,2,,,,1.708235,,,,,,,,,,,,,,,,,,,,,,,,,,,,,,,,,,,,,,,,,,,,,,,,,,,,,,,,,,,,,,,,,,,,,,,,,,,1.656471,,,,,,,,,,,,,,,,,,,,,,,,,,,,,,,,,,,,,,,,,,,,,,,,,,,,,
124,6.150000,RB004,axial_column,2,,,,1.708235,,,,,,,,,,,,,,,,,,,,,,,,,,,,,,,,,,,,,,,,,,,,,,,,,,,,,,,,,,,,,,,,,,,,,,,,,,,1.656471,,,,,,,,,,,,,,,,,,,,,,,,,,,,,,,,,,,,,,,,,,,,,,,,,,,,,
125,6.200000,RB004,axial_column,2,,,,1.708235,,,,,,,,,,,,,,,,,,,,,,,,,,,,,,,,,,,,,,,,,,,,,,,,,,,,,,,,,,,,,,,,,,,,,,,,,,,1.656471,,,,,,,,,,,,,,,,,,,,,,,,,,,,,,,,,,,,,,,,,,,,,,,,,,,,,
126,6.250000,RB004,axial_column,2,,,,1.708235,,,,,,,,,,,,,,,,,,,,,,,,,,,,,,,,,,,,,,,,,,,,,,,,,,,,,,,,,,,,,,,,,,,,,,,,,,,1.656471,,,,,,,,,,,,,,,,,,,,,,,,,,,,,,,,,,,,,,,,,,,,,,,,,,,,,
127,6.300000,RB004,axial_column,2,,,,1.708235,,,,,,,,,,,,,,,,,,,,,,,,,,,,,,,,,,,,,,,,,,,,,,,,,,,,,,,,,,,,,,,,,,,,,,,,,,,1.656471,,,,,,,,,,,,,,,,,,,,,,,,,,,,,,,,,,,,,,,,,,,,,,,,,,,,,
128,6.350000,RB004,axial_column,2,,,,1.708235,,,,,,,,,,,,,,,,,,,,,,,,,,,,,,,,,,,,,,,,,,,,,,,,,,,,,,,,,,,,,,,,,,,,,,,,,,,1.656471,,,,,,,,,,,,,,,,,,,,,,,,,,,,,,,,,,,,,,,,,,,,,,,,,,,,,
129,6.400000,RB004,axial_column,2,,,,1.708235,,,,,,,,,,,,,,,,,,,,,,,,,,,,,,,,,,,,,,,,,,,,,,,,,,,,,,,,,,,,,,,,,,,,,,,,,,,1.656471,,,,,,,,,,,,,,,,,,,,,,,,,,,,,,,,,,,,,,,,,,,,,,,,,,,,,
130,6.450000,RB004,axial_column,2,,,,1.708235,,,,,,,,,,,,,,,,,,,,,,,,,,,,,,,,,,,,,,,,,,,,,,,,,,,,,,,,,,,,,,,,,,,,,,,,,,,1.656471,,,,,,,,,,,,,,,,,,,,,,,,,,,,,,,,,,,,,,,,,,,,,,,,,,,,,
131,6.500000,RB004,axial_column,2,,,,1.708235,,,,,,,,,,,,,,,,,,,,,,,,,,,,,,,,,,,,,,,,,,,,,,,,,,,,,,,,,,,,,,,,,,,,,,,,,,,1.656471,,,,,,,,,,,,,,,,,,,,,,,,,,,,,,,,,,,,,,,,,,,,,,,,,,,,,
132,6.550000,RB004,axial_column,2,,,,1.708235,,,,,,,,,,,,,,,,,,,,,,,,,,,,,,,,,,,,,,,,,,,,,,,,,,,,,,,,,,,,,,,,,,,,,,,,,,,1.656471,,,,,,,,,,,,,,,,,,,,,,,,,,,,,,,,,,,,,,,,,,,,,,,,,,,,,
133,6.600000,RB004,axial_column,2,,,,1.708235,,,,,,,,,,,,,,,,,,,,,,,,,,,,,,,,,,,,,,,,,,,,,,,,,,,,,,,,,,,,,,,,,,,,,,,,,,,1.656471,,,,,,,,,,,,,,,,,,,,,,,,,,,,,,,,,,,,,,,,,,,,,,,,,,,,,
134,6.650000,RB004,axial_column,2,,,,1.708235,,,,,,,,,,,,,,,,,,,,,,,,,,,,,,,,,,,,,,,,,,,,,,,,,,,,,,,,,,,,,,,,,,,,,,,,,,,1.656471,,,,,,,,,,,,,,,,,,,,,,,,,,,,,,,,,,,,,,,,,,,,,,,,,,,,,
135,6.700000,RB004,axial_column,2,,,,1.708235,,,,,,,,,,,,,,,,,,,,,,,,,,,,,,,,,,,,,,,,,,,,,,,,,,,,,,,,,,,,,,,,,,,,,,,,,,,1.656471,,,,,,,,,,,,,,,,,,,,,,,,,,,,,,,,,,,,,,,,,,,,,,,,,,,,,
136,6.750000,RB004,axial_column,2,,,,1.708235,,,,,,,,,,,,,,,,,,,,,,,,,,,,,,,,,,,,,,,,,,,,,,,,,,,,,,,,,,,,,,,,,,,,,,,,,,,1.656471,,,,,,,,,,,,,,,,,,,,,,,,,,,,,,,,,,,,,,,,,,,,,,,,,,,,,
137,6.800000,RB004,axial_column,2,,,,1.708235,,,,,,,,,,,,,,,,,,,,,,,,,,,,,,,,,,,,,,,,,,,,,,,,,,,,,,,,,,,,,,,,,,,,,,,,,,,1.656471,,,,,,,,,,,,,,,,,,,,,,,,,,,,,,,,,,,,,,,,,,,,,,,,,,,,,
138,6.850000,RB004,axial_column,2,,,,1.708235,,,,,,,,,,,,,,,,,,,,,,,,,,,,,,,,,,,,,,,,,,,,,,,,,,,,,,,,,,,,,,,,,,,,,,,,,,,1.656471,,,,,,,,,,,,,,,,,,,,,,,,,,,,,,,,,,,,,,,,,,,,,,,,,,,,,
139,6.900000,RB004,axial_column,2,,,,1.708235,,,,,,,,,,,,,,,,,,,,,,,,,,,,,,,,,,,,,,,,,,,,,,,,,,,,,,,,,,,,,,,,,,,,,,,,,,,1.656471,,,,,,,,,,,,,,,,,,,,,,,,,,,,,,,,,,,,,,,,,,,,,,,,,,,,,
140,6.950000,RB004,axial_column,2,,,,1.708235,,,,,,,,,,,,,,,,,,,,,,,,,,,,,,,,,,,,,,,,,,,,,,,,,,,,,,,,,,,,,,,,,,,,,,,,,,,1.656471,,,,,,,,,,,,,,,,,,,,,,,,,,,,,,,,,,,,,,,,,,,,,,,,,,,,,
141,7.000000,RB004,axial_column,3,,,,1.708235,,,,,,,,,,,,1.674784,,,,,,,,,,,,,,,,,,,,,,,,,,,,,,,,,,,,,,,,,,,,,,,,,,,,,,,,,,,,,,,1.656471,,,,,,,,,,,,,,,,,,,,,,,,,,,,,,,,,,,,,,,,,,,,,,,,,,,,,
142,7.050000,RB004,axial_column,4,,,,1.708235,,,,,,,,,,,,1.602440,,,,,,,,,,,,,,,,,,,,,,,,,,,,,,,,,,,,,,,,,,,,,,,,,,,,,,,,,,,,,,,1.656471,,,,,,,,,,,,,,,,,,,,,,,,,1.806806,,,,,,,,,,,,,,,,,,,,,,,,,,,,
143,7.100000,RB004,axial_column,4,,,,1.708235,,,,,,,,,,,,1.530096,,,,,,,,,,,,,,,,,,,,,,,,,,,,,,,,,,,,,,,,,,,,,,,,,,,,,,,,,,,,,,,1.656471,,,,,,,,,,,,,,,,,,,,,,,,,1.803415,,,,,,,,,,,,,,,,,,,,,,,,,,,,
144,7.150000,RB004,axial_column,4,,,,1.708235,,,,,,,,,,,,1.457751,,,,,,,,,,,,,,,,,,,,,,,,,,,,,,,,,,,,,,,,,,,,,,,,,,,,,,,,,,,,,,,1.656471,,,,,,,,,,,,,,,,,,,,,,,,,1.800024,,,,,,,,,,,,,,,,,,,,,,,,,,,,
145,7.200000,RB004,axial_column,4,,,,1.708235,,,,,,,,,,,,1.385407,,,,,,,,,,,,,,,,,,,,,,,,,,,,,,,,,,,,,,,,,,,,,,,,,,,,,,,,,,,,,,,1.656471,,,,,,,,,,,,,,,,,,,,,,,,,1.796632,,,,,,,,,,,,,,,,,,,,,,,,,,,,
146,7.250000,RB004,axial_column,4,,,,1.708235,,,,,,,,,,,,1.313063,,,,,,,,,,,,,,,,,,,,,,,,,,,,,,,,,,,,,,,,,,,,,,,,,,,,,,,,,,,,,,,1.656471,,,,,,,,,,,,,,,,,,,,,,,,,1.793241,,,,,,,,,,,,,,,,,,,,,,,,,,,,
147,7.300000,RB004,axial_column,4,,,,1.708235,,,,,,,,,,,,1.240718,,,,,,,,,,,,,,,,,,,,,,,,,,,,,,,,,,,,,,,,,,,,,,,,,,,,,,,,,,,,,,,1.656471,,,,,,,,,,,,,,,,,,,,,,,,,1.789850,,,,,,,,,,,,,,,,,,,,,,,,,,,,
148,7.350000,RB004,axial_column,4,,,,1.708235,,,,,,,,,,,,1.168374,,,,,,,,,,,,,,,,,,,,,,,,,,,,,,,,,,,,,,,,,,,,,,,,,,,,,,,,,,,,,,,1.656471,,,,,,,,,,,,,,,,,,,,,,,,,1.786459,,,,,,,,,,,,,,,,,,,,,,,,,,,,
149,7.400000,RB004,axial_column,4,,,,1.708235,,,,,,,,,,,,1.096030,,,,,,,,,,,,,,,,,,,,,,,,,,,,,,,,,,,,,,,,,,,,,,,,,,,,,,,,,,,,,,,1.656471,,,,,,,,,,,,,,,,,,,,,,,,,1.783068,,,,,,,,,,,,,,,,,,,,,,,,,,,,
150,7.450000,RB004,axial_column,5,,,,1.708235,,,,,,,,,,,,1.023685,,,,,,,,,,,,,1.746201,,,,,,,,,,,,,,,,,,,,,,,,,,,,,,,,,,,,,,,,,,,,,,,,,,1.656471,,,,,,,,,,,,,,,,,,,,,,,,,1.779677,,,,,,,,,,,,,,,,,,,,,,,,,,,,
151,7.500000,RB004,axial_column,5,,,,1.708235,,,,,,,,,,,,0.951341,,,,,,,,,,,,,1.743375,,,,,,,,,,,,,,,,,,,,,,,,,,,,,,,,,,,,,,,,,,,,,,,,,,1.656471,,,,,,,,,,,,,,,,,,,,,,,,,1.776286,,,,,,,,,,,,,,,,,,,,,,,,,,,,
152,7.550000,RB004,axial_column,5,,,,1.708235,,,,,,,,,,,,0.878997,,,,,,,,,,,,,1.740549,,,,,,,,,,,,,,,,,,,,,,,,,,,,,,,,,,,,,,,,,,,,,,,,,,1.656471,,,,,,,,,,,,,,,,,,,,,,,,,1.772894,,,,,,,,,,,,,,,,,,,,,,,,,,,,
153,7.600000,RB004,axial_column,5,,,,1.708235,,,,,,,,,,,,0.806652,,,,,,,,,,,,,1.737723,,,,,,,,,,,,,,,,,,,,,,,,,,,,,,,,,,,,,,,,,,,,,,,,,,1.656471,,,,,,,,,,,,,,,,,,,,,,,,,1.769503,,,,,,,,,,,,,,,,,,,,,,,,,,,,
154,7.650000,RB004,axial_column,5,,,,1.708235,,,,,,,,,,,,0.734308,,,,,,,,,,,,,1.734897,,,,,,,,,,,,,,,,,,,,,,,,,,,,,,,,,,,,,,,,,,,,,,,,,,1.656471,,,,,,,,,,,,,,,,,,,,,,,,,1.766112,,,,,,,,,,,,,,,,,,,,,,,,,,,,
155,7.700000,RB004,axial_column,5,,,,1.708235,,,,,,,,,,,,0.661964,,,,,,,,,,,,,1.732071,,,,,,,,,,,,,,,,,,,,,,,,,,,,,,,,,,,,,,,,,,,,,,,,,,1.656471,,,,,,,,,,,,,,,,,,,,,,,,,1.762721,,,,,,,,,,,,,,,,,,,,,,,,,,,,
156,7.750000,RB004,axial_column,5,,,,1.708235,,,,,,,,,,,,0.589619,,,,,,,,,,,,,1.729245,,,,,,,,,,,,,,,,,,,,,,,,,,,,,,,,,,,,,,,,,,,,,,,,,,1.656471,,,,,,,,,,,,,,,,,,,,,,,,,1.759330,,,,,,,,,,,,,,,,,,,,,,,,,,,,
157,7.800000,RB004,axial_column,5,,,,1.708235,,,,,,,,,,,,0.517275,,,,,,,,,,,,,1.726419,,,,,,,,,,,,,,,,,,,,,,,,,,,,,,,,,,,,,,,,,,,,,,,,,,1.656471,,,,,,,,,,,,,,,,,,,,,,,,,1.755939,,,,,,,,,,,,,,,,,,,,,,,,,,,,
158,7.850000,RB004,axial_column,5,,,,1.708235,,,,,,,,,,,,0.444930,,,,,,,,,,,,,1.723593,,,,,,,,,,,,,,,,,,,,,,,,,,,,,,,,,,,,,,,,,,,,,,,,,,1.656471,,,,,,,,,,,,,,,,,,,,,,,,,1.752548,,,,,,,,,,,,,,,,,,,,,,,,,,,,
159,7.900000,RB004,axial_column,5,,,,1.708235,,,,,,,,,,,,0.372586,,,,,,,,,,,,,1.720767,,,,,,,,,,,,,,,,,,,,,,,,,,,,,,,,,,,,,,,,,,,,,,,,,,1.656471,,,,,,,,,,,,,,,,,,,,,,,,,1.749156,,,,,,,,,,,,,,,,,,,,,,,,,,,,
160,7.950000,RB004,axial_column,5,,,,1.708235,,,,,,,,,,,,0.300242,,,,,,,,,,,,,1.717941,,,,,,,,,,,,,,,,,,,,,,,,,,,,,,,,,,,,,,,,,,,,,,,,,,1.656471,,,,,,,,,,,,,,,,,,,,,,,,,1.745765,,,,,,,,,,,,,,,,,,,,,,,,,,,,
161,8.000000,RB004,axial_column,5,,,,1.708235,,,,,,,,,,,,0.227897,,,,,,,,,,,,,1.715115,,,,,,,,,,,,,,,,,,,,,,,,,,,,,,,,,,,,,,,,,,,,,,,,,,1.656471,,,,,,,,,,,,,,,,,,,,,,,,,1.742374,,,,,,,,,,,,,,,,,,,,,,,,,,,,
162,8.050000,RB004,axial_column,5,,,,1.708235,,,,,,,,,,,,0.155553,,,,,,,,,,,,,1.712289,,,,,,,,,,,,,,,,,,,,,,,,,,,,,,,,,,,,,,,,,,,,,,,,,,1.656471,,,,,,,,,,,,,,,,,,,,,,,,,1.738983,,,,,,,,,,,,,,,,,,,,,,,,,,,,
163,8.100000,RB004,axial_column,5,,,,1.708235,,,,,,,,,,,,0.083209,,,,,,,,,,,,,1.709463,,,,,,,,,,,,,,,,,,,,,,,,,,,,,,,,,,,,,,,,,,,,,,,,,,1.656471,,,,,,,,,,,,,,,,,,,,,,,,,1.735592,,,,,,,,,,,,,,,,,,,,,,,,,,,,
164,8.150000,RB004,axial_column,5,,,,1.708235,,,,,,,,,,,,0.051765,,,,,,,,,,,,,1.708235,,,,,,,,,,,,,,,,,,,,,,,,,,,,,,,,,,,,,,,,,,,,,,,,,,1.656471,,,,,,,,,,,,,,,,,,,,,,,,,1.734118,,,,,,,,,,,,,,,,,,,,,,,,,,,,
165,8.200000,RB004,axial_column,5,,,,1.708235,,,,,,,,,,,,0.051765,,,,,,,,,,,,,1.708235,,,,,,,,,,,,,,,,,,,,,,,,,,,,,,,,,,,,,,,,,,,,,,,,,,1.656471,,,,,,,,,,,,,,,,,,,,,,,,,1.734118,,,,,,,,,,,,,,,,,,,,,,,,,,,,
166,8.250000,RB004,axial_column,5,,,,1.708235,,,,,,,,,,,,0.051765,,,,,,,,,,,,,1.708235,,,,,,,,,,,,,,,,,,,,,,,,,,,,,,,,,,,,,,,,,,,,,,,,,,1.656471,,,,,,,,,,,,,,,,,,,,,,,,,1.734118,,,,,,,,,,,,,,,,,,,,,,,,,,,,
167,8.300000,RB004,axial_column,5,,,,1.708235,,,,,,,,,,,,0.051765,,,,,,,,,,,,,1.708235,,,,,,,,,,,,,,,,,,,,,,,,,,,,,,,,,,,,,,,,,,,,,,,,,,1.656471,,,,,,,,,,,,,,,,,,,,,,,,,1.734118,,,,,,,,,,,,,,,,,,,,,,,,,,,,
168,8.350000,RB004,axial_column,5,,,,1.708235,,,,,,,,,,,,0.051765,,,,,,,,,,,,,1.708235,,,,,,,,,,,,,,,,,,,,,,,,,,,,,,,,,,,,,,,,,,,,,,,,,,1.656471,,,,,,,,,,,,,,,,,,,,,,,,,1.734118,,,,,,,,,,,,,,,,,,,,,,,,,,,,
169,8.400000,RB004,axial_column,5,,,,1.708235,,,,,,,,,,,,0.051765,,,,,,,,,,,,,1.708235,,,,,,,,,,,,,,,,,,,,,,,,,,,,,,,,,,,,,,,,,,,,,,,,,,1.656471,,,,,,,,,,,,,,,,,,,,,,,,,1.734118,,,,,,,,,,,,,,,,,,,,,,,,,,,,
170,8.450000,RB004,axial_column,5,,,,1.708235,,,,,,,,,,,,0.051765,,,,,,,,,,,,,1.708235,,,,,,,,,,,,,,,,,,,,,,,,,,,,,,,,,,,,,,,,,,,,,,,,,,1.656471,,,,,,,,,,,,,,,,,,,,,,,,,1.734118,,,,,,,,,,,,,,,,,,,,,,,,,,,,
171,8.500000,RB004,axial_column,5,,,,1.708235,,,,,,,,,,,,0.051765,,,,,,,,,,,,,1.708235,,,,,,,,,,,,,,,,,,,,,,,,,,,,,,,,,,,,,,,,,,,,,,,,,,1.656471,,,,,,,,,,,,,,,,,,,,,,,,,1.734118,,,,,,,,,,,,,,,,,,,,,,,,,,,,
172,8.550000,RB004,axial_column,5,,,,1.708235,,,,,,,,,,,,0.051765,,,,,,,,,,,,,1.708235,,,,,,,,,,,,,,,,,,,,,,,,,,,,,,,,,,,,,,,,,,,,,,,,,,1.656471,,,,,,,,,,,,,,,,,,,,,,,,,1.734118,,,,,,,,,,,,,,,,,,,,,,,,,,,,
173,8.600000,RB004,axial_column,5,,,,1.708235,,,,,,,,,,,,0.051765,,,,,,,,,,,,,1.708235,,,,,,,,,,,,,,,,,,,,,,,,,,,,,,,,,,,,,,,,,,,,,,,,,,1.656471,,,,,,,,,,,,,,,,,,,,,,,,,1.734118,,,,,,,,,,,,,,,,,,,,,,,,,,,,
174,8.650000,RB004,axial_column,5,,,,1.708235,,,,,,,,,,,,0.051765,,,,,,,,,,,,,1.708235,,,,,,,,,,,,,,,,,,,,,,,,,,,,,,,,,,,,,,,,,,,,,,,,,,1.656471,,,,,,,,,,,,,,,,,,,,,,,,,1.734118,,,,,,,,,,,,,,,,,,,,,,,,,,,,
175,8.700000,RB004,axial_column,5,,,,1.708235,,,,,,,,,,,,0.051765,,,,,,,,,,,,,1.708235,,,,,,,,,,,,,,,,,,,,,,,,,,,,,,,,,,,,,,,,,,,,,,,,,,1.656471,,,,,,,,,,,,,,,,,,,,,,,,,1.734118,,,,,,,,,,,,,,,,,,,,,,,,,,,,
176,8.750000,RB004,axial_column,5,,,,1.708235,,,,,,,,,,,,0.051765,,,,,,,,,,,,,1.708235,,,,,,,,,,,,,,,,,,,,,,,,,,,,,,,,,,,,,,,,,,,,,,,,,,1.656471,,,,,,,,,,,,,,,,,,,,,,,,,1.734118,,,,,,,,,,,,,,,,,,,,,,,,,,,,
177,8.800000,RB004,axial_column,5,,,,1.708235,,,,,,,,,,,,0.051765,,,,,,,,,,,,,1.708235,,,,,,,,,,,,,,,,,,,,,,,,,,,,,,,,,,,,,,,,,,,,,,,,,,1.656471,,,,,,,,,,,,,,,,,,,,,,,,,1.734118,,,,,,,,,,,,,,,,,,,,,,,,,,,,
178,8.850000,RB004,axial_column,5,,,,1.708235,,,,,,,,,,,,0.051765,,,,,,,,,,,,,1.708235,,,,,,,,,,,,,,,,,,,,,,,,,,,,,,,,,,,,,,,,,,,,,,,,,,1.656471,,,,,,,,,,,,,,,,,,,,,,,,,1.734118,,,,,,,,,,,,,,,,,,,,,,,,,,,,
179,8.900000,RB004,axial_column,5,,,,1.708235,,,,,,,,,,,,0.051765,,,,,,,,,,,,,1.708235,,,,,,,,,,,,,,,,,,,,,,,,,,,,,,,,,,,,,,,,,,,,,,,,,,1.656471,,,,,,,,,,,,,,,,,,,,,,,,,1.734118,,,,,,,,,,,,,,,,,,,,,,,,,,,,
180,8.950000,RB004,axial_column,5,,,,1.708235,,,,,,,,,,,,0.051765,,,,,,,,,,,,,1.708235,,,,,,,,,,,,,,,,,,,,,,,,,,,,,,,,,,,,,,,,,,,,,,,,,,1.656471,,,,,,,,,,,,,,,,,,,,,,,,,1.734118,,,,,,,,,,,,,,,,,,,,,,,,,,,,
181,9.000000,RB004,axial_column,5,,,,1.708235,,,,,,,,,,,,0.051765,,,,,,,,,,,,,1.708235,,,,,,,,,,,,,,,,,,,,,,,,,,,,,,,,,,,,,,,,,,,,,,,,,,1.656471,,,,,,,,,,,,,,,,,,,,,,,,,1.734118,,,,,,,,,,,,,,,,,,,,,,,,,,,,
182,9.050000,RB004,axial_column,5,,,,1.708235,,,,,,,,,,,,0.051765,,,,,,,,,,,,,1.708235,,,,,,,,,,,,,,,,,,,,,,,,,,,,,,,,,,,,,,,,,,,,,,,,,,1.656471,,,,,,,,,,,,,,,,,,,,,,,,,1.734118,,,,,,,,,,,,,,,,,,,,,,,,,,,,
183,9.100000,RB004,axial_column,5,,,,1.708235,,,,,,,,,,,,0.051765,,,,,,,,,,,,,1.708235,,,,,,,,,,,,,,,,,,,,,,,,,,,,,,,,,,,,,,,,,,,,,,,,,,1.656471,,,,,,,,,,,,,,,,,,,,,,,,,1.734118,,,,,,,,,,,,,,,,,,,,,,,,,,,,
184,9.150000,RB004,axial_column,5,,,,1.708235,,,,,,,,,,,,0.051765,,,,,,,,,,,,,1.708235,,,,,,,,,,,,,,,,,,,,,,,,,,,,,,,,,,,,,,,,,,,,,,,,,,1.656471,,,,,,,,,,,,,,,,,,,,,,,,,1.734118,,,,,,,,,,,,,,,,,,,,,,,,,,,,
185,9.200000,RB004,axial_column,5,,,,1.708235,,,,,,,,,,,,0.051765,,,,,,,,,,,,,1.708235,,,,,,,,,,,,,,,,,,,,,,,,,,,,,,,,,,,,,,,,,,,,,,,,,,1.656471,,,,,,,,,,,,,,,,,,,,,,,,,1.734118,,,,,,,,,,,,,,,,,,,,,,,,,,,,
186,9.250000,RB004,axial_column,5,,,,1.708235,,,,,,,,,,,,0.051765,,,,,,,,,,,,,1.708235,,,,,,,,,,,,,,,,,,,,,,,,,,,,,,,,,,,,,,,,,,,,,,,,,,1.656471,,,,,,,,,,,,,,,,,,,,,,,,,1.734118,,,,,,,,,,,,,,,,,,,,,,,,,,,,
187,9.300000,RB004,axial_column,6,,,,1.702172,,,,,,,,,,,,0.051765,,,,,,,,,,,,,1.708235,,,,,,,,,,,,1.726160,,,,,,,,,,,,,,,,,,,,,,,,,,,,,,,,,,,,,,1.656471,,,,,,,,,,,,,,,,,,,,,,,,,1.734118,,,,,,,,,,,,,,,,,,,,,,,,,,,,
188,9.350000,RB004,axial_column,6,,,,1.694082,,,,,,,,,,,,0.051765,,,,,,,,,,,,,1.708235,,,,,,,,,,,,1.715542,,,,,,,,,,,,,,,,,,,,,,,,,,,,,,,,,,,,,,1.656471,,,,,,,,,,,,,,,,,,,,,,,,,1.734118,,,,,,,,,,,,,,,,,,,,,,,,,,,,
189,9.400000,RB004,axial_column,6,,,,1.685991,,,,,,,,,,,,0.051765,,,,,,,,,,,,,1.708235,,,,,,,,,,,,1.704923,,,,,,,,,,,,,,,,,,,,,,,,,,,,,,,,,,,,,,1.656471,,,,,,,,,,,,,,,,,,,,,,,,,1.734118,,,,,,,,,,,,,,,,,,,,,,,,,,,,
190,9.450000,RB004,axial_column,6,,,,1.677901,,,,,,,,,,,,0.051765,,,,,,,,,,,,,1.708235,,,,,,,,,,,,1.694304,,,,,,,,,,,,,,,,,,,,,,,,,,,,,,,,,,,,,,1.656471,,,,,,,,,,,,,,,,,,,,,,,,,1.734118,,,,,,,,,,,,,,,,,,,,,,,,,,,,
191,9.500000,RB004,axial_column,6,,,,1.669810,,,,,,,,,,,,0.051765,,,,,,,,,,,,,1.708235,,,,,,,,,,,,1.683685,,,,,,,,,,,,,,,,,,,,,,,,,,,,,,,,,,,,,,1.656471,,,,,,,,,,,,,,,,,,,,,,,,,1.734118,,,,,,,,,,,,,,,,,,,,,,,,,,,,
192,9.550000,RB004,axial_column,6,,,,1.661719,,,,,,,,,,,,0.051765,,,,,,,,,,,,,1.708235,,,,,,,,,,,,1.673066,,,,,,,,,,,,,,,,,,,,,,,,,,,,,,,,,,,,,,1.656471,,,,,,,,,,,,,,,,,,,,,,,,,1.734118,,,,,,,,,,,,,,,,,,,,,,,,,,,,
193,9.600000,RB004,axial_column,6,,,,1.653629,,,,,,,,,,,,0.051765,,,,,,,,,,,,,1.708235,,,,,,,,,,,,1.662447,,,,,,,,,,,,,,,,,,,,,,,,,,,,,,,,,,,,,,1.656471,,,,,,,,,,,,,,,,,,,,,,,,,1.734118,,,,,,,,,,,,,,,,,,,,,,,,,,,,
194,9.650000,RB004,axial_column,6,,,,1.645538,,,,,,,,,,,,0.051765,,,,,,,,,,,,,1.708235,,,,,,,,,,,,1.651829,,,,,,,,,,,,,,,,,,,,,,,,,,,,,,,,,,,,,,1.656471,,,,,,,,,,,,,,,,,,,,,,,,,1.734118,,,,,,,,,,,,,,,,,,,,,,,,,,,,
195,9.700000,RB004,axial_column,6,,,,1.637448,,,,,,,,,,,,0.051765,,,,,,,,,,,,,1.708235,,,,,,,,,,,,1.641210,,,,,,,,,,,,,,,,,,,,,,,,,,,,,,,,,,,,,,1.656471,,,,,,,,,,,,,,,,,,,,,,,,,1.734118,,,,,,,,,,,,,,,,,,,,,,,,,,,,
196,9.750000,RB004,axial_column,6,,,,1.629357,,,,,,,,,,,,0.051765,,,,,,,,,,,,,1.708235,,,,,,,,,,,,1.630591,,,,,,,,,,,,,,,,,,,,,,,,,,,,,,,,,,,,,,1.656471,,,,,,,,,,,,,,,,,,,,,,,,,1.734118,,,,,,,,,,,,,,,,,,,,,,,,,,,,
197,9.800000,RB004,axial_column,6,,,,1.621267,,,,,,,,,,,,0.051765,,,,,,,,,,,,,1.708235,,,,,,,,,,,,1.619972,,,,,,,,,,,,,,,,,,,,,,,,,,,,,,,,,,,,,,1.656471,,,,,,,,,,,,,,,,,,,,,,,,,1.734118,,,,,,,,,,,,,,,,,,,,,,,,,,,,
198,9.850000,RB004,axial_column,6,,,,1.613176,,,,,,,,,,,,0.051765,,,,,,,,,,,,,1.708235,,,,,,,,,,,,1.609353,,,,,,,,,,,,,,,,,,,,,,,,,,,,,,,,,,,,,,1.656471,,,,,,,,,,,,,,,,,,,,,,,,,1.734118,,,,,,,,,,,,,,,,,,,,,,,,,,,,
199,9.900000,RB004,axial_column,6,,,,1.605086,,,,,,,,,,,,0.051765,,,,,,,,,,,,,1.708235,,,,,,,,,,,,1.598734,,,,,,,,,,,,,,,,,,,,,,,,,,,,,,,,,,,,,,1.656471,,,,,,,,,,,,,,,,,,,,,,,,,1.734118,,,,,,,,,,,,,,,,,,,,,,,,,,,,
200,9.950000,RB004,axial_column,6,,,,1.596995,,,,,,,,,,,,0.051765,,,,,,,,,,,,,1.708235,,,,,,,,,,,,1.588116,,,,,,,,,,,,,,,,,,,,,,,,,,,,,,,,,,,,,,1.656471,,,,,,,,,,,,,,,,,,,,,,,,,1.734118,,,,,,,,,,,,,,,,,,,,,,,,,,,,
201,10.000000,RB004,axial_column,6,,,,1.588905,,,,,,,,,,,,0.051765,,,,,,,,,,,,,1.708235,,,,,,,,,,,,1.577497,,,,,,,,,,,,,,,,,,,,,,,,,,,,,,,,,,,,,,1.656471,,,,,,,,,,,,,,,,,,,,,,,,,1.734118,,,,,,,,,,,,,,,,,,,,,,,,,,,,
202,10.050000,RB004,axial_column,6,,,,1.580814,,,,,,,,,,,,0.051765,,,,,,,,,,,,,1.708235,,,,,,,,,,,,1.566878,,,,,,,,,,,,,,,,,,,,,,,,,,,,,,,,,,,,,,1.656471,,,,,,,,,,,,,,,,,,,,,,,,,1.734118,,,,,,,,,,,,,,,,,,,,,,,,,,,,
203,10.100000,RB004,axial_column,6,,,,1.572724,,,,,,,,,,,,0.051765,,,,,,,,,,,,,1.708235,,,,,,,,,,,,1.556259,,,,,,,,,,,,,,,,,,,,,,,,,,,,,,,,,,,,,,1.656471,,,,,,,,,,,,,,,,,,,,,,,,,1.734118,,,,,,,,,,,,,,,,,,,,,,,,,,,,
204,10.150000,RB004,axial_column,6,,,,1.564633,,,,,,,,,,,,0.051765,,,,,,,,,,,,,1.708235,,,,,,,,,,,,1.545640,,,,,,,,,,,,,,,,,,,,,,,,,,,,,,,,,,,,,,1.656471,,,,,,,,,,,,,,,,,,,,,,,,,1.734118,,,,,,,,,,,,,,,,,,,,,,,,,,,,
205,10.200000,RB004,axial_column,6,,,,1.556542,,,,,,,,,,,,0.051765,,,,,,,,,,,,,1.708235,,,,,,,,,,,,1.535021,,,,,,,,,,,,,,,,,,,,,,,,,,,,,,,,,,,,,,1.656471,,,,,,,,,,,,,,,,,,,,,,,,,1.734118,,,,,,,,,,,,,,,,,,,,,,,,,,,,
206,10.250000,RB004,axial_column,6,,,,1.548452,,,,,,,,,,,,0.051765,,,,,,,,,,,,,1.708235,,,,,,,,,,,,1.524403,,,,,,,,,,,,,,,,,,,,,,,,,,,,,,,,,,,,,,1.656471,,,,,,,,,,,,,,,,,,,,,,,,,1.734118,,,,,,,,,,,,,,,,,,,,,,,,,,,,
207,10.300000,RB004,axial_column,6,,,,1.540361,,,,,,,,,,,,0.051765,,,,,,,,,,,,,1.708235,,,,,,,,,,,,1.513784,,,,,,,,,,,,,,,,,,,,,,,,,,,,,,,,,,,,,,1.656471,,,,,,,,,,,,,,,,,,,,,,,,,1.734118,,,,,,,,,,,,,,,,,,,,,,,,,,,,
208,10.350000,RB004,axial_column,6,,,,1.532271,,,,,,,,,,,,0.051765,,,,,,,,,,,,,1.708235,,,,,,,,,,,,1.503165,,,,,,,,,,,,,,,,,,,,,,,,,,,,,,,,,,,,,,1.656471,,,,,,,,,,,,,,,,,,,,,,,,,1.734118,,,,,,,,,,,,,,,,,,,,,,,,,,,,
209,10.400000,RB004,axial_column,6,,,,1.524180,,,,,,,,,,,,0.051765,,,,,,,,,,,,,1.708235,,,,,,,,,,,,1.492546,,,,,,,,,,,,,,,,,,,,,,,,,,,,,,,,,,,,,,1.656471,,,,,,,,,,,,,,,,,,,,,,,,,1.734118,,,,,,,,,,,,,,,,,,,,,,,,,,,,
210,10.450000,RB004,axial_column,6,,,,1.516090,,,,,,,,,,,,0.051765,,,,,,,,,,,,,1.708235,,,,,,,,,,,,1.481927,,,,,,,,,,,,,,,,,,,,,,,,,,,,,,,,,,,,,,1.656471,,,,,,,,,,,,,,,,,,,,,,,,,1.734118,,,,,,,,,,,,,,,,,,,,,,,,,,,,
211,10.500000,RB004,axial_column,6,,,,1.507999,,,,,,,,,,,,0.051765,,,,,,,,,,,,,1.708235,,,,,,,,,,,,1.471308,,,,,,,,,,,,,,,,,,,,,,,,,,,,,,,,,,,,,,1.656471,,,,,,,,,,,,,,,,,,,,,,,,,1.734118,,,,,,,,,,,,,,,,,,,,,,,,,,,,
212,10.550000,RB004,axial_column,6,,,,1.501176,,,,,,,,,,,,0.051765,,,,,,,,,,,,,1.708235,,,,,,,,,,,,1.462353,,,,,,,,,,,,,,,,,,,,,,,,,,,,,,,,,,,,,,1.656471,,,,,,,,,,,,,,,,,,,,,,,,,1.734118,,,,,,,,,,,,,,,,,,,,,,,,,,,,
213,10.600000,RB004,axial_column,7,,,,1.501176,,,,,,,,,,,,0.051765,,,,,,,,,,,,,1.708235,,,,,,,,,,,,1.462353,,,,,,,,,,,,1.565882,,,,,,,,,,,,,,,,,,,,,,,,,,1.656471,,,,,,,,,,,,,,,,,,,,,,,,,1.734118,,,,,,,,,,,,,,,,,,,,,,,,,,,,
214,10.650000,RB004,axial_column,7,,,,1.501176,,,,,,,,,,,,0.051765,,,,,,,,,,,,,1.708235,,,,,,,,,,,,1.462353,,,,,,,,,,,,1.565882,,,,,,,,,,,,,,,,,,,,,,,,,,1.656471,,,,,,,,,,,,,,,,,,,,,,,,,1.734118,,,,,,,,,,,,,,,,,,,,,,,,,,,,
215,10.700000,RB004,axial_column,7,,,,1.501176,,,,,,,,,,,,0.051765,,,,,,,,,,,,,1.708235,,,,,,,,,,,,1.462353,,,,,,,,,,,,1.565882,,,,,,,,,,,,,,,,,,,,,,,,,,1.656471,,,,,,,,,,,,,,,,,,,,,,,,,1.734118,,,,,,,,,,,,,,,,,,,,,,,,,,,,
216,10.750000,RB004,axial_column,7,,,,1.501176,,,,,,,,,,,,0.051765,,,,,,,,,,,,,1.708235,,,,,,,,,,,,1.462353,,,,,,,,,,,,1.565882,,,,,,,,,,,,,,,,,,,,,,,,,,1.656471,,,,,,,,,,,,,,,,,,,,,,,,,1.734118,,,,,,,,,,,,,,,,,,,,,,,,,,,,
217,10.800000,RB004,axial_column,7,,,,1.501176,,,,,,,,,,,,0.051765,,,,,,,,,,,,,1.708235,,,,,,,,,,,,1.462353,,,,,,,,,,,,1.565882,,,,,,,,,,,,,,,,,,,,,,,,,,1.656471,,,,,,,,,,,,,,,,,,,,,,,,,1.734118,,,,,,,,,,,,,,,,,,,,,,,,,,,,
218,10.850000,RB004,axial_column,7,,,,1.501176,,,,,,,,,,,,0.051765,,,,,,,,,,,,,1.708235,,,,,,,,,,,,1.462353,,,,,,,,,,,,1.565882,,,,,,,,,,,,,,,,,,,,,,,,,,1.656471,,,,,,,,,,,,,,,,,,,,,,,,,1.734118,,,,,,,,,,,,,,,,,,,,,,,,,,,,
219,10.900000,RB004,axial_column,7,,,,1.501176,,,,,,,,,,,,0.051765,,,,,,,,,,,,,1.708235,,,,,,,,,,,,1.462353,,,,,,,,,,,,1.565882,,,,,,,,,,,,,,,,,,,,,,,,,,1.656471,,,,,,,,,,,,,,,,,,,,,,,,,1.734118,,,,,,,,,,,,,,,,,,,,,,,,,,,,
220,10.950000,RB004,axial_column,7,,,,1.501176,,,,,,,,,,,,0.051765,,,,,,,,,,,,,1.708235,,,,,,,,,,,,1.462353,,,,,,,,,,,,1.565882,,,,,,,,,,,,,,,,,,,,,,,,,,1.656471,,,,,,,,,,,,,,,,,,,,,,,,,1.734118,,,,,,,,,,,,,,,,,,,,,,,,,,,,
221,11.000000,RB004,axial_column,7,,,,1.501176,,,,,,,,,,,,0.051765,,,,,,,,,,,,,1.708235,,,,,,,,,,,,1.462353,,,,,,,,,,,,1.565882,,,,,,,,,,,,,,,,,,,,,,,,,,1.656471,,,,,,,,,,,,,,,,,,,,,,,,,1.734118,,,,,,,,,,,,,,,,,,,,,,,,,,,,
222,11.050000,RB004,axial_column,7,,,,1.501176,,,,,,,,,,,,0.051765,,,,,,,,,,,,,1.708235,,,,,,,,,,,,1.462353,,,,,,,,,,,,1.565882,,,,,,,,,,,,,,,,,,,,,,,,,,1.656471,,,,,,,,,,,,,,,,,,,,,,,,,1.734118,,,,,,,,,,,,,,,,,,,,,,,,,,,,
223,11.100000,RB004,axial_column,7,,,,1.501176,,,,,,,,,,,,0.051765,,,,,,,,,,,,,1.708235,,,,,,,,,,,,1.462353,,,,,,,,,,,,1.565882,,,,,,,,,,,,,,,,,,,,,,,,,,1.656471,,,,,,,,,,,,,,,,,,,,,,,,,1.734118,,,,,,,,,,,,,,,,,,,,,,,,,,,,
224,11.150000,RB004,axial_column,7,,,,1.501176,,,,,,,,,,,,0.051765,,,,,,,,,,,,,1.708235,,,,,,,,,,,,1.462353,,,,,,,,,,,,1.565882,,,,,,,,,,,,,,,,,,,,,,,,,,1.656471,,,,,,,,,,,,,,,,,,,,,,,,,1.734118,,,,,,,,,,,,,,,,,,,,,,,,,,,,
225,11.200000,RB004,axial_column,7,,,,1.501176,,,,,,,,,,,,0.051765,,,,,,,,,,,,,1.708235,,,,,,,,,,,,1.462353,,,,,,,,,,,,1.565882,,,,,,,,,,,,,,,,,,,,,,,,,,1.656471,,,,,,,,,,,,,,,,,,,,,,,,,1.734118,,,,,,,,,,,,,,,,,,,,,,,,,,,,
226,11.250000,RB004,axial_column,7,,,,1.501176,,,,,,,,,,,,0.051765,,,,,,,,,,,,,1.708235,,,,,,,,,,,,1.462353,,,,,,,,,,,,1.565882,,,,,,,,,,,,,,,,,,,,,,,,,,1.656471,,,,,,,,,,,,,,,,,,,,,,,,,1.734118,,,,,,,,,,,,,,,,,,,,,,,,,,,,
227,11.300000,RB004,axial_column,7,,,,1.501176,,,,,,,,,,,,0.051765,,,,,,,,,,,,,1.708235,,,,,,,,,,,,1.462353,,,,,,,,,,,,1.565882,,,,,,,,,,,,,,,,,,,,,,,,,,1.656471,,,,,,,,,,,,,,,,,,,,,,,,,1.734118,,,,,,,,,,,,,,,,,,,,,,,,,,,,
228,11.350000,RB004,axial_column,7,,,,1.501176,,,,,,,,,,,,0.051765,,,,,,,,,,,,,1.708235,,,,,,,,,,,,1.462353,,,,,,,,,,,,1.565882,,,,,,,,,,,,,,,,,,,,,,,,,,1.656471,,,,,,,,,,,,,,,,,,,,,,,,,1.734118,,,,,,,,,,,,,,,,,,,,,,,,,,,,
229,11.400000,RB004,axial_column,7,,,,1.501176,,,,,,,,,,,,0.051765,,,,,,,,,,,,,1.708235,,,,,,,,,,,,1.462353,,,,,,,,,,,,1.565882,,,,,,,,,,,,,,,,,,,,,,,,,,1.656471,,,,,,,,,,,,,,,,,,,,,,,,,1.734118,,,,,,,,,,,,,,,,,,,,,,,,,,,,
230,11.450000,RB004,axial_column,7,,,,1.501176,,,,,,,,,,,,0.051765,,,,,,,,,,,,,1.708235,,,,,,,,,,,,1.462353,,,,,,,,,,,,1.565882,,,,,,,,,,,,,,,,,,,,,,,,,,1.656471,,,,,,,,,,,,,,,,,,,,,,,,,1.734118,,,,,,,,,,,,,,,,,,,,,,,,,,,,
231,11.500000,RB004,axial_column,7,,,,1.501176,,,,,,,,,,,,0.051765,,,,,,,,,,,,,1.708235,,,,,,,,,,,,1.462353,,,,,,,,,,,,1.565882,,,,,,,,,,,,,,,,,,,,,,,,,,1.656471,,,,,,,,,,,,,,,,,,,,,,,,,1.734118,,,,,,,,,,,,,,,,,,,,,,,,,,,,
232,11.550000,RB004,axial_column,7,,,,1.501176,,,,,,,,,,,,0.051765,,,,,,,,,,,,,1.708235,,,,,,,,,,,,1.462353,,,,,,,,,,,,1.565882,,,,,,,,,,,,,,,,,,,,,,,,,,1.656471,,,,,,,,,,,,,,,,,,,,,,,,,1.734118,,,,,,,,,,,,,,,,,,,,,,,,,,,,
233,11.600000,RB004,axial_column,7,,,,1.501176,,,,,,,,,,,,0.051765,,,,,,,,,,,,,1.708235,,,,,,,,,,,,1.462353,,,,,,,,,,,,1.565882,,,,,,,,,,,,,,,,,,,,,,,,,,1.656471,,,,,,,,,,,,,,,,,,,,,,,,,1.734118,,,,,,,,,,,,,,,,,,,,,,,,,,,,
234,11.650000,RB004,axial_column,7,,,,1.501176,,,,,,,,,,,,0.051765,,,,,,,,,,,,,1.708235,,,,,,,,,,,,1.462353,,,,,,,,,,,,1.565882,,,,,,,,,,,,,,,,,,,,,,,,,,1.656471,,,,,,,,,,,,,,,,,,,,,,,,,1.734118,,,,,,,,,,,,,,,,,,,,,,,,,,,,
235,11.700000,RB004,axial_column,7,,,,1.501176,,,,,,,,,,,,0.051765,,,,,,,,,,,,,1.708235,,,,,,,,,,,,1.462353,,,,,,,,,,,,1.565355,,,,,,,,,,,,,,,,,,,,,,,,,,1.656471,,,,,,,,,,,,,,,,,,,,,,,,,1.732799,,,,,,,,,,,,,,,,,,,,,,,,,,,,
236,11.750000,RB004,axial_column,7,,,,1.501176,,,,,,,,,,,,0.051765,,,,,,,,,,,,,1.708235,,,,,,,,,,,,1.462353,,,,,,,,,,,,1.564231,,,,,,,,,,,,,,,,,,,,,,,,,,1.656471,,,,,,,,,,,,,,,,,,,,,,,,,1.729991,,,,,,,,,,,,,,,,,,,,,,,,,,,,
237,11.800000,RB004,axial_column,7,,,,1.501176,,,,,,,,,,,,0.051765,,,,,,,,,,,,,1.708235,,,,,,,,,,,,1.462353,,,,,,,,,,,,1.563108,,,,,,,,,,,,,,,,,,,,,,,,,,1.656471,,,,,,,,,,,,,,,,,,,,,,,,,1.727183,,,,,,,,,,,,,,,,,,,,,,,,,,,,
238,11.850000,RB004,axial_column,7,,,,1.501176,,,,,,,,,,,,0.051765,,,,,,,,,,,,,1.708235,,,,,,,,,,,,1.462353,,,,,,,,,,,,1.561985,,,,,,,,,,,,,,,,,,,,,,,,,,1.656471,,,,,,,,,,,,,,,,,,,,,,,,,1.724375,,,,,,,,,,,,,,,,,,,,,,,,,,,,
239,11.900000,RB004,axial_column,7,,,,1.501176,,,,,,,,,,,,0.051765,,,,,,,,,,,,,1.708235,,,,,,,,,,,,1.462353,,,,,,,,,,,,1.560862,,,,,,,,,,,,,,,,,,,,,,,,,,1.656471,,,,,,,,,,,,,,,,,,,,,,,,,1.721567,,,,,,,,,,,,,,,,,,,,,,,,,,,,
240,11.950000,RB004,axial_column,7,,,,1.501176,,,,,,,,,,,,0.051765,,,,,,,,,,,,,1.708235,,,,,,,,,,,,1.462353,,,,,,,,,,,,1.559738,,,,,,,,,,,,,,,,,,,,,,,,,,1.656471,,,,,,,,,,,,,,,,,,,,,,,,,1.718759,,,,,,,,,,,,,,,,,,,,,,,,,,,,
241,12.000000,RB004,axial_column,7,,,,1.501176,,,,,,,,,,,,0.051765,,,,,,,,,,,,,1.708235,,,,,,,,,,,,1.462353,,,,,,,,,,,,1.558615,,,,,,,,,,,,,,,,,,,,,,,,,,1.656471,,,,,,,,,,,,,,,,,,,,,,,,,1.715951,,,,,,,,,,,,,,,,,,,,,,,,,,,,
242,12.050000,RB004,axial_column,7,,,,1.501176,,,,,,,,,,,,0.051765,,,,,,,,,,,,,1.708235,,,,,,,,,,,,1.462353,,,,,,,,,,,,1.557492,,,,,,,,,,,,,,,,,,,,,,,,,,1.656471,,,,,,,,,,,,,,,,,,,,,,,,,1.713143,,,,,,,,,,,,,,,,,,,,,,,,,,,,
243,12.100000,RB004,axial_column,7,,,,1.501176,,,,,,,,,,,,0.051765,,,,,,,,,,,,,1.708235,,,,,,,,,,,,1.462353,,,,,,,,,,,,1.556369,,,,,,,,,,,,,,,,,,,,,,,,,,1.656471,,,,,,,,,,,,,,,,,,,,,,,,,1.710335,,,,,,,,,,,,,,,,,,,,,,,,,,,,
244,12.150000,RB004,axial_column,7,,,,1.501176,,,,,,,,,,,,0.051765,,,,,,,,,,,,,1.708235,,,,,,,,,,,,1.462353,,,,,,,,,,,,1.555246,,,,,,,,,,,,,,,,,,,,,,,,,,1.656471,,,,,,,,,,,,,,,,,,,,,,,,,1.707527,,,,,,,,,,,,,,,,,,,,,,,,,,,,
245,12.200000,RB004,axial_column,7,,,,1.501176,,,,,,,,,,,,0.051765,,,,,,,,,,,,,1.708235,,,,,,,,,,,,1.462353,,,,,,,,,,,,1.554122,,,,,,,,,,,,,,,,,,,,,,,,,,1.656471,,,,,,,,,,,,,,,,,,,,,,,,,1.704719,,,,,,,,,,,,,,,,,,,,,,,,,,,,
246,12.250000,RB004,axial_column,7,,,,1.501176,,,,,,,,,,,,0.051765,,,,,,,,,,,,,1.708235,,,,,,,,,,,,1.462353,,,,,,,,,,,,1.552999,,,,,,,,,,,,,,,,,,,,,,,,,,1.656471,,,,,,,,,,,,,,,,,,,,,,,,,1.701911,,,,,,,,,,,,,,,,,,,,,,,,,,,,
247,12.300000,RB004,axial_column,7,,,,1.501176,,,,,,,,,,,,0.051765,,,,,,,,,,,,,1.708235,,,,,,,,,,,,1.462353,,,,,,,,,,,,1.551876,,,,,,,,,,,,,,,,,,,,,,,,,,1.656471,,,,,,,,,,,,,,,,,,,,,,,,,1.699102,,,,,,,,,,,,,,,,,,,,,,,,,,,,
248,12.350000,RB004,axial_column,7,,,,1.501176,,,,,,,,,,,,0.051765,,,,,,,,,,,,,1.708235,,,,,,,,,,,,1.462353,,,,,,,,,,,,1.550753,,,,,,,,,,,,,,,,,,,,,,,,,,1.656471,,,,,,,,,,,,,,,,,,,,,,,,,1.696294,,,,,,,,,,,,,,,,,,,,,,,,,,,,
249,12.400000,RB004,axial_column,7,,,,1.501176,,,,,,,,,,,,0.051765,,,,,,,,,,,,,1.708235,,,,,,,,,,,,1.462353,,,,,,,,,,,,1.549630,,,,,,,,,,,,,,,,,,,,,,,,,,1.656471,,,,,,,,,,,,,,,,,,,,,,,,,1.693486,,,,,,,,,,,,,,,,,,,,,,,,,,,,
250,12.450000,RB004,axial_column,7,,,,1.501176,,,,,,,,,,,,0.051765,,,,,,,,,,,,,1.708235,,,,,,,,,,,,1.462353,,,,,,,,,,,,1.548506,,,,,,,,,,,,,,,,,,,,,,,,,,1.656471,,,,,,,,,,,,,,,,,,,,,,,,,1.690678,,,,,,,,,,,,,,,,,,,,,,,,,,,,
251,12.500000,RB004,axial_column,7,,,,1.501176,,,,,,,,,,,,0.051765,,,,,,,,,,,,,1.708235,,,,,,,,,,,,1.462353,,,,,,,,,,,,1.547383,,,,,,,,,,,,,,,,,,,,,,,,,,1.656471,,,,,,,,,,,,,,,,,,,,,,,,,1.687870,,,,,,,,,,,,,,,,,,,,,,,,,,,,
252,12.550000,RB004,axial_column,7,,,,1.501176,,,,,,,,,,,,0.051765,,,,,,,,,,,,,1.708235,,,,,,,,,,,,1.462353,,,,,,,,,,,,1.546260,,,,,,,,,,,,,,,,,,,,,,,,,,1.656471,,,,,,,,,,,,,,,,,,,,,,,,,1.685062,,,,,,,,,,,,,,,,,,,,,,,,,,,,
253,12.600000,RB004,axial_column,7,,,,1.501176,,,,,,,,,,,,0.051765,,,,,,,,,,,,,1.708235,,,,,,,,,,,,1.462353,,,,,,,,,,,,1.545137,,,,,,,,,,,,,,,,,,,,,,,,,,1.656471,,,,,,,,,,,,,,,,,,,,,,,,,1.682254,,,,,,,,,,,,,,,,,,,,,,,,,,,,
254,12.650000,RB004,axial_column,7,,,,1.501176,,,,,,,,,,,,0.051765,,,,,,,,,,,,,1.708235,,,,,,,,,,,,1.462353,,,,,,,,,,,,1.544014,,,,,,,,,,,,,,,,,,,,,,,,,,1.656471,,,,,,,,,,,,,,,,,,,,,,,,,1.679446,,,,,,,,,,,,,,,,,,,,,,,,,,,,
255,12.700000,RB004,axial_column,7,,,,1.501176,,,,,,,,,,,,0.051765,,,,,,,,,,,,,1.708235,,,,,,,,,,,,1.462353,,,,,,,,,,,,1.542890,,,,,,,,,,,,,,,,,,,,,,,,,,1.656471,,,,,,,,,,,,,,,,,,,,,,,,,1.676638,,,,,,,,,,,,,,,,,,,,,,,,,,,,
256,12.750000,RB004,axial_column,7,,,,1.501176,,,,,,,,,,,,0.051765,,,,,,,,,,,,,1.708235,,,,,,,,,,,,1.462353,,,,,,,,,,,,1.541767,,,,,,,,,,,,,,,,,,,,,,,,,,1.656471,,,,,,,,,,,,,,,,,,,,,,,,,1.673830,,,,,,,,,,,,,,,,,,,,,,,,,,,,
257,12.800000,RB004,axial_column,7,,,,1.501176,,,,,,,,,,,,0.051765,,,,,,,,,,,,,1.708235,,,,,,,,,,,,1.462353,,,,,,,,,,,,1.540644,,,,,,,,,,,,,,,,,,,,,,,,,,1.656471,,,,,,,,,,,,,,,,,,,,,,,,,1.671022,,,,,,,,,,,,,,,,,,,,,,,,,,,,
258,12.850000,RB004,axial_column,7,,,,1.501176,,,,,,,,,,,,0.051765,,,,,,,,,,,,,1.708235,,,,,,,,,,,,1.462353,,,,,,,,,,,,1.539761,,,,,,,,,,,,,,,,,,,,,,,,,,1.656471,,,,,,,,,,,,,,,,,,,,,,,,,1.669412,,,,,,,,,,,,,,,,,,,,,,,,,,,,
259,12.900000,RB004,axial_column,7,,,,1.501176,,,,,,,,,,,,0.051765,,,,,,,,,,,,,1.708235,,,,,,,,,,,,1.462353,,,,,,,,,,,,1.539202,,,,,,,,,,,,,,,,,,,,,,,,,,1.656471,,,,,,,,,,,,,,,,,,,,,,,,,1.669412,,,,,,,,,,,,,,,,,,,,,,,,,,,,
260,12.950000,RB004,axial_column,7,,,,1.501176,,,,,,,,,,,,0.051765,,,,,,,,,,,,,1.708235,,,,,,,,,,,,1.462353,,,,,,,,,,,,1.538643,,,,,,,,,,,,,,,,,,,,,,,,,,1.656471,,,,,,,,,,,,,,,,,,,,,,,,,1.669412,,,,,,,,,,,,,,,,,,,,,,,,,,,,
261,13.000000,RB004,axial_column,7,,,,1.501176,,,,,,,,,,,,0.051765,,,,,,,,,,,,,1.708235,,,,,,,,,,,,1.462353,,,,,,,,,,,,1.538083,,,,,,,,,,,,,,,,,,,,,,,,,,1.656471,,,,,,,,,,,,,,,,,,,,,,,,,1.669412,,,,,,,,,,,,,,,,,,,,,,,,,,,,
262,13.050000,RB004,axial_column,7,,,,1.501176,,,,,,,,,,,,0.051765,,,,,,,,,,,,,1.708235,,,,,,,,,,,,1.462353,,,,,,,,,,,,1.537524,,,,,,,,,,,,,,,,,,,,,,,,,,1.656471,,,,,,,,,,,,,,,,,,,,,,,,,1.669412,,,,,,,,,,,,,,,,,,,,,,,,,,,,
263,13.100000,RB004,axial_column,7,,,,1.501176,,,,,,,,,,,,0.051765,,,,,,,,,,,,,1.708235,,,,,,,,,,,,1.462353,,,,,,,,,,,,1.536965,,,,,,,,,,,,,,,,,,,,,,,,,,1.656471,,,,,,,,,,,,,,,,,,,,,,,,,1.669412,,,,,,,,,,,,,,,,,,,,,,,,,,,,
264,13.150000,RB004,axial_column,7,,,,1.501176,,,,,,,,,,,,0.051765,,,,,,,,,,,,,1.708235,,,,,,,,,,,,1.462353,,,,,,,,,,,,1.536405,,,,,,,,,,,,,,,,,,,,,,,,,,1.656471,,,,,,,,,,,,,,,,,,,,,,,,,1.669412,,,,,,,,,,,,,,,,,,,,,,,,,,,,
265,13.200000,RB004,axial_column,7,,,,1.501176,,,,,,,,,,,,0.051765,,,,,,,,,,,,,1.708235,,,,,,,,,,,,1.462353,,,,,,,,,,,,1.535846,,,,,,,,,,,,,,,,,,,,,,,,,,1.656471,,,,,,,,,,,,,,,,,,,,,,,,,1.669412,,,,,,,,,,,,,,,,,,,,,,,,,,,,
266,13.250000,RB004,axial_column,7,,,,1.501176,,,,,,,,,,,,0.051765,,,,,,,,,,,,,1.708235,,,,,,,,,,,,1.462353,,,,,,,,,,,,1.535287,,,,,,,,,,,,,,,,,,,,,,,,,,1.656471,,,,,,,,,,,,,,,,,,,,,,,,,1.669412,,,,,,,,,,,,,,,,,,,,,,,,,,,,
267,13.300000,RB004,axial_column,7,,,,1.501176,,,,,,,,,,,,0.051765,,,,,,,,,,,,,1.708235,,,,,,,,,,,,1.462353,,,,,,,,,,,,1.534728,,,,,,,,,,,,,,,,,,,,,,,,,,1.656471,,,,,,,,,,,,,,,,,,,,,,,,,1.669412,,,,,,,,,,,,,,,,,,,,,,,,,,,,
268,13.350000,RB004,axial_column,7,,,,1.501176,,,,,,,,,,,,0.051765,,,,,,,,,,,,,1.708235,,,,,,,,,,,,1.462353,,,,,,,,,,,,1.534168,,,,,,,,,,,,,,,,,,,,,,,,,,1.656471,,,,,,,,,,,,,,,,,,,,,,,,,1.669412,,,,,,,,,,,,,,,,,,,,,,,,,,,,
269,13.400000,RB004,axial_column,7,,,,1.501176,,,,,,,,,,,,0.051765,,,,,,,,,,,,,1.708235,,,,,,,,,,,,1.462353,,,,,,,,,,,,1.533609,,,,,,,,,,,,,,,,,,,,,,,,,,1.656471,,,,,,,,,,,,,,,,,,,,,,,,,1.669412,,,,,,,,,,,,,,,,,,,,,,,,,,,,
270,13.450000,RB004,axial_column,7,,,,1.501176,,,,,,,,,,,,0.051765,,,,,,,,,,,,,1.708235,,,,,,,,,,,,1.462353,,,,,,,,,,,,1.533050,,,,,,,,,,,,,,,,,,,,,,,,,,1.656471,,,,,,,,,,,,,,,,,,,,,,,,,1.669412,,,,,,,,,,,,,,,,,,,,,,,,,,,,
271,13.500000,RB004,axial_column,7,,,,1.501176,,,,,,,,,,,,0.051765,,,,,,,,,,,,,1.708235,,,,,,,,,,,,1.462353,,,,,,,,,,,,1.532490,,,,,,,,,,,,,,,,,,,,,,,,,,1.656471,,,,,,,,,,,,,,,,,,,,,,,,,1.669412,,,,,,,,,,,,,,,,,,,,,,,,,,,,
272,13.550000,RB004,axial_column,7,,,,1.501176,,,,,,,,,,,,0.051765,,,,,,,,,,,,,1.708235,,,,,,,,,,,,1.462353,,,,,,,,,,,,1.531931,,,,,,,,,,,,,,,,,,,,,,,,,,1.656471,,,,,,,,,,,,,,,,,,,,,,,,,1.669412,,,,,,,,,,,,,,,,,,,,,,,,,,,,
273,13.600000,RB004,axial_column,7,,,,1.501176,,,,,,,,,,,,0.051765,,,,,,,,,,,,,1.708235,,,,,,,,,,,,1.462353,,,,,,,,,,,,1.531372,,,,,,,,,,,,,,,,,,,,,,,,,,1.656471,,,,,,,,,,,,,,,,,,,,,,,,,1.669412,,,,,,,,,,,,,,,,,,,,,,,,,,,,
274,13.650000,RB004,axial_column,7,,,,1.501176,,,,,,,,,,,,0.051765,,,,,,,,,,,,,1.708235,,,,,,,,,,,,1.462353,,,,,,,,,,,,1.530812,,,,,,,,,,,,,,,,,,,,,,,,,,1.656471,,,,,,,,,,,,,,,,,,,,,,,,,1.669412,,,,,,,,,,,,,,,,,,,,,,,,,,,,
275,13.700000,RB004,axial_column,7,,,,1.501176,,,,,,,,,,,,0.051765,,,,,,,,,,,,,1.708235,,,,,,,,,,,,1.462353,,,,,,,,,,,,1.530253,,,,,,,,,,,,,,,,,,,,,,,,,,1.656471,,,,,,,,,,,,,,,,,,,,,,,,,1.669412,,,,,,,,,,,,,,,,,,,,,,,,,,,,
276,13.750000,RB004,axial_column,7,,,,1.501176,,,,,,,,,,,,0.051765,,,,,,,,,,,,,1.708235,,,,,,,,,,,,1.462353,,,,,,,,,,,,1.529694,,,,,,,,,,,,,,,,,,,,,,,,,,1.656471,,,,,,,,,,,,,,,,,,,,,,,,,1.669412,,,,,,,,,,,,,,,,,,,,,,,,,,,,
277,13.800000,RB004,axial_column,7,,,,1.501176,,,,,,,,,,,,0.051765,,,,,,,,,,,,,1.708235,,,,,,,,,,,,1.462353,,,,,,,,,,,,1.529135,,,,,,,,,,,,,,,,,,,,,,,,,,1.656471,,,,,,,,,,,,,,,,,,,,,,,,,1.669412,,,,,,,,,,,,,,,,,,,,,,,,,,,,
278,13.850000,RB004,axial_column,7,,,,1.501176,,,,,,,,,,,,0.051765,,,,,,,,,,,,,1.708235,,,,,,,,,,,,1.462353,,,,,,,,,,,,1.528575,,,,,,,,,,,,,,,,,,,,,,,,,,1.656471,,,,,,,,,,,,,,,,,,,,,,,,,1.669412,,,,,,,,,,,,,,,,,,,,,,,,,,,,
279,13.900000,RB004,axial_column,7,,,,1.501176,,,,,,,,,,,,0.051765,,,,,,,,,,,,,1.708235,,,,,,,,,,,,1.462353,,,,,,,,,,,,1.528016,,,,,,,,,,,,,,,,,,,,,,,,,,1.656471,,,,,,,,,,,,,,,,,,,,,,,,,1.669412,,,,,,,,,,,,,,,,,,,,,,,,,,,,
280,13.950000,RB004,axial_column,7,,,,1.501176,,,,,,,,,,,,0.051765,,,,,,,,,,,,,1.708235,,,,,,,,,,,,1.462353,,,,,,,,,,,,1.527457,,,,,,,,,,,,,,,,,,,,,,,,,,1.656471,,,,,,,,,,,,,,,,,,,,,,,,,1.669412,,,,,,,,,,,,,,,,,,,,,,,,,,,,
281,14.000000,RB004,axial_column,7,,,,1.501176,,,,,,,,,,,,0.051765,,,,,,,,,,,,,1.708235,,,,,,,,,,,,1.462353,,,,,,,,,,,,1.527059,,,,,,,,,,,,,,,,,,,,,,,,,,1.656471,,,,,,,,,,,,,,,,,,,,,,,,,1.669412,,,,,,,,,,,,,,,,,,,,,,,,,,,,
1,0.000000,RB003,pinch_end,0,,,,,,,,,,,,,,,,,,,,,,,,,,,,,,,,,,,,,,,,,,,,,,,,,,,,,,,,,,,,,,,,,,,,,,,,,,,,,,,,,,,,,,,,,,,,,,,,,,,,,,,,,,,,,,,,,,,,,,,,,,,,,,,,,,,,
2,0.050000,RB003,pinch_end,3,,,,,,,,,,,,,,,,1.780021,,,,1.939466,,,,,,,,,,,1.804146,,,,,,,,,,,,,,,,,,,,,,,,,,,,,,,,,,,,,,,,,,,,,,,,,,,,,,,,,,,,,,,,,,,,,,,,,,,,,,,,,,,,,,,,,,,,,,,,,,,,,
3,0.100000,RB003,pinch_end,3,,,,,,,,,,,,,,,,1.774160,,,,1.924813,,,,,,,,,,,1.796526,,,,,,,,,,,,,,,,,,,,,,,,,,,,,,,,,,,,,,,,,,,,,,,,,,,,,,,,,,,,,,,,,,,,,,,,,,,,,,,,,,,,,,,,,,,,,,,,,,,,,
4,0.150000,RB003,pinch_end,3,,,,,,,,,,,,,,,,1.768299,,,,1.910161,,,,,,,,,,,1.788907,,,,,,,,,,,,,,,,,,,,,,,,,,,,,,,,,,,,,,,,,,,,,,,,,,,,,,,,,,,,,,,,,,,,,,,,,,,,,,,,,,,,,,,,,,,,,,,,,,,,,
5,0.200000,RB003,pinch_end,3,,,,,,,,,,,,,,,,1.762438,,,,1.895508,,,,,,,,,,,1.781288,,,,,,,,,,,,,,,,,,,,,,,,,,,,,,,,,,,,,,,,,,,,,,,,,,,,,,,,,,,,,,,,,,,,,,,,,,,,,,,,,,,,,,,,,,,,,,,,,,,,,
6,0.250000,RB003,pinch_end,3,,,,,,,,,,,,,,,,1.756577,,,,1.880856,,,,,,,,,,,1.773668,,,,,,,,,,,,,,,,,,,,,,,,,,,,,,,,,,,,,,,,,,,,,,,,,,,,,,,,,,,,,,,,,,,,,,,,,,,,,,,,,,,,,,,,,,,,,,,,,,,,,
7,0.300000,RB003,pinch_end,3,,,,,,,,,,,,,,,,1.750716,,,,1.866203,,,,,,,,,,,1.766049,,,,,,,,,,,,,,,,,,,,,,,,,,,,,,,,,,,,,,,,,,,,,,,,,,,,,,,,,,,,,,,,,,,,,,,,,,,,,,,,,,,,,,,,,,,,,,,,,,,,,
8,0.350000,RB003,pinch_end,3,,,,,,,,,,,,,,,,1.744855,,,,1.851551,,,,,,,,,,,1.758430,,,,,,,,,,,,,,,,,,,,,,,,,,,,,,,,,,,,,,,,,,,,,,,,,,,,,,,,,,,,,,,,,,,,,,,,,,,,,,,,,,,,,,,,,,,,,,,,,,,,,
9,0.400000,RB003,pinch_end,3,,,,,,,,,,,,,,,,1.738994,,,,1.836898,,,,,,,,,,,1.750810,,,,,,,,,,,,,,,,,,,,,,,,,,,,,,,,,,,,,,,,,,,,,,,,,,,,,,,,,,,,,,,,,,,,,,,,,,,,,,,,,,,,,,,,,,,,,,,,,,,,,
10,0.450000,RB003,pinch_end,3,,,,,,,,,,,,,,,,1.733133,,,,1.822246,,,,,,,,,,,1.743191,,,,,,,,,,,,,,,,,,,,,,,,,,,,,,,,,,,,,,,,,,,,,,,,,,,,,,,,,,,,,,,,,,,,,,,,,,,,,,,,,,,,,,,,,,,,,,,,,,,,,
11,0.500000,RB003,pinch_end,3,,,,,,,,,,,,,,,,1.727272,,,,1.807593,,,,,,,,,,,1.735572,,,,,,,,,,,,,,,,,,,,,,,,,,,,,,,,,,,,,,,,,,,,,,,,,,,,,,,,,,,,,,,,,,,,,,,,,,,,,,,,,,,,,,,,,,,,,,,,,,,,,
12,0.550000,RB003,pinch_end,3,,,,,,,,,,,,,,,,1.721412,,,,1.792941,,,,,,,,,,,1.727953,,,,,,,,,,,,,,,,,,,,,,,,,,,,,,,,,,,,,,,,,,,,,,,,,,,,,,,,,,,,,,,,,,,,,,,,,,,,,,,,,,,,,,,,,,,,,,,,,,,,,
13,0.600000,RB003,pinch_end,3,,,,,,,,,,,,,,,,1.715551,,,,1.778288,,,,,,,,,,,1.720333,,,,,,,,,,,,,,,,,,,,,,,,,,,,,,,,,,,,,,,,,,,,,,,,,,,,,,,,,,,,,,,,,,,,,,,,,,,,,,,,,,,,,,,,,,,,,,,,,,,,,
14,0.650000,RB003,pinch_end,3,,,,,,,,,,,,,,,,1.709690,,,,1.763636,,,,,,,,,,,1.712714,,,,,,,,,,,,,,,,,,,,,,,,,,,,,,,,,,,,,,,,,,,,,,,,,,,,,,,,,,,,,,,,,,,,,,,,,,,,,,,,,,,,,,,,,,,,,,,,,,,,,
15,0.700000,RB003,pinch_end,3,,,,,,,,,,,,,,,,1.703829,,,,1.748983,,,,,,,,,,,1.705095,,,,,,,,,,,,,,,,,,,,,,,,,,,,,,,,,,,,,,,,,,,,,,,,,,,,,,,,,,,,,,,,,,,,,,,,,,,,,,,,,,,,,,,,,,,,,,,,,,,,,
16,0.750000,RB003,pinch_end,3,,,,,,,,,,,,,,,,1.697968,,,,1.734331,,,,,,,,,,,1.697475,,,,,,,,,,,,,,,,,,,,,,,,,,,,,,,,,,,,,,,,,,,,,,,,,,,,,,,,,,,,,,,,,,,,,,,,,,,,,,,,,,,,,,,,,,,,,,,,,,,,,
17,0.800000,RB003,pinch_end,3,,,,,,,,,,,,,,,,1.692107,,,,1.719678,,,,,,,,,,,1.689856,,,,,,,,,,,,,,,,,,,,,,,,,,,,,,,,,,,,,,,,,,,,,,,,,,,,,,,,,,,,,,,,,,,,,,,,,,,,,,,,,,,,,,,,,,,,,,,,,,,,,
18,0.850000,RB003,pinch_end,3,,,,,,,,,,,,,,,,1.686246,,,,1.705026,,,,,,,,,,,1.682237,,,,,,,,,,,,,,,,,,,,,,,,,,,,,,,,,,,,,,,,,,,,,,,,,,,,,,,,,,,,,,,,,,,,,,,,,,,,,,,,,,,,,,,,,,,,,,,,,,,,,
19,0.900000,RB003,pinch_end,3,,,,,,,,,,,,,,,,1.680385,,,,1.690373,,,,,,,,,,,1.674617,,,,,,,,,,,,,,,,,,,,,,,,,,,,,,,,,,,,,,,,,,,,,,,,,,,,,,,,,,,,,,,,,,,,,,,,,,,,,,,,,,,,,,,,,,,,,,,,,,,,,
20,0.950000,RB003,pinch_end,3,,,,,,,,,,,,,,,,1.674524,,,,1.675721,,,,,,,,,,,1.666998,,,,,,,,,,,,,,,,,,,,,,,,,,,,,,,,,,,,,,,,,,,,,,,,,,,,,,,,,,,,,,,,,,,,,,,,,,,,,,,,,,,,,,,,,,,,,,,,,,,,,
21,1.000000,RB003,pinch_end,3,,,,,,,,,,,,,,,,1.668663,,,,1.661068,,,,,,,,,,,1.659379,,,,,,,,,,,,,,,,,,,,,,,,,,,,,,,,,,,,,,,,,,,,,,,,,,,,,,,,,,,,,,,,,,,,,,,,,,,,,,,,,,,,,,,,,,,,,,,,,,,,,
22,1.050000,RB003,pinch_end,3,,,,,,,,,,,,,,,,1.662802,,,,1.646416,,,,,,,,,,,1.651759,,,,,,,,,,,,,,,,,,,,,,,,,,,,,,,,,,,,,,,,,,,,,,,,,,,,,,,,,,,,,,,,,,,,,,,,,,,,,,,,,,,,,,,,,,,,,,,,,,,,,
23,1.100000,RB003,pinch_end,3,,,,,,,,,,,,,,,,1.656941,,,,1.631763,,,,,,,,,,,1.644140,,,,,,,,,,,,,,,,,,,,,,,,,,,,,,,,,,,,,,,,,,,,,,,,,,,,,,,,,,,,,,,,,,,,,,,,,,,,,,,,,,,,,,,,,,,,,,,,,,,,,
24,1.150000,RB003,pinch_end,3,,,,,,,,,,,,,,,,1.660934,,,,1.641909,,,,,,,,,,,1.649425,,,,,,,,,,,,,,,,,,,,,,,,,,,,,,,,,,,,,,,,,,,,,,,,,,,,,,,,,,,,,,,,,,,,,,,,,,,,,,,,,,,,,,,,,,,,,,,,,,,,,
25,1.200000,RB003,pinch_end,3,,,,,,,,,,,,,,,,1.665786,,,,1.654217,,,,,,,,,,,1.655835,,,,,,,,,,,,,,,,,,,,,,,,,,,,,,,,,,,,,,,,,,,,,,,,,,,,,,,,,,,,,,,,,,,,,,,,,,,,,,,,,,,,,,,,,,,,,,,,,,,,,
26,1.250000,RB003,pinch_end,3,,,,,,,,,,,,,,,,1.670638,,,,1.666525,,,,,,,,,,,1.662245,,,,,,,,,,,,,,,,,,,,,,,,,,,,,,,,,,,,,,,,,,,,,,,,,,,,,,,,,,,,,,,,,,,,,,,,,,,,,,,,,,,,,,,,,,,,,,,,,,,,,
27,1.300000,RB003,pinch_end,3,,,,,,,,,,,,,,,,1.675490,,,,1.678833,,,,,,,,,,,1.668655,,,,,,,,,,,,,,,,,,,,,,,,,,,,,,,,,,,,,,,,,,,,,,,,,,,,,,,,,,,,,,,,,,,,,,,,,,,,,,,,,,,,,,,,,,,,,,,,,,,,,
28,1.350000,RB003,pinch_end,3,,,,,,,,,,,,,,,,1.680342,,,,1.691141,,,,,,,,,,,1.675065,,,,,,,,,,,,,,,,,,,,,,,,,,,,,,,,,,,,,,,,,,,,,,,,,,,,,,,,,,,,,,,,,,,,,,,,,,,,,,,,,,,,,,,,,,,,,,,,,,,,,
29,1.400000,RB003,pinch_end,3,,,,,,,,,,,,,,,,1.685194,,,,1.703450,,,,,,,,,,,1.681475,,,,,,,,,,,,,,,,,,,,,,,,,,,,,,,,,,,,,,,,,,,,,,,,,,,,,,,,,,,,,,,,,,,,,,,,,,,,,,,,,,,,,,,,,,,,,,,,,,,,,
30,1.450000,RB003,pinch_end,3,,,,,,,,,,,,,,,,1.690046,,,,1.715758,,,,,,,,,,,1.687885,,,,,,,,,,,,,,,,,,,,,,,,,,,,,,,,,,,,,,,,,,,,,,,,,,,,,,,,,,,,,,,,,,,,,,,,,,,,,,,,,,,,,,,,,,,,,,,,,,,,,
31,1.500000,RB003,pinch_end,3,,,,,,,,,,,,,,,,1.694898,,,,1.728066,,,,,,,,,,,1.694295,,,,,,,,,,,,,,,,,,,,,,,,,,,,,,,,,,,,,,,,,,,,,,,,,,,,,,,,,,,,,,,,,,,,,,,,,,,,,,,,,,,,,,,,,,,,,,,,,,,,,
32,1.550000,RB003,pinch_end,3,,,,,,,,,,,,,,,,1.699750,,,,1.740374,,,,,,,,,,,1.700705,,,,,,,,,,,,,,,,,,,,,,,,,,,,,,,,,,,,,,,,,,,,,,,,,,,,,,,,,,,,,,,,,,,,,,,,,,,,,,,,,,,,,,,,,,,,,,,,,,,,,
33,1.600000,RB003,pinch_end,3,,,,,,,,,,,,,,,,1.704602,,,,1.752682,,,,,,,,,,,1.707115,,,,,,,,,,,,,,,,,,,,,,,,,,,,,,,,,,,,,,,,,,,,,,,,,,,,,,,,,,,,,,,,,,,,,,,,,,,,,,,,,,,,,,,,,,,,,,,,,,,,,
34,1.650000,RB003,pinch_end,3,,,,,,,,,,,,,,,,1.709454,,,,1.764990,,,,,,,,,,,1.713525,,,,,,,,,,,,,,,,,,,,,,,,,,,,,,,,,,,,,,,,,,,,,,,,,,,,,,,,,,,,,,,,,,,,,,,,,,,,,,,,,,,,,,,,,,,,,,,,,,,,,
35,1.700000,RB003,pinch_end,3,,,,,,,,,,,,,,,,1.714306,,,,1.777298,,,,,,,,,,,1.719935,,,,,,,,,,,,,,,,,,,,,,,,,,,,,,,,,,,,,,,,,,,,,,,,,,,,,,,,,,,,,,,,,,,,,,,,,,,,,,,,,,,,,,,,,,,,,,,,,,,,,
36,1.750000,RB003,pinch_end,3,,,,,,,,,,,,,,,,1.719158,,,,1.789606,,,,,,,,,,,1.726346,,,,,,,,,,,,,,,,,,,,,,,,,,,,,,,,,,,,,,,,,,,,,,,,,,,,,,,,,,,,,,,,,,,,,,,,,,,,,,,,,,,,,,,,,,,,,,,,,,,,,
37,1.800000,RB003,pinch_end,3,,,,,,,,,,,,,,,,1.724010,,,,1.801914,,,,,,,,,,,1.732756,,,,,,,,,,,,,,,,,,,,,,,,,,,,,,,,,,,,,,,,,,,,,,,,,,,,,,,,,,,,,,,,,,,,,,,,,,,,,,,,,,,,,,,,,,,,,,,,,,,,,
38,1.850000,RB003,pinch_end,3,,,,,,,,,,,,,,,,1.728862,,,,1.814223,,,,,,,,,,,1.739166,,,,,,,,,,,,,,,,,,,,,,,,,,,,,,,,,,,,,,,,,,,,,,,,,,,,,,,,,,,,,,,,,,,,,,,,,,,,,,,,,,,,,,,,,,,,,,,,,,,,,
39,1.900000,RB003,pinch_end,3,,,,,,,,,,,,,,,,1.733714,,,,1.826531,,,,,,,,,,,1.745576,,,,,,,,,,,,,,,,,,,,,,,,,,,,,,,,,,,,,,,,,,,,,,,,,,,,,,,,,,,,,,,,,,,,,,,,,,,,,,,,,,,,,,,,,,,,,,,,,,,,,
40,1.950000,RB003,pinch_end,3,,,,,,,,,,,,,,,,1.738566,,,,1.838839,,,,,,,,,,,1.751986,,,,,,,,,,,,,,,,,,,,,,,,,,,,,,,,,,,,,,,,,,,,,,,,,,,,,,,,,,,,,,,,,,,,,,,,,,,,,,,,,,,,,,,,,,,,,,,,,,,,,
41,2.000000,RB003,pinch_end,3,,,,,,,,,,,,,,,,1.743418,,,,1.851147,,,,,,,,,,,1.758396,,,,,,,,,,,,,,,,,,,,,,,,,,,,,,,,,,,,,,,,,,,,,,,,,,,,,,,,,,,,,,,,,,,,,,,,,,,,,,,,,,,,,,,,,,,,,,,,,,,,,
42,2.050000,RB003,pinch_end,3,,,,,,,,,,,,,,,,1.748270,,,,1.863455,,,,,,,,,,,1.764806,,,,,,,,,,,,,,,,,,,,,,,,,,,,,,,,,,,,,,,,,,,,,,,,,,,,,,,,,,,,,,,,,,,,,,,,,,,,,,,,,,,,,,,,,,,,,,,,,,,,,
43,2.100000,RB003,pinch_end,3,,,,,,,,,,,,,,,,1.753122,,,,1.875763,,,,,,,,,,,1.771216,,,,,,,,,,,,,,,,,,,,,,,,,,,,,,,,,,,,,,,,,,,,,,,,,,,,,,,,,,,,,,,,,,,,,,,,,,,,,,,,,,,,,,,,,,,,,,,,,,,,,
44,2.150000,RB003,pinch_end,3,,,,,,,,,,,,,,,,1.757974,,,,1.888071,,,,,,,,,,,1.777626,,,,,,,,,,,,,,,,,,,,,,,,,,,,,,,,,,,,,,,,,,,,,,,,,,,,,,,,,,,,,,,,,,,,,,,,,,,,,,,,,,,,,,,,,,,,,,,,,,,,,
45,2.200000,RB003,pinch_end,3,,,,,,,,,,,,,,,,1.762826,,,,1.900379,,,,,,,,,,,1.784036,,,,,,,,,,,,,,,,,,,,,,,,,,,,,,,,,,,,,,,,,,,,,,,,,,,,,,,,,,,,,,,,,,,,,,,,,,,,,,,,,,,,,,,,,,,,,,,,,,,,,
46,2.250000,RB003,pinch_end,3,,,,,,,,,,,,,,,,1.767678,,,,1.912687,,,,,,,,,,,1.790446,,,,,,,,,,,,,,,,,,,,,,,,,,,,,,,,,,,,,,,,,,,,,,,,,,,,,,,,,,,,,,,,,,,,,,,,,,,,,,,,,,,,,,,,,,,,,,,,,,,,,
47,2.300000,RB003,pinch_end,3,,,,,,,,,,,,,,,,1.772530,,,,1.924996,,,,,,,,,,,1.796856,,,,,,,,,,,,,,,,,,,,,,,,,,,,,,,,,,,,,,,,,,,,,,,,,,,,,,,,,,,,,,,,,,,,,,,,,,,,,,,,,,,,,,,,,,,,,,,,,,,,,
48,2.350000,RB003,pinch_end,1,,,,,,,,,,,,,,,,,,,,1.937304,,,,,,,,,,,,,,,,,,,,,,,,,,,,,,,,,,,,,,,,,,,,,,,,,,,,,,,,,,,,,,,,,,,,,,,,,,,,,,,,,,,,,,,,,,,,,,,,,,,,,,,,,,,,,,,,
49,2.400000,RB003,pinch_end,2,,,,,,,,,,,,,,,,,,,,1.938069,,,,,,,,,,,1.765923,,,,,,,,,,,,,,,,,,,,,,,,,,,,,,,,,,,,,,,,,,,,,,,,,,,,,,,,,,,,,,,,,,,,,,,,,,,,,,,,,,,,,,,,,,,,,,,,,,,,,
50,2.450000,RB003,pinch_end,2,,,,,,,,,,,,,,,,,,,,1.932332,,,,,,,,,,,1.703931,,,,,,,,,,,,,,,,,,,,,,,,,,,,,,,,,,,,,,,,,,,,,,,,,,,,,,,,,,,,,,,,,,,,,,,,,,,,,,,,,,,,,,,,,,,,,,,,,,,,,
51,2.500000,RB003,pinch_end,2,,,,,,,,,,,,,,,,,,,,1.926595,,,,,,,,,,,1.641939,,,,,,,,,,,,,,,,,,,,,,,,,,,,,,,,,,,,,,,,,,,,,,,,,,,,,,,,,,,,,,,,,,,,,,,,,,,,,,,,,,,,,,,,,,,,,,,,,,,,,
52,2.550000,RB003,pinch_end,2,,,,,,,,,,,,,,,,,,,,1.920858,,,,,,,,,,,1.579946,,,,,,,,,,,,,,,,,,,,,,,,,,,,,,,,,,,,,,,,,,,,,,,,,,,,,,,,,,,,,,,,,,,,,,,,,,,,,,,,,,,,,,,,,,,,,,,,,,,,,
53,2.600000,RB003,pinch_end,2,,,,,,,,,,,,,,,,,,,,1.915120,,,,,,,,,,,1.517954,,,,,,,,,,,,,,,,,,,,,,,,,,,,,,,,,,,,,,,,,,,,,,,,,,,,,,,,,,,,,,,,,,,,,,,,,,,,,,,,,,,,,,,,,,,,,,,,,,,,,
54,2.650000,RB003,pinch_end,2,,,,,,,,,,,,,,,,,,,,1.909383,,,,,,,,,,,1.455962,,,,,,,,,,,,,,,,,,,,,,,,,,,,,,,,,,,,,,,,,,,,,,,,,,,,,,,,,,,,,,,,,,,,,,,,,,,,,,,,,,,,,,,,,,,,,,,,,,,,,
55,2.700000,RB003,pinch_end,2,,,,,,,,,,,,,,,,,,,,1.903646,,,,,,,,,,,1.393970,,,,,,,,,,,,,,,,,,,,,,,,,,,,,,,,,,,,,,,,,,,,,,,,,,,,,,,,,,,,,,,,,,,,,,,,,,,,,,,,,,,,,,,,,,,,,,,,,,,,,
56,2.750000,RB003,pinch_end,2,,,,,,,,,,,,,,,,,,,,1.897909,,,,,,,,,,,1.331977,,,,,,,,,,,,,,,,,,,,,,,,,,,,,,,,,,,,,,,,,,,,,,,,,,,,,,,,,,,,,,,,,,,,,,,,,,,,,,,,,,,,,,,,,,,,,,,,,,,,,
57,2.800000,RB003,pinch_end,2,,,,,,,,,,,,,,,,,,,,1.892171,,,,,,,,,,,1.269985,,,,,,,,,,,,,,,,,,,,,,,,,,,,,,,,,,,,,,,,,,,,,,,,,,,,,,,,,,,,,,,,,,,,,,,,,,,,,,,,,,,,,,,,,,,,,,,,,,,,,
58,2.850000,RB003,pinch_end,2,,,,,,,,,,,,,,,,,,,,1.886434,,,,,,,,,,,1.207993,,,,,,,,,,,,,,,,,,,,,,,,,,,,,,,,,,,,,,,,,,,,,,,,,,,,,,,,,,,,,,,,,,,,,,,,,,,,,,,,,,,,,,,,,,,,,,,,,,,,,
59,2.900000,RB003,pinch_end,2,,,,,,,,,,,,,,,,,,,,1.880697,,,,,,,,,,,1.146001,,,,,,,,,,,,,,,,,,,,,,,,,,,,,,,,,,,,,,,,,,,,,,,,,,,,,,,,,,,,,,,,,,,,,,,,,,,,,,,,,,,,,,,,,,,,,,,,,,,,,
60,2.950000,RB003,pinch_end,2,,,,,,,,,,,,,,,,,,,,1.874960,,,,,,,,,,,1.084008,,,,,,,,,,,,,,,,,,,,,,,,,,,,,,,,,,,,,,,,,,,,,,,,,,,,,,,,,,,,,,,,,,,,,,,,,,,,,,,,,,,,,,,,,,,,,,,,,,,,,
61,3.000000,RB003,pinch_end,2,,,,,,,,,,,,,,,,,,,,1.869222,,,,,,,,,,,1.022016,,,,,,,,,,,,,,,,,,,,,,,,,,,,,,,,,,,,,,,,,,,,,,,,,,,,,,,,,,,,,,,,,,,,,,,,,,,,,,,,,,,,,,,,,,,,,,,,,,,,,
62,3.050000,RB003,pinch_end,2,,,,,,,,,,,,,,,,,,,,1.863485,,,,,,,,,,,0.960024,,,,,,,,,,,,,,,,,,,,,,,,,,,,,,,,,,,,,,,,,,,,,,,,,,,,,,,,,,,,,,,,,,,,,,,,,,,,,,,,,,,,,,,,,,,,,,,,,,,,,
63,3.100000,RB003,pinch_end,2,,,,,,,,,,,,,,,,,,,,1.857748,,,,,,,,,,,0.898032,,,,,,,,,,,,,,,,,,,,,,,,,,,,,,,,,,,,,,,,,,,,,,,,,,,,,,,,,,,,,,,,,,,,,,,,,,,,,,,,,,,,,,,,,,,,,,,,,,,,,
64,3.150000,RB003,pinch_end,2,,,,,,,,,,,,,,,,,,,,1.852011,,,,,,,,,,,0.836039,,,,,,,,,,,,,,,,,,,,,,,,,,,,,,,,,,,,,,,,,,,,,,,,,,,,,,,,,,,,,,,,,,,,,,,,,,,,,,,,,,,,,,,,,,,,,,,,,,,,,
65,3.200000,RB003,pinch_end,2,,,,,,,,,,,,,,,,,,,,1.846273,,,,,,,,,,,0.774047,,,,,,,,,,,,,,,,,,,,,,,,,,,,,,,,,,,,,,,,,,,,,,,,,,,,,,,,,,,,,,,,,,,,,,,,,,,,,,,,,,,,,,,,,,,,,,,,,,,,,
66,3.250000,RB003,pinch_end,2,,,,,,,,,,,,,,,,,,,,1.840536,,,,,,,,,,,0.712055,,,,,,,,,,,,,,,,,,,,,,,,,,,,,,,,,,,,,,,,,,,,,,,,,,,,,,,,,,,,,,,,,,,,,,,,,,,,,,,,,,,,,,,,,,,,,,,,,,,,,
67,3.300000,RB003,pinch_end,2,,,,,,,,,,,,,,,,,,,,1.834799,,,,,,,,,,,0.650063,,,,,,,,,,,,,,,,,,,,,,,,,,,,,,,,,,,,,,,,,,,,,,,,,,,,,,,,,,,,,,,,,,,,,,,,,,,,,,,,,,,,,,,,,,,,,,,,,,,,,
68,3.350000,RB003,pinch_end,2,,,,,,,,,,,,,,,,,,,,1.829062,,,,,,,,,,,0.588070,,,,,,,,,,,,,,,,,,,,,,,,,,,,,,,,,,,,,,,,,,,,,,,,,,,,,,,,,,,,,,,,,,,,,,,,,,,,,,,,,,,,,,,,,,,,,,,,,,,,,
69,3.400000,RB003,pinch_end,2,,,,,,,,,,,,,,,,,,,,1.823324,,,,,,,,,,,0.526078,,,,,,,,,,,,,,,,,,,,,,,,,,,,,,,,,,,,,,,,,,,,,,,,,,,,,,,,,,,,,,,,,,,,,,,,,,,,,,,,,,,,,,,,,,,,,,,,,,,,,
70,3.450000,RB003,pinch_end,2,,,,,,,,,,,,,,,,,,,,1.817587,,,,,,,,,,,0.464086,,,,,,,,,,,,,,,,,,,,,,,,,,,,,,,,,,,,,,,,,,,,,,,,,,,,,,,,,,,,,,,,,,,,,,,,,,,,,,,,,,,,,,,,,,,,,,,,,,,,,
71,3.500000,RB003,pinch_end,2,,,,,,,,,,,,,,,,,,,,1.811850,,,,,,,,,,,0.402093,,,,,,,,,,,,,,,,,,,,,,,,,,,,,,,,,,,,,,,,,,,,,,,,,,,,,,,,,,,,,,,,,,,,,,,,,,,,,,,,,,,,,,,,,,,,,,,,,,,,,
72,3.550000,RB003,pinch_end,2,,,,,,,,,,,,,,,,,,,,1.811765,,,,,,,,,,,0.385273,,,,,,,,,,,,,,,,,,,,,,,,,,,,,,,,,,,,,,,,,,,,,,,,,,,,,,,,,,,,,,,,,,,,,,,,,,,,,,,,,,,,,,,,,,,,,,,,,,,,,
73,3.600000,RB003,pinch_end,2,,,,,,,,,,,,,,,,,,,,1.811765,,,,,,,,,,,0.369131,,,,,,,,,,,,,,,,,,,,,,,,,,,,,,,,,,,,,,,,,,,,,,,,,,,,,,,,,,,,,,,,,,,,,,,,,,,,,,,,,,,,,,,,,,,,,,,,,,,,,
74,3.650000,RB003,pinch_end,2,,,,,,,,,,,,,,,,,,,,1.811765,,,,,,,,,,,0.352988,,,,,,,,,,,,,,,,,,,,,,,,,,,,,,,,,,,,,,,,,,,,,,,,,,,,,,,,,,,,,,,,,,,,,,,,,,,,,,,,,,,,,,,,,,,,,,,,,,,,,
75,3.700000,RB003,pinch_end,2,,,,,,,,,,,,,,,,,,,,1.811765,,,,,,,,,,,0.336846,,,,,,,,,,,,,,,,,,,,,,,,,,,,,,,,,,,,,,,,,,,,,,,,,,,,,,,,,,,,,,,,,,,,,,,,,,,,,,,,,,,,,,,,,,,,,,,,,,,,,
76,3.750000,RB003,pinch_end,2,,,,,,,,,,,,,,,,,,,,1.811765,,,,,,,,,,,0.320704,,,,,,,,,,,,,,,,,,,,,,,,,,,,,,,,,,,,,,,,,,,,,,,,,,,,,,,,,,,,,,,,,,,,,,,,,,,,,,,,,,,,,,,,,,,,,,,,,,,,,
77,3.800000,RB003,pinch_end,2,,,,,,,,,,,,,,,,,,,,1.811765,,,,,,,,,,,0.304562,,,,,,,,,,,,,,,,,,,,,,,,,,,,,,,,,,,,,,,,,,,,,,,,,,,,,,,,,,,,,,,,,,,,,,,,,,,,,,,,,,,,,,,,,,,,,,,,,,,,,
78,3.850000,RB003,pinch_end,2,,,,,,,,,,,,,,,,,,,,1.811765,,,,,,,,,,,0.288420,,,,,,,,,,,,,,,,,,,,,,,,,,,,,,,,,,,,,,,,,,,,,,,,,,,,,,,,,,,,,,,,,,,,,,,,,,,,,,,,,,,,,,,,,,,,,,,,,,,,,
79,3.900000,RB003,pinch_end,2,,,,,,,,,,,,,,,,,,,,1.811765,,,,,,,,,,,0.272277,,,,,,,,,,,,,,,,,,,,,,,,,,,,,,,,,,,,,,,,,,,,,,,,,,,,,,,,,,,,,,,,,,,,,,,,,,,,,,,,,,,,,,,,,,,,,,,,,,,,,
80,3.950000,RB003,pinch_end,2,,,,,,,,,,,,,,,,,,,,1.811765,,,,,,,,,,,0.256135,,,,,,,,,,,,,,,,,,,,,,,,,,,,,,,,,,,,,,,,,,,,,,,,,,,,,,,,,,,,,,,,,,,,,,,,,,,,,,,,,,,,,,,,,,,,,,,,,,,,,
81,4.000000,RB003,pinch_end,2,,,,,,,,,,,,,,,,,,,,1.811765,,,,,,,,,,,0.239993,,,,,,,,,,,,,,,,,,,,,,,,,,,,,,,,,,,,,,,,,,,,,,,,,,,,,,,,,,,,,,,,,,,,,,,,,,,,,,,,,,,,,,,,,,,,,,,,,,,,,
82,4.050000,RB003,pinch_end,2,,,,,,,,,,,,,,,,,,,,1.811765,,,,,,,,,,,0.223851,,,,,,,,,,,,,,,,,,,,,,,,,,,,,,,,,,,,,,,,,,,,,,,,,,,,,,,,,,,,,,,,,,,,,,,,,,,,,,,,,,,,,,,,,,,,,,,,,,,,,
83,4.100000,RB003,pinch_end,2,,,,,,,,,,,,,,,,,,,,1.811765,,,,,,,,,,,0.207709,,,,,,,,,,,,,,,,,,,,,,,,,,,,,,,,,,,,,,,,,,,,,,,,,,,,,,,,,,,,,,,,,,,,,,,,,,,,,,,,,,,,,,,,,,,,,,,,,,,,,
84,4.150000,RB003,pinch_end,2,,,,,,,,,,,,,,,,,,,,1.811765,,,,,,,,,,,0.191567,,,,,,,,,,,,,,,,,,,,,,,,,,,,,,,,,,,,,,,,,,,,,,,,,,,,,,,,,,,,,,,,,,,,,,,,,,,,,,,,,,,,,,,,,,,,,,,,,,,,,
85,4.200000,RB003,pinch_end,2,,,,,,,,,,,,,,,,,,,,1.811765,,,,,,,,,,,0.175424,,,,,,,,,,,,,,,,,,,,,,,,,,,,,,,,,,,,,,,,,,,,,,,,,,,,,,,,,,,,,,,,,,,,,,,,,,,,,,,,,,,,,,,,,,,,,,,,,,,,,
86,4.250000,RB003,pinch_end,2,,,,,,,,,,,,,,,,,,,,1.811765,,,,,,,,,,,0.159282,,,,,,,,,,,,,,,,,,,,,,,,,,,,,,,,,,,,,,,,,,,,,,,,,,,,,,,,,,,,,,,,,,,,,,,,,,,,,,,,,,,,,,,,,,,,,,,,,,,,,
87,4.300000,RB003,pinch_end,2,,,,,,,,,,,,,,,,,,,,1.811765,,,,,,,,,,,0.143140,,,,,,,,,,,,,,,,,,,,,,,,,,,,,,,,,,,,,,,,,,,,,,,,,,,,,,,,,,,,,,,,,,,,,,,,,,,,,,,,,,,,,,,,,,,,,,,,,,,,,
88,4.350000,RB003,pinch_end,2,,,,,,,,,,,,,,,,,,,,1.811765,,,,,,,,,,,0.126998,,,,,,,,,,,,,,,,,,,,,,,,,,,,,,,,,,,,,,,,,,,,,,,,,,,,,,,,,,,,,,,,,,,,,,,,,,,,,,,,,,,,,,,,,,,,,,,,,,,,,
89,4.400000,RB003,pinch_end,2,,,,,,,,,,,,,,,,,,,,1.811765,,,,,,,,,,,0.110856,,,,,,,,,,,,,,,,,,,,,,,,,,,,,,,,,,,,,,,,,,,,,,,,,,,,,,,,,,,,,,,,,,,,,,,,,,,,,,,,,,,,,,,,,,,,,,,,,,,,,
90,4.450000,RB003,pinch_end,2,,,,,,,,,,,,,,,,,,,,1.811765,,,,,,,,,,,0.094713,,,,,,,,,,,,,,,,,,,,,,,,,,,,,,,,,,,,,,,,,,,,,,,,,,,,,,,,,,,,,,,,,,,,,,,,,,,,,,,,,,,,,,,,,,,,,,,,,,,,,
91,4.500000,RB003,pinch_end,2,,,,,,,,,,,,,,,,,,,,1.811765,,,,,,,,,,,0.078571,,,,,,,,,,,,,,,,,,,,,,,,,,,,,,,,,,,,,,,,,,,,,,,,,,,,,,,,,,,,,,,,,,,,,,,,,,,,,,,,,,,,,,,,,,,,,,,,,,,,,
92,4.550000,RB003,pinch_end,2,,,,,,,,,,,,,,,,,,,,1.811765,,,,,,,,,,,0.062429,,,,,,,,,,,,,,,,,,,,,,,,,,,,,,,,,,,,,,,,,,,,,,,,,,,,,,,,,,,,,,,,,,,,,,,,,,,,,,,,,,,,,,,,,,,,,,,,,,,,,
93,4.600000,RB003,pinch_end,2,,,,,,,,,,,,,,,,,,,,1.811765,,,,,,,,,,,0.046287,,,,,,,,,,,,,,,,,,,,,,,,,,,,,,,,,,,,,,,,,,,,,,,,,,,,,,,,,,,,,,,,,,,,,,,,,,,,,,,,,,,,,,,,,,,,,,,,,,,,,
94,4.650000,RB003,pinch_end,2,,,,,,,,,,,,,,,,,,,,1.812073,,,,,,,,,,,0.068047,,,,,,,,,,,,,,,,,,,,,,,,,,,,,,,,,,,,,,,,,,,,,,,,,,,,,,,,,,,,,,,,,,,,,,,,,,,,,,,,,,,,,,,,,,,,,,,,,,,,,
95,4.700000,RB003,pinch_end,2,,,,,,,,,,,,,,,,,,,,1.812645,,,,,,,,,,,0.122397,,,,,,,,,,,,,,,,,,,,,,,,,,,,,,,,,,,,,,,,,,,,,,,,,,,,,,,,,,,,,,,,,,,,,,,,,,,,,,,,,,,,,,,,,,,,,,,,,,,,,
96,4.750000,RB003,pinch_end,2,,,,,,,,,,,,,,,,,,,,1.813217,,,,,,,,,,,0.176747,,,,,,,,,,,,,,,,,,,,,,,,,,,,,,,,,,,,,,,,,,,,,,,,,,,,,,,,,,,,,,,,,,,,,,,,,,,,,,,,,,,,,,,,,,,,,,,,,,,,,
97,4.800000,RB003,pinch_end,2,,,,,,,,,,,,,,,,,,,,1.813789,,,,,,,,,,,0.231098,,,,,,,,,,,,,,,,,,,,,,,,,,,,,,,,,,,,,,,,,,,,,,,,,,,,,,,,,,,,,,,,,,,,,,,,,,,,,,,,,,,,,,,,,,,,,,,,,,,,,
98,4.850000,RB003,pinch_end,2,,,,,,,,,,,,,,,,,,,,1.814361,,,,,,,,,,,0.285448,,,,,,,,,,,,,,,,,,,,,,,,,,,,,,,,,,,,,,,,,,,,,,,,,,,,,,,,,,,,,,,,,,,,,,,,,,,,,,,,,,,,,,,,,,,,,,,,,,,,,
99,4.900000,RB003,pinch_end,2,,,,,,,,,,,,,,,,,,,,1.814933,,,,,,,,,,,0.339798,,,,,,,,,,,,,,,,,,,,,,,,,,,,,,,,,,,,,,,,,,,,,,,,,,,,,,,,,,,,,,,,,,,,,,,,,,,,,,,,,,,,,,,,,,,,,,,,,,,,,
100,4.950000,RB003,pinch_end,2,,,,,,,,,,,,,,,,,,,,1.815505,,,,,,,,,,,0.394148,,,,,,,,,,,,,,,,,,,,,,,,,,,,,,,,,,,,,,,,,,,,,,,,,,,,,,,,,,,,,,,,,,,,,,,,,,,,,,,,,,,,,,,,,,,,,,,,,,,,,
101,5.000000,RB003,pinch_end,2,,,,,,,,,,,,,,,,,,,,1.816077,,,,,,,,,,,0.448498,,,,,,,,,,,,,,,,,,,,,,,,,,,,,,,,,,,,,,,,,,,,,,,,,,,,,,,,,,,,,,,,,,,,,,,,,,,,,,,,,,,,,,,,,,,,,,,,,,,,,
102,5.050000,RB003,pinch_end,2,,,,,,,,,,,,,,,,,,,,1.816649,,,,,,,,,,,0.502848,,,,,,,,,,,,,,,,,,,,,,,,,,,,,,,,,,,,,,,,,,,,,,,,,,,,,,,,,,,,,,,,,,,,,,,,,,,,,,,,,,,,,,,,,,,,,,,,,,,,,
103,5.100000,RB003,pinch_end,2,,,,,,,,,,,,,,,,,,,,1.817222,,,,,,,,,,,0.557199,,,,,,,,,,,,,,,,,,,,,,,,,,,,,,,,,,,,,,,,,,,,,,,,,,,,,,,,,,,,,,,,,,,,,,,,,,,,,,,,,,,,,,,,,,,,,,,,,,,,,
104,5.150000,RB003,pinch_end,2,,,,,,,,,,,,,,,,,,,,1.817794,,,,,,,,,,,0.611549,,,,,,,,,,,,,,,,,,,,,,,,,,,,,,,,,,,,,,,,,,,,,,,,,,,,,,,,,,,,,,,,,,,,,,,,,,,,,,,,,,,,,,,,,,,,,,,,,,,,,
105,5.200000,RB003,pinch_end,2,,,,,,,,,,,,,,,,,,,,1.818366,,,,,,,,,,,0.665899,,,,,,,,,,,,,,,,,,,,,,,,,,,,,,,,,,,,,,,,,,,,,,,,,,,,,,,,,,,,,,,,,,,,,,,,,,,,,,,,,,,,,,,,,,,,,,,,,,,,,
106,5.250000,RB003,pinch_end,2,,,,,,,,,,,,,,,,,,,,1.818938,,,,,,,,,,,0.720249,,,,,,,,,,,,,,,,,,,,,,,,,,,,,,,,,,,,,,,,,,,,,,,,,,,,,,,,,,,,,,,,,,,,,,,,,,,,,,,,,,,,,,,,,,,,,,,,,,,,,
107,5.300000,RB003,pinch_end,2,,,,,,,,,,,,,,,,,,,,1.819510,,,,,,,,,,,0.774599,,,,,,,,,,,,,,,,,,,,,,,,,,,,,,,,,,,,,,,,,,,,,,,,,,,,,,,,,,,,,,,,,,,,,,,,,,,,,,,,,,,,,,,,,,,,,,,,,,,,,
108,5.350000,RB003,pinch_end,2,,,,,,,,,,,,,,,,,,,,1.820082,,,,,,,,,,,0.828950,,,,,,,,,,,,,,,,,,,,,,,,,,,,,,,,,,,,,,,,,,,,,,,,,,,,,,,,,,,,,,,,,,,,,,,,,,,,,,,,,,,,,,,,,,,,,,,,,,,,,
109,5.400000,RB003,pinch_end,2,,,,,,,,,,,,,,,,,,,,1.820654,,,,,,,,,,,0.883300,,,,,,,,,,,,,,,,,,,,,,,,,,,,,,,,,,,,,,,,,,,,,,,,,,,,,,,,,,,,,,,,,,,,,,,,,,,,,,,,,,,,,,,,,,,,,,,,,,,,,
110,5.450000,RB003,pinch_end,2,,,,,,,,,,,,,,,,,,,,1.821226,,,,,,,,,,,0.937650,,,,,,,,,,,,,,,,,,,,,,,,,,,,,,,,,,,,,,,,,,,,,,,,,,,,,,,,,,,,,,,,,,,,,,,,,,,,,,,,,,,,,,,,,,,,,,,,,,,,,
111,5.500000,RB003,pinch_end,2,,,,,,,,,,,,,,,,,,,,1.821798,,,,,,,,,,,0.992000,,,,,,,,,,,,,,,,,,,,,,,,,,,,,,,,,,,,,,,,,,,,,,,,,,,,,,,,,,,,,,,,,,,,,,,,,,,,,,,,,,,,,,,,,,,,,,,,,,,,,
112,5.550000,RB003,pinch_end,2,,,,,,,,,,,,,,,,,,,,1.822370,,,,,,,,,,,1.046350,,,,,,,,,,,,,,,,,,,,,,,,,,,,,,,,,,,,,,,,,,,,,,,,,,,,,,,,,,,,,,,,,,,,,,,,,,,,,,,,,,,,,,,,,,,,,,,,,,,,,
113,5.600000,RB003,pinch_end,2,,,,,,,,,,,,,,,,,,,,1.822943,,,,,,,,,,,1.100701,,,,,,,,,,,,,,,,,,,,,,,,,,,,,,,,,,,,,,,,,,,,,,,,,,,,,,,,,,,,,,,,,,,,,,,,,,,,,,,,,,,,,,,,,,,,,,,,,,,,,
114,5.650000,RB003,pinch_end,2,,,,,,,,,,,,,,,,,,,,1.823515,,,,,,,,,,,1.155051,,,,,,,,,,,,,,,,,,,,,,,,,,,,,,,,,,,,,,,,,,,,,,,,,,,,,,,,,,,,,,,,,,,,,,,,,,,,,,,,,,,,,,,,,,,,,,,,,,,,,
115,5.700000,RB003,pinch_end,2,,,,,,,,,,,,,,,,,,,,1.824087,,,,,,,,,,,1.209401,,,,,,,,,,,,,,,,,,,,,,,,,,,,,,,,,,,,,,,,,,,,,,,,,,,,,,,,,,,,,,,,,,,,,,,,,,,,,,,,,,,,,,,,,,,,,,,,,,,,,
116,5.750000,RB003,pinch_end,2,,,,,,,,,,,,,,,,,,,,1.824659,,,,,,,,,,,1.263751,,,,,,,,,,,,,,,,,,,,,,,,,,,,,,,,,,,,,,,,,,,,,,,,,,,,,,,,,,,,,,,,,,,,,,,,,,,,,,,,,,,,,,,,,,,,,,,,,,,,,
117,5.800000,RB003,pinch_end,2,,,,,,,,,,,,,,,,,,,,1.824225,,,,,,,,,,,1.287751,,,,,,,,,,,,,,,,,,,,,,,,,,,,,,,,,,,,,,,,,,,,,,,,,,,,,,,,,,,,,,,,,,,,,,,,,,,,,,,,,,,,,,,,,,,,,,,,,,,,,
118,5.850000,RB003,pinch_end,2,,,,,,,,,,,,,,,,,,,,1.823701,,,,,,,,,,,1.309023,,,,,,,,,,,,,,,,,,,,,,,,,,,,,,,,,,,,,,,,,,,,,,,,,,,,,,,,,,,,,,,,,,,,,,,,,,,,,,,,,,,,,,,,,,,,,,,,,,,,,
119,5.900000,RB003,pinch_end,2,,,,,,,,,,,,,,,,,,,,1.823176,,,,,,,,,,,1.330294,,,,,,,,,,,,,,,,,,,,,,,,,,,,,,,,,,,,,,,,,,,,,,,,,,,,,,,,,,,,,,,,,,,,,,,,,,,,,,,,,,,,,,,,,,,,,,,,,,,,,
120,5.950000,RB003,pinch_end,2,,,,,,,,,,,,,,,,,,,,1.822652,,,,,,,,,,,1.351565,,,,,,,,,,,,,,,,,,,,,,,,,,,,,,,,,,,,,,,,,,,,,,,,,,,,,,,,,,,,,,,,,,,,,,,,,,,,,,,,,,,,,,,,,,,,,,,,,,,,,
121,6.000000,RB003,pinch_end,2,,,,,,,,,,,,,,,,,,,,1.822127,,,,,,,,,,,1.372837,,,,,,,,,,,,,,,,,,,,,,,,,,,,,,,,,,,,,,,,,,,,,,,,,,,,,,,,,,,,,,,,,,,,,,,,,,,,,,,,,,,,,,,,,,,,,,,,,,,,,
122,6.050000,RB003,pinch_end,2,,,,,,,,,,,,,,,,,,,,1.821603,,,,,,,,,,,1.394108,,,,,,,,,,,,,,,,,,,,,,,,,,,,,,,,,,,,,,,,,,,,,,,,,,,,,,,,,,,,,,,,,,,,,,,,,,,,,,,,,,,,,,,,,,,,,,,,,,,,,
123,6.100000,RB003,pinch_end,2,,,,,,,,,,,,,,,,,,,,1.821079,,,,,,,,,,,1.415379,,,,,,,,,,,,,,,,,,,,,,,,,,,,,,,,,,,,,,,,,,,,,,,,,,,,,,,,,,,,,,,,,,,,,,,,,,,,,,,,,,,,,,,,,,,,,,,,,,,,,
124,6.150000,RB003,pinch_end,2,,,,,,,,,,,,,,,,,,,,1.820554,,,,,,,,,,,1.436650,,,,,,,,,,,,,,,,,,,,,,,,,,,,,,,,,,,,,,,,,,,,,,,,,,,,,,,,,,,,,,,,,,,,,,,,,,,,,,,,,,,,,,,,,,,,,,,,,,,,,
125,6.200000,RB003,pinch_end,2,,,,,,,,,,,,,,,,,,,,1.820030,,,,,,,,,,,1.457922,,,,,,,,,,,,,,,,,,,,,,,,,,,,,,,,,,,,,,,,,,,,,,,,,,,,,,,,,,,,,,,,,,,,,,,,,,,,,,,,,,,,,,,,,,,,,,,,,,,,,
126,6.250000,RB003,pinch_end,2,,,,,,,,,,,,,,,,,,,,1.819506,,,,,,,,,,,1.479193,,,,,,,,,,,,,,,,,,,,,,,,,,,,,,,,,,,,,,,,,,,,,,,,,,,,,,,,,,,,,,,,,,,,,,,,,,,,,,,,,,,,,,,,,,,,,,,,,,,,,
127,6.300000,RB003,pinch_end,2,,,,,,,,,,,,,,,,,,,,1.818981,,,,,,,,,,,1.500464,,,,,,,,,,,,,,,,,,,,,,,,,,,,,,,,,,,,,,,,,,,,,,,,,,,,,,,,,,,,,,,,,,,,,,,,,,,,,,,,,,,,,,,,,,,,,,,,,,,,,
128,6.350000,RB003,pinch_end,2,,,,,,,,,,,,,,,,,,,,1.818457,,,,,,,,,,,1.521736,,,,,,,,,,,,,,,,,,,,,,,,,,,,,,,,,,,,,,,,,,,,,,,,,,,,,,,,,,,,,,,,,,,,,,,,,,,,,,,,,,,,,,,,,,,,,,,,,,,,,
129,6.400000,RB003,pinch_end,2,,,,,,,,,,,,,,,,,,,,1.817933,,,,,,,,,,,1.543007,,,,,,,,,,,,,,,,,,,,,,,,,,,,,,,,,,,,,,,,,,,,,,,,,,,,,,,,,,,,,,,,,,,,,,,,,,,,,,,,,,,,,,,,,,,,,,,,,,,,,
130,6.450000,RB003,pinch_end,2,,,,,,,,,,,,,,,,,,,,1.817408,,,,,,,,,,,1.564278,,,,,,,,,,,,,,,,,,,,,,,,,,,,,,,,,,,,,,,,,,,,,,,,,,,,,,,,,,,,,,,,,,,,,,,,,,,,,,,,,,,,,,,,,,,,,,,,,,,,,
131,6.500000,RB003,pinch_end,2,,,,,,,,,,,,,,,,,,,,1.816884,,,,,,,,,,,1.585550,,,,,,,,,,,,,,,,,,,,,,,,,,,,,,,,,,,,,,,,,,,,,,,,,,,,,,,,,,,,,,,,,,,,,,,,,,,,,,,,,,,,,,,,,,,,,,,,,,,,,
132,6.550000,RB003,pinch_end,2,,,,,,,,,,,,,,,,,,,,1.816359,,,,,,,,,,,1.606821,,,,,,,,,,,,,,,,,,,,,,,,,,,,,,,,,,,,,,,,,,,,,,,,,,,,,,,,,,,,,,,,,,,,,,,,,,,,,,,,,,,,,,,,,,,,,,,,,,,,,
133,6.600000,RB003,pinch_end,2,,,,,,,,,,,,,,,,,,,,1.815835,,,,,,,,,,,1.628092,,,,,,,,,,,,,,,,,,,,,,,,,,,,,,,,,,,,,,,,,,,,,,,,,,,,,,,,,,,,,,,,,,,,,,,,,,,,,,,,,,,,,,,,,,,,,,,,,,,,,
134,6.650000,RB003,pinch_end,2,,,,,,,,,,,,,,,,,,,,1.815311,,,,,,,,,,,1.649363,,,,,,,,,,,,,,,,,,,,,,,,,,,,,,,,,,,,,,,,,,,,,,,,,,,,,,,,,,,,,,,,,,,,,,,,,,,,,,,,,,,,,,,,,,,,,,,,,,,,,
135,6.700000,RB003,pinch_end,2,,,,,,,,,,,,,,,,,,,,1.814786,,,,,,,,,,,1.670635,,,,,,,,,,,,,,,,,,,,,,,,,,,,,,,,,,,,,,,,,,,,,,,,,,,,,,,,,,,,,,,,,,,,,,,,,,,,,,,,,,,,,,,,,,,,,,,,,,,,,
136,6.750000,RB003,pinch_end,2,,,,,,,,,,,,,,,,,,,,1.814262,,,,,,,,,,,1.691906,,,,,,,,,,,,,,,,,,,,,,,,,,,,,,,,,,,,,,,,,,,,,,,,,,,,,,,,,,,,,,,,,,,,,,,,,,,,,,,,,,,,,,,,,,,,,,,,,,,,,
137,6.800000,RB003,pinch_end,2,,,,,,,,,,,,,,,,,,,,1.813738,,,,,,,,,,,1.713177,,,,,,,,,,,,,,,,,,,,,,,,,,,,,,,,,,,,,,,,,,,,,,,,,,,,,,,,,,,,,,,,,,,,,,,,,,,,,,,,,,,,,,,,,,,,,,,,,,,,,
138,6.850000,RB003,pinch_end,2,,,,,,,,,,,,,,,,,,,,1.813213,,,,,,,,,,,1.734449,,,,,,,,,,,,,,,,,,,,,,,,,,,,,,,,,,,,,,,,,,,,,,,,,,,,,,,,,,,,,,,,,,,,,,,,,,,,,,,,,,,,,,,,,,,,,,,,,,,,,
139,6.900000,RB003,pinch_end,2,,,,,,,,,,,,,,,,,,,,1.812689,,,,,,,,,,,1.755720,,,,,,,,,,,,,,,,,,,,,,,,,,,,,,,,,,,,,,,,,,,,,,,,,,,,,,,,,,,,,,,,,,,,,,,,,,,,,,,,,,,,,,,,,,,,,,,,,,,,,
140,6.950000,RB003,pinch_end,2,,,,,,,,,,,,,,,,,,,,1.812164,,,,,,,,,,,1.776991,,,,,,,,,,,,,,,,,,,,,,,,,,,,,,,,,,,,,,,,,,,,,,,,,,,,,,,,,,,,,,,,,,,,,,,,,,,,,,,,,,,,,,,,,,,,,,,,,,,,,
141,7.000000,RB003,pinch_end,2,,,,,,,,,,,,,,,,,,,,1.811630,,,,,,,,,,,1.774923,,,,,,,,,,,,,,,,,,,,,,,,,,,,,,,,,,,,,,,,,,,,,,,,,,,,,,,,,,,,,,,,,,,,,,,,,,,,,,,,,,,,,,,,,,,,,,,,,,,,,
142,7.050000,RB003,pinch_end,2,,,,,,,,,,,,,,,,,,,,1.811064,,,,,,,,,,,1.698184,,,,,,,,,,,,,,,,,,,,,,,,,,,,,,,,,,,,,,,,,,,,,,,,,,,,,,,,,,,,,,,,,,,,,,,,,,,,,,,,,,,,,,,,,,,,,,,,,,,,,
143,7.100000,RB003,pinch_end,2,,,,,,,,,,,,,,,,,,,,1.810498,,,,,,,,,,,1.621446,,,,,,,,,,,,,,,,,,,,,,,,,,,,,,,,,,,,,,,,,,,,,,,,,,,,,,,,,,,,,,,,,,,,,,,,,,,,,,,,,,,,,,,,,,,,,,,,,,,,,
144,7.150000,RB003,pinch_end,2,,,,,,,,,,,,,,,,,,,,1.809932,,,,,,,,,,,1.544708,,,,,,,,,,,,,,,,,,,,,,,,,,,,,,,,,,,,,,,,,,,,,,,,,,,,,,,,,,,,,,,,,,,,,,,,,,,,,,,,,,,,,,,,,,,,,,,,,,,,,
145,7.200000,RB003,pinch_end,2,,,,,,,,,,,,,,,,,,,,1.809366,,,,,,,,,,,1.467969,,,,,,,,,,,,,,,,,,,,,,,,,,,,,,,,,,,,,,,,,,,,,,,,,,,,,,,,,,,,,,,,,,,,,,,,,,,,,,,,,,,,,,,,,,,,,,,,,,,,,
146,7.250000,RB003,pinch_end,2,,,,,,,,,,,,,,,,,,,,1.808800,,,,,,,,,,,1.391231,,,,,,,,,,,,,,,,,,,,,,,,,,,,,,,,,,,,,,,,,,,,,,,,,,,,,,,,,,,,,,,,,,,,,,,,,,,,,,,,,,,,,,,,,,,,,,,,,,,,,
147,7.300000,RB003,pinch_end,2,,,,,,,,,,,,,,,,,,,,1.808234,,,,,,,,,,,1.314493,,,,,,,,,,,,,,,,,,,,,,,,,,,,,,,,,,,,,,,,,,,,,,,,,,,,,,,,,,,,,,,,,,,,,,,,,,,,,,,,,,,,,,,,,,,,,,,,,,,,,
148,7.350000,RB003,pinch_end,2,,,,,,,,,,,,,,,,,,,,1.807668,,,,,,,,,,,1.237754,,,,,,,,,,,,,,,,,,,,,,,,,,,,,,,,,,,,,,,,,,,,,,,,,,,,,,,,,,,,,,,,,,,,,,,,,,,,,,,,,,,,,,,,,,,,,,,,,,,,,
149,7.400000,RB003,pinch_end,2,,,,,,,,,,,,,,,,,,,,1.807101,,,,,,,,,,,1.161016,,,,,,,,,,,,,,,,,,,,,,,,,,,,,,,,,,,,,,,,,,,,,,,,,,,,,,,,,,,,,,,,,,,,,,,,,,,,,,,,,,,,,,,,,,,,,,,,,,,,,
150,7.450000,RB003,pinch_end,2,,,,,,,,,,,,,,,,,,,,1.806535,,,,,,,,,,,1.084278,,,,,,,,,,,,,,,,,,,,,,,,,,,,,,,,,,,,,,,,,,,,,,,,,,,,,,,,,,,,,,,,,,,,,,,,,,,,,,,,,,,,,,,,,,,,,,,,,,,,,
151,7.500000,RB003,pinch_end,2,,,,,,,,,,,,,,,,,,,,1.805969,,,,,,,,,,,1.007539,,,,,,,,,,,,,,,,,,,,,,,,,,,,,,,,,,,,,,,,,,,,,,,,,,,,,,,,,,,,,,,,,,,,,,,,,,,,,,,,,,,,,,,,,,,,,,,,,,,,,
152,7.550000,RB003,pinch_end,2,,,,,,,,,,,,,,,,,,,,1.805403,,,,,,,,,,,0.930801,,,,,,,,,,,,,,,,,,,,,,,,,,,,,,,,,,,,,,,,,,,,,,,,,,,,,,,,,,,,,,,,,,,,,,,,,,,,,,,,,,,,,,,,,,,,,,,,,,,,,
153,7.600000,RB003,pinch_end,2,,,,,,,,,,,,,,,,,,,,1.804837,,,,,,,,,,,0.854063,,,,,,,,,,,,,,,,,,,,,,,,,,,,,,,,,,,,,,,,,,,,,,,,,,,,,,,,,,,,,,,,,,,,,,,,,,,,,,,,,,,,,,,,,,,,,,,,,,,,,
154,7.650000,RB003,pinch_end,2,,,,,,,,,,,,,,,,,,,,1.804271,,,,,,,,,,,0.777324,,,,,,,,,,,,,,,,,,,,,,,,,,,,,,,,,,,,,,,,,,,,,,,,,,,,,,,,,,,,,,,,,,,,,,,,,,,,,,,,,,,,,,,,,,,,,,,,,,,,,
155,7.700000,RB003,pinch_end,2,,,,,,,,,,,,,,,,,,,,1.803705,,,,,,,,,,,0.700586,,,,,,,,,,,,,,,,,,,,,,,,,,,,,,,,,,,,,,,,,,,,,,,,,,,,,,,,,,,,,,,,,,,,,,,,,,,,,,,,,,,,,,,,,,,,,,,,,,,,,
156,7.750000,RB003,pinch_end,2,,,,,,,,,,,,,,,,,,,,1.803139,,,,,,,,,,,0.623848,,,,,,,,,,,,,,,,,,,,,,,,,,,,,,,,,,,,,,,,,,,,,,,,,,,,,,,,,,,,,,,,,,,,,,,,,,,,,,,,,,,,,,,,,,,,,,,,,,,,,
157,7.800000,RB003,pinch_end,2,,,,,,,,,,,,,,,,,,,,1.802573,,,,,,,,,,,0.547109,,,,,,,,,,,,,,,,,,,,,,,,,,,,,,,,,,,,,,,,,,,,,,,,,,,,,,,,,,,,,,,,,,,,,,,,,,,,,,,,,,,,,,,,,,,,,,,,,,,,,
158,7.850000,RB003,pinch_end,2,,,,,,,,,,,,,,,,,,,,1.802007,,,,,,,,,,,0.470371,,,,,,,,,,,,,,,,,,,,,,,,,,,,,,,,,,,,,,,,,,,,,,,,,,,,,,,,,,,,,,,,,,,,,,,,,,,,,,,,,,,,,,,,,,,,,,,,,,,,,
159,7.900000,RB003,pinch_end,2,,,,,,,,,,,,,,,,,,,,1.801440,,,,,,,,,,,0.393633,,,,,,,,,,,,,,,,,,,,,,,,,,,,,,,,,,,,,,,,,,,,,,,,,,,,,,,,,,,,,,,,,,,,,,,,,,,,,,,,,,,,,,,,,,,,,,,,,,,,,
160,7.950000,RB003,pinch_end,2,,,,,,,,,,,,,,,,,,,,1.800874,,,,,,,,,,,0.316895,,,,,,,,,,,,,,,,,,,,,,,,,,,,,,,,,,,,,,,,,,,,,,,,,,,,,,,,,,,,,,,,,,,,,,,,,,,,,,,,,,,,,,,,,,,,,,,,,,,,,
161,8.000000,RB003,pinch_end,2,,,,,,,,,,,,,,,,,,,,1.800308,,,,,,,,,,,0.240156,,,,,,,,,,,,,,,,,,,,,,,,,,,,,,,,,,,,,,,,,,,,,,,,,,,,,,,,,,,,,,,,,,,,,,,,,,,,,,,,,,,,,,,,,,,,,,,,,,,,,
162,8.050000,RB003,pinch_end,2,,,,,,,,,,,,,,,,,,,,1.799742,,,,,,,,,,,0.163418,,,,,,,,,,,,,,,,,,,,,,,,,,,,,,,,,,,,,,,,,,,,,,,,,,,,,,,,,,,,,,,,,,,,,,,,,,,,,,,,,,,,,,,,,,,,,,,,,,,,,
163,8.100000,RB003,pinch_end,2,,,,,,,,,,,,,,,,,,,,1.799176,,,,,,,,,,,0.086680,,,,,,,,,,,,,,,,,,,,,,,,,,,,,,,,,,,,,,,,,,,,,,,,,,,,,,,,,,,,,,,,,,,,,,,,,,,,,,,,,,,,,,,,,,,,,,,,,,,,,
164,8.150000,RB003,pinch_end,2,,,,,,,,,,,,,,,,,,,,1.799038,,,,,,,,,,,0.045283,,,,,,,,,,,,,,,,,,,,,,,,,,,,,,,,,,,,,,,,,,,,,,,,,,,,,,,,,,,,,,,,,,,,,,,,,,,,,,,,,,,,,,,,,,,,,,,,,,,,,
165,8.200000,RB003,pinch_end,2,,,,,,,,,,,,,,,,,,,,1.799610,,,,,,,,,,,0.062445,,,,,,,,,,,,,,,,,,,,,,,,,,,,,,,,,,,,,,,,,,,,,,,,,,,,,,,,,,,,,,,,,,,,,,,,,,,,,,,,,,,,,,,,,,,,,,,,,,,,,
166,8.250000,RB003,pinch_end,2,,,,,,,,,,,,,,,,,,,,1.800182,,,,,,,,,,,0.079606,,,,,,,,,,,,,,,,,,,,,,,,,,,,,,,,,,,,,,,,,,,,,,,,,,,,,,,,,,,,,,,,,,,,,,,,,,,,,,,,,,,,,,,,,,,,,,,,,,,,,
167,8.300000,RB003,pinch_end,2,,,,,,,,,,,,,,,,,,,,1.800755,,,,,,,,,,,0.096767,,,,,,,,,,,,,,,,,,,,,,,,,,,,,,,,,,,,,,,,,,,,,,,,,,,,,,,,,,,,,,,,,,,,,,,,,,,,,,,,,,,,,,,,,,,,,,,,,,,,,
168,8.350000,RB003,pinch_end,2,,,,,,,,,,,,,,,,,,,,1.801327,,,,,,,,,,,0.113929,,,,,,,,,,,,,,,,,,,,,,,,,,,,,,,,,,,,,,,,,,,,,,,,,,,,,,,,,,,,,,,,,,,,,,,,,,,,,,,,,,,,,,,,,,,,,,,,,,,,,
169,8.400000,RB003,pinch_end,2,,,,,,,,,,,,,,,,,,,,1.801899,,,,,,,,,,,0.131090,,,,,,,,,,,,,,,,,,,,,,,,,,,,,,,,,,,,,,,,,,,,,,,,,,,,,,,,,,,,,,,,,,,,,,,,,,,,,,,,,,,,,,,,,,,,,,,,,,,,,
170,8.450000,RB003,pinch_end,2,,,,,,,,,,,,,,,,,,,,1.802471,,,,,,,,,,,0.148251,,,,,,,,,,,,,,,,,,,,,,,,,,,,,,,,,,,,,,,,,,,,,,,,,,,,,,,,,,,,,,,,,,,,,,,,,,,,,,,,,,,,,,,,,,,,,,,,,,,,,
171,8.500000,RB003,pinch_end,2,,,,,,,,,,,,,,,,,,,,1.803043,,,,,,,,,,,0.165413,,,,,,,,,,,,,,,,,,,,,,,,,,,,,,,,,,,,,,,,,,,,,,,,,,,,,,,,,,,,,,,,,,,,,,,,,,,,,,,,,,,,,,,,,,,,,,,,,,,,,
172,8.550000,RB003,pinch_end,2,,,,,,,,,,,,,,,,,,,,1.803615,,,,,,,,,,,0.182574,,,,,,,,,,,,,,,,,,,,,,,,,,,,,,,,,,,,,,,,,,,,,,,,,,,,,,,,,,,,,,,,,,,,,,,,,,,,,,,,,,,,,,,,,,,,,,,,,,,,,
173,8.600000,RB003,pinch_end,2,,,,,,,,,,,,,,,,,,,,1.804187,,,,,,,,,,,0.199735,,,,,,,,,,,,,,,,,,,,,,,,,,,,,,,,,,,,,,,,,,,,,,,,,,,,,,,,,,,,,,,,,,,,,,,,,,,,,,,,,,,,,,,,,,,,,,,,,,,,,
174,8.650000,RB003,pinch_end,2,,,,,,,,,,,,,,,,,,,,1.804759,,,,,,,,,,,0.216897,,,,,,,,,,,,,,,,,,,,,,,,,,,,,,,,,,,,,,,,,,,,,,,,,,,,,,,,,,,,,,,,,,,,,,,,,,,,,,,,,,,,,,,,,,,,,,,,,,,,,
175,8.700000,RB003,pinch_end,2,,,,,,,,,,,,,,,,,,,,1.805331,,,,,,,,,,,0.234058,,,,,,,,,,,,,,,,,,,,,,,,,,,,,,,,,,,,,,,,,,,,,,,,,,,,,,,,,,,,,,,,,,,,,,,,,,,,,,,,,,,,,,,,,,,,,,,,,,,,,
176,8.750000,RB003,pinch_end,2,,,,,,,,,,,,,,,,,,,,1.805903,,,,,,,,,,,0.251219,,,,,,,,,,,,,,,,,,,,,,,,,,,,,,,,,,,,,,,,,,,,,,,,,,,,,,,,,,,,,,,,,,,,,,,,,,,,,,,,,,,,,,,,,,,,,,,,,,,,,
177,8.800000,RB003,pinch_end,2,,,,,,,,,,,,,,,,,,,,1.806475,,,,,,,,,,,0.268381,,,,,,,,,,,,,,,,,,,,,,,,,,,,,,,,,,,,,,,,,,,,,,,,,,,,,,,,,,,,,,,,,,,,,,,,,,,,,,,,,,,,,,,,,,,,,,,,,,,,,
178,8.850000,RB003,pinch_end,2,,,,,,,,,,,,,,,,,,,,1.807047,,,,,,,,,,,0.285542,,,,,,,,,,,,,,,,,,,,,,,,,,,,,,,,,,,,,,,,,,,,,,,,,,,,,,,,,,,,,,,,,,,,,,,,,,,,,,,,,,,,,,,,,,,,,,,,,,,,,
179,8.900000,RB003,pinch_end,2,,,,,,,,,,,,,,,,,,,,1.807620,,,,,,,,,,,0.302703,,,,,,,,,,,,,,,,,,,,,,,,,,,,,,,,,,,,,,,,,,,,,,,,,,,,,,,,,,,,,,,,,,,,,,,,,,,,,,,,,,,,,,,,,,,,,,,,,,,,,
180,8.950000,RB003,pinch_end,2,,,,,,,,,,,,,,,,,,,,1.808192,,,,,,,,,,,0.319865,,,,,,,,,,,,,,,,,,,,,,,,,,,,,,,,,,,,,,,,,,,,,,,,,,,,,,,,,,,,,,,,,,,,,,,,,,,,,,,,,,,,,,,,,,,,,,,,,,,,,
181,9.000000,RB003,pinch_end,2,,,,,,,,,,,,,,,,,,,,1.808764,,,,,,,,,,,0.337026,,,,,,,,,,,,,,,,,,,,,,,,,,,,,,,,,,,,,,,,,,,,,,,,,,,,,,,,,,,,,,,,,,,,,,,,,,,,,,,,,,,,,,,,,,,,,,,,,,,,,
182,9.050000,RB003,pinch_end,2,,,,,,,,,,,,,,,,,,,,1.809336,,,,,,,,,,,0.354187,,,,,,,,,,,,,,,,,,,,,,,,,,,,,,,,,,,,,,,,,,,,,,,,,,,,,,,,,,,,,,,,,,,,,,,,,,,,,,,,,,,,,,,,,,,,,,,,,,,,,
183,9.100000,RB003,pinch_end,2,,,,,,,,,,,,,,,,,,,,1.809908,,,,,,,,,,,0.371349,,,,,,,,,,,,,,,,,,,,,,,,,,,,,,,,,,,,,,,,,,,,,,,,,,,,,,,,,,,,,,,,,,,,,,,,,,,,,,,,,,,,,,,,,,,,,,,,,,,,,
184,9.150000,RB003,pinch_end,2,,,,,,,,,,,,,,,,,,,,1.810480,,,,,,,,,,,0.388510,,,,,,,,,,,,,,,,,,,,,,,,,,,,,,,,,,,,,,,,,,,,,,,,,,,,,,,,,,,,,,,,,,,,,,,,,,,,,,,,,,,,,,,,,,,,,,,,,,,,,
185,9.200000,RB003,pinch_end,2,,,,,,,,,,,,,,,,,,,,1.811052,,,,,,,,,,,0.405671,,,,,,,,,,,,,,,,,,,,,,,,,,,,,,,,,,,,,,,,,,,,,,,,,,,,,,,,,,,,,,,,,,,,,,,,,,,,,,,,,,,,,,,,,,,,,,,,,,,,,
186,9.250000,RB003,pinch_end,2,,,,,,,,,,,,,,,,,,,,1.811624,,,,,,,,,,,0.422833,,,,,,,,,,,,,,,,,,,,,,,,,,,,,,,,,,,,,,,,,,,,,,,,,,,,,,,,,,,,,,,,,,,,,,,,,,,,,,,,,,,,,,,,,,,,,,,,,,,,,
187,9.300000,RB003,pinch_end,3,,,,,,,,,,,,,,,,1.702332,,,,1.811765,,,,,,,,,,,0.472000,,,,,,,,,,,,,,,,,,,,,,,,,,,,,,,,,,,,,,,,,,,,,,,,,,,,,,,,,,,,,,,,,,,,,,,,,,,,,,,,,,,,,,,,,,,,,,,,,,,,,
188,9.350000,RB003,pinch_end,3,,,,,,,,,,,,,,,,1.627314,,,,1.811765,,,,,,,,,,,0.531627,,,,,,,,,,,,,,,,,,,,,,,,,,,,,,,,,,,,,,,,,,,,,,,,,,,,,,,,,,,,,,,,,,,,,,,,,,,,,,,,,,,,,,,,,,,,,,,,,,,,,
189,9.400000,RB003,pinch_end,3,,,,,,,,,,,,,,,,1.552296,,,,1.811765,,,,,,,,,,,0.591253,,,,,,,,,,,,,,,,,,,,,,,,,,,,,,,,,,,,,,,,,,,,,,,,,,,,,,,,,,,,,,,,,,,,,,,,,,,,,,,,,,,,,,,,,,,,,,,,,,,,,
190,9.450000,RB003,pinch_end,3,,,,,,,,,,,,,,,,1.477278,,,,1.811765,,,,,,,,,,,0.650879,,,,,,,,,,,,,,,,,,,,,,,,,,,,,,,,,,,,,,,,,,,,,,,,,,,,,,,,,,,,,,,,,,,,,,,,,,,,,,,,,,,,,,,,,,,,,,,,,,,,,
191,9.500000,RB003,pinch_end,3,,,,,,,,,,,,,,,,1.402260,,,,1.811765,,,,,,,,,,,0.710505,,,,,,,,,,,,,,,,,,,,,,,,,,,,,,,,,,,,,,,,,,,,,,,,,,,,,,,,,,,,,,,,,,,,,,,,,,,,,,,,,,,,,,,,,,,,,,,,,,,,,
192,9.550000,RB003,pinch_end,3,,,,,,,,,,,,,,,,1.327242,,,,1.811765,,,,,,,,,,,0.770131,,,,,,,,,,,,,,,,,,,,,,,,,,,,,,,,,,,,,,,,,,,,,,,,,,,,,,,,,,,,,,,,,,,,,,,,,,,,,,,,,,,,,,,,,,,,,,,,,,,,,
193,9.600000,RB003,pinch_end,3,,,,,,,,,,,,,,,,1.252224,,,,1.811765,,,,,,,,,,,0.829757,,,,,,,,,,,,,,,,,,,,,,,,,,,,,,,,,,,,,,,,,,,,,,,,,,,,,,,,,,,,,,,,,,,,,,,,,,,,,,,,,,,,,,,,,,,,,,,,,,,,,
194,9.650000,RB003,pinch_end,3,,,,,,,,,,,,,,,,1.177206,,,,1.811765,,,,,,,,,,,0.889384,,,,,,,,,,,,,,,,,,,,,,,,,,,,,,,,,,,,,,,,,,,,,,,,,,,,,,,,,,,,,,,,,,,,,,,,,,,,,,,,,,,,,,,,,,,,,,,,,,,,,
195,9.700000,RB003,pinch_end,3,,,,,,,,,,,,,,,,1.102188,,,,1.811765,,,,,,,,,,,0.949010,,,,,,,,,,,,,,,,,,,,,,,,,,,,,,,,,,,,,,,,,,,,,,,,,,,,,,,,,,,,,,,,,,,,,,,,,,,,,,,,,,,,,,,,,,,,,,,,,,,,,
196,9.750000,RB003,pinch_end,3,,,,,,,,,,,,,,,,1.027170,,,,1.811765,,,,,,,,,,,1.008636,,,,,,,,,,,,,,,,,,,,,,,,,,,,,,,,,,,,,,,,,,,,,,,,,,,,,,,,,,,,,,,,,,,,,,,,,,,,,,,,,,,,,,,,,,,,,,,,,,,,,
197,9.800000,RB003,pinch_end,3,,,,,,,,,,,,,,,,0.952152,,,,1.811765,,,,,,,,,,,1.068262,,,,,,,,,,,,,,,,,,,,,,,,,,,,,,,,,,,,,,,,,,,,,,,,,,,,,,,,,,,,,,,,,,,,,,,,,,,,,,,,,,,,,,,,,,,,,,,,,,,,,
198,9.850000,RB003,pinch_end,3,,,,,,,,,,,,,,,,0.877135,,,,1.811765,,,,,,,,,,,1.127888,,,,,,,,,,,,,,,,,,,,,,,,,,,,,,,,,,,,,,,,,,,,,,,,,,,,,,,,,,,,,,,,,,,,,,,,,,,,,,,,,,,,,,,,,,,,,,,,,,,,,
199,9.900000,RB003,pinch_end,3,,,,,,,,,,,,,,,,0.802117,,,,1.811765,,,,,,,,,,,1.187514,,,,,,,,,,,,,,,,,,,,,,,,,,,,,,,,,,,,,,,,,,,,,,,,,,,,,,,,,,,,,,,,,,,,,,,,,,,,,,,,,,,,,,,,,,,,,,,,,,,,,
200,9.950000,RB003,pinch_end,3,,,,,,,,,,,,,,,,0.727099,,,,1.811765,,,,,,,,,,,1.247140,,,,,,,,,,,,,,,,,,,,,,,,,,,,,,,,,,,,,,,,,,,,,,,,,,,,,,,,,,,,,,,,,,,,,,,,,,,,,,,,,,,,,,,,,,,,,,,,,,,,,
201,10.000000,RB003,pinch_end,3,,,,,,,,,,,,,,,,0.652081,,,,1.811765,,,,,,,,,,,1.306767,,,,,,,,,,,,,,,,,,,,,,,,,,,,,,,,,,,,,,,,,,,,,,,,,,,,,,,,,,,,,,,,,,,,,,,,,,,,,,,,,,,,,,,,,,,,,,,,,,,,,
202,10.050000,RB003,pinch_end,3,,,,,,,,,,,,,,,,0.577063,,,,1.811765,,,,,,,,,,,1.366393,,,,,,,,,,,,,,,,,,,,,,,,,,,,,,,,,,,,,,,,,,,,,,,,,,,,,,,,,,,,,,,,,,,,,,,,,,,,,,,,,,,,,,,,,,,,,,,,,,,,,
203,10.100000,RB003,pinch_end,3,,,,,,,,,,,,,,,,0.502045,,,,1.811765,,,,,,,,,,,1.426019,,,,,,,,,,,,,,,,,,,,,,,,,,,,,,,,,,,,,,,,,,,,,,,,,,,,,,,,,,,,,,,,,,,,,,,,,,,,,,,,,,,,,,,,,,,,,,,,,,,,,
204,10.150000,RB003,pinch_end,3,,,,,,,,,,,,,,,,0.427027,,,,1.811765,,,,,,,,,,,1.485645,,,,,,,,,,,,,,,,,,,,,,,,,,,,,,,,,,,,,,,,,,,,,,,,,,,,,,,,,,,,,,,,,,,,,,,,,,,,,,,,,,,,,,,,,,,,,,,,,,,,,
205,10.200000,RB003,pinch_end,3,,,,,,,,,,,,,,,,0.352009,,,,1.811765,,,,,,,,,,,1.545271,,,,,,,,,,,,,,,,,,,,,,,,,,,,,,,,,,,,,,,,,,,,,,,,,,,,,,,,,,,,,,,,,,,,,,,,,,,,,,,,,,,,,,,,,,,,,,,,,,,,,
206,10.250000,RB003,pinch_end,3,,,,,,,,,,,,,,,,0.276991,,,,1.811765,,,,,,,,,,,1.604897,,,,,,,,,,,,,,,,,,,,,,,,,,,,,,,,,,,,,,,,,,,,,,,,,,,,,,,,,,,,,,,,,,,,,,,,,,,,,,,,,,,,,,,,,,,,,,,,,,,,,
207,10.300000,RB003,pinch_end,3,,,,,,,,,,,,,,,,0.201973,,,,1.811765,,,,,,,,,,,1.664524,,,,,,,,,,,,,,,,,,,,,,,,,,,,,,,,,,,,,,,,,,,,,,,,,,,,,,,,,,,,,,,,,,,,,,,,,,,,,,,,,,,,,,,,,,,,,,,,,,,,,
208,10.350000,RB003,pinch_end,3,,,,,,,,,,,,,,,,0.126955,,,,1.811765,,,,,,,,,,,1.724150,,,,,,,,,,,,,,,,,,,,,,,,,,,,,,,,,,,,,,,,,,,,,,,,,,,,,,,,,,,,,,,,,,,,,,,,,,,,,,,,,,,,,,,,,,,,,,,,,,,,,
209,10.400000,RB003,pinch_end,2,,,,,,,,,,,,,,,,0.051938,,,,1.811765,,,,,,,,,,,,,,,,,,,,,,,,,,,,,,,,,,,,,,,,,,,,,,,,,,,,,,,,,,,,,,,,,,,,,,,,,,,,,,,,,,,,,,,,,,,,,,,,,,,,,,,,,,,,,,,,
210,10.450000,RB003,pinch_end,4,,,,,,,,,,,,,,,,0.126300,,,1.789483,1.809496,,,,,,,,,,,1.757338,,,,,,,,,,,,,,,,,,,,,,,,,,,,,,,,,,,,,,,,,,,,,,,,,,,,,,,,,,,,,,,,,,,,,,,,,,,,,,,,,,,,,,,,,,,,,,,,,,,,,
211,10.500000,RB003,pinch_end,4,,,,,,,,,,,,,,,,0.201006,,,1.775046,1.807222,,,,,,,,,,,1.730701,,,,,,,,,,,,,,,,,,,,,,,,,,,,,,,,,,,,,,,,,,,,,,,,,,,,,,,,,,,,,,,,,,,,,,,,,,,,,,,,,,,,,,,,,,,,,,,,,,,,,
212,10.550000,RB003,pinch_end,4,,,,,,,,,,,,,,,,0.275712,,,1.760609,1.804947,,,,,,,,,,,1.704064,,,,,,,,,,,,,,,,,,,,,,,,,,,,,,,,,,,,,,,,,,,,,,,,,,,,,,,,,,,,,,,,,,,,,,,,,,,,,,,,,,,,,,,,,,,,,,,,,,,,,
213,10.600000,RB003,pinch_end,4,,,,,,,,,,,,,,,,0.350419,,,1.746172,1.802673,,,,,,,,,,,1.677427,,,,,,,,,,,,,,,,,,,,,,,,,,,,,,,,,,,,,,,,,,,,,,,,,,,,,,,,,,,,,,,,,,,,,,,,,,,,,,,,,,,,,,,,,,,,,,,,,,,,,
214,10.650000,RB003,pinch_end,4,,,,,,,,,,,,,,,,0.425125,,,1.731735,1.800399,,,,,,,,,,,1.650791,,,,,,,,,,,,,,,,,,,,,,,,,,,,,,,,,,,,,,,,,,,,,,,,,,,,,,,,,,,,,,,,,,,,,,,,,,,,,,,,,,,,,,,,,,,,,,,,,,,,,
215,10.700000,RB003,pinch_end,4,,,,,,,,,,,,,,,,0.499832,,,1.717298,1.798124,,,,,,,,,,,1.624154,,,,,,,,,,,,,,,,,,,,,,,,,,,,,,,,,,,,,,,,,,,,,,,,,,,,,,,,,,,,,,,,,,,,,,,,,,,,,,,,,,,,,,,,,,,,,,,,,,,,,
216,10.750000,RB003,pinch_end,4,,,,,,,,,,,,,,,,0.574538,,,1.702861,1.795850,,,,,,,,,,,1.597517,,,,,,,,,,,,,,,,,,,,,,,,,,,,,,,,,,,,,,,,,,,,,,,,,,,,,,,,,,,,,,,,,,,,,,,,,,,,,,,,,,,,,,,,,,,,,,,,,,,,,
217,10.800000,RB003,pinch_end,4,,,,,,,,,,,,,,,,0.649245,,,1.688424,1.793576,,,,,,,,,,,1.570880,,,,,,,,,,,,,,,,,,,,,,,,,,,,,,,,,,,,,,,,,,,,,,,,,,,,,,,,,,,,,,,,,,,,,,,,,,,,,,,,,,,,,,,,,,,,,,,,,,,,,
218,10.850000,RB003,pinch_end,4,,,,,,,,,,,,,,,,0.723951,,,1.673987,1.791301,,,,,,,,,,,1.544244,,,,,,,,,,,,,,,,,,,,,,,,,,,,,,,,,,,,,,,,,,,,,,,,,,,,,,,,,,,,,,,,,,,,,,,,,,,,,,,,,,,,,,,,,,,,,,,,,,,,,
219,10.900000,RB003,pinch_end,4,,,,,,,,,,,,,,,,0.798657,,,1.659550,1.789027,,,,,,,,,,,1.517607,,,,,,,,,,,,,,,,,,,,,,,,,,,,,,,,,,,,,,,,,,,,,,,,,,,,,,,,,,,,,,,,,,,,,,,,,,,,,,,,,,,,,,,,,,,,,,,,,,,,,
220,10.950000,RB003,pinch_end,4,,,,,,,,,,,,,,,,0.873364,,,1.645114,1.786753,,,,,,,,,,,1.490970,,,,,,,,,,,,,,,,,,,,,,,,,,,,,,,,,,,,,,,,,,,,,,,,,,,,,,,,,,,,,,,,,,,,,,,,,,,,,,,,,,,,,,,,,,,,,,,,,,,,,
221,11.000000,RB003,pinch_end,4,,,,,,,,,,,,,,,,0.948070,,,1.630677,1.784478,,,,,,,,,,,1.464333,,,,,,,,,,,,,,,,,,,,,,,,,,,,,,,,,,,,,,,,,,,,,,,,,,,,,,,,,,,,,,,,,,,,,,,,,,,,,,,,,,,,,,,,,,,,,,,,,,,,,
222,11.050000,RB003,pinch_end,4,,,,,,,,,,,,,,,,1.022777,,,1.616240,1.782204,,,,,,,,,,,1.437697,,,,,,,,,,,,,,,,,,,,,,,,,,,,,,,,,,,,,,,,,,,,,,,,,,,,,,,,,,,,,,,,,,,,,,,,,,,,,,,,,,,,,,,,,,,,,,,,,,,,,
223,11.100000,RB003,pinch_end,4,,,,,,,,,,,,,,,,1.097483,,,1.601803,1.779930,,,,,,,,,,,1.411060,,,,,,,,,,,,,,,,,,,,,,,,,,,,,,,,,,,,,,,,,,,,,,,,,,,,,,,,,,,,,,,,,,,,,,,,,,,,,,,,,,,,,,,,,,,,,,,,,,,,,
224,11.150000,RB003,pinch_end,4,,,,,,,,,,,,,,,,1.172189,,,1.587366,1.777655,,,,,,,,,,,1.384423,,,,,,,,,,,,,,,,,,,,,,,,,,,,,,,,,,,,,,,,,,,,,,,,,,,,,,,,,,,,,,,,,,,,,,,,,,,,,,,,,,,,,,,,,,,,,,,,,,,,,
225,11.200000,RB003,pinch_end,4,,,,,,,,,,,,,,,,1.246896,,,1.572929,1.775381,,,,,,,,,,,1.357786,,,,,,,,,,,,,,,,,,,,,,,,,,,,,,,,,,,,,,,,,,,,,,,,,,,,,,,,,,,,,,,,,,,,,,,,,,,,,,,,,,,,,,,,,,,,,,,,,,,,,
226,11.250000,RB003,pinch_end,4,,,,,,,,,,,,,,,,1.321602,,,1.558492,1.773107,,,,,,,,,,,1.331150,,,,,,,,,,,,,,,,,,,,,,,,,,,,,,,,,,,,,,,,,,,,,,,,,,,,,,,,,,,,,,,,,,,,,,,,,,,,,,,,,,,,,,,,,,,,,,,,,,,,,
227,11.300000,RB003,pinch_end,4,,,,,,,,,,,,,,,,1.396309,,,1.544055,1.770832,,,,,,,,,,,1.304513,,,,,,,,,,,,,,,,,,,,,,,,,,,,,,,,,,,,,,,,,,,,,,,,,,,,,,,,,,,,,,,,,,,,,,,,,,,,,,,,,,,,,,,,,,,,,,,,,,,,,
228,11.350000,RB003,pinch_end,4,,,,,,,,,,,,,,,,1.471015,,,1.529618,1.768558,,,,,,,,,,,1.277876,,,,,,,,,,,,,,,,,,,,,,,,,,,,,,,,,,,,,,,,,,,,,,,,,,,,,,,,,,,,,,,,,,,,,,,,,,,,,,,,,,,,,,,,,,,,,,,,,,,,,
229,11.400000,RB003,pinch_end,4,,,,,,,,,,,,,,,,1.545722,,,1.515181,1.766284,,,,,,,,,,,1.251240,,,,,,,,,,,,,,,,,,,,,,,,,,,,,,,,,,,,,,,,,,,,,,,,,,,,,,,,,,,,,,,,,,,,,,,,,,,,,,,,,,,,,,,,,,,,,,,,,,,,,
230,11.450000,RB003,pinch_end,4,,,,,,,,,,,,,,,,1.620428,,,1.500744,1.764009,,,,,,,,,,,1.224603,,,,,,,,,,,,,,,,,,,,,,,,,,,,,,,,,,,,,,,,,,,,,,,,,,,,,,,,,,,,,,,,,,,,,,,,,,,,,,,,,,,,,,,,,,,,,,,,,,,,,
231,11.500000,RB003,pinch_end,4,,,,,,,,,,,,,,,,1.695134,,,1.486307,1.761735,,,,,,,,,,,1.197966,,,,,,,,,,,,,,,,,,,,,,,,,,,,,,,,,,,,,,,,,,,,,,,,,,,,,,,,,,,,,,,,,,,,,,,,,,,,,,,,,,,,,,,,,,,,,,,,,,,,,
232,11.550000,RB003,pinch_end,4,,,,,,,,,,,,,,,,1.736643,,,1.475656,1.760482,,,,,,,,,,,1.171860,,,,,,,,,,,,,,,,,,,,,,,,,,,,,,,,,,,,,,,,,,,,,,,,,,,,,,,,,,,,,,,,,,,,,,,,,,,,,,,,,,,,,,,,,,,,,,,,,,,,,
233,11.600000,RB003,pinch_end,4,,,,,,,,,,,,,,,,1.671379,,,1.477181,1.762516,,,,,,,,,,,1.147461,,,,,,,,,,,,,,,,,,,,,,,,,,,,,,,,,,,,,,,,,,,,,,,,,,,,,,,,,,,,,,,,,,,,,,,,,,,,,,,,,,,,,,,,,,,,,,,,,,,,,
234,11.650000,RB003,pinch_end,4,,,,,,,,,,,,,,,,1.606116,,,1.478706,1.764549,,,,,,,,,,,1.123061,,,,,,,,,,,,,,,,,,,,,,,,,,,,,,,,,,,,,,,,,,,,,,,,,,,,,,,,,,,,,,,,,,,,,,,,,,,,,,,,,,,,,,,,,,,,,,,,,,,,,
235,11.700000,RB003,pinch_end,4,,,,,,,,,,,,,,,,1.540852,,,1.480231,1.766582,,,,,,,,,,,1.098662,,,,,,,,,,,,,,,,,,,,,,,,,,,,,,,,,,,,,,,,,,,,,,,,,,,,,,,,,,,,,,,,,,,,,,,,,,,,,,,,,,,,,,,,,,,,,,,,,,,,,
236,11.750000,RB003,pinch_end,4,,,,,,,,,,,,,,,,1.475588,,,1.481756,1.768615,,,,,,,,,,,1.074263,,,,,,,,,,,,,,,,,,,,,,,,,,,,,,,,,,,,,,,,,,,,,,,,,,,,,,,,,,,,,,,,,,,,,,,,,,,,,,,,,,,,,,,,,,,,,,,,,,,,,
237,11.800000,RB003,pinch_end,4,,,,,,,,,,,,,,,,1.410325,,,1.483281,1.770649,,,,,,,,,,,1.049864,,,,,,,,,,,,,,,,,,,,,,,,,,,,,,,,,,,,,,,,,,,,,,,,,,,,,,,,,,,,,,,,,,,,,,,,,,,,,,,,,,,,,,,,,,,,,,,,,,,,,
238,11.850000,RB003,pinch_end,4,,,,,,,,,,,,,,,,1.345061,,,1.484806,1.772682,,,,,,,,,,,1.025465,,,,,,,,,,,,,,,,,,,,,,,,,,,,,,,,,,,,,,,,,,,,,,,,,,,,,,,,,,,,,,,,,,,,,,,,,,,,,,,,,,,,,,,,,,,,,,,,,,,,,
239,11.900000,RB003,pinch_end,4,,,,,,,,,,,,,,,,1.279798,,,1.486331,1.774715,,,,,,,,,,,1.001065,,,,,,,,,,,,,,,,,,,,,,,,,,,,,,,,,,,,,,,,,,,,,,,,,,,,,,,,,,,,,,,,,,,,,,,,,,,,,,,,,,,,,,,,,,,,,,,,,,,,,
240,11.950000,RB003,pinch_end,4,,,,,,,,,,,,,,,,1.214534,,,1.487855,1.776749,,,,,,,,,,,0.976666,,,,,,,,,,,,,,,,,,,,,,,,,,,,,,,,,,,,,,,,,,,,,,,,,,,,,,,,,,,,,,,,,,,,,,,,,,,,,,,,,,,,,,,,,,,,,,,,,,,,,
241,12.000000,RB003,pinch_end,4,,,,,,,,,,,,,,,,1.149270,,,1.489380,1.778782,,,,,,,,,,,0.952267,,,,,,,,,,,,,,,,,,,,,,,,,,,,,,,,,,,,,,,,,,,,,,,,,,,,,,,,,,,,,,,,,,,,,,,,,,,,,,,,,,,,,,,,,,,,,,,,,,,,,
242,12.050000,RB003,pinch_end,4,,,,,,,,,,,,,,,,1.084007,,,1.490905,1.780815,,,,,,,,,,,0.927868,,,,,,,,,,,,,,,,,,,,,,,,,,,,,,,,,,,,,,,,,,,,,,,,,,,,,,,,,,,,,,,,,,,,,,,,,,,,,,,,,,,,,,,,,,,,,,,,,,,,,
243,12.100000,RB003,pinch_end,4,,,,,,,,,,,,,,,,1.018743,,,1.492430,1.782848,,,,,,,,,,,0.903468,,,,,,,,,,,,,,,,,,,,,,,,,,,,,,,,,,,,,,,,,,,,,,,,,,,,,,,,,,,,,,,,,,,,,,,,,,,,,,,,,,,,,,,,,,,,,,,,,,,,,
244,12.150000,RB003,pinch_end,4,,,,,,,,,,,,,,,,0.953480,,,1.493955,1.784882,,,,,,,,,,,0.879069,,,,,,,,,,,,,,,,,,,,,,,,,,,,,,,,,,,,,,,,,,,,,,,,,,,,,,,,,,,,,,,,,,,,,,,,,,,,,,,,,,,,,,,,,,,,,,,,,,,,,
245,12.200000,RB003,pinch_end,4,,,,,,,,,,,,,,,,0.888216,,,1.495480,1.786915,,,,,,,,,,,0.854670,,,,,,,,,,,,,,,,,,,,,,,,,,,,,,,,,,,,,,,,,,,,,,,,,,,,,,,,,,,,,,,,,,,,,,,,,,,,,,,,,,,,,,,,,,,,,,,,,,,,,
246,12.250000,RB003,pinch_end,4,,,,,,,,,,,,,,,,0.822953,,,1.497005,1.788948,,,,,,,,,,,0.830271,,,,,,,,,,,,,,,,,,,,,,,,,,,,,,,,,,,,,,,,,,,,,,,,,,,,,,,,,,,,,,,,,,,,,,,,,,,,,,,,,,,,,,,,,,,,,,,,,,,,,
247,12.300000,RB003,pinch_end,4,,,,,,,,,,,,,,,,0.757689,,,1.498530,1.790982,,,,,,,,,,,0.805871,,,,,,,,,,,,,,,,,,,,,,,,,,,,,,,,,,,,,,,,,,,,,,,,,,,,,,,,,,,,,,,,,,,,,,,,,,,,,,,,,,,,,,,,,,,,,,,,,,,,,
248,12.350000,RB003,pinch_end,4,,,,,,,,,,,,,,,,0.692425,,,1.500055,1.793015,,,,,,,,,,,0.781472,,,,,,,,,,,,,,,,,,,,,,,,,,,,,,,,,,,,,,,,,,,,,,,,,,,,,,,,,,,,,,,,,,,,,,,,,,,,,,,,,,,,,,,,,,,,,,,,,,,,,
249,12.400000,RB003,pinch_end,4,,,,,,,,,,,,,,,,0.627162,,,1.501580,1.795048,,,,,,,,,,,0.757073,,,,,,,,,,,,,,,,,,,,,,,,,,,,,,,,,,,,,,,,,,,,,,,,,,,,,,,,,,,,,,,,,,,,,,,,,,,,,,,,,,,,,,,,,,,,,,,,,,,,,
250,12.450000,RB003,pinch_end,4,,,,,,,,,,,,,,,,0.561898,,,1.503105,1.797081,,,,,,,,,,,0.732674,,,,,,,,,,,,,,,,,,,,,,,,,,,,,,,,,,,,,,,,,,,,,,,,,,,,,,,,,,,,,,,,,,,,,,,,,,,,,,,,,,,,,,,,,,,,,,,,,,,,,
251,12.500000,RB003,pinch_end,4,,,,,,,,,,,,,,,,0.496635,,,1.504630,1.799115,,,,,,,,,,,0.708274,,,,,,,,,,,,,,,,,,,,,,,,,,,,,,,,,,,,,,,,,,,,,,,,,,,,,,,,,,,,,,,,,,,,,,,,,,,,,,,,,,,,,,,,,,,,,,,,,,,,,
252,12.550000,RB003,pinch_end,4,,,,,,,,,,,,,,,,0.431371,,,1.506155,1.801148,,,,,,,,,,,0.683875,,,,,,,,,,,,,,,,,,,,,,,,,,,,,,,,,,,,,,,,,,,,,,,,,,,,,,,,,,,,,,,,,,,,,,,,,,,,,,,,,,,,,,,,,,,,,,,,,,,,,
253,12.600000,RB003,pinch_end,4,,,,,,,,,,,,,,,,0.366107,,,1.507680,1.803181,,,,,,,,,,,0.659476,,,,,,,,,,,,,,,,,,,,,,,,,,,,,,,,,,,,,,,,,,,,,,,,,,,,,,,,,,,,,,,,,,,,,,,,,,,,,,,,,,,,,,,,,,,,,,,,,,,,,
254,12.650000,RB003,pinch_end,4,,,,,,,,,,,,,,,,0.300844,,,1.509205,1.805214,,,,,,,,,,,0.635077,,,,,,,,,,,,,,,,,,,,,,,,,,,,,,,,,,,,,,,,,,,,,,,,,,,,,,,,,,,,,,,,,,,,,,,,,,,,,,,,,,,,,,,,,,,,,,,,,,,,,
255,12.700000,RB003,pinch_end,4,,,,,,,,,,,,,,,,0.235580,,,1.510730,1.807248,,,,,,,,,,,0.610677,,,,,,,,,,,,,,,,,,,,,,,,,,,,,,,,,,,,,,,,,,,,,,,,,,,,,,,,,,,,,,,,,,,,,,,,,,,,,,,,,,,,,,,,,,,,,,,,,,,,,
256,12.750000,RB003,pinch_end,4,,,,,,,,,,,,,,,,0.170317,,,1.512255,1.809281,,,,,,,,,,,0.586278,,,,,,,,,,,,,,,,,,,,,,,,,,,,,,,,,,,,,,,,,,,,,,,,,,,,,,,,,,,,,,,,,,,,,,,,,,,,,,,,,,,,,,,,,,,,,,,,,,,,,
257,12.800000,RB003,pinch_end,4,,,,,,,,,,,,,,,,0.105053,,,1.513780,1.811314,,,,,,,,,,,0.561879,,,,,,,,,,,,,,,,,,,,,,,,,,,,,,,,,,,,,,,,,,,,,,,,,,,,,,,,,,,,,,,,,,,,,,,,,,,,,,,,,,,,,,,,,,,,,,,,,,,,,
258,12.850000,RB003,pinch_end,4,,,,,,,,,,,,,,,,0.089267,,,1.512797,1.811765,,,,,,,,,,,0.549427,,,,,,,,,,,,,,,,,,,,,,,,,,,,,,,,,,,,,,,,,,,,,,,,,,,,,,,,,,,,,,,,,,,,,,,,,,,,,,,,,,,,,,,,,,,,,,,,,,,,,
259,12.900000,RB003,pinch_end,4,,,,,,,,,,,,,,,,0.087570,,,1.511100,1.811765,,,,,,,,,,,0.540377,,,,,,,,,,,,,,,,,,,,,,,,,,,,,,,,,,,,,,,,,,,,,,,,,,,,,,,,,,,,,,,,,,,,,,,,,,,,,,,,,,,,,,,,,,,,,,,,,,,,,
260,12.950000,RB003,pinch_end,4,,,,,,,,,,,,,,,,0.085874,,,1.509404,1.811765,,,,,,,,,,,0.531328,,,,,,,,,,,,,,,,,,,,,,,,,,,,,,,,,,,,,,,,,,,,,,,,,,,,,,,,,,,,,,,,,,,,,,,,,,,,,,,,,,,,,,,,,,,,,,,,,,,,,
261,13.000000,RB003,pinch_end,4,,,,,,,,,,,,,,,,0.084177,,,1.507707,1.811765,,,,,,,,,,,0.522278,,,,,,,,,,,,,,,,,,,,,,,,,,,,,,,,,,,,,,,,,,,,,,,,,,,,,,,,,,,,,,,,,,,,,,,,,,,,,,,,,,,,,,,,,,,,,,,,,,,,,
262,13.050000,RB003,pinch_end,4,,,,,,,,,,,,,,,,0.082480,,,1.506010,1.811765,,,,,,,,,,,0.513228,,,,,,,,,,,,,,,,,,,,,,,,,,,,,,,,,,,,,,,,,,,,,,,,,,,,,,,,,,,,,,,,,,,,,,,,,,,,,,,,,,,,,,,,,,,,,,,,,,,,,
263,13.100000,RB003,pinch_end,4,,,,,,,,,,,,,,,,0.080783,,,1.504313,1.811765,,,,,,,,,,,0.504178,,,,,,,,,,,,,,,,,,,,,,,,,,,,,,,,,,,,,,,,,,,,,,,,,,,,,,,,,,,,,,,,,,,,,,,,,,,,,,,,,,,,,,,,,,,,,,,,,,,,,
264,13.150000,RB003,pinch_end,4,,,,,,,,,,,,,,,,0.079086,,,1.502616,1.811765,,,,,,,,,,,0.495129,,,,,,,,,,,,,,,,,,,,,,,,,,,,,,,,,,,,,,,,,,,,,,,,,,,,,,,,,,,,,,,,,,,,,,,,,,,,,,,,,,,,,,,,,,,,,,,,,,,,,
265,13.200000,RB003,pinch_end,4,,,,,,,,,,,,,,,,0.077390,,,1.500919,1.811765,,,,,,,,,,,0.486079,,,,,,,,,,,,,,,,,,,,,,,,,,,,,,,,,,,,,,,,,,,,,,,,,,,,,,,,,,,,,,,,,,,,,,,,,,,,,,,,,,,,,,,,,,,,,,,,,,,,,
266,13.250000,RB003,pinch_end,4,,,,,,,,,,,,,,,,0.075693,,,1.499222,1.811765,,,,,,,,,,,0.477029,,,,,,,,,,,,,,,,,,,,,,,,,,,,,,,,,,,,,,,,,,,,,,,,,,,,,,,,,,,,,,,,,,,,,,,,,,,,,,,,,,,,,,,,,,,,,,,,,,,,,
267,13.300000,RB003,pinch_end,4,,,,,,,,,,,,,,,,0.073996,,,1.497526,1.811765,,,,,,,,,,,0.467979,,,,,,,,,,,,,,,,,,,,,,,,,,,,,,,,,,,,,,,,,,,,,,,,,,,,,,,,,,,,,,,,,,,,,,,,,,,,,,,,,,,,,,,,,,,,,,,,,,,,,
268,13.350000,RB003,pinch_end,4,,,,,,,,,,,,,,,,0.072299,,,1.495829,1.811765,,,,,,,,,,,0.458930,,,,,,,,,,,,,,,,,,,,,,,,,,,,,,,,,,,,,,,,,,,,,,,,,,,,,,,,,,,,,,,,,,,,,,,,,,,,,,,,,,,,,,,,,,,,,,,,,,,,,
269,13.400000,RB003,pinch_end,4,,,,,,,,,,,,,,,,0.070602,,,1.494132,1.811765,,,,,,,,,,,0.449880,,,,,,,,,,,,,,,,,,,,,,,,,,,,,,,,,,,,,,,,,,,,,,,,,,,,,,,,,,,,,,,,,,,,,,,,,,,,,,,,,,,,,,,,,,,,,,,,,,,,,
270,13.450000,RB003,pinch_end,4,,,,,,,,,,,,,,,,0.068906,,,1.492435,1.811765,,,,,,,,,,,0.440830,,,,,,,,,,,,,,,,,,,,,,,,,,,,,,,,,,,,,,,,,,,,,,,,,,,,,,,,,,,,,,,,,,,,,,,,,,,,,,,,,,,,,,,,,,,,,,,,,,,,,
271,13.500000,RB003,pinch_end,4,,,,,,,,,,,,,,,,0.067209,,,1.490738,1.811765,,,,,,,,,,,0.431781,,,,,,,,,,,,,,,,,,,,,,,,,,,,,,,,,,,,,,,,,,,,,,,,,,,,,,,,,,,,,,,,,,,,,,,,,,,,,,,,,,,,,,,,,,,,,,,,,,,,,
272,13.550000,RB003,pinch_end,4,,,,,,,,,,,,,,,,0.065512,,,1.489041,1.811765,,,,,,,,,,,0.422731,,,,,,,,,,,,,,,,,,,,,,,,,,,,,,,,,,,,,,,,,,,,,,,,,,,,,,,,,,,,,,,,,,,,,,,,,,,,,,,,,,,,,,,,,,,,,,,,,,,,,
273,13.600000,RB003,pinch_end,4,,,,,,,,,,,,,,,,0.063815,,,1.487345,1.811765,,,,,,,,,,,0.413681,,,,,,,,,,,,,,,,,,,,,,,,,,,,,,,,,,,,,,,,,,,,,,,,,,,,,,,,,,,,,,,,,,,,,,,,,,,,,,,,,,,,,,,,,,,,,,,,,,,,,
274,13.650000,RB003,pinch_end,4,,,,,,,,,,,,,,,,0.062118,,,1.485648,1.811765,,,,,,,,,,,0.404631,,,,,,,,,,,,,,,,,,,,,,,,,,,,,,,,,,,,,,,,,,,,,,,,,,,,,,,,,,,,,,,,,,,,,,,,,,,,,,,,,,,,,,,,,,,,,,,,,,,,,
275,13.700000,RB003,pinch_end,4,,,,,,,,,,,,,,,,0.060422,,,1.483951,1.811765,,,,,,,,,,,0.395582,,,,,,,,,,,,,,,,,,,,,,,,,,,,,,,,,,,,,,,,,,,,,,,,,,,,,,,,,,,,,,,,,,,,,,,,,,,,,,,,,,,,,,,,,,,,,,,,,,,,,
276,13.750000,RB003,pinch_end,4,,,,,,,,,,,,,,,,0.058725,,,1.482254,1.811765,,,,,,,,,,,0.386532,,,,,,,,,,,,,,,,,,,,,,,,,,,,,,,,,,,,,,,,,,,,,,,,,,,,,,,,,,,,,,,,,,,,,,,,,,,,,,,,,,,,,,,,,,,,,,,,,,,,,
277,13.800000,RB003,pinch_end,4,,,,,,,,,,,,,,,,0.057028,,,1.480557,1.811765,,,,,,,,,,,0.377482,,,,,,,,,,,,,,,,,,,,,,,,,,,,,,,,,,,,,,,,,,,,,,,,,,,,,,,,,,,,,,,,,,,,,,,,,,,,,,,,,,,,,,,,,,,,,,,,,,,,,
278,13.850000,RB003,pinch_end,4,,,,,,,,,,,,,,,,0.055331,,,1.478860,1.811765,,,,,,,,,,,0.368432,,,,,,,,,,,,,,,,,,,,,,,,,,,,,,,,,,,,,,,,,,,,,,,,,,,,,,,,,,,,,,,,,,,,,,,,,,,,,,,,,,,,,,,,,,,,,,,,,,,,,
279,13.900000,RB003,pinch_end,4,,,,,,,,,,,,,,,,0.053634,,,1.477164,1.811765,,,,,,,,,,,0.359383,,,,,,,,,,,,,,,,,,,,,,,,,,,,,,,,,,,,,,,,,,,,,,,,,,,,,,,,,,,,,,,,,,,,,,,,,,,,,,,,,,,,,,,,,,,,,,,,,,,,,
280,13.950000,RB003,pinch_end,4,,,,,,,,,,,,,,,,0.051938,,,1.475467,1.811765,,,,,,,,,,,0.350333,,,,,,,,,,,,,,,,,,,,,,,,,,,,,,,,,,,,,,,,,,,,,,,,,,,,,,,,,,,,,,,,,,,,,,,,,,,,,,,,,,,,,,,,,,,,,,,,,,,,,
281,14.000000,RB003,pinch_end,4,,,,,,,,,,,,,,,,0.051765,,,1.472727,1.811765,,,,,,,,,,,0.359680,,,,,,,,,,,,,,,,,,,,,,,,,,,,,,,,,,,,,,,,,,,,,,,,,,,,,,,,,,,,,,,,,,,,,,,,,,,,,,,,,,,,,,,,,,,,,,,,,,,,,
282,14.050000,RB003,pinch_end,4,,,,,,,,,,,,,,,,0.051765,,,1.469869,1.811765,,,,,,,,,,,0.371112,,,,,,,,,,,,,,,,,,,,,,,,,,,,,,,,,,,,,,,,,,,,,,,,,,,,,,,,,,,,,,,,,,,,,,,,,,,,,,,,,,,,,,,,,,,,,,,,,,,,,
283,14.100000,RB003,pinch_end,4,,,,,,,,,,,,,,,,0.051765,,,1.467011,1.811765,,,,,,,,,,,0.382543,,,,,,,,,,,,,,,,,,,,,,,,,,,,,,,,,,,,,,,,,,,,,,,,,,,,,,,,,,,,,,,,,,,,,,,,,,,,,,,,,,,,,,,,,,,,,,,,,,,,,
284,14.150000,RB003,pinch_end,4,,,,,,,,,,,,,,,,0.051765,,,1.464153,1.811765,,,,,,,,,,,0.393974,,,,,,,,,,,,,,,,,,,,,,,,,,,,,,,,,,,,,,,,,,,,,,,,,,,,,,,,,,,,,,,,,,,,,,,,,,,,,,,,,,,,,,,,,,,,,,,,,,,,,
285,14.200000,RB003,pinch_end,4,,,,,,,,,,,,,,,,0.051765,,,1.461295,1.811765,,,,,,,,,,,0.405406,,,,,,,,,,,,,,,,,,,,,,,,,,,,,,,,,,,,,,,,,,,,,,,,,,,,,,,,,,,,,,,,,,,,,,,,,,,,,,,,,,,,,,,,,,,,,,,,,,,,,
286,14.250000,RB003,pinch_end,4,,,,,,,,,,,,,,,,0.051765,,,1.458438,1.811765,,,,,,,,,,,0.416837,,,,,,,,,,,,,,,,,,,,,,,,,,,,,,,,,,,,,,,,,,,,,,,,,,,,,,,,,,,,,,,,,,,,,,,,,,,,,,,,,,,,,,,,,,,,,,,,,,,,,
287,14.300000,RB003,pinch_end,4,,,,,,,,,,,,,,,,0.051765,,,1.455580,1.811765,,,,,,,,,,,0.428269,,,,,,,,,,,,,,,,,,,,,,,,,,,,,,,,,,,,,,,,,,,,,,,,,,,,,,,,,,,,,,,,,,,,,,,,,,,,,,,,,,,,,,,,,,,,,,,,,,,,,
288,14.350000,RB003,pinch_end,4,,,,,,,,,,,,,,,,0.051765,,,1.452722,1.811765,,,,,,,,,,,0.439700,,,,,,,,,,,,,,,,,,,,,,,,,,,,,,,,,,,,,,,,,,,,,,,,,,,,,,,,,,,,,,,,,,,,,,,,,,,,,,,,,,,,,,,,,,,,,,,,,,,,,
289,14.400000,RB003,pinch_end,4,,,,,,,,,,,,,,,,0.051765,,,1.449864,1.811765,,,,,,,,,,,0.451132,,,,,,,,,,,,,,,,,,,,,,,,,,,,,,,,,,,,,,,,,,,,,,,,,,,,,,,,,,,,,,,,,,,,,,,,,,,,,,,,,,,,,,,,,,,,,,,,,,,,,
290,14.450000,RB003,pinch_end,4,,,,,,,,,,,,,,,,0.051765,,,1.447006,1.811765,,,,,,,,,,,0.462563,,,,,,,,,,,,,,,,,,,,,,,,,,,,,,,,,,,,,,,,,,,,,,,,,,,,,,,,,,,,,,,,,,,,,,,,,,,,,,,,,,,,,,,,,,,,,,,,,,,,,
291,14.500000,RB003,pinch_end,4,,,,,,,,,,,,,,,,0.051765,,,1.444148,1.811765,,,,,,,,,,,0.473994,,,,,,,,,,,,,,,,,,,,,,,,,,,,,,,,,,,,,,,,,,,,,,,,,,,,,,,,,,,,,,,,,,,,,,,,,,,,,,,,,,,,,,,,,,,,,,,,,,,,,
292,14.550000,RB003,pinch_end,4,,,,,,,,,,,,,,,,0.051765,,,1.441290,1.811765,,,,,,,,,,,0.485426,,,,,,,,,,,,,,,,,,,,,,,,,,,,,,,,,,,,,,,,,,,,,,,,,,,,,,,,,,,,,,,,,,,,,,,,,,,,,,,,,,,,,,,,,,,,,,,,,,,,,
293,14.600000,RB003,pinch_end,4,,,,,,,,,,,,,,,,0.051765,,,1.438433,1.811765,,,,,,,,,,,0.496857,,,,,,,,,,,,,,,,,,,,,,,,,,,,,,,,,,,,,,,,,,,,,,,,,,,,,,,,,,,,,,,,,,,,,,,,,,,,,,,,,,,,,,,,,,,,,,,,,,,,,
294,14.650000,RB003,pinch_end,4,,,,,,,,,,,,,,,,0.051765,,,1.435575,1.811765,,,,,,,,,,,0.508289,,,,,,,,,,,,,,,,,,,,,,,,,,,,,,,,,,,,,,,,,,,,,,,,,,,,,,,,,,,,,,,,,,,,,,,,,,,,,,,,,,,,,,,,,,,,,,,,,,,,,
295,14.700000,RB003,pinch_end,4,,,,,,,,,,,,,,,,0.051765,,,1.432717,1.811765,,,,,,,,,,,0.519720,,,,,,,,,,,,,,,,,,,,,,,,,,,,,,,,,,,,,,,,,,,,,,,,,,,,,,,,,,,,,,,,,,,,,,,,,,,,,,,,,,,,,,,,,,,,,,,,,,,,,
296,14.750000,RB003,pinch_end,4,,,,,,,,,,,,,,,,0.051765,,,1.429859,1.811765,,,,,,,,,,,0.531152,,,,,,,,,,,,,,,,,,,,,,,,,,,,,,,,,,,,,,,,,,,,,,,,,,,,,,,,,,,,,,,,,,,,,,,,,,,,,,,,,,,,,,,,,,,,,,,,,,,,,
297,14.800000,RB003,pinch_end,4,,,,,,,,,,,,,,,,0.051765,,,1.427001,1.811765,,,,,,,,,,,0.542583,,,,,,,,,,,,,,,,,,,,,,,,,,,,,,,,,,,,,,,,,,,,,,,,,,,,,,,,,,,,,,,,,,,,,,,,,,,,,,,,,,,,,,,,,,,,,,,,,,,,,
298,14.850000,RB003,pinch_end,4,,,,,,,,,,,,,,,,0.051765,,,1.424143,1.811765,,,,,,,,,,,0.554014,,,,,,,,,,,,,,,,,,,,,,,,,,,,,,,,,,,,,,,,,,,,,,,,,,,,,,,,,,,,,,,,,,,,,,,,,,,,,,,,,,,,,,,,,,,,,,,,,,,,,
299,14.900000,RB003,pinch_end,4,,,,,,,,,,,,,,,,0.051765,,,1.421285,1.811765,,,,,,,,,,,0.565446,,,,,,,,,,,,,,,,,,,,,,,,,,,,,,,,,,,,,,,,,,,,,,,,,,,,,,,,,,,,,,,,,,,,,,,,,,,,,,,,,,,,,,,,,,,,,,,,,,,,,
300,14.950000,RB003,pinch_end,4,,,,,,,,,,,,,,,,0.051765,,,1.418427,1.811765,,,,,,,,,,,0.576877,,,,,,,,,,,,,,,,,,,,,,,,,,,,,,,,,,,,,,,,,,,,,,,,,,,,,,,,,,,,,,,,,,,,,,,,,,,,,,,,,,,,,,,,,,,,,,,,,,,,,
301,15.000000,RB003,pinch_end,4,,,,,,,,,,,,,,,,0.051765,,,1.415570,1.811765,,,,,,,,,,,0.588309,,,,,,,,,,,,,,,,,,,,,,,,,,,,,,,,,,,,,,,,,,,,,,,,,,,,,,,,,,,,,,,,,,,,,,,,,,,,,,,,,,,,,,,,,,,,,,,,,,,,,
302,15.050000,RB003,pinch_end,4,,,,,,,,,,,,,,,,0.051765,,,1.412712,1.811765,,,,,,,,,,,0.599740,,,,,,,,,,,,,,,,,,,,,,,,,,,,,,,,,,,,,,,,,,,,,,,,,,,,,,,,,,,,,,,,,,,,,,,,,,,,,,,,,,,,,,,,,,,,,,,,,,,,,
303,15.100000,RB003,pinch_end,4,,,,,,,,,,,,,,,,0.069355,,,1.415075,1.812396,,,,,,,,,,,0.621376,,,,,,,,,,,,,,,,,,,,,,,,,,,,,,,,,,,,,,,,,,,,,,,,,,,,,,,,,,,,,,,,,,,,,,,,,,,,,,,,,,,,,,,,,,,,,,,,,,,,,
304,15.150000,RB003,pinch_end,4,,,,,,,,,,,,,,,,0.137828,,,1.432540,1.814852,,,,,,,,,,,0.672533,,,,,,,,,,,,,,,,,,,,,,,,,,,,,,,,,,,,,,,,,,,,,,,,,,,,,,,,,,,,,,,,,,,,,,,,,,,,,,,,,,,,,,,,,,,,,,,,,,,,,
305,15.200000,RB003,pinch_end,3,,,,,,,,,,,,,,,,0.206302,,,1.450006,,,,,,,,,,,,0.723690,,,,,,,,,,,,,,,,,,,,,,,,,,,,,,,,,,,,,,,,,,,,,,,,,,,,,,,,,,,,,,,,,,,,,,,,,,,,,,,,,,,,,,,,,,,,,,,,,,,,,
306,15.250000,RB003,pinch_end,3,,,,,,,,,,,,,,,,0.274776,,,1.467472,,,,,,,,,,,,0.774847,,,,,,,,,,,,,,,,,,,,,,,,,,,,,,,,,,,,,,,,,,,,,,,,,,,,,,,,,,,,,,,,,,,,,,,,,,,,,,,,,,,,,,,,,,,,,,,,,,,,,
307,15.300000,RB003,pinch_end,3,,,,,,,,,,,,,,,,0.343250,,,1.484938,,,,,,,,,,,,0.826004,,,,,,,,,,,,,,,,,,,,,,,,,,,,,,,,,,,,,,,,,,,,,,,,,,,,,,,,,,,,,,,,,,,,,,,,,,,,,,,,,,,,,,,,,,,,,,,,,,,,,
308,15.350000,RB003,pinch_end,3,,,,,,,,,,,,,,,,0.411724,,,1.502404,,,,,,,,,,,,0.877161,,,,,,,,,,,,,,,,,,,,,,,,,,,,,,,,,,,,,,,,,,,,,,,,,,,,,,,,,,,,,,,,,,,,,,,,,,,,,,,,,,,,,,,,,,,,,,,,,,,,,
309,15.400000,RB003,pinch_end,3,,,,,,,,,,,,,,,,0.480197,,,1.519869,,,,,,,,,,,,0.928318,,,,,,,,,,,,,,,,,,,,,,,,,,,,,,,,,,,,,,,,,,,,,,,,,,,,,,,,,,,,,,,,,,,,,,,,,,,,,,,,,,,,,,,,,,,,,,,,,,,,,
310,15.450000,RB003,pinch_end,3,,,,,,,,,,,,,,,,0.548671,,,1.537335,,,,,,,,,,,,0.979475,,,,,,,,,,,,,,,,,,,,,,,,,,,,,,,,,,,,,,,,,,,,,,,,,,,,,,,,,,,,,,,,,,,,,,,,,,,,,,,,,,,,,,,,,,,,,,,,,,,,,
311,15.500000,RB003,pinch_end,3,,,,,,,,,,,,,,,,0.617145,,,1.554801,,,,,,,,,,,,1.030631,,,,,,,,,,,,,,,,,,,,,,,,,,,,,,,,,,,,,,,,,,,,,,,,,,,,,,,,,,,,,,,,,,,,,,,,,,,,,,,,,,,,,,,,,,,,,,,,,,,,,
312,15.550000,RB003,pinch_end,3,,,,,,,,,,,,,,,,0.685619,,,1.572267,,,,,,,,,,,,1.081788,,,,,,,,,,,,,,,,,,,,,,,,,,,,,,,,,,,,,,,,,,,,,,,,,,,,,,,,,,,,,,,,,,,,,,,,,,,,,,,,,,,,,,,,,,,,,,,,,,,,,
313,15.600000,RB003,pinch_end,3,,,,,,,,,,,,,,,,0.754093,,,1.589733,,,,,,,,,,,,1.132945,,,,,,,,,,,,,,,,,,,,,,,,,,,,,,,,,,,,,,,,,,,,,,,,,,,,,,,,,,,,,,,,,,,,,,,,,,,,,,,,,,,,,,,,,,,,,,,,,,,,,
314,15.650000,RB003,pinch_end,3,,,,,,,,,,,,,,,,0.822567,,,1.607199,,,,,,,,,,,,1.184102,,,,,,,,,,,,,,,,,,,,,,,,,,,,,,,,,,,,,,,,,,,,,,,,,,,,,,,,,,,,,,,,,,,,,,,,,,,,,,,,,,,,,,,,,,,,,,,,,,,,,
315,15.700000,RB003,pinch_end,3,,,,,,,,,,,,,,,,0.891040,,,1.624664,,,,,,,,,,,,1.235259,,,,,,,,,,,,,,,,,,,,,,,,,,,,,,,,,,,,,,,,,,,,,,,,,,,,,,,,,,,,,,,,,,,,,,,,,,,,,,,,,,,,,,,,,,,,,,,,,,,,,
316,15.750000,RB003,pinch_end,3,,,,,,,,,,,,,,,,0.959514,,,1.642130,,,,,,,,,,,,1.286416,,,,,,,,,,,,,,,,,,,,,,,,,,,,,,,,,,,,,,,,,,,,,,,,,,,,,,,,,,,,,,,,,,,,,,,,,,,,,,,,,,,,,,,,,,,,,,,,,,,,,
317,15.800000,RB003,pinch_end,3,,,,,,,,,,,,,,,,1.027988,,,1.659596,,,,,,,,,,,,1.337573,,,,,,,,,,,,,,,,,,,,,,,,,,,,,,,,,,,,,,,,,,,,,,,,,,,,,,,,,,,,,,,,,,,,,,,,,,,,,,,,,,,,,,,,,,,,,,,,,,,,,
318,15.850000,RB003,pinch_end,3,,,,,,,,,,,,,,,,1.096462,,,1.677062,,,,,,,,,,,,1.388730,,,,,,,,,,,,,,,,,,,,,,,,,,,,,,,,,,,,,,,,,,,,,,,,,,,,,,,,,,,,,,,,,,,,,,,,,,,,,,,,,,,,,,,,,,,,,,,,,,,,,
319,15.900000,RB003,pinch_end,3,,,,,,,,,,,,,,,,1.164936,,,1.694528,,,,,,,,,,,,1.439887,,,,,,,,,,,,,,,,,,,,,,,,,,,,,,,,,,,,,,,,,,,,,,,,,,,,,,,,,,,,,,,,,,,,,,,,,,,,,,,,,,,,,,,,,,,,,,,,,,,,,
320,15.950000,RB003,pinch_end,3,,,,,,,,,,,,,,,,1.233409,,,1.711993,,,,,,,,,,,,1.491044,,,,,,,,,,,,,,,,,,,,,,,,,,,,,,,,,,,,,,,,,,,,,,,,,,,,,,,,,,,,,,,,,,,,,,,,,,,,,,,,,,,,,,,,,,,,,,,,,,,,,
321,16.000000,RB003,pinch_end,3,,,,,,,,,,,,,,,,1.301883,,,1.729459,,,,,,,,,,,,1.542201,,,,,,,,,,,,,,,,,,,,,,,,,,,,,,,,,,,,,,,,,,,,,,,,,,,,,,,,,,,,,,,,,,,,,,,,,,,,,,,,,,,,,,,,,,,,,,,,,,,,,
322,16.050000,RB003,pinch_end,3,,,,,,,,,,,,,,,,1.370357,,,1.746925,,,,,,,,,,,,1.593358,,,,,,,,,,,,,,,,,,,,,,,,,,,,,,,,,,,,,,,,,,,,,,,,,,,,,,,,,,,,,,,,,,,,,,,,,,,,,,,,,,,,,,,,,,,,,,,,,,,,,
323,16.100000,RB003,pinch_end,3,,,,,,,,,,,,,,,,1.438831,,,1.764391,,,,,,,,,,,,1.644514,,,,,,,,,,,,,,,,,,,,,,,,,,,,,,,,,,,,,,,,,,,,,,,,,,,,,,,,,,,,,,,,,,,,,,,,,,,,,,,,,,,,,,,,,,,,,,,,,,,,,
324,16.150000,RB003,pinch_end,3,,,,,,,,,,,,,,,,1.507305,,,1.781857,,,,,,,,,,,,1.695671,,,,,,,,,,,,,,,,,,,,,,,,,,,,,,,,,,,,,,,,,,,,,,,,,,,,,,,,,,,,,,,,,,,,,,,,,,,,,,,,,,,,,,,,,,,,,,,,,,,,,
325,16.200000,RB003,pinch_end,3,,,,,,,,,,,,,,,,1.575779,,,1.799322,,,,,,,,,,,,1.746828,,,,,,,,,,,,,,,,,,,,,,,,,,,,,,,,,,,,,,,,,,,,,,,,,,,,,,,,,,,,,,,,,,,,,,,,,,,,,,,,,,,,,,,,,,,,,,,,,,,,,
326,16.250000,RB003,pinch_end,1,,,,,,,,,,,,,,,,1.605677,,,,,,,,,,,,,,,,,,,,,,,,,,,,,,,,,,,,,,,,,,,,,,,,,,,,,,,,,,,,,,,,,,,,,,,,,,,,,,,,,,,,,,,,,,,,,,,,,,,,,,,,,,,,,,,,,,,,
327,16.300000,RB003,pinch_end,1,,,,,,,,,,,,,,,,1.607359,,,,,,,,,,,,,,,,,,,,,,,,,,,,,,,,,,,,,,,,,,,,,,,,,,,,,,,,,,,,,,,,,,,,,,,,,,,,,,,,,,,,,,,,,,,,,,,,,,,,,,,,,,,,,,,,,,,,
328,16.350000,RB003,pinch_end,1,,,,,,,,,,,,,,,,1.609041,,,,,,,,,,,,,,,,,,,,,,,,,,,,,,,,,,,,,,,,,,,,,,,,,,,,,,,,,,,,,,,,,,,,,,,,,,,,,,,,,,,,,,,,,,,,,,,,,,,,,,,,,,,,,,,,,,,,
329,16.400000,RB003,pinch_end,1,,,,,,,,,,,,,,,,1.610723,,,,,,,,,,,,,,,,,,,,,,,,,,,,,,,,,,,,,,,,,,,,,,,,,,,,,,,,,,,,,,,,,,,,,,,,,,,,,,,,,,,,,,,,,,,,,,,,,,,,,,,,,,,,,,,,,,,,
330,16.450000,RB003,pinch_end,1,,,,,,,,,,,,,,,,1.612406,,,,,,,,,,,,,,,,,,,,,,,,,,,,,,,,,,,,,,,,,,,,,,,,,,,,,,,,,,,,,,,,,,,,,,,,,,,,,,,,,,,,,,,,,,,,,,,,,,,,,,,,,,,,,,,,,,,,
331,16.500000,RB003,pinch_end,1,,,,,,,,,,,,,,,,1.614088,,,,,,,,,,,,,,,,,,,,,,,,,,,,,,,,,,,,,,,,,,,,,,,,,,,,,,,,,,,,,,,,,,,,,,,,,,,,,,,,,,,,,,,,,,,,,,,,,,,,,,,,,,,,,,,,,,,,
332,16.550000,RB003,pinch_end,1,,,,,,,,,,,,,,,,1.615770,,,,,,,,,,,,,,,,,,,,,,,,,,,,,,,,,,,,,,,,,,,,,,,,,,,,,,,,,,,,,,,,,,,,,,,,,,,,,,,,,,,,,,,,,,,,,,,,,,,,,,,,,,,,,,,,,,,,
333,16.600000,RB003,pinch_end,1,,,,,,,,,,,,,,,,1.617452,,,,,,,,,,,,,,,,,,,,,,,,,,,,,,,,,,,,,,,,,,,,,,,,,,,,,,,,,,,,,,,,,,,,,,,,,,,,,,,,,,,,,,,,,,,,,,,,,,,,,,,,,,,,,,,,,,,,
334,16.650000,RB003,pinch_end,1,,,,,,,,,,,,,,,,1.619134,,,,,,,,,,,,,,,,,,,,,,,,,,,,,,,,,,,,,,,,,,,,,,,,,,,,,,,,,,,,,,,,,,,,,,,,,,,,,,,,,,,,,,,,,,,,,,,,,,,,,,,,,,,,,,,,,,,,
335,16.700000,RB003,pinch_end,1,,,,,,,,,,,,,,,,1.620816,,,,,,,,,,,,,,,,,,,,,,,,,,,,,,,,,,,,,,,,,,,,,,,,,,,,,,,,,,,,,,,,,,,,,,,,,,,,,,,,,,,,,,,,,,,,,,,,,,,,,,,,,,,,,,,,,,,,
336,16.750000,RB003,pinch_end,1,,,,,,,,,,,,,,,,1.622498,,,,,,,,,,,,,,,,,,,,,,,,,,,,,,,,,,,,,,,,,,,,,,,,,,,,,,,,,,,,,,,,,,,,,,,,,,,,,,,,,,,,,,,,,,,,,,,,,,,,,,,,,,,,,,,,,,,,
337,16.800000,RB003,pinch_end,1,,,,,,,,,,,,,,,,1.624180,,,,,,,,,,,,,,,,,,,,,,,,,,,,,,,,,,,,,,,,,,,,,,,,,,,,,,,,,,,,,,,,,,,,,,,,,,,,,,,,,,,,,,,,,,,,,,,,,,,,,,,,,,,,,,,,,,,,
338,16.850000,RB003,pinch_end,1,,,,,,,,,,,,,,,,1.625862,,,,,,,,,,,,,,,,,,,,,,,,,,,,,,,,,,,,,,,,,,,,,,,,,,,,,,,,,,,,,,,,,,,,,,,,,,,,,,,,,,,,,,,,,,,,,,,,,,,,,,,,,,,,,,,,,,,,
339,16.900000,RB003,pinch_end,1,,,,,,,,,,,,,,,,1.627544,,,,,,,,,,,,,,,,,,,,,,,,,,,,,,,,,,,,,,,,,,,,,,,,,,,,,,,,,,,,,,,,,,,,,,,,,,,,,,,,,,,,,,,,,,,,,,,,,,,,,,,,,,,,,,,,,,,,
340,16.950000,RB003,pinch_end,1,,,,,,,,,,,,,,,,1.629226,,,,,,,,,,,,,,,,,,,,,,,,,,,,,,,,,,,,,,,,,,,,,,,,,,,,,,,,,,,,,,,,,,,,,,,,,,,,,,,,,,,,,,,,,,,,,,,,,,,,,,,,,,,,,,,,,,,,
341,17.000000,RB003,pinch_end,1,,,,,,,,,,,,,,,,1.630908,,,,,,,,,,,,,,,,,,,,,,,,,,,,,,,,,,,,,,,,,,,,,,,,,,,,,,,,,,,,,,,,,,,,,,,,,,,,,,,,,,,,,,,,,,,,,,,,,,,,,,,,,,,,,,,,,,,,
342,17.050000,RB003,pinch_end,1,,,,,,,,,,,,,,,,1.632590,,,,,,,,,,,,,,,,,,,,,,,,,,,,,,,,,,,,,,,,,,,,,,,,,,,,,,,,,,,,,,,,,,,,,,,,,,,,,,,,,,,,,,,,,,,,,,,,,,,,,,,,,,,,,,,,,,,,
343,17.100000,RB003,pinch_end,1,,,,,,,,,,,,,,,,1.634272,,,,,,,,,,,,,,,,,,,,,,,,,,,,,,,,,,,,,,,,,,,,,,,,,,,,,,,,,,,,,,,,,,,,,,,,,,,,,,,,,,,,,,,,,,,,,,,,,,,,,,,,,,,,,,,,,,,,
344,17.150000,RB003,pinch_end,1,,,,,,,,,,,,,,,,1.635954,,,,,,,,,,,,,,,,,,,,,,,,,,,,,,,,,,,,,,,,,,,,,,,,,,,,,,,,,,,,,,,,,,,,,,,,,,,,,,,,,,,,,,,,,,,,,,,,,,,,,,,,,,,,,,,,,,,,
345,17.200000,RB003,pinch_end,1,,,,,,,,,,,,,,,,1.637636,,,,,,,,,,,,,,,,,,,,,,,,,,,,,,,,,,,,,,,,,,,,,,,,,,,,,,,,,,,,,,,,,,,,,,,,,,,,,,,,,,,,,,,,,,,,,,,,,,,,,,,,,,,,,,,,,,,,
346,17.250000,RB003,pinch_end,1,,,,,,,,,,,,,,,,1.639318,,,,,,,,,,,,,,,,,,,,,,,,,,,,,,,,,,,,,,,,,,,,,,,,,,,,,,,,,,,,,,,,,,,,,,,,,,,,,,,,,,,,,,,,,,,,,,,,,,,,,,,,,,,,,,,,,,,,
347,17.300000,RB003,pinch_end,1,,,,,,,,,,,,,,,,1.641000,,,,,,,,,,,,,,,,,,,,,,,,,,,,,,,,,,,,,,,,,,,,,,,,,,,,,,,,,,,,,,,,,,,,,,,,,,,,,,,,,,,,,,,,,,,,,,,,,,,,,,,,,,,,,,,,,,,,
348,17.350000,RB003,pinch_end,1,,,,,,,,,,,,,,,,1.642682,,,,,,,,,,,,,,,,,,,,,,,,,,,,,,,,,,,,,,,,,,,,,,,,,,,,,,,,,,,,,,,,,,,,,,,,,,,,,,,,,,,,,,,,,,,,,,,,,,,,,,,,,,,,,,,,,,,,
349,17.400000,RB003,pinch_end,2,,,,,,,,,,,,,,,,1.638896,,,,,,,,,,,,,,,1.753401,,,,,,,,,,,,,,,,,,,,,,,,,,,,,,,,,,,,,,,,,,,,,,,,,,,,,,,,,,,,,,,,,,,,,,,,,,,,,,,,,,,,,,,,,,,,,,,,,,,,,
350,17.450000,RB003,pinch_end,2,,,,,,,,,,,,,,,,1.629563,,,,,,,,,,,,,,,1.729336,,,,,,,,,,,,,,,,,,,,,,,,,,,,,,,,,,,,,,,,,,,,,,,,,,,,,,,,,,,,,,,,,,,,,,,,,,,,,,,,,,,,,,,,,,,,,,,,,,,,,
351,17.500000,RB003,pinch_end,2,,,,,,,,,,,,,,,,1.620230,,,,,,,,,,,,,,,1.705270,,,,,,,,,,,,,,,,,,,,,,,,,,,,,,,,,,,,,,,,,,,,,,,,,,,,,,,,,,,,,,,,,,,,,,,,,,,,,,,,,,,,,,,,,,,,,,,,,,,,,
352,17.550000,RB003,pinch_end,2,,,,,,,,,,,,,,,,1.610897,,,,,,,,,,,,,,,1.681205,,,,,,,,,,,,,,,,,,,,,,,,,,,,,,,,,,,,,,,,,,,,,,,,,,,,,,,,,,,,,,,,,,,,,,,,,,,,,,,,,,,,,,,,,,,,,,,,,,,,,
353,17.600000,RB003,pinch_end,2,,,,,,,,,,,,,,,,1.601564,,,,,,,,,,,,,,,1.657140,,,,,,,,,,,,,,,,,,,,,,,,,,,,,,,,,,,,,,,,,,,,,,,,,,,,,,,,,,,,,,,,,,,,,,,,,,,,,,,,,,,,,,,,,,,,,,,,,,,,,
354,17.650000,RB003,pinch_end,2,,,,,,,,,,,,,,,,1.592231,,,,,,,,,,,,,,,1.633074,,,,,,,,,,,,,,,,,,,,,,,,,,,,,,,,,,,,,,,,,,,,,,,,,,,,,,,,,,,,,,,,,,,,,,,,,,,,,,,,,,,,,,,,,,,,,,,,,,,,,
355,17.700000,RB003,pinch_end,2,,,,,,,,,,,,,,,,1.582898,,,,,,,,,,,,,,,1.609009,,,,,,,,,,,,,,,,,,,,,,,,,,,,,,,,,,,,,,,,,,,,,,,,,,,,,,,,,,,,,,,,,,,,,,,,,,,,,,,,,,,,,,,,,,,,,,,,,,,,,
356,17.750000,RB003,pinch_end,2,,,,,,,,,,,,,,,,1.573565,,,,,,,,,,,,,,,1.584944,,,,,,,,,,,,,,,,,,,,,,,,,,,,,,,,,,,,,,,,,,,,,,,,,,,,,,,,,,,,,,,,,,,,,,,,,,,,,,,,,,,,,,,,,,,,,,,,,,,,,
357,17.800000,RB003,pinch_end,2,,,,,,,,,,,,,,,,1.564232,,,,,,,,,,,,,,,1.560879,,,,,,,,,,,,,,,,,,,,,,,,,,,,,,,,,,,,,,,,,,,,,,,,,,,,,,,,,,,,,,,,,,,,,,,,,,,,,,,,,,,,,,,,,,,,,,,,,,,,,
358,17.850000,RB003,pinch_end,2,,,,,,,,,,,,,,,,1.554899,,,,,,,,,,,,,,,1.536813,,,,,,,,,,,,,,,,,,,,,,,,,,,,,,,,,,,,,,,,,,,,,,,,,,,,,,,,,,,,,,,,,,,,,,,,,,,,,,,,,,,,,,,,,,,,,,,,,,,,,
359,17.900000,RB003,pinch_end,2,,,,,,,,,,,,,,,,1.545566,,,,,,,,,,,,,,,1.512748,,,,,,,,,,,,,,,,,,,,,,,,,,,,,,,,,,,,,,,,,,,,,,,,,,,,,,,,,,,,,,,,,,,,,,,,,,,,,,,,,,,,,,,,,,,,,,,,,,,,,
360,17.950000,RB003,pinch_end,2,,,,,,,,,,,,,,,,1.536233,,,,,,,,,,,,,,,1.488683,,,,,,,,,,,,,,,,,,,,,,,,,,,,,,,,,,,,,,,,,,,,,,,,,,,,,,,,,,,,,,,,,,,,,,,,,,,,,,,,,,,,,,,,,,,,,,,,,,,,,
361,18.000000,RB003,pinch_end,2,,,,,,,,,,,,,,,,1.526900,,,,,,,,,,,,,,,1.464617,,,,,,,,,,,,,,,,,,,,,,,,,,,,,,,,,,,,,,,,,,,,,,,,,,,,,,,,,,,,,,,,,,,,,,,,,,,,,,,,,,,,,,,,,,,,,,,,,,,,,
362,18.050000,RB003,pinch_end,2,,,,,,,,,,,,,,,,1.517567,,,,,,,,,,,,,,,1.440552,,,,,,,,,,,,,,,,,,,,,,,,,,,,,,,,,,,,,,,,,,,,,,,,,,,,,,,,,,,,,,,,,,,,,,,,,,,,,,,,,,,,,,,,,,,,,,,,,,,,,
363,18.100000,RB003,pinch_end,2,,,,,,,,,,,,,,,,1.508234,,,,,,,,,,,,,,,1.416487,,,,,,,,,,,,,,,,,,,,,,,,,,,,,,,,,,,,,,,,,,,,,,,,,,,,,,,,,,,,,,,,,,,,,,,,,,,,,,,,,,,,,,,,,,,,,,,,,,,,,
364,18.150000,RB003,pinch_end,2,,,,,,,,,,,,,,,,1.498901,,,,,,,,,,,,,,,1.392421,,,,,,,,,,,,,,,,,,,,,,,,,,,,,,,,,,,,,,,,,,,,,,,,,,,,,,,,,,,,,,,,,,,,,,,,,,,,,,,,,,,,,,,,,,,,,,,,,,,,,
365,18.200000,RB003,pinch_end,2,,,,,,,,,,,,,,,,1.489568,,,,,,,,,,,,,,,1.368356,,,,,,,,,,,,,,,,,,,,,,,,,,,,,,,,,,,,,,,,,,,,,,,,,,,,,,,,,,,,,,,,,,,,,,,,,,,,,,,,,,,,,,,,,,,,,,,,,,,,,
366,18.250000,RB003,pinch_end,2,,,,,,,,,,,,,,,,1.480235,,,,,,,,,,,,,,,1.344291,,,,,,,,,,,,,,,,,,,,,,,,,,,,,,,,,,,,,,,,,,,,,,,,,,,,,,,,,,,,,,,,,,,,,,,,,,,,,,,,,,,,,,,,,,,,,,,,,,,,,
367,18.300000,RB003,pinch_end,2,,,,,,,,,,,,,,,,1.470902,,,,,,,,,,,,,,,1.320226,,,,,,,,,,,,,,,,,,,,,,,,,,,,,,,,,,,,,,,,,,,,,,,,,,,,,,,,,,,,,,,,,,,,,,,,,,,,,,,,,,,,,,,,,,,,,,,,,,,,,
368,18.350000,RB003,pinch_end,2,,,,,,,,,,,,,,,,1.461569,,,,,,,,,,,,,,,1.296160,,,,,,,,,,,,,,,,,,,,,,,,,,,,,,,,,,,,,,,,,,,,,,,,,,,,,,,,,,,,,,,,,,,,,,,,,,,,,,,,,,,,,,,,,,,,,,,,,,,,,
369,18.400000,RB003,pinch_end,2,,,,,,,,,,,,,,,,1.452236,,,,,,,,,,,,,,,1.272095,,,,,,,,,,,,,,,,,,,,,,,,,,,,,,,,,,,,,,,,,,,,,,,,,,,,,,,,,,,,,,,,,,,,,,,,,,,,,,,,,,,,,,,,,,,,,,,,,,,,,
370,18.450000,RB003,pinch_end,2,,,,,,,,,,,,,,,,1.442903,,,,,,,,,,,,,,,1.248030,,,,,,,,,,,,,,,,,,,,,,,,,,,,,,,,,,,,,,,,,,,,,,,,,,,,,,,,,,,,,,,,,,,,,,,,,,,,,,,,,,,,,,,,,,,,,,,,,,,,,
371,18.500000,RB003,pinch_end,2,,,,,,,,,,,,,,,,1.433570,,,,,,,,,,,,,,,1.223964,,,,,,,,,,,,,,,,,,,,,,,,,,,,,,,,,,,,,,,,,,,,,,,,,,,,,,,,,,,,,,,,,,,,,,,,,,,,,,,,,,,,,,,,,,,,,,,,,,,,,
372,18.550000,RB003,pinch_end,2,,,,,,,,,,,,,,,,1.424237,,,,,,,,,,,,,,,1.199899,,,,,,,,,,,,,,,,,,,,,,,,,,,,,,,,,,,,,,,,,,,,,,,,,,,,,,,,,,,,,,,,,,,,,,,,,,,,,,,,,,,,,,,,,,,,,,,,,,,,,
373,18.600000,RB003,pinch_end,2,,,,,,,,,,,,,,,,1.414904,,,,,,,,,,,,,,,1.175834,,,,,,,,,,,,,,,,,,,,,,,,,,,,,,,,,,,,,,,,,,,,,,,,,,,,,,,,,,,,,,,,,,,,,,,,,,,,,,,,,,,,,,,,,,,,,,,,,,,,,
374,18.650000,RB003,pinch_end,2,,,,,,,,,,,,,,,,1.416037,,,,,,,,,,,,,,,1.178612,,,,,,,,,,,,,,,,,,,,,,,,,,,,,,,,,,,,,,,,,,,,,,,,,,,,,,,,,,,,,,,,,,,,,,,,,,,,,,,,,,,,,,,,,,,,,,,,,,,,,
375,18.700000,RB003,pinch_end,2,,,,,,,,,,,,,,,,1.426174,,,,,,,,,,,,,,,1.204480,,,,,,,,,,,,,,,,,,,,,,,,,,,,,,,,,,,,,,,,,,,,,,,,,,,,,,,,,,,,,,,,,,,,,,,,,,,,,,,,,,,,,,,,,,,,,,,,,,,,,
376,18.750000,RB003,pinch_end,2,,,,,,,,,,,,,,,,1.436310,,,,,,,,,,,,,,,1.230347,,,,,,,,,,,,,,,,,,,,,,,,,,,,,,,,,,,,,,,,,,,,,,,,,,,,,,,,,,,,,,,,,,,,,,,,,,,,,,,,,,,,,,,,,,,,,,,,,,,,,
377,18.800000,RB003,pinch_end,2,,,,,,,,,,,,,,,,1.446446,,,,,,,,,,,,,,,1.256214,,,,,,,,,,,,,,,,,,,,,,,,,,,,,,,,,,,,,,,,,,,,,,,,,,,,,,,,,,,,,,,,,,,,,,,,,,,,,,,,,,,,,,,,,,,,,,,,,,,,,
378,18.850000,RB003,pinch_end,2,,,,,,,,,,,,,,,,1.456583,,,,,,,,,,,,,,,1.282082,,,,,,,,,,,,,,,,,,,,,,,,,,,,,,,,,,,,,,,,,,,,,,,,,,,,,,,,,,,,,,,,,,,,,,,,,,,,,,,,,,,,,,,,,,,,,,,,,,,,,
379,18.900000,RB003,pinch_end,2,,,,,,,,,,,,,,,,1.466719,,,,,,,,,,,,,,,1.307949,,,,,,,,,,,,,,,,,,,,,,,,,,,,,,,,,,,,,,,,,,,,,,,,,,,,,,,,,,,,,,,,,,,,,,,,,,,,,,,,,,,,,,,,,,,,,,,,,,,,,
380,18.950000,RB003,pinch_end,2,,,,,,,,,,,,,,,,1.476856,,,,,,,,,,,,,,,1.333816,,,,,,,,,,,,,,,,,,,,,,,,,,,,,,,,,,,,,,,,,,,,,,,,,,,,,,,,,,,,,,,,,,,,,,,,,,,,,,,,,,,,,,,,,,,,,,,,,,,,,
381,19.000000,RB003,pinch_end,2,,,,,,,,,,,,,,,,1.486992,,,,,,,,,,,,,,,1.359684,,,,,,,,,,,,,,,,,,,,,,,,,,,,,,,,,,,,,,,,,,,,,,,,,,,,,,,,,,,,,,,,,,,,,,,,,,,,,,,,,,,,,,,,,,,,,,,,,,,,,
382,19.050000,RB003,pinch_end,2,,,,,,,,,,,,,,,,1.497128,,,,,,,,,,,,,,,1.385551,,,,,,,,,,,,,,,,,,,,,,,,,,,,,,,,,,,,,,,,,,,,,,,,,,,,,,,,,,,,,,,,,,,,,,,,,,,,,,,,,,,,,,,,,,,,,,,,,,,,,
383,19.100000,RB003,pinch_end,2,,,,,,,,,,,,,,,,1.507265,,,,,,,,,,,,,,,1.411419,,,,,,,,,,,,,,,,,,,,,,,,,,,,,,,,,,,,,,,,,,,,,,,,,,,,,,,,,,,,,,,,,,,,,,,,,,,,,,,,,,,,,,,,,,,,,,,,,,,,,
384,19.150000,RB003,pinch_end,2,,,,,,,,,,,,,,,,1.517401,,,,,,,,,,,,,,,1.437286,,,,,,,,,,,,,,,,,,,,,,,,,,,,,,,,,,,,,,,,,,,,,,,,,,,,,,,,,,,,,,,,,,,,,,,,,,,,,,,,,,,,,,,,,,,,,,,,,,,,,
385,19.200000,RB003,pinch_end,2,,,,,,,,,,,,,,,,1.527537,,,,,,,,,,,,,,,1.463153,,,,,,,,,,,,,,,,,,,,,,,,,,,,,,,,,,,,,,,,,,,,,,,,,,,,,,,,,,,,,,,,,,,,,,,,,,,,,,,,,,,,,,,,,,,,,,,,,,,,,
386,19.250000,RB003,pinch_end,2,,,,,,,,,,,,,,,,1.537674,,,,,,,,,,,,,,,1.489021,,,,,,,,,,,,,,,,,,,,,,,,,,,,,,,,,,,,,,,,,,,,,,,,,,,,,,,,,,,,,,,,,,,,,,,,,,,,,,,,,,,,,,,,,,,,,,,,,,,,,
387,19.300000,RB003,pinch_end,2,,,,,,,,,,,,,,,,1.547810,,,,,,,,,,,,,,,1.514888,,,,,,,,,,,,,,,,,,,,,,,,,,,,,,,,,,,,,,,,,,,,,,,,,,,,,,,,,,,,,,,,,,,,,,,,,,,,,,,,,,,,,,,,,,,,,,,,,,,,,
388,19.350000,RB003,pinch_end,2,,,,,,,,,,,,,,,,1.557947,,,,,,,,,,,,,,,1.540755,,,,,,,,,,,,,,,,,,,,,,,,,,,,,,,,,,,,,,,,,,,,,,,,,,,,,,,,,,,,,,,,,,,,,,,,,,,,,,,,,,,,,,,,,,,,,,,,,,,,,
389,19.400000,RB003,pinch_end,2,,,,,,,,,,,,,,,,1.568083,,,,,,,,,,,,,,,1.566623,,,,,,,,,,,,,,,,,,,,,,,,,,,,,,,,,,,,,,,,,,,,,,,,,,,,,,,,,,,,,,,,,,,,,,,,,,,,,,,,,,,,,,,,,,,,,,,,,,,,,
390,19.450000,RB003,pinch_end,2,,,,,,,,,,,,,,,,1.578219,,,,,,,,,,,,,,,1.592490,,,,,,,,,,,,,,,,,,,,,,,,,,,,,,,,,,,,,,,,,,,,,,,,,,,,,,,,,,,,,,,,,,,,,,,,,,,,,,,,,,,,,,,,,,,,,,,,,,,,,
391,19.500000,RB003,pinch_end,2,,,,,,,,,,,,,,,,1.588356,,,,,,,,,,,,,,,1.618357,,,,,,,,,,,,,,,,,,,,,,,,,,,,,,,,,,,,,,,,,,,,,,,,,,,,,,,,,,,,,,,,,,,,,,,,,,,,,,,,,,,,,,,,,,,,,,,,,,,,,
392,19.550000,RB003,pinch_end,2,,,,,,,,,,,,,,,,1.598492,,,,,,,,,,,,,,,1.644225,,,,,,,,,,,,,,,,,,,,,,,,,,,,,,,,,,,,,,,,,,,,,,,,,,,,,,,,,,,,,,,,,,,,,,,,,,,,,,,,,,,,,,,,,,,,,,,,,,,,,
393,19.600000,RB003,pinch_end,2,,,,,,,,,,,,,,,,1.608628,,,,,,,,,,,,,,,1.670092,,,,,,,,,,,,,,,,,,,,,,,,,,,,,,,,,,,,,,,,,,,,,,,,,,,,,,,,,,,,,,,,,,,,,,,,,,,,,,,,,,,,,,,,,,,,,,,,,,,,,
394,19.650000,RB003,pinch_end,2,,,,,,,,,,,,,,,,1.618765,,,,,,,,,,,,,,,1.695959,,,,,,,,,,,,,,,,,,,,,,,,,,,,,,,,,,,,,,,,,,,,,,,,,,,,,,,,,,,,,,,,,,,,,,,,,,,,,,,,,,,,,,,,,,,,,,,,,,,,,
395,19.700000,RB003,pinch_end,2,,,,,,,,,,,,,,,,1.628901,,,,,,,,,,,,,,,1.721827,,,,,,,,,,,,,,,,,,,,,,,,,,,,,,,,,,,,,,,,,,,,,,,,,,,,,,,,,,,,,,,,,,,,,,,,,,,,,,,,,,,,,,,,,,,,,,,,,,,,,
396,19.750000,RB003,pinch_end,2,,,,,,,,,,,,,,,,1.639038,,,,,,,,,,,,,,,1.747694,,,,,,,,,,,,,,,,,,,,,,,,,,,,,,,,,,,,,,,,,,,,,,,,,,,,,,,,,,,,,,,,,,,,,,,,,,,,,,,,,,,,,,,,,,,,,,,,,,,,,
397,19.800000,RB003,pinch_end,1,,,,,,,,,,,,,,,,1.643845,,,,,,,,,,,,,,,,,,,,,,,,,,,,,,,,,,,,,,,,,,,,,,,,,,,,,,,,,,,,,,,,,,,,,,,,,,,,,,,,,,,,,,,,,,,,,,,,,,,,,,,,,,,,,,,,,,,,
398,19.850000,RB003,pinch_end,1,,,,,,,,,,,,,,,,1.644413,,,,,,,,,,,,,,,,,,,,,,,,,,,,,,,,,,,,,,,,,,,,,,,,,,,,,,,,,,,,,,,,,,,,,,,,,,,,,,,,,,,,,,,,,,,,,,,,,,,,,,,,,,,,,,,,,,,,
399,19.900000,RB003,pinch_end,1,,,,,,,,,,,,,,,,1.644981,,,,,,,,,,,,,,,,,,,,,,,,,,,,,,,,,,,,,,,,,,,,,,,,,,,,,,,,,,,,,,,,,,,,,,,,,,,,,,,,,,,,,,,,,,,,,,,,,,,,,,,,,,,,,,,,,,,,
400,19.950000,RB003,pinch_end,1,,,,,,,,,,,,,,,,1.645548,,,,,,,,,,,,,,,,,,,,,,,,,,,,,,,,,,,,,,,,,,,,,,,,,,,,,,,,,,,,,,,,,,,,,,,,,,,,,,,,,,,,,,,,,,,,,,,,,,,,,,,,,,,,,,,,,,,,
401,20.000000,RB003,pinch_end,1,,,,,,,,,,,,,,,,1.646116,,,,,,,,,,,,,,,,,,,,,,,,,,,,,,,,,,,,,,,,,,,,,,,,,,,,,,,,,,,,,,,,,,,,,,,,,,,,,,,,,,,,,,,,,,,,,,,,,,,,,,,,,,,,,,,,,,,,
402,20.050000,RB003,pinch_end,1,,,,,,,,,,,,,,,,1.646684,,,,,,,,,,,,,,,,,,,,,,,,,,,,,,,,,,,,,,,,,,,,,,,,,,,,,,,,,,,,,,,,,,,,,,,,,,,,,,,,,,,,,,,,,,,,,,,,,,,,,,,,,,,,,,,,,,,,
403,20.100000,RB003,pinch_end,1,,,,,,,,,,,,,,,,1.647251,,,,,,,,,,,,,,,,,,,,,,,,,,,,,,,,,,,,,,,,,,,,,,,,,,,,,,,,,,,,,,,,,,,,,,,,,,,,,,,,,,,,,,,,,,,,,,,,,,,,,,,,,,,,,,,,,,,,
404,20.150000,RB003,pinch_end,1,,,,,,,,,,,,,,,,1.647819,,,,,,,,,,,,,,,,,,,,,,,,,,,,,,,,,,,,,,,,,,,,,,,,,,,,,,,,,,,,,,,,,,,,,,,,,,,,,,,,,,,,,,,,,,,,,,,,,,,,,,,,,,,,,,,,,,,,
405,20.200000,RB003,pinch_end,1,,,,,,,,,,,,,,,,1.648387,,,,,,,,,,,,,,,,,,,,,,,,,,,,,,,,,,,,,,,,,,,,,,,,,,,,,,,,,,,,,,,,,,,,,,,,,,,,,,,,,,,,,,,,,,,,,,,,,,,,,,,,,,,,,,,,,,,,
406,20.250000,RB003,pinch_end,1,,,,,,,,,,,,,,,,1.648955,,,,,,,,,,,,,,,,,,,,,,,,,,,,,,,,,,,,,,,,,,,,,,,,,,,,,,,,,,,,,,,,,,,,,,,,,,,,,,,,,,,,,,,,,,,,,,,,,,,,,,,,,,,,,,,,,,,,
407,20.300000,RB003,pinch_end,1,,,,,,,,,,,,,,,,1.649522,,,,,,,,,,,,,,,,,,,,,,,,,,,,,,,,,,,,,,,,,,,,,,,,,,,,,,,,,,,,,,,,,,,,,,,,,,,,,,,,,,,,,,,,,,,,,,,,,,,,,,,,,,,,,,,,,,,,
408,20.350000,RB003,pinch_end,1,,,,,,,,,,,,,,,,1.650090,,,,,,,,,,,,,,,,,,,,,,,,,,,,,,,,,,,,,,,,,,,,,,,,,,,,,,,,,,,,,,,,,,,,,,,,,,,,,,,,,,,,,,,,,,,,,,,,,,,,,,,,,,,,,,,,,,,,
409,20.400000,RB003,pinch_end,1,,,,,,,,,,,,,,,,1.650658,,,,,,,,,,,,,,,,,,,,,,,,,,,,,,,,,,,,,,,,,,,,,,,,,,,,,,,,,,,,,,,,,,,,,,,,,,,,,,,,,,,,,,,,,,,,,,,,,,,,,,,,,,,,,,,,,,,,
410,20.450000,RB003,pinch_end,1,,,,,,,,,,,,,,,,1.651226,,,,,,,,,,,,,,,,,,,,,,,,,,,,,,,,,,,,,,,,,,,,,,,,,,,,,,,,,,,,,,,,,,,,,,,,,,,,,,,,,,,,,,,,,,,,,,,,,,,,,,,,,,,,,,,,,,,,
411,20.500000,RB003,pinch_end,1,,,,,,,,,,,,,,,,1.651793,,,,,,,,,,,,,,,,,,,,,,,,,,,,,,,,,,,,,,,,,,,,,,,,,,,,,,,,,,,,,,,,,,,,,,,,,,,,,,,,,,,,,,,,,,,,,,,,,,,,,,,,,,,,,,,,,,,,
412,20.550000,RB003,pinch_end,1,,,,,,,,,,,,,,,,1.652361,,,,,,,,,,,,,,,,,,,,,,,,,,,,,,,,,,,,,,,,,,,,,,,,,,,,,,,,,,,,,,,,,,,,,,,,,,,,,,,,,,,,,,,,,,,,,,,,,,,,,,,,,,,,,,,,,,,,
413,20.600000,RB003,pinch_end,1,,,,,,,,,,,,,,,,1.652929,,,,,,,,,,,,,,,,,,,,,,,,,,,,,,,,,,,,,,,,,,,,,,,,,,,,,,,,,,,,,,,,,,,,,,,,,,,,,,,,,,,,,,,,,,,,,,,,,,,,,,,,,,,,,,,,,,,,
414,20.650000,RB003,pinch_end,1,,,,,,,,,,,,,,,,1.653496,,,,,,,,,,,,,,,,,,,,,,,,,,,,,,,,,,,,,,,,,,,,,,,,,,,,,,,,,,,,,,,,,,,,,,,,,,,,,,,,,,,,,,,,,,,,,,,,,,,,,,,,,,,,,,,,,,,,
415,20.700000,RB003,pinch_end,1,,,,,,,,,,,,,,,,1.654064,,,,,,,,,,,,,,,,,,,,,,,,,,,,,,,,,,,,,,,,,,,,,,,,,,,,,,,,,,,,,,,,,,,,,,,,,,,,,,,,,,,,,,,,,,,,,,,,,,,,,,,,,,,,,,,,,,,,
416,20.750000,RB003,pinch_end,1,,,,,,,,,,,,,,,,1.654632,,,,,,,,,,,,,,,,,,,,,,,,,,,,,,,,,,,,,,,,,,,,,,,,,,,,,,,,,,,,,,,,,,,,,,,,,,,,,,,,,,,,,,,,,,,,,,,,,,,,,,,,,,,,,,,,,,,,
417,20.800000,RB003,pinch_end,1,,,,,,,,,,,,,,,,1.655200,,,,,,,,,,,,,,,,,,,,,,,,,,,,,,,,,,,,,,,,,,,,,,,,,,,,,,,,,,,,,,,,,,,,,,,,,,,,,,,,,,,,,,,,,,,,,,,,,,,,,,,,,,,,,,,,,,,,
418,20.850000,RB003,pinch_end,1,,,,,,,,,,,,,,,,1.655767,,,,,,,,,,,,,,,,,,,,,,,,,,,,,,,,,,,,,,,,,,,,,,,,,,,,,,,,,,,,,,,,,,,,,,,,,,,,,,,,,,,,,,,,,,,,,,,,,,,,,,,,,,,,,,,,,,,,
419,20.900000,RB003,pinch_end,1,,,,,,,,,,,,,,,,1.656335,,,,,,,,,,,,,,,,,,,,,,,,,,,,,,,,,,,,,,,,,,,,,,,,,,,,,,,,,,,,,,,,,,,,,,,,,,,,,,,,,,,,,,,,,,,,,,,,,,,,,,,,,,,,,,,,,,,,
420,20.950000,RB003,pinch_end,1,,,,,,,,,,,,,,,,1.658200,,,,,,,,,,,,,,,,,,,,,,,,,,,,,,,,,,,,,,,,,,,,,,,,,,,,,,,,,,,,,,,,,,,,,,,,,,,,,,,,,,,,,,,,,,,,,,,,,,,,,,,,,,,,,,,,,,,,
421,21.000000,RB003,pinch_end,1,,,,,,,,,,,,,,,,1.660474,,,,,,,,,,,,,,,,,,,,,,,,,,,,,,,,,,,,,,,,,,,,,,,,,,,,,,,,,,,,,,,,,,,,,,,,,,,,,,,,,,,,,,,,,,,,,,,,,,,,,,,,,,,,,,,,,,,,
422,21.050000,RB003,pinch_end,1,,,,,,,,,,,,,,,,1.662748,,,,,,,,,,,,,,,,,,,,,,,,,,,,,,,,,,,,,,,,,,,,,,,,,,,,,,,,,,,,,,,,,,,,,,,,,,,,,,,,,,,,,,,,,,,,,,,,,,,,,,,,,,,,,,,,,,,,
423,21.100000,RB003,pinch_end,1,,,,,,,,,,,,,,,,1.665022,,,,,,,,,,,,,,,,,,,,,,,,,,,,,,,,,,,,,,,,,,,,,,,,,,,,,,,,,,,,,,,,,,,,,,,,,,,,,,,,,,,,,,,,,,,,,,,,,,,,,,,,,,,,,,,,,,,,
424,21.150000,RB003,pinch_end,1,,,,,,,,,,,,,,,,1.667296,,,,,,,,,,,,,,,,,,,,,,,,,,,,,,,,,,,,,,,,,,,,,,,,,,,,,,,,,,,,,,,,,,,,,,,,,,,,,,,,,,,,,,,,,,,,,,,,,,,,,,,,,,,,,,,,,,,,
425,21.200000,RB003,pinch_end,1,,,,,,,,,,,,,,,,1.669570,,,,,,,,,,,,,,,,,,,,,,,,,,,,,,,,,,,,,,,,,,,,,,,,,,,,,,,,,,,,,,,,,,,,,,,,,,,,,,,,,,,,,,,,,,,,,,,,,,,,,,,,,,,,,,,,,,,,
426,21.250000,RB003,pinch_end,1,,,,,,,,,,,,,,,,1.671844,,,,,,,,,,,,,,,,,,,,,,,,,,,,,,,,,,,,,,,,,,,,,,,,,,,,,,,,,,,,,,,,,,,,,,,,,,,,,,,,,,,,,,,,,,,,,,,,,,,,,,,,,,,,,,,,,,,,
427,21.300000,RB003,pinch_end,1,,,,,,,,,,,,,,,,1.674118,,,,,,,,,,,,,,,,,,,,,,,,,,,,,,,,,,,,,,,,,,,,,,,,,,,,,,,,,,,,,,,,,,,,,,,,,,,,,,,,,,,,,,,,,,,,,,,,,,,,,,,,,,,,,,,,,,,,
428,21.350000,RB003,pinch_end,1,,,,,,,,,,,,,,,,1.676392,,,,,,,,,,,,,,,,,,,,,,,,,,,,,,,,,,,,,,,,,,,,,,,,,,,,,,,,,,,,,,,,,,,,,,,,,,,,,,,,,,,,,,,,,,,,,,,,,,,,,,,,,,,,,,,,,,,,
429,21.400000,RB003,pinch_end,1,,,,,,,,,,,,,,,,1.678666,,,,,,,,,,,,,,,,,,,,,,,,,,,,,,,,,,,,,,,,,,,,,,,,,,,,,,,,,,,,,,,,,,,,,,,,,,,,,,,,,,,,,,,,,,,,,,,,,,,,,,,,,,,,,,,,,,,,
430,21.450000,RB003,pinch_end,1,,,,,,,,,,,,,,,,1.680940,,,,,,,,,,,,,,,,,,,,,,,,,,,,,,,,,,,,,,,,,,,,,,,,,,,,,,,,,,,,,,,,,,,,,,,,,,,,,,,,,,,,,,,,,,,,,,,,,,,,,,,,,,,,,,,,,,,,
431,21.500000,RB003,pinch_end,1,,,,,,,,,,,,,,,,1.683214,,,,,,,,,,,,,,,,,,,,,,,,,,,,,,,,,,,,,,,,,,,,,,,,,,,,,,,,,,,,,,,,,,,,,,,,,,,,,,,,,,,,,,,,,,,,,,,,,,,,,,,,,,,,,,,,,,,,
432,21.550000,RB003,pinch_end,1,,,,,,,,,,,,,,,,1.685488,,,,,,,,,,,,,,,,,,,,,,,,,,,,,,,,,,,,,,,,,,,,,,,,,,,,,,,,,,,,,,,,,,,,,,,,,,,,,,,,,,,,,,,,,,,,,,,,,,,,,,,,,,,,,,,,,,,,
433,21.600000,RB003,pinch_end,1,,,,,,,,,,,,,,,,1.687762,,,,,,,,,,,,,,,,,,,,,,,,,,,,,,,,,,,,,,,,,,,,,,,,,,,,,,,,,,,,,,,,,,,,,,,,,,,,,,,,,,,,,,,,,,,,,,,,,,,,,,,,,,,,,,,,,,,,
434,21.650000,RB003,pinch_end,1,,,,,,,,,,,,,,,,1.690036,,,,,,,,,,,,,,,,,,,,,,,,,,,,,,,,,,,,,,,,,,,,,,,,,,,,,,,,,,,,,,,,,,,,,,,,,,,,,,,,,,,,,,,,,,,,,,,,,,,,,,,,,,,,,,,,,,,,
435,21.700000,RB003,pinch_end,1,,,,,,,,,,,,,,,,1.692310,,,,,,,,,,,,,,,,,,,,,,,,,,,,,,,,,,,,,,,,,,,,,,,,,,,,,,,,,,,,,,,,,,,,,,,,,,,,,,,,,,,,,,,,,,,,,,,,,,,,,,,,,,,,,,,,,,,,
436,21.750000,RB003,pinch_end,1,,,,,,,,,,,,,,,,1.694584,,,,,,,,,,,,,,,,,,,,,,,,,,,,,,,,,,,,,,,,,,,,,,,,,,,,,,,,,,,,,,,,,,,,,,,,,,,,,,,,,,,,,,,,,,,,,,,,,,,,,,,,,,,,,,,,,,,,
437,21.800000,RB003,pinch_end,1,,,,,,,,,,,,,,,,1.696858,,,,,,,,,,,,,,,,,,,,,,,,,,,,,,,,,,,,,,,,,,,,,,,,,,,,,,,,,,,,,,,,,,,,,,,,,,,,,,,,,,,,,,,,,,,,,,,,,,,,,,,,,,,,,,,,,,,,
438,21.850000,RB003,pinch_end,1,,,,,,,,,,,,,,,,1.699132,,,,,,,,,,,,,,,,,,,,,,,,,,,,,,,,,,,,,,,,,,,,,,,,,,,,,,,,,,,,,,,,,,,,,,,,,,,,,,,,,,,,,,,,,,,,,,,,,,,,,,,,,,,,,,,,,,,,
439,21.900000,RB003,pinch_end,1,,,,,,,,,,,,,,,,1.701406,,,,,,,,,,,,,,,,,,,,,,,,,,,,,,,,,,,,,,,,,,,,,,,,,,,,,,,,,,,,,,,,,,,,,,,,,,,,,,,,,,,,,,,,,,,,,,,,,,,,,,,,,,,,,,,,,,,,
440,21.950000,RB003,pinch_end,1,,,,,,,,,,,,,,,,1.703680,,,,,,,,,,,,,,,,,,,,,,,,,,,,,,,,,,,,,,,,,,,,,,,,,,,,,,,,,,,,,,,,,,,,,,,,,,,,,,,,,,,,,,,,,,,,,,,,,,,,,,,,,,,,,,,,,,,,
441,22.000000,RB003,pinch_end,1,,,,,,,,,,,,,,,,1.705954,,,,,,,,,,,,,,,,,,,,,,,,,,,,,,,,,,,,,,,,,,,,,,,,,,,,,,,,,,,,,,,,,,,,,,,,,,,,,,,,,,,,,,,,,,,,,,,,,,,,,,,,,,,,,,,,,,,,
442,22.050000,RB003,pinch_end,1,,,,,,,,,,,,,,,,1.708228,,,,,,,,,,,,,,,,,,,,,,,,,,,,,,,,,,,,,,,,,,,,,,,,,,,,,,,,,,,,,,,,,,,,,,,,,,,,,,,,,,,,,,,,,,,,,,,,,,,,,,,,,,,,,,,,,,,,
443,22.100000,RB003,pinch_end,1,,,,,,,,,,,,,,,,1.708635,,,,,,,,,,,,,,,,,,,,,,,,,,,,,,,,,,,,,,,,,,,,,,,,,,,,,,,,,,,,,,,,,,,,,,,,,,,,,,,,,,,,,,,,,,,,,,,,,,,,,,,,,,,,,,,,,,,,
444,22.150000,RB003,pinch_end,1,,,,,,,,,,,,,,,,1.709037,,,,,,,,,,,,,,,,,,,,,,,,,,,,,,,,,,,,,,,,,,,,,,,,,,,,,,,,,,,,,,,,,,,,,,,,,,,,,,,,,,,,,,,,,,,,,,,,,,,,,,,,,,,,,,,,,,,,
445,22.200000,RB003,pinch_end,1,,,,,,,,,,,,,,,,1.709438,,,,,,,,,,,,,,,,,,,,,,,,,,,,,,,,,,,,,,,,,,,,,,,,,,,,,,,,,,,,,,,,,,,,,,,,,,,,,,,,,,,,,,,,,,,,,,,,,,,,,,,,,,,,,,,,,,,,
446,22.250000,RB003,pinch_end,1,,,,,,,,,,,,,,,,1.709840,,,,,,,,,,,,,,,,,,,,,,,,,,,,,,,,,,,,,,,,,,,,,,,,,,,,,,,,,,,,,,,,,,,,,,,,,,,,,,,,,,,,,,,,,,,,,,,,,,,,,,,,,,,,,,,,,,,,
447,22.300000,RB003,pinch_end,1,,,,,,,,,,,,,,,,1.710241,,,,,,,,,,,,,,,,,,,,,,,,,,,,,,,,,,,,,,,,,,,,,,,,,,,,,,,,,,,,,,,,,,,,,,,,,,,,,,,,,,,,,,,,,,,,,,,,,,,,,,,,,,,,,,,,,,,,
448,22.350000,RB003,pinch_end,1,,,,,,,,,,,,,,,,1.710642,,,,,,,,,,,,,,,,,,,,,,,,,,,,,,,,,,,,,,,,,,,,,,,,,,,,,,,,,,,,,,,,,,,,,,,,,,,,,,,,,,,,,,,,,,,,,,,,,,,,,,,,,,,,,,,,,,,,
449,22.400000,RB003,pinch_end,1,,,,,,,,,,,,,,,,1.711044,,,,,,,,,,,,,,,,,,,,,,,,,,,,,,,,,,,,,,,,,,,,,,,,,,,,,,,,,,,,,,,,,,,,,,,,,,,,,,,,,,,,,,,,,,,,,,,,,,,,,,,,,,,,,,,,,,,,
450,22.450000,RB003,pinch_end,1,,,,,,,,,,,,,,,,1.711445,,,,,,,,,,,,,,,,,,,,,,,,,,,,,,,,,,,,,,,,,,,,,,,,,,,,,,,,,,,,,,,,,,,,,,,,,,,,,,,,,,,,,,,,,,,,,,,,,,,,,,,,,,,,,,,,,,,,
451,22.500000,RB003,pinch_end,1,,,,,,,,,,,,,,,,1.711847,,,,,,,,,,,,,,,,,,,,,,,,,,,,,,,,,,,,,,,,,,,,,,,,,,,,,,,,,,,,,,,,,,,,,,,,,,,,,,,,,,,,,,,,,,,,,,,,,,,,,,,,,,,,,,,,,,,,
452,22.550000,RB003,pinch_end,1,,,,,,,,,,,,,,,,1.712248,,,,,,,,,,,,,,,,,,,,,,,,,,,,,,,,,,,,,,,,,,,,,,,,,,,,,,,,,,,,,,,,,,,,,,,,,,,,,,,,,,,,,,,,,,,,,,,,,,,,,,,,,,,,,,,,,,,,
453,22.600000,RB003,pinch_end,1,,,,,,,,,,,,,,,,1.712649,,,,,,,,,,,,,,,,,,,,,,,,,,,,,,,,,,,,,,,,,,,,,,,,,,,,,,,,,,,,,,,,,,,,,,,,,,,,,,,,,,,,,,,,,,,,,,,,,,,,,,,,,,,,,,,,,,,,
454,22.650000,RB003,pinch_end,1,,,,,,,,,,,,,,,,1.713051,,,,,,,,,,,,,,,,,,,,,,,,,,,,,,,,,,,,,,,,,,,,,,,,,,,,,,,,,,,,,,,,,,,,,,,,,,,,,,,,,,,,,,,,,,,,,,,,,,,,,,,,,,,,,,,,,,,,
455,22.700000,RB003,pinch_end,1,,,,,,,,,,,,,,,,1.713452,,,,,,,,,,,,,,,,,,,,,,,,,,,,,,,,,,,,,,,,,,,,,,,,,,,,,,,,,,,,,,,,,,,,,,,,,,,,,,,,,,,,,,,,,,,,,,,,,,,,,,,,,,,,,,,,,,,,
456,22.750000,RB003,pinch_end,1,,,,,,,,,,,,,,,,1.713854,,,,,,,,,,,,,,,,,,,,,,,,,,,,,,,,,,,,,,,,,,,,,,,,,,,,,,,,,,,,,,,,,,,,,,,,,,,,,,,,,,,,,,,,,,,,,,,,,,,,,,,,,,,,,,,,,,,,
457,22.800000,RB003,pinch_end,1,,,,,,,,,,,,,,,,1.714255,,,,,,,,,,,,,,,,,,,,,,,,,,,,,,,,,,,,,,,,,,,,,,,,,,,,,,,,,,,,,,,,,,,,,,,,,,,,,,,,,,,,,,,,,,,,,,,,,,,,,,,,,,,,,,,,,,,,
458,22.850000,RB003,pinch_end,1,,,,,,,,,,,,,,,,1.714657,,,,,,,,,,,,,,,,,,,,,,,,,,,,,,,,,,,,,,,,,,,,,,,,,,,,,,,,,,,,,,,,,,,,,,,,,,,,,,,,,,,,,,,,,,,,,,,,,,,,,,,,,,,,,,,,,,,,
459,22.900000,RB003,pinch_end,1,,,,,,,,,,,,,,,,1.715058,,,,,,,,,,,,,,,,,,,,,,,,,,,,,,,,,,,,,,,,,,,,,,,,,,,,,,,,,,,,,,,,,,,,,,,,,,,,,,,,,,,,,,,,,,,,,,,,,,,,,,,,,,,,,,,,,,,,
460,22.950000,RB003,pinch_end,1,,,,,,,,,,,,,,,,1.715459,,,,,,,,,,,,,,,,,,,,,,,,,,,,,,,,,,,,,,,,,,,,,,,,,,,,,,,,,,,,,,,,,,,,,,,,,,,,,,,,,,,,,,,,,,,,,,,,,,,,,,,,,,,,,,,,,,,,
461,23.000000,RB003,pinch_end,1,,,,,,,,,,,,,,,,1.715861,,,,,,,,,,,,,,,,,,,,,,,,,,,,,,,,,,,,,,,,,,,,,,,,,,,,,,,,,,,,,,,,,,,,,,,,,,,,,,,,,,,,,,,,,,,,,,,,,,,,,,,,,,,,,,,,,,,,
462,23.050000,RB003,pinch_end,1,,,,,,,,,,,,,,,,1.716262,,,,,,,,,,,,,,,,,,,,,,,,,,,,,,,,,,,,,,,,,,,,,,,,,,,,,,,,,,,,,,,,,,,,,,,,,,,,,,,,,,,,,,,,,,,,,,,,,,,,,,,,,,,,,,,,,,,,
463,23.100000,RB003,pinch_end,1,,,,,,,,,,,,,,,,1.716664,,,,,,,,,,,,,,,,,,,,,,,,,,,,,,,,,,,,,,,,,,,,,,,,,,,,,,,,,,,,,,,,,,,,,,,,,,,,,,,,,,,,,,,,,,,,,,,,,,,,,,,,,,,,,,,,,,,,
464,23.150000,RB003,pinch_end,1,,,,,,,,,,,,,,,,1.717065,,,,,,,,,,,,,,,,,,,,,,,,,,,,,,,,,,,,,,,,,,,,,,,,,,,,,,,,,,,,,,,,,,,,,,,,,,,,,,,,,,,,,,,,,,,,,,,,,,,,,,,,,,,,,,,,,,,,
465,23.200000,RB003,pinch_end,1,,,,,,,,,,,,,,,,1.717467,,,,,,,,,,,,,,,,,,,,,,,,,,,,,,,,,,,,,,,,,,,,,,,,,,,,,,,,,,,,,,,,,,,,,,,,,,,,,,,,,,,,,,,,,,,,,,,,,,,,,,,,,,,,,,,,,,,,
466,23.250000,RB003,pinch_end,0,,,,,,,,,,,,,,,,,,,,,,,,,,,,,,,,,,,,,,,,,,,,,,,,,,,,,,,,,,,,,,,,,,,,,,,,,,,,,,,,,,,,,,,,,,,,,,,,,,,,,,,,,,,,,,,,,,,,,,,,,,,,,,,,,,,,
467,23.300000,RB003,pinch_end,0,,,,,,,,,,,,,,,,,,,,,,,,,,,,,,,,,,,,,,,,,,,,,,,,,,,,,,,,,,,,,,,,,,,,,,,,,,,,,,,,,,,,,,,,,,,,,,,,,,,,,,,,,,,,,,,,,,,,,,,,,,,,,,,,,,,,
468,23.350000,RB003,pinch_end,0,,,,,,,,,,,,,,,,,,,,,,,,,,,,,,,,,,,,,,,,,,,,,,,,,,,,,,,,,,,,,,,,,,,,,,,,,,,,,,,,,,,,,,,,,,,,,,,,,,,,,,,,,,,,,,,,,,,,,,,,,,,,,,,,,,,,
469,23.400000,RB003,pinch_end,0,,,,,,,,,,,,,,,,,,,,,,,,,,,,,,,,,,,,,,,,,,,,,,,,,,,,,,,,,,,,,,,,,,,,,,,,,,,,,,,,,,,,,,,,,,,,,,,,,,,,,,,,,,,,,,,,,,,,,,,,,,,,,,,,,,,,
470,23.450000,RB003,pinch_end,0,,,,,,,,,,,,,,,,,,,,,,,,,,,,,,,,,,,,,,,,,,,,,,,,,,,,,,,,,,,,,,,,,,,,,,,,,,,,,,,,,,,,,,,,,,,,,,,,,,,,,,,,,,,,,,,,,,,,,,,,,,,,,,,,,,,,
471,23.500000,RB003,pinch_end,0,,,,,,,,,,,,,,,,,,,,,,,,,,,,,,,,,,,,,,,,,,,,,,,,,,,,,,,,,,,,,,,,,,,,,,,,,,,,,,,,,,,,,,,,,,,,,,,,,,,,,,,,,,,,,,,,,,,,,,,,,,,,,,,,,,,,
472,23.550000,RB003,pinch_end,0,,,,,,,,,,,,,,,,,,,,,,,,,,,,,,,,,,,,,,,,,,,,,,,,,,,,,,,,,,,,,,,,,,,,,,,,,,,,,,,,,,,,,,,,,,,,,,,,,,,,,,,,,,,,,,,,,,,,,,,,,,,,,,,,,,,,
473,23.600000,RB003,pinch_end,0,,,,,,,,,,,,,,,,,,,,,,,,,,,,,,,,,,,,,,,,,,,,,,,,,,,,,,,,,,,,,,,,,,,,,,,,,,,,,,,,,,,,,,,,,,,,,,,,,,,,,,,,,,,,,,,,,,,,,,,,,,,,,,,,,,,,
474,23.650000,RB003,pinch_end,0,,,,,,,,,,,,,,,,,,,,,,,,,,,,,,,,,,,,,,,,,,,,,,,,,,,,,,,,,,,,,,,,,,,,,,,,,,,,,,,,,,,,,,,,,,,,,,,,,,,,,,,,,,,,,,,,,,,,,,,,,,,,,,,,,,,,
475,23.700000,RB003,pinch_end,0,,,,,,,,,,,,,,,,,,,,,,,,,,,,,,,,,,,,,,,,,,,,,,,,,,,,,,,,,,,,,,,,,,,,,,,,,,,,,,,,,,,,,,,,,,,,,,,,,,,,,,,,,,,,,,,,,,,,,,,,,,,,,,,,,,,,
476,23.750000,RB003,pinch_end,0,,,,,,,,,,,,,,,,,,,,,,,,,,,,,,,,,,,,,,,,,,,,,,,,,,,,,,,,,,,,,,,,,,,,,,,,,,,,,,,,,,,,,,,,,,,,,,,,,,,,,,,,,,,,,,,,,,,,,,,,,,,,,,,,,,,,
477,23.800000,RB003,pinch_end,0,,,,,,,,,,,,,,,,,,,,,,,,,,,,,,,,,,,,,,,,,,,,,,,,,,,,,,,,,,,,,,,,,,,,,,,,,,,,,,,,,,,,,,,,,,,,,,,,,,,,,,,,,,,,,,,,,,,,,,,,,,,,,,,,,,,,
478,23.850000,RB003,pinch_end,0,,,,,,,,,,,,,,,,,,,,,,,,,,,,,,,,,,,,,,,,,,,,,,,,,,,,,,,,,,,,,,,,,,,,,,,,,,,,,,,,,,,,,,,,,,,,,,,,,,,,,,,,,,,,,,,,,,,,,,,,,,,,,,,,,,,,
479,23.900000,RB003,pinch_end,0,,,,,,,,,,,,,,,,,,,,,,,,,,,,,,,,,,,,,,,,,,,,,,,,,,,,,,,,,,,,,,,,,,,,,,,,,,,,,,,,,,,,,,,,,,,,,,,,,,,,,,,,,,,,,,,,,,,,,,,,,,,,,,,,,,,,
480,23.950000,RB003,pinch_end,0,,,,,,,,,,,,,,,,,,,,,,,,,,,,,,,,,,,,,,,,,,,,,,,,,,,,,,,,,,,,,,,,,,,,,,,,,,,,,,,,,,,,,,,,,,,,,,,,,,,,,,,,,,,,,,,,,,,,,,,,,,,,,,,,,,,,
481,24.000000,RB003,pinch_end,0,,,,,,,,,,,,,,,,,,,,,,,,,,,,,,,,,,,,,,,,,,,,,,,,,,,,,,,,,,,,,,,,,,,,,,,,,,,,,,,,,,,,,,,,,,,,,,,,,,,,,,,,,,,,,,,,,,,,,,,,,,,,,,,,,,,,
482,24.050000,RB003,pinch_end,0,,,,,,,,,,,,,,,,,,,,,,,,,,,,,,,,,,,,,,,,,,,,,,,,,,,,,,,,,,,,,,,,,,,,,,,,,,,,,,,,,,,,,,,,,,,,,,,,,,,,,,,,,,,,,,,,,,,,,,,,,,,,,,,,,,,,
483,24.100000,RB003,pinch_end,0,,,,,,,,,,,,,,,,,,,,,,,,,,,,,,,,,,,,,,,,,,,,,,,,,,,,,,,,,,,,,,,,,,,,,,,,,,,,,,,,,,,,,,,,,,,,,,,,,,,,,,,,,,,,,,,,,,,,,,,,,,,,,,,,,,,,
484,24.150000,RB003,pinch_end,0,,,,,,,,,,,,,,,,,,,,,,,,,,,,,,,,,,,,,,,,,,,,,,,,,,,,,,,,,,,,,,,,,,,,,,,,,,,,,,,,,,,,,,,,,,,,,,,,,,,,,,,,,,,,,,,,,,,,,,,,,,,,,,,,,,,,
485,24.200000,RB003,pinch_end,0,,,,,,,,,,,,,,,,,,,,,,,,,,,,,,,,,,,,,,,,,,,,,,,,,,,,,,,,,,,,,,,,,,,,,,,,,,,,,,,,,,,,,,,,,,,,,,,,,,,,,,,,,,,,,,,,,,,,,,,,,,,,,,,,,,,,
486,24.250000,RB003,pinch_end,0,,,,,,,,,,,,,,,,,,,,,,,,,,,,,,,,,,,,,,,,,,,,,,,,,,,,,,,,,,,,,,,,,,,,,,,,,,,,,,,,,,,,,,,,,,,,,,,,,,,,,,,,,,,,,,,,,,,,,,,,,,,,,,,,,,,,
487,24.300000,RB003,pinch_end,0,,,,,,,,,,,,,,,,,,,,,,,,,,,,,,,,,,,,,,,,,,,,,,,,,,,,,,,,,,,,,,,,,,,,,,,,,,,,,,,,,,,,,,,,,,,,,,,,,,,,,,,,,,,,,,,,,,,,,,,,,,,,,,,,,,,,
488,24.350000,RB003,pinch_end,0,,,,,,,,,,,,,,,,,,,,,,,,,,,,,,,,,,,,,,,,,,,,,,,,,,,,,,,,,,,,,,,,,,,,,,,,,,,,,,,,,,,,,,,,,,,,,,,,,,,,,,,,,,,,,,,,,,,,,,,,,,,,,,,,,,,,
489,24.400000,RB003,pinch_end,0,,,,,,,,,,,,,,,,,,,,,,,,,,,,,,,,,,,,,,,,,,,,,,,,,,,,,,,,,,,,,,,,,,,,,,,,,,,,,,,,,,,,,,,,,,,,,,,,,,,,,,,,,,,,,,,,,,,,,,,,,,,,,,,,,,,,
490,24.450000,RB003,pinch_end,0,,,,,,,,,,,,,,,,,,,,,,,,,,,,,,,,,,,,,,,,,,,,,,,,,,,,,,,,,,,,,,,,,,,,,,,,,,,,,,,,,,,,,,,,,,,,,,,,,,,,,,,,,,,,,,,,,,,,,,,,,,,,,,,,,,,,
491,24.500000,RB003,pinch_end,0,,,,,,,,,,,,,,,,,,,,,,,,,,,,,,,,,,,,,,,,,,,,,,,,,,,,,,,,,,,,,,,,,,,,,,,,,,,,,,,,,,,,,,,,,,,,,,,,,,,,,,,,,,,,,,,,,,,,,,,,,,,,,,,,,,,,
492,24.550000,RB003,pinch_end,0,,,,,,,,,,,,,,,,,,,,,,,,,,,,,,,,,,,,,,,,,,,,,,,,,,,,,,,,,,,,,,,,,,,,,,,,,,,,,,,,,,,,,,,,,,,,,,,,,,,,,,,,,,,,,,,,,,,,,,,,,,,,,,,,,,,,
493,24.600000,RB003,pinch_end,0,,,,,,,,,,,,,,,,,,,,,,,,,,,,,,,,,,,,,,,,,,,,,,,,,,,,,,,,,,,,,,,,,,,,,,,,,,,,,,,,,,,,,,,,,,,,,,,,,,,,,,,,,,,,,,,,,,,,,,,,,,,,,,,,,,,,
494,24.650000,RB003,pinch_end,0,,,,,,,,,,,,,,,,,,,,,,,,,,,,,,,,,,,,,,,,,,,,,,,,,,,,,,,,,,,,,,,,,,,,,,,,,,,,,,,,,,,,,,,,,,,,,,,,,,,,,,,,,,,,,,,,,,,,,,,,,,,,,,,,,,,,
495,24.700000,RB003,pinch_end,0,,,,,,,,,,,,,,,,,,,,,,,,,,,,,,,,,,,,,,,,,,,,,,,,,,,,,,,,,,,,,,,,,,,,,,,,,,,,,,,,,,,,,,,,,,,,,,,,,,,,,,,,,,,,,,,,,,,,,,,,,,,,,,,,,,,,
496,24.750000,RB003,pinch_end,0,,,,,,,,,,,,,,,,,,,,,,,,,,,,,,,,,,,,,,,,,,,,,,,,,,,,,,,,,,,,,,,,,,,,,,,,,,,,,,,,,,,,,,,,,,,,,,,,,,,,,,,,,,,,,,,,,,,,,,,,,,,,,,,,,,,,
497,24.800000,RB003,pinch_end,0,,,,,,,,,,,,,,,,,,,,,,,,,,,,,,,,,,,,,,,,,,,,,,,,,,,,,,,,,,,,,,,,,,,,,,,,,,,,,,,,,,,,,,,,,,,,,,,,,,,,,,,,,,,,,,,,,,,,,,,,,,,,,,,,,,,,
498,24.850000,RB003,pinch_end,0,,,,,,,,,,,,,,,,,,,,,,,,,,,,,,,,,,,,,,,,,,,,,,,,,,,,,,,,,,,,,,,,,,,,,,,,,,,,,,,,,,,,,,,,,,,,,,,,,,,,,,,,,,,,,,,,,,,,,,,,,,,,,,,,,,,,
499,24.900000,RB003,pinch_end,0,,,,,,,,,,,,,,,,,,,,,,,,,,,,,,,,,,,,,,,,,,,,,,,,,,,,,,,,,,,,,,,,,,,,,,,,,,,,,,,,,,,,,,,,,,,,,,,,,,,,,,,,,,,,,,,,,,,,,,,,,,,,,,,,,,,,
500,24.950000,RB003,pinch_end,0,,,,,,,,,,,,,,,,,,,,,,,,,,,,,,,,,,,,,,,,,,,,,,,,,,,,,,,,,,,,,,,,,,,,,,,,,,,,,,,,,,,,,,,,,,,,,,,,,,,,,,,,,,,,,,,,,,,,,,,,,,,,,,,,,,,,
501,25.000000,RB003,pinch_end,0,,,,,,,,,,,,,,,,,,,,,,,,,,,,,,,,,,,,,,,,,,,,,,,,,,,,,,,,,,,,,,,,,,,,,,,,,,,,,,,,,,,,,,,,,,,,,,,,,,,,,,,,,,,,,,,,,,,,,,,,,,,,,,,,,,,,
502,25.050000,RB003,pinch_end,0,,,,,,,,,,,,,,,,,,,,,,,,,,,,,,,,,,,,,,,,,,,,,,,,,,,,,,,,,,,,,,,,,,,,,,,,,,,,,,,,,,,,,,,,,,,,,,,,,,,,,,,,,,,,,,,,,,,,,,,,,,,,,,,,,,,,
503,25.100000,RB003,pinch_end,0,,,,,,,,,,,,,,,,,,,,,,,,,,,,,,,,,,,,,,,,,,,,,,,,,,,,,,,,,,,,,,,,,,,,,,,,,,,,,,,,,,,,,,,,,,,,,,,,,,,,,,,,,,,,,,,,,,,,,,,,,,,,,,,,,,,,
504,25.150000,RB003,pinch_end,0,,,,,,,,,,,,,,,,,,,,,,,,,,,,,,,,,,,,,,,,,,,,,,,,,,,,,,,,,,,,,,,,,,,,,,,,,,,,,,,,,,,,,,,,,,,,,,,,,,,,,,,,,,,,,,,,,,,,,,,,,,,,,,,,,,,,
505,25.200000,RB003,pinch_end,0,,,,,,,,,,,,,,,,,,,,,,,,,,,,,,,,,,,,,,,,,,,,,,,,,,,,,,,,,,,,,,,,,,,,,,,,,,,,,,,,,,,,,,,,,,,,,,,,,,,,,,,,,,,,,,,,,,,,,,,,,,,,,,,,,,,,
506,25.250000,RB003,pinch_end,0,,,,,,,,,,,,,,,,,,,,,,,,,,,,,,,,,,,,,,,,,,,,,,,,,,,,,,,,,,,,,,,,,,,,,,,,,,,,,,,,,,,,,,,,,,,,,,,,,,,,,,,,,,,,,,,,,,,,,,,,,,,,,,,,,,,,
507,25.300000,RB003,pinch_end,0,,,,,,,,,,,,,,,,,,,,,,,,,,,,,,,,,,,,,,,,,,,,,,,,,,,,,,,,,,,,,,,,,,,,,,,,,,,,,,,,,,,,,,,,,,,,,,,,,,,,,,,,,,,,,,,,,,,,,,,,,,,,,,,,,,,,
508,25.350000,RB003,pinch_end,0,,,,,,,,,,,,,,,,,,,,,,,,,,,,,,,,,,,,,,,,,,,,,,,,,,,,,,,,,,,,,,,,,,,,,,,,,,,,,,,,,,,,,,,,,,,,,,,,,,,,,,,,,,,,,,,,,,,,,,,,,,,,,,,,,,,,
509,25.400000,RB003,pinch_end,0,,,,,,,,,,,,,,,,,,,,,,,,,,,,,,,,,,,,,,,,,,,,,,,,,,,,,,,,,,,,,,,,,,,,,,,,,,,,,,,,,,,,,,,,,,,,,,,,,,,,,,,,,,,,,,,,,,,,,,,,,,,,,,,,,,,,
510,25.450000,RB003,pinch_end,0,,,,,,,,,,,,,,,,,,,,,,,,,,,,,,,,,,,,,,,,,,,,,,,,,,,,,,,,,,,,,,,,,,,,,,,,,,,,,,,,,,,,,,,,,,,,,,,,,,,,,,,,,,,,,,,,,,,,,,,,,,,,,,,,,,,,
511,25.500000,RB003,pinch_end,0,,,,,,,,,,,,,,,,,,,,,,,,,,,,,,,,,,,,,,,,,,,,,,,,,,,,,,,,,,,,,,,,,,,,,,,,,,,,,,,,,,,,,,,,,,,,,,,,,,,,,,,,,,,,,,,,,,,,,,,,,,,,,,,,,,,,
512,25.550000,RB003,pinch_end,0,,,,,,,,,,,,,,,,,,,,,,,,,,,,,,,,,,,,,,,,,,,,,,,,,,,,,,,,,,,,,,,,,,,,,,,,,,,,,,,,,,,,,,,,,,,,,,,,,,,,,,,,,,,,,,,,,,,,,,,,,,,,,,,,,,,,
513,25.600000,RB003,pinch_end,0,,,,,,,,,,,,,,,,,,,,,,,,,,,,,,,,,,,,,,,,,,,,,,,,,,,,,,,,,,,,,,,,,,,,,,,,,,,,,,,,,,,,,,,,,,,,,,,,,,,,,,,,,,,,,,,,,,,,,,,,,,,,,,,,,,,,
514,25.650000,RB003,pinch_end,0,,,,,,,,,,,,,,,,,,,,,,,,,,,,,,,,,,,,,,,,,,,,,,,,,,,,,,,,,,,,,,,,,,,,,,,,,,,,,,,,,,,,,,,,,,,,,,,,,,,,,,,,,,,,,,,,,,,,,,,,,,,,,,,,,,,,
515,25.700000,RB003,pinch_end,0,,,,,,,,,,,,,,,,,,,,,,,,,,,,,,,,,,,,,,,,,,,,,,,,,,,,,,,,,,,,,,,,,,,,,,,,,,,,,,,,,,,,,,,,,,,,,,,,,,,,,,,,,,,,,,,,,,,,,,,,,,,,,,,,,,,,
516,25.750000,RB003,pinch_end,0,,,,,,,,,,,,,,,,,,,,,,,,,,,,,,,,,,,,,,,,,,,,,,,,,,,,,,,,,,,,,,,,,,,,,,,,,,,,,,,,,,,,,,,,,,,,,,,,,,,,,,,,,,,,,,,,,,,,,,,,,,,,,,,,,,,,
517,25.800000,RB003,pinch_end,0,,,,,,,,,,,,,,,,,,,,,,,,,,,,,,,,,,,,,,,,,,,,,,,,,,,,,,,,,,,,,,,,,,,,,,,,,,,,,,,,,,,,,,,,,,,,,,,,,,,,,,,,,,,,,,,,,,,,,,,,,,,,,,,,,,,,
518,25.850000,RB003,pinch_end,0,,,,,,,,,,,,,,,,,,,,,,,,,,,,,,,,,,,,,,,,,,,,,,,,,,,,,,,,,,,,,,,,,,,,,,,,,,,,,,,,,,,,,,,,,,,,,,,,,,,,,,,,,,,,,,,,,,,,,,,,,,,,,,,,,,,,
519,25.900000,RB003,pinch_end,0,,,,,,,,,,,,,,,,,,,,,,,,,,,,,,,,,,,,,,,,,,,,,,,,,,,,,,,,,,,,,,,,,,,,,,,,,,,,,,,,,,,,,,,,,,,,,,,,,,,,,,,,,,,,,,,,,,,,,,,,,,,,,,,,,,,,
520,25.950000,RB003,pinch_end,0,,,,,,,,,,,,,,,,,,,,,,,,,,,,,,,,,,,,,,,,,,,,,,,,,,,,,,,,,,,,,,,,,,,,,,,,,,,,,,,,,,,,,,,,,,,,,,,,,,,,,,,,,,,,,,,,,,,,,,,,,,,,,,,,,,,,
521,26.000000,RB003,pinch_end,0,,,,,,,,,,,,,,,,,,,,,,,,,,,,,,,,,,,,,,,,,,,,,,,,,,,,,,,,,,,,,,,,,,,,,,,,,,,,,,,,,,,,,,,,,,,,,,,,,,,,,,,,,,,,,,,,,,,,,,,,,,,,,,,,,,,,
522,26.050000,RB003,pinch_end,0,,,,,,,,,,,,,,,,,,,,,,,,,,,,,,,,,,,,,,,,,,,,,,,,,,,,,,,,,,,,,,,,,,,,,,,,,,,,,,,,,,,,,,,,,,,,,,,,,,,,,,,,,,,,,,,,,,,,,,,,,,,,,,,,,,,,
523,26.100000,RB003,pinch_end,0,,,,,,,,,,,,,,,,,,,,,,,,,,,,,,,,,,,,,,,,,,,,,,,,,,,,,,,,,,,,,,,,,,,,,,,,,,,,,,,,,,,,,,,,,,,,,,,,,,,,,,,,,,,,,,,,,,,,,,,,,,,,,,,,,,,,
524,26.150000,RB003,pinch_end,0,,,,,,,,,,,,,,,,,,,,,,,,,,,,,,,,,,,,,,,,,,,,,,,,,,,,,,,,,,,,,,,,,,,,,,,,,,,,,,,,,,,,,,,,,,,,,,,,,,,,,,,,,,,,,,,,,,,,,,,,,,,,,,,,,,,,
525,26.200000,RB003,pinch_end,0,,,,,,,,,,,,,,,,,,,,,,,,,,,,,,,,,,,,,,,,,,,,,,,,,,,,,,,,,,,,,,,,,,,,,,,,,,,,,,,,,,,,,,,,,,,,,,,,,,,,,,,,,,,,,,,,,,,,,,,,,,,,,,,,,,,,
526,26.250000,RB003,pinch_end,0,,,,,,,,,,,,,,,,,,,,,,,,,,,,,,,,,,,,,,,,,,,,,,,,,,,,,,,,,,,,,,,,,,,,,,,,,,,,,,,,,,,,,,,,,,,,,,,,,,,,,,,,,,,,,,,,,,,,,,,,,,,,,,,,,,,,
527,26.300000,RB003,pinch_end,0,,,,,,,,,,,,,,,,,,,,,,,,,,,,,,,,,,,,,,,,,,,,,,,,,,,,,,,,,,,,,,,,,,,,,,,,,,,,,,,,,,,,,,,,,,,,,,,,,,,,,,,,,,,,,,,,,,,,,,,,,,,,,,,,,,,,
528,26.350000,RB003,pinch_end,0,,,,,,,,,,,,,,,,,,,,,,,,,,,,,,,,,,,,,,,,,,,,,,,,,,,,,,,,,,,,,,,,,,,,,,,,,,,,,,,,,,,,,,,,,,,,,,,,,,,,,,,,,,,,,,,,,,,,,,,,,,,,,,,,,,,,
529,26.400000,RB003,pinch_end,0,,,,,,,,,,,,,,,,,,,,,,,,,,,,,,,,,,,,,,,,,,,,,,,,,,,,,,,,,,,,,,,,,,,,,,,,,,,,,,,,,,,,,,,,,,,,,,,,,,,,,,,,,,,,,,,,,,,,,,,,,,,,,,,,,,,,
530,26.450000,RB003,pinch_end,0,,,,,,,,,,,,,,,,,,,,,,,,,,,,,,,,,,,,,,,,,,,,,,,,,,,,,,,,,,,,,,,,,,,,,,,,,,,,,,,,,,,,,,,,,,,,,,,,,,,,,,,,,,,,,,,,,,,,,,,,,,,,,,,,,,,,
531,26.500000,RB003,pinch_end,0,,,,,,,,,,,,,,,,,,,,,,,,,,,,,,,,,,,,,,,,,,,,,,,,,,,,,,,,,,,,,,,,,,,,,,,,,,,,,,,,,,,,,,,,,,,,,,,,,,,,,,,,,,,,,,,,,,,,,,,,,,,,,,,,,,,,
532,26.550000,RB003,pinch_end,0,,,,,,,,,,,,,,,,,,,,,,,,,,,,,,,,,,,,,,,,,,,,,,,,,,,,,,,,,,,,,,,,,,,,,,,,,,,,,,,,,,,,,,,,,,,,,,,,,,,,,,,,,,,,,,,,,,,,,,,,,,,,,,,,,,,,
533,26.600000,RB003,pinch_end,0,,,,,,,,,,,,,,,,,,,,,,,,,,,,,,,,,,,,,,,,,,,,,,,,,,,,,,,,,,,,,,,,,,,,,,,,,,,,,,,,,,,,,,,,,,,,,,,,,,,,,,,,,,,,,,,,,,,,,,,,,,,,,,,,,,,,
534,26.650000,RB003,pinch_end,0,,,,,,,,,,,,,,,,,,,,,,,,,,,,,,,,,,,,,,,,,,,,,,,,,,,,,,,,,,,,,,,,,,,,,,,,,,,,,,,,,,,,,,,,,,,,,,,,,,,,,,,,,,,,,,,,,,,,,,,,,,,,,,,,,,,,
535,26.700000,RB003,pinch_end,0,,,,,,,,,,,,,,,,,,,,,,,,,,,,,,,,,,,,,,,,,,,,,,,,,,,,,,,,,,,,,,,,,,,,,,,,,,,,,,,,,,,,,,,,,,,,,,,,,,,,,,,,,,,,,,,,,,,,,,,,,,,,,,,,,,,,
1,0.000000,RB001,palm_grab,0,,,,,,,,,,,,,,,,,,,,,,,,,,,,,,,,,,,,,,,,,,,,,,,,,,,,,,,,,,,,,,,,,,,,,,,,,,,,,,,,,,,,,,,,,,,,,,,,,,,,,,,,,,,,,,,,,,,,,,,,,,,,,,,,,,,,
2,0.050000,RB001,palm_grab,0,,,,,,,,,,,,,,,,,,,,,,,,,,,,,,,,,,,,,,,,,,,,,,,,,,,,,,,,,,,,,,,,,,,,,,,,,,,,,,,,,,,,,,,,,,,,,,,,,,,,,,,,,,,,,,,,,,,,,,,,,,,,,,,,,,,,
3,0.100000,RB001,palm_grab,0,,,,,,,,,,,,,,,,,,,,,,,,,,,,,,,,,,,,,,,,,,,,,,,,,,,,,,,,,,,,,,,,,,,,,,,,,,,,,,,,,,,,,,,,,,,,,,,,,,,,,,,,,,,,,,,,,,,,,,,,,,,,,,,,,,,,
4,0.150000,RB001,palm_grab,0,,,,,,,,,,,,,,,,,,,,,,,,,,,,,,,,,,,,,,,,,,,,,,,,,,,,,,,,,,,,,,,,,,,,,,,,,,,,,,,,,,,,,,,,,,,,,,,,,,,,,,,,,,,,,,,,,,,,,,,,,,,,,,,,,,,,
5,0.200000,RB001,palm_grab,0,,,,,,,,,,,,,,,,,,,,,,,,,,,,,,,,,,,,,,,,,,,,,,,,,,,,,,,,,,,,,,,,,,,,,,,,,,,,,,,,,,,,,,,,,,,,,,,,,,,,,,,,,,,,,,,,,,,,,,,,,,,,,,,,,,,,
6,0.250000,RB001,palm_grab,0,,,,,,,,,,,,,,,,,,,,,,,,,,,,,,,,,,,,,,,,,,,,,,,,,,,,,,,,,,,,,,,,,,,,,,,,,,,,,,,,,,,,,,,,,,,,,,,,,,,,,,,,,,,,,,,,,,,,,,,,,,,,,,,,,,,,
7,0.300000,RB001,palm_grab,0,,,,,,,,,,,,,,,,,,,,,,,,,,,,,,,,,,,,,,,,,,,,,,,,,,,,,,,,,,,,,,,,,,,,,,,,,,,,,,,,,,,,,,,,,,,,,,,,,,,,,,,,,,,,,,,,,,,,,,,,,,,,,,,,,,,,
8,0.350000,RB001,palm_grab,0,,,,,,,,,,,,,,,,,,,,,,,,,,,,,,,,,,,,,,,,,,,,,,,,,,,,,,,,,,,,,,,,,,,,,,,,,,,,,,,,,,,,,,,,,,,,,,,,,,,,,,,,,,,,,,,,,,,,,,,,,,,,,,,,,,,,
9,0.400000,RB001,palm_grab,0,,,,,,,,,,,,,,,,,,,,,,,,,,,,,,,,,,,,,,,,,,,,,,,,,,,,,,,,,,,,,,,,,,,,,,,,,,,,,,,,,,,,,,,,,,,,,,,,,,,,,,,,,,,,,,,,,,,,,,,,,,,,,,,,,,,,
10,0.450000,RB001,palm_grab,0,,,,,,,,,,,,,,,,,,,,,,,,,,,,,,,,,,,,,,,,,,,,,,,,,,,,,,,,,,,,,,,,,,,,,,,,,,,,,,,,,,,,,,,,,,,,,,,,,,,,,,,,,,,,,,,,,,,,,,,,,,,,,,,,,,,,
11,0.500000,RB001,palm_grab,0,,,,,,,,,,,,,,,,,,,,,,,,,,,,,,,,,,,,,,,,,,,,,,,,,,,,,,,,,,,,,,,,,,,,,,,,,,,,,,,,,,,,,,,,,,,,,,,,,,,,,,,,,,,,,,,,,,,,,,,,,,,,,,,,,,,,
12,0.550000,RB001,palm_grab,0,,,,,,,,,,,,,,,,,,,,,,,,,,,,,,,,,,,,,,,,,,,,,,,,,,,,,,,,,,,,,,,,,,,,,,,,,,,,,,,,,,,,,,,,,,,,,,,,,,,,,,,,,,,,,,,,,,,,,,,,,,,,,,,,,,,,
13,0.600000,RB001,palm_grab,0,,,,,,,,,,,,,,,,,,,,,,,,,,,,,,,,,,,,,,,,,,,,,,,,,,,,,,,,,,,,,,,,,,,,,,,,,,,,,,,,,,,,,,,,,,,,,,,,,,,,,,,,,,,,,,,,,,,,,,,,,,,,,,,,,,,,
14,0.650000,RB001,palm_grab,0,,,,,,,,,,,,,,,,,,,,,,,,,,,,,,,,,,,,,,,,,,,,,,,,,,,,,,,,,,,,,,,,,,,,,,,,,,,,,,,,,,,,,,,,,,,,,,,,,,,,,,,,,,,,,,,,,,,,,,,,,,,,,,,,,,,,
15,0.700000,RB001,palm_grab,0,,,,,,,,,,,,,,,,,,,,,,,,,,,,,,,,,,,,,,,,,,,,,,,,,,,,,,,,,,,,,,,,,,,,,,,,,,,,,,,,,,,,,,,,,,,,,,,,,,,,,,,,,,,,,,,,,,,,,,,,,,,,,,,,,,,,
16,0.750000,RB001,palm_grab,0,,,,,,,,,,,,,,,,,,,,,,,,,,,,,,,,,,,,,,,,,,,,,,,,,,,,,,,,,,,,,,,,,,,,,,,,,,,,,,,,,,,,,,,,,,,,,,,,,,,,,,,,,,,,,,,,,,,,,,,,,,,,,,,,,,,,
17,0.800000,RB001,palm_grab,0,,,,,,,,,,,,,,,,,,,,,,,,,,,,,,,,,,,,,,,,,,,,,,,,,,,,,,,,,,,,,,,,,,,,,,,,,,,,,,,,,,,,,,,,,,,,,,,,,,,,,,,,,,,,,,,,,,,,,,,,,,,,,,,,,,,,
18,0.850000,RB001,palm_grab,0,,,,,,,,,,,,,,,,,,,,,,,,,,,,,,,,,,,,,,,,,,,,,,,,,,,,,,,,,,,,,,,,,,,,,,,,,,,,,,,,,,,,,,,,,,,,,,,,,,,,,,,,,,,,,,,,,,,,,,,,,,,,,,,,,,,,
19,0.900000,RB001,palm_grab,0,,,,,,,,,,,,,,,,,,,,,,,,,,,,,,,,,,,,,,,,,,,,,,,,,,,,,,,,,,,,,,,,,,,,,,,,,,,,,,,,,,,,,,,,,,,,,,,,,,,,,,,,,,,,,,,,,,,,,,,,,,,,,,,,,,,,
20,0.950000,RB001,palm_grab,0,,,,,,,,,,,,,,,,,,,,,,,,,,,,,,,,,,,,,,,,,,,,,,,,,,,,,,,,,,,,,,,,,,,,,,,,,,,,,,,,,,,,,,,,,,,,,,,,,,,,,,,,,,,,,,,,,,,,,,,,,,,,,,,,,,,,
21,1.000000,RB001,palm_grab,0,,,,,,,,,,,,,,,,,,,,,,,,,,,,,,,,,,,,,,,,,,,,,,,,,,,,,,,,,,,,,,,,,,,,,,,,,,,,,,,,,,,,,,,,,,,,,,,,,,,,,,,,,,,,,,,,,,,,,,,,,,,,,,,,,,,,
22,1.050000,RB001,palm_grab,0,,,,,,,,,,,,,,,,,,,,,,,,,,,,,,,,,,,,,,,,,,,,,,,,,,,,,,,,,,,,,,,,,,,,,,,,,,,,,,,,,,,,,,,,,,,,,,,,,,,,,,,,,,,,,,,,,,,,,,,,,,,,,,,,,,,,
23,1.100000,RB001,palm_grab,0,,,,,,,,,,,,,,,,,,,,,,,,,,,,,,,,,,,,,,,,,,,,,,,,,,,,,,,,,,,,,,,,,,,,,,,,,,,,,,,,,,,,,,,,,,,,,,,,,,,,,,,,,,,,,,,,,,,,,,,,,,,,,,,,,,,,
24,1.150000,RB001,palm_grab,0,,,,,,,,,,,,,,,,,,,,,,,,,,,,,,,,,,,,,,,,,,,,,,,,,,,,,,,,,,,,,,,,,,,,,,,,,,,,,,,,,,,,,,,,,,,,,,,,,,,,,,,,,,,,,,,,,,,,,,,,,,,,,,,,,,,,
25,1.200000,RB001,palm_grab,10,,,,,,,,,,,,,,,,,,,,,,,,,,,,,,,,,,,,,,,,,,,,,,,,,,,,1.914776,,,1.795268,,,,,,1.985580,,,1.694063,1.756466,,,,,,,,,,1.764355,,1.783612,,,,,,,,1.984302,,1.805032,,1.653165,,,,,,,,,,,,,,,,,,,,,,,,,,,,,,,,,,,,,,,,,,,
26,1.250000,RB001,palm_grab,11,,,,,,,,,,,,,,,,,,,,,,,,,,,,,,,,,,,,,,,,,,,,,,,,,,,,1.891240,,,1.770217,,,,,,1.978222,,,1.624538,1.744563,,,,,,,,1.904785,,1.691854,,1.762890,,,,,,,,1.976998,,1.791073,,1.585371,,,,,,,,,,,,,,,,,,,,,,,,,,,,,,,,,,,,,,,,,,,
27,1.300000,RB001,palm_grab,12,,,,,,,,,,,,,,,,,,,,,,,,,,,,,,,,,,,,,,,,,,,,,,,,,,,,1.867704,,,1.745167,,,,,,1.970864,,,1.555013,1.732659,,1.824414,,,,,,1.900673,,1.619354,,1.742168,,,,,,,,1.969694,,1.777114,,1.517577,,,,,,,,,,,,,,,,,,,,,,,,,,,,,,,,,,,,,,,,,,,
28,1.350000,RB001,palm_grab,12,,,,,,,,,,,,,,,,,,,,,,,,,,,,,,,,,,,,,,,,,,,,,,,,,,,,1.844169,,,1.720116,,,,,,1.963505,,,1.485488,1.720756,,1.822033,,,,,,1.896561,,1.546853,,1.721445,,,,,,,,1.962390,,1.763155,,1.449784,,,,,,,,,,,,,,,,,,,,,,,,,,,,,,,,,,,,,,,,,,,
29,1.400000,RB001,palm_grab,12,,,,,,,,,,,,,,,,,,,,,,,,,,,,,,,,,,,,,,,,,,,,,,,,,,,,1.820633,,,1.695065,,,,,,1.956147,,,1.415963,1.708853,,1.819653,,,,,,1.892449,,1.474352,,1.700723,,,,,,,,1.955085,,1.749196,,1.381990,,,,,,,,,,,,,,,,,,,,,,,,,,,,,,,,,,,,,,,,,,,
30,1.450000,RB001,palm_grab,12,,,,,,,,,,,,,,,,,,,,,,,,,,,,,,,,,,,,,,,,,,,,,,,,,,,,1.797098,,,1.670015,,,,,,1.948789,,,1.346438,1.696950,,1.817272,,,,,,1.888337,,1.401851,,1.680001,,,,,,,,1.947781,,1.735237,,1.314197,,,,,,,,,,,,,,,,,,,,,,,,,,,,,,,,,,,,,,,,,,,
31,1.500000,RB001,palm_grab,12,,,,,,,,,,,,,,,,,,,,,,,,,,,,,,,,,,,,,,,,,,,,,,,,,,,,1.773562,,,1.644964,,,,,,1.941430,,,1.276913,1.685047,,1.814891,,,,,,1.884225,,1.329350,,1.659279,,,,,,,,1.940477,,1.721277,,1.246403,,,,,,,,,,,,,,,,,,,,,,,,,,,,,,,,,,,,,,,,,,,
32,1.550000,RB001,palm_grab,12,,,,,,,,,,,,,,,,,,,,,,,,,,,,,,,,,,,,,,,,,,,,,,,,,,,,1.750026,,,1.619913,,,,,,1.934072,,,1.207388,1.673144,,1.812511,,,,,,1.880113,,1.256850,,1.638556,,,,,,,,1.933173,,1.707318,,1.178609,,,,,,,,,,,,,,,,,,,,,,,,,,,,,,,,,,,,,,,,,,,
33,1.600000,RB001,palm_grab,12,,,,,,,,,,,,,,,,,,,,,,,,,,,,,,,,,,,,,,,,,,,,,,,,,,,,1.726491,,,1.594863,,,,,,1.926714,,,1.137863,1.661241,,1.810130,,,,,,1.876001,,1.184349,,1.617834,,,,,,,,1.925869,,1.693359,,1.110816,,,,,,,,,,,,,,,,,,,,,,,,,,,,,,,,,,,,,,,,,,,
34,1.650000,RB001,palm_grab,12,,,,,,,,,,,,,,,,,,,,,,,,,,,,,,,,,,,,,,,,,,,,,,,,,,,,1.702955,,,1.569812,,,,,,1.919356,,,1.068338,1.649338,,1.807750,,,,,,1.871889,,1.111848,,1.597112,,,,,,,,1.918565,,1.679400,,1.043022,,,,,,,,,,,,,,,,,,,,,,,,,,,,,,,,,,,,,,,,,,,
35,1.700000,RB001,palm_grab,12,,,,,,,,,,,,,,,,,,,,,,,,,,,,,,,,,,,,,,,,,,,,,,,,,,,,1.679419,,,1.544761,,,,,,1.911997,,,0.998812,1.637435,,1.805369,,,,,,1.867777,,1.039347,,1.576390,,,,,,,,1.911260,,1.665441,,0.975228,,,,,,,,,,,,,,,,,,,,,,,,,,,,,,,,,,,,,,,,,,,
36,1.750000,RB001,palm_grab,12,,,,,,,,,,,,,,,,,,,,,,,,,,,,,,,,,,,,,,,,,,,,,,,,,,,,1.655884,,,1.519711,,,,,,1.904639,,,0.929287,1.625531,,1.802988,,,,,,1.863665,,0.966847,,1.555667,,,,,,,,1.903956,,1.651482,,0.907435,,,,,,,,,,,,,,,,,,,,,,,,,,,,,,,,,,,,,,,,,,,
37,1.800000,RB001,palm_grab,12,,,,,,,,,,,,,,,,,,,,,,,,,,,,,,,,,,,,,,,,,,,,,,,,,,,,1.632348,,,1.494660,,,,,,1.897281,,,0.859762,1.613628,,1.800608,,,,,,1.859553,,0.894346,,1.534945,,,,,,,,1.896652,,1.637523,,0.839641,,,,,,,,,,,,,,,,,,,,,,,,,,,,,,,,,,,,,,,,,,,
38,1.850000,RB001,palm_grab,12,,,,,,,,,,,,,,,,,,,,,,,,,,,,,,,,,,,,,,,,,,,,,,,,,,,,1.608812,,,1.469609,,,,,,1.889922,,,0.790237,1.601725,,1.798227,,,,,,1.855441,,0.821845,,1.514223,,,,,,,,1.889348,,1.623563,,0.771847,,,,,,,,,,,,,,,,,,,,,,,,,,,,,,,,,,,,,,,,,,,
39,1.900000,RB001,palm_grab,12,,,,,,,,,,,,,,,,,,,,,,,,,,,,,,,,,,,,,,,,,,,,,,,,,,,,1.585277,,,1.444559,,,,,,1.882564,,,0.720712,1.589822,,1.795847,,,,,,1.851329,,0.749344,,1.493501,,,,,,,,1.882044,,1.609604,,0.704054,,,,,,,,,,,,,,,,,,,,,,,,,,,,,,,,,,,,,,,,,,,
40,1.950000,RB001,palm_grab,12,,,,,,,,,,,,,,,,,,,,,,,,,,,,,,,,,,,,,,,,,,,,,,,,,,,,1.561741,,,1.419508,,,,,,1.875206,,,0.651187,1.577919,,1.793466,,,,,,1.847217,,0.676843,,1.472779,,,,,,,,1.874739,,1.595645,,0.636260,,,,,,,,,,,,,,,,,,,,,,,,,,,,,,,,,,,,,,,,,,,
41,2.000000,RB001,palm_grab,12,,,,,,,,,,,,,,,,,,,,,,,,,,,,,,,,,,,,,,,,,,,,,,,,,,,,1.538205,,,1.394457,,,,,,1.867848,,,0.581662,1.566016,,1.791085,,,,,,1.843105,,0.604343,,1.452056,,,,,,,,1.867435,,1.581686,,0.568466,,,,,,,,,,,,,,,,,,,,,,,,,,,,,,,,,,,,,,,,,,,
42,2.050000,RB001,palm_grab,12,,,,,,,,,,,,,,,,,,,,,,,,,,,,,,,,,,,,,,,,,,,,,,,,,,,,1.514670,,,1.369407,,,,,,1.860489,,,0.512137,1.554113,,1.788705,,,,,,1.838993,,0.531842,,1.431334,,,,,,,,1.860131,,1.567727,,0.500673,,,,,,,,,,,,,,,,,,,,,,,,,,,,,,,,,,,,,,,,,,,
43,2.100000,RB001,palm_grab,12,,,,,,,,,,,,,,,,,,,,,,,,,,,,,,,,,,,,,,,,,,,,,,,,,,,,1.491134,,,1.344356,,,,,,1.853131,,,0.442612,1.542210,,1.786324,,,,,,1.834881,,0.459341,,1.410612,,,,,,,,1.852827,,1.553768,,0.432879,,,,,,,,,,,,,,,,,,,,,,,,,,,,,,,,,,,,,,,,,,,
44,2.150000,RB001,palm_grab,12,,,,,,,,,,,,,,,,,,,,,,,,,,,,,,,,,,,,,,,,,,,,,,,,,,,,1.467598,,,1.319305,,,,,,1.845773,,,0.373087,1.530306,,1.783943,,,,,,1.830769,,0.386840,,1.389890,,,,,,,,1.845523,,1.539809,,0.365086,,,,,,,,,,,,,,,,,,,,,,,,,,,,,,,,,,,,,,,,,,,
45,2.200000,RB001,palm_grab,12,,,,,,,,,,,,,,,,,,,,,,,,,,,,,,,,,,,,,,,,,,,,,,,,,,,,1.444063,,,1.294255,,,,,,1.838414,,,0.303562,1.518403,,1.781563,,,,,,1.826657,,0.314340,,1.369167,,,,,,,,1.838218,,1.525850,,0.297292,,,,,,,,,,,,,,,,,,,,,,,,,,,,,,,,,,,,,,,,,,,
46,2.250000,RB001,palm_grab,12,,,,,,,,,,,,,,,,,,,,,,,,,,,,,,,,,,,,,,,,,,,,,,,,,,,,1.420527,,,1.269204,,,,,,1.831056,,,0.234037,1.506500,,1.779182,,,,,,1.822545,,0.241839,,1.348445,,,,,,,,1.830914,,1.511890,,0.229498,,,,,,,,,,,,,,,,,,,,,,,,,,,,,,,,,,,,,,,,,,,
47,2.300000,RB001,palm_grab,12,,,,,,,,,,,,,,,,,,,,,,,,,,,,,,,,,,,,,,,,,,,,,,,,,,,,1.396991,,,1.244153,,,,,,1.823698,,,0.164512,1.494597,,1.776802,,,,,,1.818433,,0.169338,,1.327723,,,,,,,,1.823610,,1.497931,,0.161705,,,,,,,,,,,,,,,,,,,,,,,,,,,,,,,,,,,,,,,,,,,
48,2.350000,RB001,palm_grab,12,,,,,,,,,,,,,,,,,,,,,,,,,,,,,,,,,,,,,,,,,,,,,,,,,,,,1.373456,,,1.219103,,,,,,1.816340,,,0.094987,1.482694,,1.774421,,,,,,1.814321,,0.096837,,1.307001,,,,,,,,1.816306,,1.483972,,0.093911,,,,,,,,,,,,,,,,,,,,,,,,,,,,,,,,,,,,,,,,,,,
49,2.400000,RB001,palm_grab,18,,,,,,,,,,,,,,,,,,,,,,,,,,,,,,,,,,,,,,,,,,,,,,,,,,2.059969,,1.338065,,,1.212963,,,,,,1.814601,1.834754,,0.051971,1.478994,,1.774626,,,,1.821087,,1.813368,2.063791,0.051971,,1.301106,,,,,,1.831139,,1.814540,1.780196,1.477555,,0.051971,,,,,,,,,,,,,,,,,,,,,,,,,,,,,,,,,,,,,,,,,,,
50,2.450000,RB001,palm_grab,18,,,,,,,,,,,,,,,,,,,,,,,,,,,,,,,,,,,,,,,,,,,,,,,,,,1.973750,,1.283193,,,1.237900,,,,,,1.822099,1.758694,,0.052514,1.488773,,1.779081,,,,1.804680,,1.817606,1.977408,0.052514,,1.319578,,,,,,1.755785,,1.821874,1.707016,1.483531,,0.052514,,,,,,,,,,,,,,,,,,,,,,,,,,,,,,,,,,,,,,,,,,,
51,2.500000,RB001,palm_grab,18,,,,,,,,,,,,,,,,,,,,,,,,,,,,,,,,,,,,,,,,,,,,,,,,,,1.887531,,1.228321,,,1.262837,,,,,,1.829596,1.682634,,0.053057,1.498552,,1.783536,,,,1.788272,,1.821843,1.891026,0.053057,,1.338050,,,,,,1.680432,,1.829208,1.633835,1.489507,,0.053057,,,,,,,,,,,,,,,,,,,,,,,,,,,,,,,,,,,,,,,,,,,
52,2.550000,RB001,palm_grab,18,,,,,,,,,,,,,,,,,,,,,,,,,,,,,,,,,,,,,,,,,,,,,,,,,,1.801311,,1.173449,,,1.287774,,,,,,1.837093,1.606574,,0.053600,1.508331,,1.787991,,,,1.771865,,1.826081,1.804643,0.053600,,1.356521,,,,,,1.605078,,1.836543,1.560655,1.495483,,0.053600,,,,,,,,,,,,,,,,,,,,,,,,,,,,,,,,,,,,,,,,,,,
53,2.600000,RB001,palm_grab,18,,,,,,,,,,,,,,,,,,,,,,,,,,,,,,,,,,,,,,,,,,,,,,,,,,1.715092,,1.118577,,,1.312710,,,,,,1.844591,1.530514,,0.054144,1.518110,,1.792446,,,,1.755458,,1.830319,1.718261,0.054144,,1.374993,,,,,,1.529724,,1.843877,1.487474,1.501459,,0.054144,,,,,,,,,,,,,,,,,,,,,,,,,,,,,,,,,,,,,,,,,,,
54,2.650000,RB001,palm_grab,18,,,,,,,,,,,,,,,,,,,,,,,,,,,,,,,,,,,,,,,,,,,,,,,,,,1.628872,,1.063706,,,1.337647,,,,,,1.852088,1.454454,,0.054687,1.527889,,1.796901,,,,1.739051,,1.834556,1.631879,0.054687,,1.393465,,,,,,1.454371,,1.851212,1.414293,1.507436,,0.054687,,,,,,,,,,,,,,,,,,,,,,,,,,,,,,,,,,,,,,,,,,,
55,2.700000,RB001,palm_grab,18,,,,,,,,,,,,,,,,,,,,,,,,,,,,,,,,,,,,,,,,,,,,,,,,,,1.542653,,1.008834,,,1.362584,,,,,,1.859585,1.378394,,0.055230,1.537668,,1.801356,,,,1.722644,,1.838794,1.545496,0.055230,,1.411937,,,,,,1.379017,,1.858546,1.341113,1.513412,,0.055230,,,,,,,,,,,,,,,,,,,,,,,,,,,,,,,,,,,,,,,,,,,
56,2.750000,RB001,palm_grab,18,,,,,,,,,,,,,,,,,,,,,,,,,,,,,,,,,,,,,,,,,,,,,,,,,,1.456433,,0.953962,,,1.387521,,,,,,1.867083,1.302334,,0.055773,1.547448,,1.805811,,,,1.706236,,1.843032,1.459114,0.055773,,1.430408,,,,,,1.303663,,1.865880,1.267932,1.519388,,0.055773,,,,,,,,,,,,,,,,,,,,,,,,,,,,,,,,,,,,,,,,,,,
57,2.800000,RB001,palm_grab,18,,,,,,,,,,,,,,,,,,,,,,,,,,,,,,,,,,,,,,,,,,,,,,,,,,1.370214,,0.899090,,,1.412458,,,,,,1.874580,1.226274,,0.056317,1.557227,,1.810266,,,,1.689829,,1.847269,1.372731,0.056317,,1.448880,,,,,,1.228309,,1.873215,1.194752,1.525364,,0.056317,,,,,,,,,,,,,,,,,,,,,,,,,,,,,,,,,,,,,,,,,,,
58,2.850000,RB001,palm_grab,18,,,,,,,,,,,,,,,,,,,,,,,,,,,,,,,,,,,,,,,,,,,,,,,,,,1.283995,,0.844218,,,1.437394,,,,,,1.882077,1.150214,,0.056860,1.567006,,1.814721,,,,1.673422,,1.851507,1.286349,0.056860,,1.467352,,,,,,1.152956,,1.880549,1.121571,1.531340,,0.056860,,,,,,,,,,,,,,,,,,,,,,,,,,,,,,,,,,,,,,,,,,,
59,2.900000,RB001,palm_grab,18,,,,,,,,,,,,,,,,,,,,,,,,,,,,,,,,,,,,,,,,,,,,,,,,,,1.197775,,0.789346,,,1.462331,,,,,,1.889575,1.074154,,0.057403,1.576785,,1.819176,,,,1.657015,,1.855744,1.199966,0.057403,,1.485823,,,,,,1.077602,,1.887883,1.048391,1.537316,,0.057403,,,,,,,,,,,,,,,,,,,,,,,,,,,,,,,,,,,,,,,,,,,
60,2.950000,RB001,palm_grab,18,,,,,,,,,,,,,,,,,,,,,,,,,,,,,,,,,,,,,,,,,,,,,,,,,,1.111556,,0.734474,,,1.487268,,,,,,1.897072,0.998094,,0.057947,1.586564,,1.823631,,,,1.640608,,1.859982,1.113584,0.057947,,1.504295,,,,,,1.002248,,1.895218,0.975210,1.543293,,0.057947,,,,,,,,,,,,,,,,,,,,,,,,,,,,,,,,,,,,,,,,,,,
61,3.000000,RB001,palm_grab,18,,,,,,,,,,,,,,,,,,,,,,,,,,,,,,,,,,,,,,,,,,,,,,,,,,1.025336,,0.679602,,,1.512205,,,,,,1.904569,0.922034,,0.058490,1.596343,,1.828086,,,,1.624200,,1.864220,1.027202,0.058490,,1.522767,,,,,,0.926894,,1.902552,0.902029,1.549269,,0.058490,,,,,,,,,,,,,,,,,,,,,,,,,,,,,,,,,,,,,,,,,,,
62,3.050000,RB001,palm_grab,18,,,,,,,,,,,,,,,,,,,,,,,,,,,,,,,,,,,,,,,,,,,,,,,,,,0.939117,,0.624731,,,1.537142,,,,,,1.912067,0.845974,,0.059033,1.606122,,1.832541,,,,1.607793,,1.868457,0.940819,0.059033,,1.541239,,,,,,0.851541,,1.909886,0.828849,1.555245,,0.059033,,,,,,,,,,,,,,,,,,,,,,,,,,,,,,,,,,,,,,,,,,,
63,3.100000,RB001,palm_grab,18,,,,,,,,,,,,,,,,,,,,,,,,,,,,,,,,,,,,,,,,,,,,,,,,,,0.852897,,0.569859,,,1.562079,,,,,,1.919564,0.769914,,0.059576,1.615902,,1.836996,,,,1.591386,,1.872695,0.854437,0.059576,,1.559710,,,,,,0.776187,,1.917221,0.755668,1.561221,,0.059576,,,,,,,,,,,,,,,,,,,,,,,,,,,,,,,,,,,,,,,,,,,
64,3.150000,RB001,palm_grab,18,,,,,,,,,,,,,,,,,,,,,,,,,,,,,,,,,,,,,,,,,,,,,,,,,,0.766678,,0.514987,,,1.587015,,,,,,1.927061,0.693854,,0.060120,1.625681,,1.841451,,,,1.574979,,1.876933,0.768054,0.060120,,1.578182,,,,,,0.700833,,1.924555,0.682488,1.567197,,0.060120,,,,,,,,,,,,,,,,,,,,,,,,,,,,,,,,,,,,,,,,,,,
65,3.200000,RB001,palm_grab,18,,,,,,,,,,,,,,,,,,,,,,,,,,,,,,,,,,,,,,,,,,,,,,,,,,0.680459,,0.460115,,,1.611952,,,,,,1.934559,0.617794,,0.060663,1.635460,,1.845906,,,,1.558571,,1.881170,0.681672,0.060663,,1.596654,,,,,,0.625479,,1.931890,0.609307,1.573173,,0.060663,,,,,,,,,,,,,,,,,,,,,,,,,,,,,,,,,,,,,,,,,,,
66,3.250000,RB001,palm_grab,18,,,,,,,,,,,,,,,,,,,,,,,,,,,,,,,,,,,,,,,,,,,,,,,,,,0.594239,,0.405243,,,1.636889,,,,,,1.942056,0.541734,,0.061206,1.645239,,1.850361,,,,1.542164,,1.885408,0.595289,0.061206,,1.615125,,,,,,0.550126,,1.939224,0.536127,1.579149,,0.061206,,,,,,,,,,,,,,,,,,,,,,,,,,,,,,,,,,,,,,,,,,,
67,3.300000,RB001,palm_grab,18,,,,,,,,,,,,,,,,,,,,,,,,,,,,,,,,,,,,,,,,,,,,,,,,,,0.508020,,0.350371,,,1.661826,,,,,,1.949553,0.465674,,0.061750,1.655018,,1.854816,,,,1.525757,,1.889645,0.508907,0.061750,,1.633597,,,,,,0.474772,,1.946558,0.462946,1.585126,,0.061750,,,,,,,,,,,,,,,,,,,,,,,,,,,,,,,,,,,,,,,,,,,
68,3.350000,RB001,palm_grab,18,,,,,,,,,,,,,,,,,,,,,,,,,,,,,,,,,,,,,,,,,,,,,,,,,,0.421800,,0.295499,,,1.686763,,,,,,1.957051,0.389614,,0.062293,1.664797,,1.859271,,,,1.509350,,1.893883,0.422524,0.062293,,1.652069,,,,,,0.399418,,1.953893,0.389765,1.591102,,0.062293,,,,,,,,,,,,,,,,,,,,,,,,,,,,,,,,,,,,,,,,,,,
69,3.400000,RB001,palm_grab,18,,,,,,,,,,,,,,,,,,,,,,,,,,,,,,,,,,,,,,,,,,,,,,,,,,0.335581,,0.240627,,,1.711699,,,,,,1.964548,0.313554,,0.062836,1.674576,,1.863726,,,,1.492943,,1.898121,0.336142,0.062836,,1.670541,,,,,,0.324065,,1.961227,0.316585,1.597078,,0.062836,,,,,,,,,,,,,,,,,,,,,,,,,,,,,,,,,,,,,,,,,,,
70,3.450000,RB001,palm_grab,18,,,,,,,,,,,,,,,,,,,,,,,,,,,,,,,,,,,,,,,,,,,,,,,,,,0.249361,,0.185756,,,1.736636,,,,,,1.972045,0.237494,,0.063379,1.684356,,1.868181,,,,1.476535,,1.902358,0.249760,0.063379,,1.689012,,,,,,0.248711,,1.968561,0.243404,1.603054,,0.063379,,,,,,,,,,,,,,,,,,,,,,,,,,,,,,,,,,,,,,,,,,,
71,3.500000,RB001,palm_grab,17,,,,,,,,,,,,,,,,,,,,,,,,,,,,,,,,,,,,,,,,,,,,,,,,,,0.163142,,0.130884,,,1.761573,,,,,,1.979543,0.161434,,0.063923,1.694135,,,,,,1.460128,,1.906596,0.163377,0.063923,,1.707484,,,,,,0.173357,,1.975896,0.170224,1.609030,,0.063923,,,,,,,,,,,,,,,,,,,,,,,,,,,,,,,,,,,,,,,,,,,
72,3.550000,RB001,palm_grab,16,,,,,,,,,,,,,,,,,,,,,,,,,,,,,,,,,,,,,,,,,,,,,,,,,,0.076923,,0.076012,,,1.786510,,,,,,1.987040,0.085374,,0.064466,1.703914,,,,,,1.443721,,,0.076995,0.064466,,1.725956,,,,,,0.098003,,1.983230,0.097043,1.615006,,0.064466,,,,,,,,,,,,,,,,,,,,,,,,,,,,,,,,,,,,,,,,,,,
73,3.600000,RB001,palm_grab,13,,,,,,,,,,,,,,,,,,,,,,,,,,,,,,,,,,,,,,,,,,,,,,,,,,0.083138,,0.091227,,,,,,,,,,0.090809,,0.097056,1.700705,,,,,,1.445507,,,0.083166,0.101797,,1.735568,,,,,,0.102355,,,0.102327,1.621607,,0.100040,,,,,,,,,,,,,,,,,,,,,,,,,,,,,,,,,,,,,,,,,,,
74,3.650000,RB001,palm_grab,15,,,,,,,,,,,,,,,,,,,,,,,,,,,,,,,,,,,,,,,,,,,,,,,,,,0.162538,,0.161932,,,,,,,,,,0.160764,,0.155020,1.687214,,1.875010,,,,1.461696,,,0.162616,0.168255,1.710180,1.738167,,,,,,0.169812,,,0.169735,1.628703,,0.163350,,,,,,,,,,,,,,,,,,,,,,,,,,,,,,,,,,,,,,,,,,,
75,3.700000,RB001,palm_grab,15,,,,,,,,,,,,,,,,,,,,,,,,,,,,,,,,,,,,,,,,,,,,,,,,,,0.241938,,0.232637,,,,,,,,,,0.230720,,0.212983,1.673722,,1.872412,,,,1.477886,,,0.242066,0.234713,1.704784,1.740765,,,,,,0.237270,,,0.237142,1.635798,,0.226660,,,,,,,,,,,,,,,,,,,,,,,,,,,,,,,,,,,,,,,,,,,
76,3.750000,RB001,palm_grab,15,,,,,,,,,,,,,,,,,,,,,,,,,,,,,,,,,,,,,,,,,,,,,,,,,,0.321337,,0.303342,,,,,,,,,,0.300675,,0.270946,1.660231,,1.869814,,,,1.494076,,,0.321515,0.301171,1.699387,1.743363,,,,,,0.304727,,,0.304549,1.642894,,0.289970,,,,,,,,,,,,,,,,,,,,,,,,,,,,,,,,,,,,,,,,,,,
77,3.800000,RB001,palm_grab,15,,,,,,,,,,,,,,,,,,,,,,,,,,,,,,,,,,,,,,,,,,,,,,,,,,0.400737,,0.374047,,,,,,,,,,0.370631,,0.328909,1.646740,,1.867215,,,,1.510266,,,0.400965,0.367629,1.693991,1.745962,,,,,,0.372184,,,0.371956,1.649989,,0.353280,,,,,,,,,,,,,,,,,,,,,,,,,,,,,,,,,,,,,,,,,,,
78,3.850000,RB001,palm_grab,15,,,,,,,,,,,,,,,,,,,,,,,,,,,,,,,,,,,,,,,,,,,,,,,,,,0.480136,,0.444752,,,,,,,,,,0.440586,,0.386872,1.633248,,1.864617,,,,1.526455,,,0.480414,0.434086,1.688594,1.748560,,,,,,0.439641,,,0.439363,1.657084,,0.416590,,,,,,,,,,,,,,,,,,,,,,,,,,,,,,,,,,,,,,,,,,,
79,3.900000,RB001,palm_grab,15,,,,,,,,,,,,,,,,,,,,,,,,,,,,,,,,,,,,,,,,,,,,,,,,,,0.559536,,0.515458,,,,,,,,,,0.510542,,0.444836,1.619757,,1.862019,,,,1.542645,,,0.559864,0.500544,1.683198,1.751158,,,,,,0.507098,,,0.506771,1.664180,,0.479899,,,,,,,,,,,,,,,,,,,,,,,,,,,,,,,,,,,,,,,,,,,
80,3.950000,RB001,palm_grab,15,,,,,,,,,,,,,,,,,,,,,,,,,,,,,,,,,,,,,,,,,,,,,,,,,,0.638935,,0.586163,,,,,,,,,,0.580498,,0.502799,1.606265,,1.859420,,,,1.558835,,,0.639313,0.567002,1.677801,1.753757,,,,,,0.574556,,,0.574178,1.671275,,0.543209,,,,,,,,,,,,,,,,,,,,,,,,,,,,,,,,,,,,,,,,,,,
81,4.000000,RB001,palm_grab,15,,,,,,,,,,,,,,,,,,,,,,,,,,,,,,,,,,,,,,,,,,,,,,,,,,0.718335,,0.656868,,,,,,,,,,0.650453,,0.560762,1.592774,,1.856822,,,,1.575024,,,0.718763,0.633460,1.672404,1.756355,,,,,,0.642013,,,0.641585,1.678371,,0.606519,,,,,,,,,,,,,,,,,,,,,,,,,,,,,,,,,,,,,,,,,,,
82,4.050000,RB001,palm_grab,15,,,,,,,,,,,,,,,,,,,,,,,,,,,,,,,,,,,,,,,,,,,,,,,,,,0.797735,,0.727573,,,,,,,,,,0.720409,,0.618725,1.579283,,1.854224,,,,1.591214,,,0.798213,0.699918,1.667008,1.758953,,,,,,0.709470,,,0.708992,1.685466,,0.669829,,,,,,,,,,,,,,,,,,,,,,,,,,,,,,,,,,,,,,,,,,,
83,4.100000,RB001,palm_grab,15,,,,,,,,,,,,,,,,,,,,,,,,,,,,,,,,,,,,,,,,,,,,,,,,,,0.877134,,0.798278,,,,,,,,,,0.790364,,0.676688,1.565791,,1.851625,,,,1.607404,,,0.877662,0.766375,1.661611,1.761552,,,,,,0.776927,,,0.776400,1.692562,,0.733139,,,,,,,,,,,,,,,,,,,,,,,,,,,,,,,,,,,,,,,,,,,
84,4.150000,RB001,palm_grab,15,,,,,,,,,,,,,,,,,,,,,,,,,,,,,,,,,,,,,,,,,,,,,,,,,,0.956534,,0.868983,,,,,,,,,,0.860320,,0.734652,1.552300,,1.849027,,,,1.623593,,,0.957112,0.832833,1.656215,1.764150,,,,,,0.844384,,,0.843807,1.699657,,0.796448,,,,,,,,,,,,,,,,,,,,,,,,,,,,,,,,,,,,,,,,,,,
85,4.200000,RB001,palm_grab,15,,,,,,,,,,,,,,,,,,,,,,,,,,,,,,,,,,,,,,,,,,,,,,,,,,1.035933,,0.939688,,,,,,,,,,0.930275,,0.792615,1.538808,,1.846429,,,,1.639783,,,1.036561,0.899291,1.650818,1.766748,,,,,,0.911842,,,0.911214,1.706753,,0.859758,,,,,,,,,,,,,,,,,,,,,,,,,,,,,,,,,,,,,,,,,,,
86,4.250000,RB001,palm_grab,14,,,,,,,,,,,,,,,,,,,,,,,,,,,,,,,,,,,,,,,,,,,,,,,,,,1.115333,,1.010393,,,,,,,,,,1.000231,,0.850578,1.525317,,1.843830,,,,1.655973,,,1.116011,0.965749,1.645421,,,,,,,0.979299,,,0.978621,1.713848,,0.923068,,,,,,,,,,,,,,,,,,,,,,,,,,,,,,,,,,,,,,,,,,,
87,4.300000,RB001,palm_grab,14,,,,,,,,,,,,,,,,,,,,,,,,,,,,,,,,,,,,,,,,,,,,,,,,,,1.194732,,1.081098,,,,,,,,,,1.070187,,0.908541,1.511825,,1.841232,,,,1.672162,,,1.195460,1.032207,1.640025,,,,,,,1.046756,,,1.046029,1.720944,,0.986378,,,,,,,,,,,,,,,,,,,,,,,,,,,,,,,,,,,,,,,,,,,
88,4.350000,RB001,palm_grab,14,,,,,,,,,,,,,,,,,,,,,,,,,,,,,,,,,,,,,,,,,,,,,,,,,,1.274132,,1.151804,,,,,,,,,,1.140142,,0.966504,1.498334,,1.838634,,,,1.688352,,,1.274910,1.098664,1.634628,,,,,,,1.114213,,,1.113436,1.728039,,1.049688,,,,,,,,,,,,,,,,,,,,,,,,,,,,,,,,,,,,,,,,,,,
89,4.400000,RB001,palm_grab,14,,,,,,,,,,,,,,,,,,,,,,,,,,,,,,,,,,,,,,,,,,,,,,,,,,1.353532,,1.222509,,,,,,,,,,1.210098,,1.024468,1.484843,,1.836035,,,,1.704542,,,1.354360,1.165122,1.629232,,,,,,,1.181670,,,1.180843,1.735135,,1.112998,,,,,,,,,,,,,,,,,,,,,,,,,,,,,,,,,,,,,,,,,,,
90,4.450000,RB001,palm_grab,14,,,,,,,,,,,,,,,,,,,,,,,,,,,,,,,,,,,,,,,,,,,,,,,,,,1.432931,,1.293214,,,,,,,,,,1.280053,,1.082431,1.471351,,1.833437,,,,1.720731,,,1.433809,1.231580,1.623835,,,,,,,1.249127,,,1.248250,1.742230,,1.176307,,,,,,,,,,,,,,,,,,,,,,,,,,,,,,,,,,,,,,,,,,,
91,4.500000,RB001,palm_grab,14,,,,,,,,,,,,,,,,,,,,,,,,,,,,,,,,,,,,,,,,,,,,,,,,,,1.512331,,1.363919,,,,,,,,,,1.350009,,1.140394,1.457860,,1.830839,,,,1.736921,,,1.513259,1.298038,1.618439,,,,,,,1.316585,,,1.315657,1.749326,,1.239617,,,,,,,,,,,,,,,,,,,,,,,,,,,,,,,,,,,,,,,,,,,
92,4.550000,RB001,palm_grab,14,,,,,,,,,,,,,,,,,,,,,,,,,,,,,,,,,,,,,,,,,,,,,,,,,,1.591730,,1.434624,,,,,,,,,,1.419964,,1.198357,1.444368,,1.828240,,,,1.753111,,,1.592708,1.364496,1.613042,,,,,,,1.384042,,,1.383065,1.756421,,1.302927,,,,,,,,,,,,,,,,,,,,,,,,,,,,,,,,,,,,,,,,,,,
93,4.600000,RB001,palm_grab,14,,,,,,,,,,,,,,,,,,,,,,,,,,,,,,,,,,,,,,,,,,,,,,,,,,1.671130,,1.505329,,,,,,,,,,1.489920,,1.256320,1.430877,,1.825642,,,,1.769300,,,1.672158,1.430953,1.607645,,,,,,,1.451499,,,1.450472,1.763517,,1.366237,,,,,,,,,,,,,,,,,,,,,,,,,,,,,,,,,,,,,,,,,,,
94,4.650000,RB001,palm_grab,14,,,,,,,,,,,,,,,,,,,,,,,,,,,,,,,,,,,,,,,,,,,,,,,,,,1.750529,,1.576034,,,,,,,,,,1.559876,,1.314283,1.417386,,1.823044,,,,1.785490,,,1.751607,1.497411,1.602249,,,,,,,1.518956,,,1.517879,1.770612,,1.429547,,,,,,,,,,,,,,,,,,,,,,,,,,,,,,,,,,,,,,,,,,,
95,4.700000,RB001,palm_grab,14,,,,,,,,,,,,,,,,,,,,,,,,,,,,,,,,,,,,,,,,,,,,,,,,,,1.829929,,1.646739,,,,,,,,,,1.629831,,1.372247,1.403894,,1.820445,,,,1.801680,,,1.831057,1.563869,1.596852,,,,,,,1.586413,,,1.585286,1.777707,,1.492856,,,,,,,,,,,,,,,,,,,,,,,,,,,,,,,,,,,,,,,,,,,
96,4.750000,RB001,palm_grab,14,,,,,,,,,,,,,,,,,,,,,,,,,,,,,,,,,,,,,,,,,,,,,,,,,,1.909329,,1.717444,,,,,,,,,,1.699787,,1.430210,1.390403,,1.817847,,,,1.817869,,,1.910507,1.630327,1.591456,,,,,,,1.653871,,,1.652694,1.784803,,1.556166,,,,,,,,,,,,,,,,,,,,,,,,,,,,,,,,,,,,,,,,,,,
97,4.800000,RB001,palm_grab,14,,,,,,,,,,,,,,,,,,,,,,,,,,,,,,,,,,,,,,,,,,,,,,,,,,1.988728,,1.788149,,,,,,,,,,1.769742,,1.488173,1.376911,,1.815248,,,,1.834059,,,1.989956,1.696785,1.586059,,,,,,,1.721328,,,1.720101,1.791898,,1.619476,,,,,,,,,,,,,,,,,,,,,,,,,,,,,,,,,,,,,,,,,,,
98,4.850000,RB001,palm_grab,14,,,,,,,,,,,,,,,,,,,,,,,,,,,,,,,,,,,,,,,,,,,,,,,,,,2.068128,,1.858855,,,,,,,,,,1.839698,,1.546136,1.363420,,1.812650,,,,1.850249,,,2.069406,1.763242,1.580662,,,,,,,1.788785,,,1.787508,1.798994,,1.682786,,,,,,,,,,,,,,,,,,,,,,,,,,,,,,,,,,,,,,,,,,,
99,4.900000,RB001,palm_grab,5,,,,,,,,,,,,,,,,,,,,,,,,,,,,,,,,,,,,,,,,,,,,,,,,,,,,,,,,,,,,,,,,1.568582,1.364224,,1.815005,,,,,,,,,1.582064,,,,,,,1.814825,,,,,,,,,,,,,,,,,,,,,,,,,,,,,,,,,,,,,,,,,,,,,,,,,
100,4.950000,RB001,palm_grab,5,,,,,,,,,,,,,,,,,,,,,,,,,,,,,,,,,,,,,,,,,,,,,,,,,,,,,,,,,,,,,,,,1.572678,1.372415,,1.819920,,,,,,,,,1.586979,,,,,,,1.819467,,,,,,,,,,,,,,,,,,,,,,,,,,,,,,,,,,,,,,,,,,,,,,,,,
101,5.000000,RB001,palm_grab,5,,,,,,,,,,,,,,,,,,,,,,,,,,,,,,,,,,,,,,,,,,,,,,,,,,,,,,,,,,,,,,,,1.576773,1.380606,,1.824834,,,,,,,,,1.591893,,,,,,,1.824108,,,,,,,,,,,,,,,,,,,,,,,,,,,,,,,,,,,,,,,,,,,,,,,,,
102,5.050000,RB001,palm_grab,5,,,,,,,,,,,,,,,,,,,,,,,,,,,,,,,,,,,,,,,,,,,,,,,,,,,,,,,,,,,,,,,,1.580868,1.388796,,1.829748,,,,,,,,,1.596807,,,,,,,1.828749,,,,,,,,,,,,,,,,,,,,,,,,,,,,,,,,,,,,,,,,,,,,,,,,,
103,5.100000,RB001,palm_grab,5,,,,,,,,,,,,,,,,,,,,,,,,,,,,,,,,,,,,,,,,,,,,,,,,,,,,,,,,,,,,,,,,1.584964,1.396987,,1.834663,,,,,,,,,1.601722,,,,,,,1.833391,,,,,,,,,,,,,,,,,,,,,,,,,,,,,,,,,,,,,,,,,,,,,,,,,
104,5.150000,RB001,palm_grab,5,,,,,,,,,,,,,,,,,,,,,,,,,,,,,,,,,,,,,,,,,,,,,,,,,,,,,,,,,,,,,,,,1.589059,1.405177,,1.839577,,,,,,,,,1.606636,,,,,,,1.838032,,,,,,,,,,,,,,,,,,,,,,,,,,,,,,,,,,,,,,,,,,,,,,,,,
105,5.200000,RB001,palm_grab,5,,,,,,,,,,,,,,,,,,,,,,,,,,,,,,,,,,,,,,,,,,,,,,,,,,,,,,,,,,,,,,,,1.593154,1.413368,,1.844491,,,,,,,,,1.611551,,,,,,,1.842673,,,,,,,,,,,,,,,,,,,,,,,,,,,,,,,,,,,,,,,,,,,,,,,,,
106,5.250000,RB001,palm_grab,5,,,,,,,,,,,,,,,,,,,,,,,,,,,,,,,,,,,,,,,,,,,,,,,,,,,,,,,,,,,,,,,,1.597249,1.421559,,1.849406,,,,,,,,,1.616465,,,,,,,1.847315,,,,,,,,,,,,,,,,,,,,,,,,,,,,,,,,,,,,,,,,,,,,,,,,,
107,5.300000,RB001,palm_grab,5,,,,,,,,,,,,,,,,,,,,,,,,,,,,,,,,,,,,,,,,,,,,,,,,,,,,,,,,,,,,,,,,1.601345,1.429749,,1.854320,,,,,,,,,1.621379,,,,,,,1.851956,,,,,,,,,,,,,,,,,,,,,,,,,,,,,,,,,,,,,,,,,,,,,,,,,
108,5.350000,RB001,palm_grab,5,,,,,,,,,,,,,,,,,,,,,,,,,,,,,,,,,,,,,,,,,,,,,,,,,,,,,,,,,,,,,,,,1.605440,1.437940,,1.859234,,,,,,,,,1.626294,,,,,,,1.856597,,,,,,,,,,,,,,,,,,,,,,,,,,,,,,,,,,,,,,,,,,,,,,,,,
109,5.400000,RB001,palm_grab,5,,,,,,,,,,,,,,,,,,,,,,,,,,,,,,,,,,,,,,,,,,,,,,,,,,,,,,,,,,,,,,,,1.609535,1.446130,,1.864149,,,,,,,,,1.631208,,,,,,,1.861239,,,,,,,,,,,,,,,,,,,,,,,,,,,,,,,,,,,,,,,,,,,,,,,,,
110,5.450000,RB001,palm_grab,5,,,,,,,,,,,,,,,,,,,,,,,,,,,,,,,,,,,,,,,,,,,,,,,,,,,,,,,,,,,,,,,,1.613631,1.454321,,1.869063,,,,,,,,,1.636123,,,,,,,1.865880,,,,,,,,,,,,,,,,,,,,,,,,,,,,,,,,,,,,,,,,,,,,,,,,,
111,5.500000,RB001,palm_grab,5,,,,,,,,,,,,,,,,,,,,,,,,,,,,,,,,,,,,,,,,,,,,,,,,,,,,,,,,,,,,,,,,1.617726,1.462512,,1.873977,,,,,,,,,1.641037,,,,,,,1.870522,,,,,,,,,,,,,,,,,,,,,,,,,,,,,,,,,,,,,,,,,,,,,,,,,
112,5.550000,RB001,palm_grab,5,,,,,,,,,,,,,,,,,,,,,,,,,,,,,,,,,,,,,,,,,,,,,,,,,,,,,,,,,,,,,,,,1.621821,1.470702,,1.878892,,,,,,,,,1.645951,,,,,,,1.875163,,,,,,,,,,,,,,,,,,,,,,,,,,,,,,,,,,,,,,,,,,,,,,,,,
113,5.600000,RB001,palm_grab,5,,,,,,,,,,,,,,,,,,,,,,,,,,,,,,,,,,,,,,,,,,,,,,,,,,,,,,,,,,,,,,,,1.625917,1.478893,,1.883806,,,,,,,,,1.650866,,,,,,,1.879804,,,,,,,,,,,,,,,,,,,,,,,,,,,,,,,,,,,,,,,,,,,,,,,,,
114,5.650000,RB001,palm_grab,5,,,,,,,,,,,,,,,,,,,,,,,,,,,,,,,,,,,,,,,,,,,,,,,,,,,,,,,,,,,,,,,,1.630012,1.487083,,1.888721,,,,,,,,,1.655780,,,,,,,1.884446,,,,,,,,,,,,,,,,,,,,,,,,,,,,,,,,,,,,,,,,,,,,,,,,,
115,5.700000,RB001,palm_grab,5,,,,,,,,,,,,,,,,,,,,,,,,,,,,,,,,,,,,,,,,,,,,,,,,,,,,,,,,,,,,,,,,1.634107,1.495274,,1.893635,,,,,,,,,1.660695,,,,,,,1.889087,,,,,,,,,,,,,,,,,,,,,,,,,,,,,,,,,,,,,,,,,,,,,,,,,
116,5.750000,RB001,palm_grab,5,,,,,,,,,,,,,,,,,,,,,,,,,,,,,,,,,,,,,,,,,,,,,,,,,,,,,,,,,,,,,,,,1.638203,1.503465,,1.898549,,,,,,,,,1.665609,,,,,,,1.893728,,,,,,,,,,,,,,,,,,,,,,,,,,,,,,,,,,,,,,,,,,,,,,,,,
117,5.800000,RB001,palm_grab,5,,,,,,,,,,,,,,,,,,,,,,,,,,,,,,,,,,,,,,,,,,,,,,,,,,,,,,,,,,,,,,,,1.642298,1.511655,,1.903464,,,,,,,,,1.670523,,,,,,,1.898370,,,,,,,,,,,,,,,,,,,,,,,,,,,,,,,,,,,,,,,,,,,,,,,,,
118,5.850000,RB001,palm_grab,5,,,,,,,,,,,,,,,,,,,,,,,,,,,,,,,,,,,,,,,,,,,,,,,,,,,,,,,,,,,,,,,,1.646393,1.519846,,1.908378,,,,,,,,,1.675438,,,,,,,1.903011,,,,,,,,,,,,,,,,,,,,,,,,,,,,,,,,,,,,,,,,,,,,,,,,,
119,5.900000,RB001,palm_grab,5,,,,,,,,,,,,,,,,,,,,,,,,,,,,,,,,,,,,,,,,,,,,,,,,,,,,,,,,,,,,,,,,1.650489,1.528036,,1.913292,,,,,,,,,1.680352,,,,,,,1.907652,,,,,,,,,,,,,,,,,,,,,,,,,,,,,,,,,,,,,,,,,,,,,,,,,
120,5.950000,RB001,palm_grab,5,,,,,,,,,,,,,,,,,,,,,,,,,,,,,,,,,,,,,,,,,,,,,,,,,,,,,,,,,,,,,,,,1.654584,1.536227,,1.918207,,,,,,,,,1.685267,,,,,,,1.912294,,,,,,,,,,,,,,,,,,,,,,,,,,,,,,,,,,,,,,,,,,,,,,,,,
121,6.000000,RB001,palm_grab,3,,,,,,,,,,,,,,,,,,,,,,,,,,,,,,,,,,,,,,,,,,,,,,,,,,,,,,,,,,,,,,,,1.658679,1.544418,,,,,,,,,,,1.690181,,,,,,,,,,,,,,,,,,,,,,,,,,,,,,,,,,,,,,,,,,,,,,,,,,,,,,,,
122,6.050000,RB001,palm_grab,0,,,,,,,,,,,,,,,,,,,,,,,,,,,,,,,,,,,,,,,,,,,,,,,,,,,,,,,,,,,,,,,,,,,,,,,,,,,,,,,,,,,,,,,,,,,,,,,,,,,,,,,,,,,,,,,,,,,,,,,,,,,,,,,,,,,,
